$MeshFormat
2.2 0 8
$EndMeshFormat
$PhysicalNames
8
1 1 "gate_contact"
1 2 "gate_oxide_interface"
1 3 "bulk_oxide_interface"
1 4 "source_contact"
1 5 "drain_contact"
2 6 "gate"
2 7 "oxide"
2 8 "bulk"
$EndPhysicalNames
$Nodes
6736
1 0 0 0
2 0.00015 0 0
3 0.00015 2e-05 0
4 0 2e-05 0
5 0 -1.4e-05 0
6 0.00015 -1.4e-05 0
7 0.00015 -9e-06 0
8 0 -9e-06 0
9 0.0001 2e-05 0
10 5.000000000000001e-05 2e-05 0
11 8.118486965334577e-07 2e-05 0
12 1.582179499466746e-06 2e-05 0
13 2.381836013296722e-06 2e-05 0
14 3.030706796598514e-06 2e-05 0
15 3.632443469241906e-06 2e-05 0
16 4.277531540313202e-06 2e-05 0
17 4.974534700847733e-06 2e-05 0
18 5.606553430069953e-06 2e-05 0
19 6.267077183380645e-06 2e-05 0
20 6.957970702205755e-06 2e-05 0
21 7.662363929112315e-06 2e-05 0
22 8.43509136022954e-06 2e-05 0
23 9.315503935929435e-06 2e-05 0
24 1.016361223621692e-05 2e-05 0
25 1.082528203058698e-05 2e-05 0
26 1.147482110349698e-05 2e-05 0
27 1.211205340229894e-05 2e-05 0
28 1.281457408546074e-05 2e-05 0
29 1.348304116624518e-05 2e-05 0
30 1.410129086726285e-05 2e-05 0
31 1.484310445726782e-05 2e-05 0
32 1.552885637849118e-05 2e-05 0
33 1.621003989277215e-05 2e-05 0
34 1.690102652656366e-05 2e-05 0
35 1.755131838777532e-05 2e-05 0
36 1.818783281837707e-05 2e-05 0
37 1.882136452192312e-05 2e-05 0
38 1.949986200871628e-05 2e-05 0
39 2.024825612605773e-05 2e-05 0
40 2.101670136351804e-05 2e-05 0
41 2.181832015782341e-05 2e-05 0
42 2.257955812405473e-05 2e-05 0
43 2.327276891246426e-05 2e-05 0
44 2.384842362612621e-05 2e-05 0
45 2.431777332406708e-05 2e-05 0
46 2.474552482599584e-05 2e-05 0
47 2.524655953919031e-05 2e-05 0
48 2.585368076058661e-05 2e-05 0
49 2.654501890841703e-05 2e-05 0
50 2.725188842068724e-05 2e-05 0
51 2.803571602221287e-05 2e-05 0
52 2.87473303239988e-05 2e-05 0
53 2.942888653474826e-05 2e-05 0
54 3.013472349302319e-05 2e-05 0
55 3.086041982575107e-05 2e-05 0
56 3.149997222200634e-05 2e-05 0
57 3.211498856645862e-05 2e-05 0
58 3.266859152537981e-05 2e-05 0
59 3.317848238975284e-05 2e-05 0
60 3.368559319634923e-05 2e-05 0
61 3.418897545266693e-05 2e-05 0
62 3.472982908476039e-05 2e-05 0
63 3.532391708260482e-05 2e-05 0
64 3.59766181913337e-05 2e-05 0
65 3.669224904226987e-05 2e-05 0
66 3.748583291955654e-05 2e-05 0
67 3.827792519207662e-05 2e-05 0
68 3.905362246287053e-05 2e-05 0
69 3.976061648030567e-05 2e-05 0
70 4.034834116236684e-05 2e-05 0
71 4.093532813448599e-05 2e-05 0
72 4.165400767307099e-05 2e-05 0
73 4.227263725078538e-05 2e-05 0
74 4.278842348711645e-05 2e-05 0
75 4.329710103299402e-05 2e-05 0
76 4.387173347523227e-05 2e-05 0
77 4.441224735782842e-05 2e-05 0
78 4.494038677566662e-05 2e-05 0
79 4.55033736087309e-05 2e-05 0
80 4.609057372719171e-05 2e-05 0
81 4.659743953481975e-05 2e-05 0
82 4.697614558943356e-05 2e-05 0
83 4.734057851271393e-05 2e-05 0
84 4.773201490404237e-05 2e-05 0
85 4.813316293493676e-05 2e-05 0
86 4.851359848963287e-05 2e-05 0
87 4.887732290202259e-05 2e-05 0
88 4.916809002329358e-05 2e-05 0
89 4.937748428887345e-05 2e-05 0
90 4.955748506355343e-05 2e-05 0
91 4.97422323005993e-05 2e-05 0
92 4.989277443660867e-05 2e-05 0
93 0.00015 1.920366173315135e-05 0
94 0.00015 1.851902821539332e-05 0
95 0.00015 1.78379098521002e-05 0
96 0.00015 1.709688530266059e-05 0
97 0.00015 1.631448008297923e-05 0
98 0.00015 1.547971681550856e-05 0
99 0.00015 1.454325114354111e-05 0
100 0.00015 1.355949640224568e-05 0
101 0.00015 1.246794302957159e-05 0
102 0.00015 1.125508389519958e-05 0
103 0.00015 1.003420906980931e-05 0
104 0.00015 8.981661257194081e-06 0
105 0.00015 7.914640268112851e-06 0
106 0.00015 6.755096562739313e-06 0
107 0.00015 5.533994226446322e-06 0
108 0.00015 4.432640378425195e-06 0
109 0.00015 3.359246401026959e-06 0
110 0.00015 2.274452603317986e-06 0
111 0.00015 1.181067455558325e-06 0
112 0.0001484721657098849 0 0
113 0.000147146905138175 0 0
114 0.0001458828229748263 0 0
115 0.000144514556577258 0 0
116 0.000143113137141865 0 0
117 0.0001417467287625344 0 0
118 0.0001404320305421674 0 0
119 0.0001390245788335327 0 0
120 0.0001371823497613856 0 0
121 0.0001350954768641641 0 0
122 0.0001329502874498846 0 0
123 0.0001308257396812043 0 0
124 0.0001287807717782701 0 0
125 0.0001267681607524067 0 0
126 0.0001247800125402873 0 0
127 0.0001228130492058882 0 0
128 0.0001208009963658921 0 0
129 0.0001188308920687128 0 0
130 0.0001171146732066314 0 0
131 0.0001155918445185127 0 0
132 0.0001143657347935167 0 0
133 0.0001133538633954115 0 0
134 0.0001123749478176293 0 0
135 0.000111100552036838 0 0
136 0.0001096059207920039 0 0
137 0.000108029946947976 0 0
138 0.0001065720389164118 0 0
139 0.0001051981385275974 0 0
140 0.0001037161495897737 0 0
141 0.0001021062523676606 0 0
142 0.0001003650273794947 0 0
143 9.856909183607332e-05 0 0
144 9.677723780277876e-05 0 0
145 9.498756021658221e-05 0 0
146 9.320326579659946e-05 0 0
147 9.143287061958486e-05 0 0
148 8.936463693470893e-05 0 0
149 8.709213810975313e-05 0 0
150 8.458808327517581e-05 0 0
151 8.222786136516319e-05 0 0
152 7.968673180394255e-05 0 0
153 7.711686820940388e-05 0 0
154 7.522543773585228e-05 0 0
155 7.382485905000636e-05 0 0
156 7.223453401970598e-05 0 0
157 7.059666891740808e-05 0 0
158 6.886956945281786e-05 0 0
159 6.706753949475005e-05 0 0
160 6.529310177520423e-05 0 0
161 6.361083234280335e-05 0 0
162 6.215356141513617e-05 0 0
163 6.084399273497109e-05 0 0
164 5.957832652141045e-05 0 0
165 5.83952334973131e-05 0 0
166 5.716150550380954e-05 0 0
167 5.5966597034833e-05 0 0
168 5.494043862772321e-05 0 0
169 5.383588020898825e-05 0 0
170 5.285821622443938e-05 0 0
171 5.183906788957552e-05 0 0
172 5.074554461345433e-05 0 0
173 4.965845275409897e-05 0 0
174 4.857763727921363e-05 0 0
175 4.749986827859211e-05 0 0
176 4.642479328093815e-05 0 0
177 4.541451890450263e-05 0 0
178 4.441166341008744e-05 0 0
179 4.327974304631921e-05 0 0
180 4.209442437772236e-05 0 0
181 4.084183265646644e-05 0 0
182 3.961231790303828e-05 0 0
183 3.852380503040904e-05 0 0
184 3.756964792530258e-05 0 0
185 3.666617919399103e-05 0 0
186 3.570822327311598e-05 0 0
187 3.472609143827426e-05 0 0
188 3.369994759694391e-05 0 0
189 3.273002249517244e-05 0 0
190 3.180383420656988e-05 0 0
191 3.091418435087748e-05 0 0
192 3.005494439086783e-05 0 0
193 2.920783853667778e-05 0 0
194 2.833224006340864e-05 0 0
195 2.739013434835868e-05 0 0
196 2.6398590840888e-05 0 0
197 2.550167239628352e-05 0 0
198 2.443749293427408e-05 0 0
199 2.340604842579559e-05 0 0
200 2.241709077094347e-05 0 0
201 2.145846512615168e-05 0 0
202 2.052530870492642e-05 0 0
203 1.961342371821305e-05 0 0
204 1.870344498731245e-05 0 0
205 1.778570411463157e-05 0 0
206 1.701633270836128e-05 0 0
207 1.614539962221291e-05 0 0
208 1.513588098351145e-05 0 0
209 1.409010588172713e-05 0 0
210 1.300655098557347e-05 0 0
211 1.188777874863261e-05 0 0
212 1.080613406752423e-05 0 0
213 9.780142249595083e-06 0 0
214 8.751665332766513e-06 0 0
215 7.742337010370384e-06 0 0
216 6.798434093960754e-06 0 0
217 5.899287450992526e-06 0 0
218 5.022854649352652e-06 0 0
219 4.197603586151059e-06 0 0
220 3.297855723882656e-06 0 0
221 2.37537387106436e-06 0 0
222 1.471924402505971e-06 0 0
223 7.342338283814723e-07 0 0
224 0 8.027153264999755e-07 0
225 0 1.508866262003459e-06 0
226 0 2.187568011818071e-06 0
227 0 2.98880893628831e-06 0
228 0 3.806073133755648e-06 0
229 0 4.579401384978439e-06 0
230 0 5.289252704911946e-06 0
231 0 5.940145499271755e-06 0
232 0 6.590254979042987e-06 0
233 0 7.308332819827862e-06 0
234 0 8.101698384072953e-06 0
235 0 8.930318441550529e-06 0
236 0 9.739017738739322e-06 0
237 0 1.048877032853564e-05 0
238 0 1.121797834952522e-05 0
239 0 1.194133106278447e-05 0
240 0 1.265962595685807e-05 0
241 0 1.336191658937133e-05 0
242 0 1.401928122529856e-05 0
243 0 1.463202649069769e-05 0
244 0 1.538729500646621e-05 0
245 0 1.622495642355626e-05 0
246 0 1.70941479862024e-05 0
247 0 1.796027742083575e-05 0
248 0 1.861164208748177e-05 0
249 0 1.924450699677503e-05 0
250 0.00015 -1.259685847855343e-05 0
251 0.00015 -1.144446325315643e-05 0
252 0.00015 -1.028379867551975e-05 0
253 0.0001484992559334133 -9e-06 0
254 0.0001470965997115715 -9e-06 0
255 0.0001456573032708151 -9e-06 0
256 0.0001438674145695682 -9e-06 0
257 0.0001417280184794126 -9e-06 0
258 0.0001393544613558151 -9e-06 0
259 0.0001368665183308289 -9e-06 0
260 0.000134383091745066 -9e-06 0
261 0.000131889051843101 -9e-06 0
262 0.0001293875899842264 -9e-06 0
263 0.000126897361259847 -9e-06 0
264 0.000124456205138246 -9e-06 0
265 0.0001221218499439542 -9e-06 0
266 0.0001197874605513425 -9e-06 0
267 0.0001172514661980948 -9e-06 0
268 0.0001147415982994966 -9e-06 0
269 0.0001122619829069938 -9e-06 0
270 0.0001098013187316078 -9e-06 0
271 0.0001075203847099692 -9e-06 0
272 0.0001052193132128575 -9e-06 0
273 0.0001028741987226211 -9e-06 0
274 0.0001004864846235671 -9e-06 0
275 9.818353372649947e-05 -9e-06 0
276 9.57718291357726e-05 -9e-06 0
277 9.317684698978082e-05 -9e-06 0
278 9.095093867115624e-05 -9e-06 0
279 8.86468841710734e-05 -9e-06 0
280 8.632870619082358e-05 -9e-06 0
281 8.407199003078022e-05 -9e-06 0
282 8.189308334259577e-05 -9e-06 0
283 7.972105597938647e-05 -9e-06 0
284 7.747692236739659e-05 -9e-06 0
285 7.512757156569389e-05 -9e-06 0
286 7.279483026493687e-05 -9e-06 0
287 7.066758980416782e-05 -9e-06 0
288 6.824230083831547e-05 -9e-06 0
289 6.581363200076959e-05 -9e-06 0
290 6.302148618494172e-05 -9e-06 0
291 6.020126179426987e-05 -9e-06 0
292 5.771415459399534e-05 -9e-06 0
293 5.521053611270765e-05 -9e-06 0
294 5.289819356839854e-05 -9e-06 0
295 5.028299461501322e-05 -9e-06 0
296 4.754749374241396e-05 -9e-06 0
297 4.494795728212916e-05 -9e-06 0
298 4.279907735792438e-05 -9e-06 0
299 4.078992909551644e-05 -9e-06 0
300 3.845940906590432e-05 -9e-06 0
301 3.604429759861177e-05 -9e-06 0
302 3.359446036398404e-05 -9e-06 0
303 3.113384974871443e-05 -9e-06 0
304 2.864873561380501e-05 -9e-06 0
305 2.615095193079673e-05 -9e-06 0
306 2.369246275114826e-05 -9e-06 0
307 2.126365527577748e-05 -9e-06 0
308 1.8839154075393e-05 -9e-06 0
309 1.639216935280671e-05 -9e-06 0
310 1.403715560612079e-05 -9e-06 0
311 1.175881329827105e-05 -9e-06 0
312 9.469107865552848e-06 -9e-06 0
313 7.158040176644863e-06 -9e-06 0
314 4.956611032770766e-06 -9e-06 0
315 3.111503776432359e-06 -9e-06 0
316 1.550383315379014e-06 -9e-06 0
317 0 -1.256607474324437e-05 0
318 0 -1.142652637306293e-05 0
319 0 -1.029956508725288e-05 0
320 1.762032780019753e-06 -1.4e-05 0
321 3.495573960630735e-06 -1.4e-05 0
322 5.552512402462619e-06 -1.4e-05 0
323 8.085807587618298e-06 -1.4e-05 0
324 1.073118851568679e-05 -1.4e-05 0
325 1.344295137497579e-05 -1.4e-05 0
326 1.61337520915782e-05 -1.4e-05 0
327 1.882811033052447e-05 -1.4e-05 0
328 2.152665612652321e-05 -1.4e-05 0
329 2.423748230592003e-05 -1.4e-05 0
330 2.697083880644753e-05 -1.4e-05 0
331 2.968650573168034e-05 -1.4e-05 0
332 3.238618384252178e-05 -1.4e-05 0
333 3.506362022506463e-05 -1.4e-05 0
334 3.765526993246002e-05 -1.4e-05 0
335 3.992640433667743e-05 -1.4e-05 0
336 4.206904698899475e-05 -1.4e-05 0
337 4.461482535746197e-05 -1.4e-05 0
338 4.736127319716198e-05 -1.4e-05 0
339 5.017443407601029e-05 -1.4e-05 0
340 5.302267660173907e-05 -1.4e-05 0
341 5.582009597616562e-05 -1.4e-05 0
342 5.85590686066888e-05 -1.4e-05 0
343 6.111450545490768e-05 -1.4e-05 0
344 6.356258946402097e-05 -1.4e-05 0
345 6.587419294676965e-05 -1.4e-05 0
346 6.822105342815462e-05 -1.4e-05 0
347 7.079105956553532e-05 -1.4e-05 0
348 7.345398579667423e-05 -1.4e-05 0
349 7.610975072967189e-05 -1.4e-05 0
350 7.87900101316181e-05 -1.4e-05 0
351 8.145819816658093e-05 -1.4e-05 0
352 8.415003179340467e-05 -1.4e-05 0
353 8.682628344611562e-05 -1.4e-05 0
354 8.952916101697393e-05 -1.4e-05 0
355 9.224856787452438e-05 -1.4e-05 0
356 9.498039886273856e-05 -1.4e-05 0
357 9.770772123836044e-05 -1.4e-05 0
358 0.0001004224552229836 -1.4e-05 0
359 0.0001031527280083237 -1.4e-05 0
360 0.0001059136912904965 -1.4e-05 0
361 0.0001086583958647375 -1.4e-05 0
362 0.0001114204758636478 -1.4e-05 0
363 0.0001141389227596975 -1.4e-05 0
364 0.0001168109605992118 -1.4e-05 0
365 0.0001195046657540654 -1.4e-05 0
366 0.0001222603371722741 -1.4e-05 0
367 0.0001250172615483378 -1.4e-05 0
368 0.0001277289586334011 -1.4e-05 0
369 0.0001305148393086824 -1.4e-05 0
370 0.0001332465668945179 -1.4e-05 0
371 0.00013602652987911 -1.4e-05 0
372 0.000138770895672922 -1.4e-05 0
373 0.000141325329064289 -1.4e-05 0
374 0.0001432539223341238 -1.4e-05 0
375 0.0001449897358750303 -1.4e-05 0
376 0.0001466570074276742 -1.4e-05 0
377 0.0001482639195187939 -1.4e-05 0
378 0.00015 -7.344801490298004e-06 0
379 0.00015 -5.83848595435653e-06 0
380 0.00015 -4.414842639802875e-06 0
381 0.00015 -2.966136208481598e-06 0
382 0.00015 -1.550381840266276e-06 0
383 0 -7.222054546180936e-07 0
384 0 -1.442628612075515e-06 0
385 0 -2.419820673942871e-06 0
386 0 -3.62218809296821e-06 0
387 0 -4.737323051046284e-06 0
388 0 -5.879712156525555e-06 0
389 0 -7.310836688113507e-06 0
390 5.009023543060593e-05 2e-05 0
391 5.018047086121204e-05 2e-05 0
392 5.028411224550137e-05 2e-05 0
393 5.042066689508571e-05 2e-05 0
394 5.059944146920104e-05 2e-05 0
395 5.079834038815155e-05 2e-05 0
396 5.101211820095553e-05 2e-05 0
397 5.1272100391829e-05 2e-05 0
398 5.158174023869949e-05 2e-05 0
399 5.191354445597143e-05 2e-05 0
400 5.226548943177223e-05 2e-05 0
401 5.259290139935268e-05 2e-05 0
402 5.293848611451918e-05 2e-05 0
403 5.322402015905534e-05 2e-05 0
404 5.349801187805023e-05 2e-05 0
405 5.380639103180885e-05 2e-05 0
406 5.414931492071786e-05 2e-05 0
407 5.448438541815335e-05 2e-05 0
408 5.484535923631024e-05 2e-05 0
409 5.518181253919694e-05 2e-05 0
410 5.550903266488162e-05 2e-05 0
411 5.583588184895159e-05 2e-05 0
412 5.616576290903777e-05 2e-05 0
413 5.649821884043778e-05 2e-05 0
414 5.68553900218647e-05 2e-05 0
415 5.72172630318641e-05 2e-05 0
416 5.75544615999326e-05 2e-05 0
417 5.787227628518226e-05 2e-05 0
418 5.820472392443305e-05 2e-05 0
419 5.858877236189103e-05 2e-05 0
420 5.89588250430784e-05 2e-05 0
421 5.932634730856757e-05 2e-05 0
422 5.969638118910633e-05 2e-05 0
423 6.00729356970939e-05 2e-05 0
424 6.045438897494518e-05 2e-05 0
425 6.077373755758575e-05 2e-05 0
426 6.111331082605564e-05 2e-05 0
427 6.149476809266405e-05 2e-05 0
428 6.186945125290096e-05 2e-05 0
429 6.224672302598609e-05 2e-05 0
430 6.261292769307343e-05 2e-05 0
431 6.297206547509905e-05 2e-05 0
432 6.334347696678405e-05 2e-05 0
433 6.364306314061742e-05 2e-05 0
434 6.39752380671598e-05 2e-05 0
435 6.434444715486071e-05 2e-05 0
436 6.46641123598598e-05 2e-05 0
437 6.49322879039219e-05 2e-05 0
438 6.52192814602633e-05 2e-05 0
439 6.558256366192572e-05 2e-05 0
440 6.593585446948425e-05 2e-05 0
441 6.630746885789374e-05 2e-05 0
442 6.667258215320451e-05 2e-05 0
443 6.701973689439772e-05 2e-05 0
444 6.736277648046892e-05 2e-05 0
445 6.77160468566966e-05 2e-05 0
446 6.808971437135284e-05 2e-05 0
447 6.845741705321888e-05 2e-05 0
448 6.879194753208682e-05 2e-05 0
449 6.913226371986493e-05 2e-05 0
450 6.947144913711145e-05 2e-05 0
451 6.981070941516294e-05 2e-05 0
452 7.017817885092336e-05 2e-05 0
453 7.056046396765504e-05 2e-05 0
454 7.095016430036012e-05 2e-05 0
455 7.13453479016895e-05 2e-05 0
456 7.170105577067673e-05 2e-05 0
457 7.201400463795886e-05 2e-05 0
458 7.230898965322135e-05 2e-05 0
459 7.258953909380931e-05 2e-05 0
460 7.292224995444792e-05 2e-05 0
461 7.32578339103854e-05 2e-05 0
462 7.359948004412236e-05 2e-05 0
463 7.396575176345131e-05 2e-05 0
464 7.430849985939774e-05 2e-05 0
465 7.46644443500963e-05 2e-05 0
466 7.50508031841843e-05 2e-05 0
467 7.541844175581784e-05 2e-05 0
468 7.57997247993928e-05 2e-05 0
469 7.618516966373536e-05 2e-05 0
470 7.65694208303739e-05 2e-05 0
471 7.692143098089337e-05 2e-05 0
472 7.726767653835765e-05 2e-05 0
473 7.762324566165969e-05 2e-05 0
474 7.798858115136066e-05 2e-05 0
475 7.835291872547133e-05 2e-05 0
476 7.871036017035976e-05 2e-05 0
477 7.906409168731517e-05 2e-05 0
478 7.941614662652322e-05 2e-05 0
479 7.976578383794524e-05 2e-05 0
480 8.012024566583479e-05 2e-05 0
481 8.048724997101832e-05 2e-05 0
482 8.085726610124782e-05 2e-05 0
483 8.123223101888912e-05 2e-05 0
484 8.159403657397356e-05 2e-05 0
485 8.195219951937679e-05 2e-05 0
486 8.230727021825768e-05 2e-05 0
487 8.266083179071813e-05 2e-05 0
488 8.302549672414226e-05 2e-05 0
489 8.336476981947544e-05 2e-05 0
490 8.365916943143548e-05 2e-05 0
491 8.397301226938127e-05 2e-05 0
492 8.43507704207288e-05 2e-05 0
493 8.474375400149426e-05 2e-05 0
494 8.510747753583519e-05 2e-05 0
495 8.547800569557359e-05 2e-05 0
496 8.585759468121833e-05 2e-05 0
497 8.623752243655704e-05 2e-05 0
498 8.661726654827926e-05 2e-05 0
499 8.70039651741936e-05 2e-05 0
500 8.739758855605946e-05 2e-05 0
501 8.778062478597432e-05 2e-05 0
502 8.815350887665858e-05 2e-05 0
503 8.853588819985486e-05 2e-05 0
504 8.889953765925436e-05 2e-05 0
505 8.922089567792791e-05 2e-05 0
506 8.955173879182265e-05 2e-05 0
507 8.992992410209485e-05 2e-05 0
508 9.027136798587165e-05 2e-05 0
509 9.060947110635546e-05 2e-05 0
510 9.098274896936638e-05 2e-05 0
511 9.134416870994662e-05 2e-05 0
512 9.167077837909129e-05 2e-05 0
513 9.199696104860725e-05 2e-05 0
514 9.235799927473335e-05 2e-05 0
515 9.274083630364015e-05 2e-05 0
516 9.312287655499011e-05 2e-05 0
517 9.347778814359715e-05 2e-05 0
518 9.384100200899418e-05 2e-05 0
519 9.420879849753899e-05 2e-05 0
520 9.455028745163045e-05 2e-05 0
521 9.488049945039577e-05 2e-05 0
522 9.521023035347388e-05 2e-05 0
523 9.555305540463364e-05 2e-05 0
524 9.592905569395018e-05 2e-05 0
525 9.631706507540606e-05 2e-05 0
526 9.668127437442457e-05 2e-05 0
527 9.704832509969518e-05 2e-05 0
528 9.74318584677919e-05 2e-05 0
529 9.781779886142269e-05 2e-05 0
530 9.819561258998742e-05 2e-05 0
531 9.856360650405489e-05 2e-05 0
532 9.89192210596379e-05 2e-05 0
533 9.924496178674011e-05 2e-05 0
534 9.950432656451316e-05 2e-05 0
535 9.968894369285125e-05 2e-05 0
536 9.984447184642596e-05 2e-05 0
537 0.0001001851308105438 2e-05 0
538 0.0001004451790736477 2e-05 0
539 0.0001008104616839433 2e-05 0
540 0.0001012733374833399 2e-05 0
541 0.0001017981429863284 2e-05 0
542 0.000102417199006848 2e-05 0
543 0.0001031426788008021 2e-05 0
544 0.0001039577659140166 2e-05 0
545 0.0001048209912195964 2e-05 0
546 0.0001056974943528304 2e-05 0
547 0.0001067080011383188 2e-05 0
548 0.0001077359732981928 2e-05 0
549 0.0001086738269646446 2e-05 0
550 0.0001095118691592796 2e-05 0
551 0.0001102884106319655 2e-05 0
552 0.0001110433100448112 2e-05 0
553 0.0001118133462767401 2e-05 0
554 0.0001128219785520378 2e-05 0
555 0.0001139050661128842 2e-05 0
556 0.0001149130177056431 2e-05 0
557 0.0001159261336673306 2e-05 0
558 0.0001169593681250737 2e-05 0
559 0.0001179967680024139 2e-05 0
560 0.0001191958878872262 2e-05 0
561 0.0001205600137112952 2e-05 0
562 0.0001216964961892419 2e-05 0
563 0.0001227079358848629 2e-05 0
564 0.0001236545538835781 2e-05 0
565 0.0001248173871023708 2e-05 0
566 0.0001259331670519085 2e-05 0
567 0.0001268617757737873 2e-05 0
568 0.0001276869304146485 2e-05 0
569 0.0001285358720185219 2e-05 0
570 0.0001293957271049891 2e-05 0
571 0.0001304139192388057 2e-05 0
572 0.0001314669791338134 2e-05 0
573 0.0001323866607458524 2e-05 0
574 0.000133284428118609 2e-05 0
575 0.0001343443090407955 2e-05 0
576 0.0001352547510664118 2e-05 0
577 0.0001360939840411764 2e-05 0
578 0.0001368795616036014 2e-05 0
579 0.0001377224479560456 2e-05 0
580 0.0001387414715754138 2e-05 0
581 0.00013957223105969 2e-05 0
582 0.0001403741900760936 2e-05 0
583 0.0001412391987600993 2e-05 0
584 0.0001421743919352858 2e-05 0
585 0.0001430989456884091 2e-05 0
586 0.0001439412930170847 2e-05 0
587 0.000144880704736588 2e-05 0
588 0.0001458212257277585 2e-05 0
589 0.0001466884274705907 2e-05 0
590 0.0001475511878599359 2e-05 0
591 0.0001483889584450241 2e-05 0
592 0.0001491640167033972 2e-05 0
593 5.017499732149449e-05 9.957333468417123e-06 0
594 5.988465844309978e-05 1.024918272623551e-05 0
595 6.96410792761368e-05 1.024505304260758e-05 0
596 5.004511771530249e-05 1.499687735103307e-05 0
597 2.493007515914291e-05 1.002735136869582e-05 0
598 3.443831557593009e-05 1.059462480087769e-05 0
599 5.567245725691639e-05 1.433638919769065e-05 0
600 4.305962469234166e-05 1.26383347428336e-05 0
601 9.981794241659871e-05 9.963557246524924e-06 0
602 9.005398122712933e-05 1.037064552732269e-05 0
603 9.906545795626408e-06 1.011376581553565e-05 0
604 7.951491953761776e-05 1.006362796406361e-05 0
605 1.705158285149264e-05 1.214165569399633e-05 0
606 6.432014703026847e-05 1.425110991148953e-05 0
607 5.011069673611508e-05 1.748125874954381e-05 0
608 0.0001121638774752201 1.007083127939515e-05 0
609 0.0001398555173184734 1.003307004101334e-05 0
610 9.992223592321226e-05 1.499469447085295e-05 0
611 9.443135023586222e-05 1.446855316963958e-05 0
612 0.0001222189026297953 1.014136023338964e-05 0
613 5.847607137676466e-06 1.416415678319151e-05 0
614 2.453164907503144e-05 1.498909690207575e-05 0
615 5.673328062941694e-06 6.266099317104277e-06 0
616 5.998516960343908e-05 1.557846709116969e-05 0
617 5.301330624173937e-05 1.701951760168058e-05 0
618 0.0001319268199398332 1.177313204411798e-05 0
619 4.675911883858626e-05 1.648961993540179e-05 0
620 3.285152199250936e-05 1.518372214896079e-05 0
621 1.241219219845949e-05 1.460929749244503e-05 0
622 6.898309049140297e-05 1.531690464282384e-05 0
623 7.474402590228204e-05 1.379278992815818e-05 0
624 2.995383292880927e-05 6.226654716884505e-06 0
625 4.483286972677625e-05 6.392610660132216e-06 0
626 1.741791497817972e-05 6.342102955305577e-06 0
627 3.86873591367225e-05 6.110696846491788e-06 0
628 8.497495735191549e-05 1.370329801649936e-05 0
629 3.808939394003016e-05 1.429697059817381e-05 0
630 8.979031301356011e-05 1.531235039852102e-05 0
631 5.514110969473109e-05 6.136268917700019e-06 0
632 4.708760803102692e-05 1.257547190209002e-05 0
633 2.959657811524825e-05 1.145474067618295e-05 0
634 0.0001063283082558375 1.352184899963441e-05 0
635 1.207586822893226e-05 5.25976191060896e-06 0
636 4.355697053908768e-05 1.684675707514824e-05 0
637 8.036967912664308e-05 1.513734966483584e-05 0
638 2.261070079962542e-05 5.280343507013405e-06 0
639 1.409236933047565e-05 9.198788926943106e-06 0
640 2.871517057874703e-05 1.57482746176758e-05 0
641 0.000144099247377362 1.422849997208768e-05 0
642 2.060975578358469e-05 9.281169868005077e-06 0
643 5.697326550963154e-05 1.699076640704967e-05 0
644 0.0001364970493955076 1.472524989150381e-05 0
645 3.94840989926079e-05 1.028387061246614e-05 0
646 4.239732558659396e-06 1.025750141953961e-05 0
647 6.275502199522428e-05 1.688686365415438e-05 0
648 4.959170615757793e-05 4.995177055329113e-06 0
649 0.0001264517006231288 1.421337579404477e-05 0
650 3.432049009900924e-05 6.160697235370148e-06 0
651 2.014480456116689e-05 1.573564377661372e-05 0
652 0.0001062929506535164 6.898790936800954e-06 0
653 9.976272963451645e-05 1.742067293183387e-05 0
654 9.681526337158051e-05 1.707185461497595e-05 0
655 0.0001115600802016223 1.499542540307121e-05 0
656 0.0001174328660256157 1.392313755091679e-05 0
657 5.004511771530249e-05 1.87476938821765e-05 0
658 5.441664800367554e-05 1.034994363557406e-05 0
659 8.319264153915154e-05 1.63632450857138e-05 0
660 8.641130621948863e-05 1.687454749560408e-05 0
661 4.161455920323799e-05 7.705728848294457e-06 0
662 4.820151720015831e-05 1.79652582869832e-05 0
663 6.571333157805966e-05 1.708569100757331e-05 0
664 7.215398003638925e-05 1.669649041106016e-05 0
665 6.017931614816527e-05 5.161744688201856e-06 0
666 7.763146409963271e-05 1.68356329209727e-05 0
667 0.0001441171747753159 6.119580713987786e-06 0
668 9.28403555528653e-06 1.348893438138832e-05 0
669 3.899453408860706e-06 1.681924590985395e-05 0
670 9.436439836546463e-05 1.737182314898717e-05 0
671 1.594921645158095e-05 1.62428846869441e-05 0
672 4.03038153435659e-05 1.671874180150579e-05 0
673 4.685686198223528e-05 9.256781247763199e-06 0
674 2.661515369497565e-05 4.088926018585653e-06 0
675 9.078967320805542e-06 6.911464725041563e-06 0
676 2.235541023900969e-05 1.236805933752481e-05 0
677 5.174496709752306e-05 1.827050612446865e-05 0
678 9.183386971384935e-05 1.745941277605547e-05 0
679 3.565026763696917e-05 1.681664154582565e-05 0
680 0.000113831754304792 5.129543542504257e-06 0
681 3.688657368350401e-05 8.540002391893869e-06 0
682 5.503828880777916e-05 1.792845768933818e-05 0
683 2.453164907503144e-05 1.74991127816542e-05 0
684 5.198524638935891e-05 1.255009897912421e-05 0
685 0.0001273480250278213 9.007352907858378e-06 0
686 4.502334541407132e-05 1.449796298399136e-05 0
687 3.006685269600196e-06 1.302084705816208e-05 0
688 8.006170625671411e-06 1.668562722988477e-05 0
689 3.648240627727455e-05 3.449344743073019e-06 0
690 5.91415501775937e-05 1.774746384310118e-05 0
691 7.158974693550357e-06 1.140357562805332e-05 0
692 4.181334107750755e-05 3.848445799531165e-06 0
693 7.440923455424166e-05 1.748629136437891e-05 0
694 1.950452755819904e-05 3.453616844267442e-06 0
695 4.643465075842087e-05 1.824373593127465e-05 0
696 5.207631742177246e-05 7.267608291440508e-06 0
697 0.0001393441752527577 5.155276475350733e-06 0
698 0.0001353998158290289 7.99304942200534e-06 0
699 0.0001173856779345774 8.624927116782016e-06 0
700 0.0001027799389038251 1.696136169737707e-05 0
701 2.669152351181393e-05 1.270027117803936e-05 0
702 0.0001218778584192467 1.53386041875449e-05 0
703 0.0001399641557848262 1.616422682843391e-05 0
704 4.861309757253481e-05 1.617916310337812e-05 0
705 4.382250252565488e-05 9.934954626327571e-06 0
706 5.308125313678724e-05 1.861214763117367e-05 0
707 6.999444413304285e-05 1.760764299862262e-05 0
708 8.870906291228672e-05 1.761065057221326e-05 0
709 0.0001457269862781208 1.016148174504491e-05 0
710 3.70807043760779e-05 1.179779918444167e-05 0
711 1.514273508548915e-05 3.495154581534605e-06 0
712 3.502884654149323e-06 3.509438179287511e-06 0
713 2.820356191798343e-06 6.26520023915737e-06 0
714 3.289526338349583e-05 1.761217733931962e-05 0
715 6.491740168908446e-05 7.751622773548644e-06 0
716 3.210964972603984e-05 3.561596089307596e-06 0
717 0.0001319268199398332 1.589941742358964e-05 0
718 4.947346037542426e-05 1.247742062554524e-05 0
719 4.658612482109895e-05 3.432365538528257e-06 0
720 1.753662092650605e-05 9.260127461654884e-06 0
721 5.294573882046636e-05 3.298039049014168e-06 0
722 1.247281773241752e-05 1.172878333394183e-05 0
723 3.159317554002138e-05 8.910266186762048e-06 0
724 6.807849764172864e-06 3.272939523076396e-06 0
725 5.013535314590998e-05 1.937140870948668e-05 0
726 2.019996696144639e-05 6.557885161942062e-06 0
727 6.794075924635772e-05 1.78836859279961e-05 0
728 7.45602789422378e-05 5.880983769461645e-06 0
729 1.16761454735566e-05 8.021965869794465e-06 0
730 4.887534888887557e-05 7.46028217251242e-06 0
731 0.0001467467729455626 1.678140275578625e-05 0
732 2.795978303190676e-05 8.503136282801879e-06 0
733 2.307263789721301e-05 8.007455160115373e-06 0
734 4.902270646265813e-05 1.896492600105054e-05 0
735 3.233556020310155e-05 1.238256813067496e-05 0
736 4.042210382142867e-05 1.28328882399467e-05 0
737 1.471030798635698e-05 6.150916339346125e-06 0
738 8.104474856006806e-05 1.766173105692185e-05 0
739 1.115005156704198e-05 1.720970398774861e-05 0
740 4.738465908973281e-05 1.46024637556967e-05 0
741 6.093930743207794e-05 1.813960851012888e-05 0
742 6.41760347649762e-06 8.788264925709099e-06 0
743 7.923553767256687e-05 1.823339794063697e-05 0
744 9.458600980630531e-05 6.332834027864034e-06 0
745 5.232181550930188e-05 1.482863839371396e-05 0
746 5.089637427489104e-05 1.923144047634217e-05 0
747 9.574408271630106e-06 3.886563484107069e-06 0
748 3.539268004278295e-05 1.395126792945622e-05 0
749 0.0001017148879716712 5.240632789451072e-06 0
750 0.0001311905864645079 7.764037547750047e-06 0
751 3.047951463188234e-05 1.76188114582647e-05 0
752 1.364069123104599e-05 1.756357898739887e-05 0
753 0.0001237738774423301 5.0968272835202e-06 0
754 0.0001282035861173569 4.58210807525049e-06 0
755 0.0001082380513643881 1.646098233443253e-05 0
756 5.703743096427532e-05 8.876385867538349e-06 0
757 9.992223592321228e-05 1.874414560918651e-05 0
758 9.837960954702206e-05 1.843811052621179e-05 0
759 1.786957560307619e-05 1.761383689886057e-05 0
760 5.63319908747382e-05 1.853901072399651e-05 0
761 5.843769221281479e-05 1.295524524081324e-05 0
762 5.771336894255733e-05 1.862509480620604e-05 0
763 1.978365403455079e-05 1.174832437627455e-05 0
764 0.0001039032854923511 1.014072906664607e-05 0
765 2.574387836285663e-05 6.868132088931487e-06 0
766 6.158407928823352e-05 1.310138254174784e-05 0
767 6.461427091029963e-05 1.829689471827333e-05 0
768 0.0001148400578187332 1.621548960786657e-05 0
769 3.951531132369753e-05 8.129698400191709e-06 0
770 4.472331220036047e-05 1.824656870373567e-05 0
771 0.0001083429588291609 1.02260504233001e-05 0
772 2.915638799358265e-05 2.933919919235457e-06 0
773 0.0001029190472523284 1.360015460368111e-05 0
774 5.118573507065119e-06 1.218288737241382e-05 0
775 2.686377707337061e-05 1.778678653041506e-05 0
776 4.152727789777001e-05 1.098579817489812e-05 0
777 1.492693290519008e-05 1.38489257050156e-05 0
778 0.0001280324751741166 1.686791531532566e-05 0
779 1.739788841232578e-05 2.430865136357719e-06 0
780 7.225271454703584e-05 1.834794563309747e-05 0
781 8.495376861453207e-05 1.804222423482183e-05 0
782 8.355718437741896e-05 1.862276902770768e-05 0
783 4.205427728198588e-05 1.814890328605891e-05 0
784 1.256838289160765e-05 2.74498956808743e-06 0
785 8.215300511519471e-05 1.858798662344727e-05 0
786 2.190462036440989e-05 1.741245762804235e-05 0
787 5.592186355337708e-05 3.325690855098098e-06 0
788 4.173486643435158e-05 1.470723316505001e-05 0
789 3.043265900489656e-05 1.373621161933234e-05 0
790 5.125340881889922e-05 1.618485142684649e-05 0
791 0.000114154532202128 1.299388536266443e-05 0
792 2.225914937449579e-05 2.648216181655399e-06 0
793 0.0001015421051312866 1.827180789126343e-05 0
794 0.0001367882907085673 1.133288087034197e-05 0
795 2.186345161856061e-06 1.100246981540768e-05 0
796 0.0001191808818177479 4.637572420358644e-06 0
797 0.0001101790666783831 6.80002427167444e-06 0
798 7.781506217327479e-05 1.852318208872754e-05 0
799 7.630984267927665e-05 1.862947070772596e-05 0
800 4.81308149299102e-05 1.086668815790533e-05 0
801 0.0001467228265332337 3.895999889383933e-06 0
802 9.03820557165337e-05 1.827352801182085e-05 0
803 3.913458013541393e-05 3.374580022782057e-06 0
804 0.0001434291271895349 1.709306031670028e-05 0
805 4.713260634265741e-05 5.736034772660622e-06 0
806 0.0001411432750915887 1.319211290462896e-05 0
807 8.645632309872635e-05 1.84830113284144e-05 0
808 4.561102487425913e-05 1.09536137270035e-05 0
809 6.246644261055459e-05 1.85927189045459e-05 0
810 2.100827863876409e-06 1.502173238486078e-05 0
811 0.0001349209737717101 1.696038483774139e-05 0
812 5.887294726068057e-06 1.781485454805966e-05 0
813 6.880949604088935e-05 5.090167647388923e-06 0
814 2.258997115960486e-05 1.011693013881593e-05 0
815 0.0001054685493135844 1.743639981026482e-05 0
816 2.495321711309055e-06 8.629224100693885e-06 0
817 6.640677622822826e-05 1.843739934968859e-05 0
818 4.508926590594763e-05 1.618817150941714e-05 0
819 3.437713921395936e-05 1.823422388562223e-05 0
820 3.650746221427611e-05 6.444659042593239e-06 0
821 3.984406963696892e-06 1.465515622430334e-05 0
822 1.793028561861014e-05 1.477157348785301e-05 0
823 0.0001105440029729901 1.748018473990774e-05 0
824 3.386364404195476e-05 8.310502735974366e-06 0
825 1.473093934832632e-05 1.14781688047958e-05 0
826 6.375137160129714e-05 4.009125521784973e-06 0
827 3.791506554595373e-05 1.757458009345598e-05 0
828 0.000142372773374564 3.393467403150635e-06 0
829 2.121528941781093e-06 1.789344061612356e-05 0
830 0.0001287198193264559 1.188115984517586e-05 0
831 2.445866860217966e-05 1.274905114074647e-05 0
832 8.462093466730823e-05 8.435805563063563e-06 0
833 2.227319084300022e-05 1.455121002434398e-05 0
834 9.736870299630684e-05 1.256990458713394e-05 0
835 9.607361890913267e-05 1.850190207091191e-05 0
836 0.0001413727977704454 6.877070863014596e-06 0
837 5.428839300667648e-05 1.256680826082202e-05 0
838 9.50142954732694e-05 1.896030316594349e-05 0
839 3.21634523452355e-05 5.789513984255713e-06 0
840 5.65519376388769e-05 1.173611799136729e-05 0
841 2.424395887537181e-05 3.670480900018721e-06 0
842 4.738235873540854e-05 1.885354665606461e-05 0
843 5.220606903617533e-05 1.042372240351792e-05 0
844 5.464168795356177e-05 1.600835792644846e-05 0
845 1.586694021460435e-05 7.903733743133671e-06 0
846 4.416692203989419e-05 4.110581251507363e-06 0
847 5.082086503734718e-05 1.82889380651651e-05 0
848 0.000137461214853714 1.733807721451794e-05 0
849 0.0001178534934542506 1.700159926270254e-05 0
850 0.0001213058994150789 7.064874397756997e-06 0
851 1.987525607240681e-05 1.800429422731426e-05 0
852 0.000147173539863141 1.379611825712097e-05 0
853 4.901430148920544e-05 2.546843042186844e-06 0
854 2.445283279650555e-05 5.53304428220278e-06 0
855 0.0001249467020208418 1.124159104393908e-05 0
856 4.080130609242252e-05 5.740883142295451e-06 0
857 2.672678424712702e-05 1.486230274142025e-05 0
858 5.396510489776932e-05 1.903632690126144e-05 0
859 5.50346972374293e-05 1.901267944796374e-05 0
860 0.0001247029770818801 1.684152394372639e-05 0
861 7.109794592240154e-05 1.874849444730086e-05 0
862 6.994953061487396e-05 1.87997565546867e-05 0
863 0.0001335339285344653 4.193073600606651e-06 0
864 0.0001365266076425342 5.033431693990254e-06 0
865 3.429620081481109e-05 3.913485127844145e-06 0
866 0.0001469733786537534 7.44985932042371e-06 0
867 4.964200366593849e-05 1.949139698377637e-05 0
868 1.377471668323623e-05 4.622837608976299e-06 0
869 1.305777340917277e-05 6.866785033756008e-06 0
870 7.415931429794185e-06 1.318533065159882e-05 0
871 1.177714177657801e-05 9.923036969862774e-06 0
872 9.296070399147379e-05 1.859455578098112e-05 0
873 9.183386971384935e-05 1.885691859310621e-05 0
874 9.720658404273455e-05 1.885275097579028e-05 0
875 0.0001202836366108041 1.24784517144543e-05 0
876 7.518306540604077e-05 1.885562694975643e-05 0
877 7.406512544503267e-05 1.889866610236118e-05 0
878 3.987157107673869e-05 1.46143806638091e-05 0
879 2.781763677877273e-05 6.636949295870995e-06 0
880 4.515336432717843e-05 1.269319904421721e-05 0
881 8.899392045895267e-06 1.175776698508944e-05 0
882 1.698773099024055e-05 4.463548720786634e-06 0
883 6.351391668642399e-05 1.88296104102566e-05 0
884 5.173682409330855e-05 1.918082914011038e-05 0
885 2.763232736997136e-05 1.067548273175261e-05 0
886 5.117385062132234e-05 1.731948113492818e-05 0
887 0.0001091768478351465 1.412991101140257e-05 0
888 3.8804928212308e-05 1.194079483586613e-05 0
889 6.397141944466017e-05 1.094201860398661e-05 0
890 5.608430212245356e-06 1.603480329639348e-05 0
891 2.062863775227661e-06 2.038552836019435e-06 0
892 1.030426331654371e-05 1.524154513044918e-05 0
893 4.509762260597997e-05 8.395224818930413e-06 0
894 9.402490025326682e-05 1.898797371882057e-05 0
895 5.771546875671854e-05 1.505553112390658e-05 0
896 8.759556137018652e-05 1.881587250496257e-05 0
897 8.871771292955382e-05 1.888321307853767e-05 0
898 2.078612039831048e-05 1.320438968629143e-05 0
899 4.943170537594488e-05 1.805896583182674e-05 0
900 3.422505498313915e-05 1.241227568532328e-05 0
901 4.280565878332674e-05 6.019273902001833e-06 0
902 4.815987518145027e-06 1.978595403962061e-06 0
903 6.186079368707397e-05 7.819164483259796e-06 0
904 2.322931231997515e-05 1.607358184186023e-05 0
905 4.080073522498065e-05 9.287575525900452e-06 0
906 4.618399708222789e-05 1.527440781953885e-05 0
907 9.392338486143145e-05 1.05460574631489e-05 0
908 0.0001427323433736269 1.076983501256975e-05 0
909 8.03037478184266e-05 1.877531374204274e-05 0
910 4.66528032128274e-05 7.443028767698363e-06 0
911 7.50777881644859e-06 5.152353580123099e-06 0
912 3.094588016355058e-05 1.568006868413842e-05 0
913 1.593023177168806e-05 1.813469882447374e-05 0
914 5.402068498632209e-05 8.163732966704041e-06 0
915 0.0001336454501181434 1.395613975252168e-05 0
916 5.111723567836392e-05 1.383069213060092e-05 0
917 4.882931960096733e-05 1.72242905648538e-05 0
918 4.777472550108744e-05 1.696711139093698e-05 0
919 8.969788433503727e-05 4.933400389487407e-06 0
920 4.569382430038064e-05 1.713696985704998e-05 0
921 4.865759544603753e-05 1.480369158420991e-05 0
922 0.000138191595836465 7.713357457810455e-06 0
923 0.0001164331445632456 3.174971491437077e-06 0
924 0.000116519871550072 6.040205085914829e-06 0
925 2.84445959200265e-05 1.313083382216968e-05 0
926 0.0001244088090900554 8.191535367604901e-06 0
927 4.984779644656788e-05 1.62853098708803e-05 0
928 6.89483816530566e-05 1.896025936791386e-05 0
929 6.787765214460851e-05 1.896641006217846e-05 0
930 0.0001043177035297823 3.912527104301855e-06 0
931 3.353389431743067e-05 2.030975626530148e-06 0
932 1.743995023011083e-06 3.774426256290511e-06 0
933 5.200364166521982e-06 4.407226128549102e-06 0
934 2.872358206683148e-05 1.810244848090715e-05 0
935 3.658648219613514e-05 1.521373104801845e-05 0
936 4.351997413727421e-05 1.521190532860025e-05 0
937 2.971522084343547e-05 9.631624183968802e-06 0
938 0.0001116427359303674 2.936488499671074e-06 0
939 5.879487504276068e-05 1.895368494175929e-05 0
940 3.097445002688606e-05 1.972499551125728e-06 0
941 0.0001294738497884308 1.466069453382043e-05 0
942 8.049403040764094e-06 9.714817730332319e-06 0
943 0.0001082677348927619 3.564279536267815e-06 0
944 5.004052946791381e-05 1.970939192888845e-05 0
945 5.991826560281794e-05 1.889819719587016e-05 0
946 9.745097973439792e-06 8.258478873111115e-06 0
947 0.0001308616902267221 5.0087263692834e-06 0
948 1.113960792482757e-05 1.33327961510421e-05 0
949 4.349495826802176e-05 7.700960440755917e-06 0
950 4.319040469196992e-05 1.849522089711896e-05 0
951 0.0001385225902115267 1.296872350179533e-05 0
952 4.201548199612329e-05 1.639823216277024e-05 0
953 2.362116539060456e-05 1.845261037008337e-05 0
954 3.182209754744789e-05 1.852768216678579e-05 0
955 3.144753863215214e-05 1.068940409020689e-05 0
956 3.454963923822059e-05 1.541485395527981e-05 0
957 5.769265071739802e-05 6.157368298445863e-06 0
958 0.0001481821835112954 1.811274714563594e-05 0
959 1.409636584863661e-05 1.567871013459389e-05 0
960 4.818204145493877e-05 1.911969732067311e-05 0
961 2.472429623177743e-05 8.314535657949161e-06 0
962 5.051005418214308e-05 1.958038092641641e-05 0
963 1.587478270323526e-06 1.356396333541446e-05 0
964 3.050011732181687e-05 4.429407937951364e-06 0
965 2.851969612568785e-05 4.754294352249537e-06 0
966 5.401394694082913e-05 1.792355028237851e-05 0
967 1.061045857026053e-05 6.469670375686429e-06 0
968 4.474774121845778e-06 8.257143660813381e-06 0
969 9.908209142318826e-05 1.910161309582242e-05 0
970 7.413613749968501e-06 1.501871253754331e-05 0
971 1.569628001625132e-05 1.762555679772833e-06 0
972 5.180625242140115e-05 5.319423582100815e-06 0
973 6.540092256109482e-05 1.890667721441321e-05 0
974 2.551049078372945e-05 1.857993853708442e-05 0
975 4.621241818948317e-05 1.391067336009764e-05 0
976 4.064183464842646e-05 1.858600264854746e-05 0
977 6.698083106747777e-05 1.20137191821125e-05 0
978 0.0001341986647769978 1.042362364644696e-05 0
979 5.081869186132102e-05 3.417238057455415e-06 0
980 2.108786355767508e-05 1.083586188788669e-05 0
981 0.0001144280241517117 8.02438519023258e-06 0
982 2.120174280082286e-05 4.042421043605734e-06 0
983 3.776162935169508e-05 1.011054456705721e-05 0
984 1.905829453190686e-05 8.115348509155511e-06 0
985 0.000112902893852496 1.774089491306206e-05 0
986 1.059139037680793e-05 2.070404038343064e-06 0
987 1.409194020775318e-05 2.205127194015579e-06 0
988 2.569332633942661e-05 2.110688758399462e-06 0
989 4.832066036671632e-05 1.338067124601968e-05 0
990 0.0001112514190015157 1.245804803336366e-05 0
991 3.863138710482774e-05 1.605176386985161e-05 0
992 1.906852571107807e-05 1.009848616060368e-05 0
993 7.155880924973056e-05 1.333510916679074e-05 0
994 4.490815950897718e-05 2.069831896109424e-06 0
995 4.416834530142534e-06 1.825963361820538e-05 0
996 5.38854192361931e-05 1.42942049320553e-05 0
997 8.48024663441179e-06 2.102172430378718e-06 0
998 4.729325222537466e-05 1.795746431682266e-05 0
999 0.0001162358307637307 1.129448934205407e-05 0
1000 5.801189743798497e-06 1.072161544910402e-05 0
1001 7.185753020431809e-05 1.915073153349418e-05 0
1002 1.586721394794904e-05 9.929085774381395e-06 0
1003 9.812523078394047e-05 6.698888664624965e-06 0
1004 1.213229541325856e-05 1.824880265383745e-05 0
1005 1.05872688811408e-05 1.163813562345249e-05 0
1006 3.643360563030766e-06 1.172333709681713e-05 0
1007 1.128501426862209e-05 3.877576425355775e-06 0
1008 9.407322647286338e-06 1.806213656176613e-05 0
1009 0.0001421612961629043 1.521127131026613e-05 0
1010 2.371533121442029e-05 1.13279460800384e-05 0
1011 0.0001415394397545938 1.763926189818793e-05 0
1012 4.764190071918616e-05 1.564364877374765e-05 0
1013 2.137526327788363e-05 7.834275373520798e-06 0
1014 9.978126906417557e-05 1.936993942442213e-05 0
1015 5.064413437301093e-05 1.147612176237926e-05 0
1016 1.889509695955761e-05 1.317430285866033e-05 0
1017 0.0001006105537841139 1.246913517017177e-05 0
1018 2.57973644358723e-05 1.632368805510225e-05 0
1019 3.633443361680173e-05 1.835491000969646e-05 0
1020 1.435143401278469e-05 7.670093451322977e-06 0
1021 2.160802439808025e-05 1.595040572598721e-05 0
1022 9.760653421946446e-05 1.487639653213137e-05 0
1023 4.657702086243668e-05 1.915493358314503e-05 0
1024 0.0001222620844937162 1.764291849850457e-05 0
1025 5.258422834694989e-05 1.927064512674324e-05 0
1026 1.55606182325344e-05 4.922641872485892e-06 0
1027 3.532287385483847e-06 1.955644104590904e-06 0
1028 5.056260493094131e-05 8.294012366845709e-06 0
1029 5.035156959686189e-05 6.5491539158289e-06 0
1030 2.38634292072994e-05 1.943007940212636e-06 0
1031 9.668163013815256e-05 9.671397876649948e-06 0
1032 4.804866153532891e-05 4.265657078300232e-06 0
1033 0.0001333607291071975 6.508251400503757e-06 0
1034 4.242421465525172e-05 9.088977133930499e-06 0
1035 0.000123761176184091 1.350559270155561e-05 0
1036 7.519555959801818e-06 1.829534727585415e-05 0
1037 5.898678000936183e-05 2.649954465656467e-06 0
1038 6.16393406976968e-05 2.971473089741186e-06 0
1039 3.376753893439296e-05 1.388174111861458e-05 0
1040 3.68943107315701e-05 1.327697026706206e-05 0
1041 0.0001328355444322314 1.79112200545987e-05 0
1042 0.0001305105610458567 1.77031054302163e-05 0
1043 3.791109523015674e-05 2.015073258105975e-06 0
1044 0.0001436673877433623 8.615170329085769e-06 0
1045 4.404792201980771e-05 1.134651527693338e-05 0
1046 4.581996760367044e-05 5.011924520568684e-06 0
1047 1.850331701058555e-05 4.735433864937541e-06 0
1048 0.0001043275728830621 1.53908524046808e-05 0
1049 0.0001188758806140891 6.947650883041569e-06 0
1050 2.044102737784572e-05 1.853652924111142e-06 0
1051 0.0001264876116180802 6.586534478784216e-06 0
1052 0.0001288633063616493 7.026947289098253e-06 0
1053 4.555986952792843e-05 1.880141876369867e-05 0
1054 3.780866062563573e-05 4.591775482987892e-06 0
1055 4.850905963077754e-05 9.207978467311293e-06 0
1056 3.548257476902239e-05 1.243539768328829e-05 0
1057 0.0001297955431258922 9.714114891210986e-06 0
1058 7.943041917934845e-05 5.168069468189371e-06 0
1059 7.379893859755417e-05 1.021749898085662e-05 0
1060 5.12434951175715e-05 1.495756414060244e-05 0
1061 3.805543253298972e-05 7.557257384767983e-06 0
1062 7.845029389476132e-05 1.911931740445038e-05 0
1063 7.710563979650679e-05 1.911002603152564e-05 0
1064 3.559084915827741e-05 5.002155766706153e-06 0
1065 2.348612507868953e-05 6.560036238736507e-06 0
1066 5.328769094118073e-05 6.007349581830172e-06 0
1067 2.759682140635937e-05 1.903544739305766e-06 0
1068 2.650730972731102e-05 8.4174508553663e-06 0
1069 4.026139358038533e-05 1.147088218621246e-05 0
1070 0.0001020001677153527 7.75356542599546e-06 0
1071 2.542581209351392e-06 1.64503356868912e-05 0
1072 0.0001391795468434077 1.795999203545259e-05 0
1073 7.313706935402914e-05 1.899008862515723e-05 0
1074 0.0001197356330119382 9.476088131188581e-06 0
1075 0.0001216621558667041 2.998741810432216e-06 0
1076 5.933534316072911e-05 7.950681766879361e-06 0
1077 1.332540006843382e-05 1.336423283775988e-05 0
1078 4.912209177875454e-05 1.94698236299886e-05 0
1079 8.416173836466567e-05 1.910624988591533e-05 0
1080 3.193174143206658e-05 1.391086667579639e-05 0
1081 3.4184633309858e-05 1.686317040034159e-05 0
1082 8.571256705744489e-05 1.901539755313789e-05 0
1083 0.0001006278203787955 1.918714229791525e-05 0
1084 4.930930669457093e-05 1.376455171506567e-05 0
1085 4.374238391528442e-05 1.372769288538891e-05 0
1086 5.129902941749357e-05 1.874354658078114e-05 0
1087 5.335838165943223e-05 1.933760217427088e-05 0
1088 6.177914554017131e-05 1.508802525216512e-05 0
1089 4.073228603306056e-05 2.071833576463576e-06 0
1090 0.0001011709959564514 1.681031847813781e-05 0
1091 1.274775400176756e-05 1.646313221118778e-05 0
1092 6.480807986093122e-05 1.926853029926967e-05 0
1093 0.0001091784466126034 1.824375384307143e-05 0
1094 0.0001070822458498849 1.810793152394109e-05 0
1095 0.0001264014553368431 1.802042747349121e-05 0
1096 3.300196771053648e-05 1.879394699363466e-05 0
1097 7.3369000582716e-06 6.932787326834743e-06 0
1098 3.607147889309328e-05 1.039989033505816e-05 0
1099 0.0001195242654504613 1.509607295997488e-05 0
1100 2.356643831561639e-05 1.390779355035511e-05 0
1101 9.834571185827891e-05 1.694104850541639e-05 0
1102 3.77936748617731e-06 5.040318613383631e-06 0
1103 8.282015291765261e-06 8.35127849556624e-06 0
1104 1.623707289776691e-05 1.471782132966493e-05 0
1105 9.85497169706923e-05 3.382565128036008e-06 0
1106 4.7272434115265e-06 1.348480557273329e-05 0
1107 4.272529461826912e-05 1.915494698274222e-06 0
1108 7.94024873769325e-05 1.905044105265232e-05 0
1109 3.274391148667172e-05 1.013285982259193e-05 0
1110 7.166657882897478e-05 3.433899414133475e-06 0
1111 2.558003849659562e-05 1.149780446312392e-05 0
1112 3.031449116431619e-05 7.907915332430662e-06 0
1113 3.184137624287438e-05 7.329755969839045e-06 0
1114 7.35092842191837e-05 1.802139914639667e-05 0
1115 4.171410174176185e-05 1.328924146178775e-05 0
1116 0.0001399136856369939 2.508430356219949e-06 0
1117 1.320523184874025e-05 1.044617819871687e-05 0
1118 5.441725519627561e-05 4.522112838702673e-06 0
1119 8.978043633637168e-05 1.902488011089226e-05 0
1120 6.204312994656095e-05 9.916724994131069e-06 0
1121 9.649559444081236e-05 1.924346604704399e-05 0
1122 1.27159908407318e-05 8.886462855946322e-06 0
1123 6.061406326626608e-05 1.922125075841623e-05 0
1124 6.158954180174398e-05 1.894808542065186e-05 0
1125 6.628600352551982e-05 5.572502305916102e-06 0
1126 5.266966115362313e-05 1.596511654180062e-05 0
1127 5.698946670003651e-05 1.914690920542761e-05 0
1128 5.631819573545761e-05 1.928886574833098e-05 0
1129 5.059725162465447e-05 1.670575933458813e-05 0
1130 6.667568830868527e-05 1.488644131412991e-05 0
1131 3.089537265091599e-05 1.251876906303072e-05 0
1132 3.224125076509388e-05 1.633261156935071e-05 0
1133 4.962085599994103e-05 1.898033667063162e-05 0
1134 5.772184269526871e-05 1.936741093976927e-05 0
1135 0.00011407317067207 2.385996525551032e-06 0
1136 1.84807439613837e-05 1.616169508135464e-05 0
1137 8.350929044740363e-05 1.934311775642237e-05 0
1138 3.961866710426361e-05 4.940303750196307e-06 0
1139 0.0001040806446779515 1.828271761967862e-05 0
1140 0.0001453990307547985 1.820634196444187e-05 0
1141 1.602354715376073e-05 6.550594587177816e-06 0
1142 4.553535341103443e-05 9.557753985508121e-06 0
1143 5.213594916424815e-05 1.735283306727571e-05 0
1144 5.04683194078801e-05 1.901810786069761e-05 0
1145 3.553987155203235e-05 1.841414896775931e-06 0
1146 1.611186447298905e-06 5.331002059524614e-06 0
1147 0.0001061043684390947 1.115923449582044e-05 0
1148 9.322291703915796e-05 1.930399864014051e-05 0
1149 0.0001479064969319085 1.115822565955393e-05 0
1150 4.8710653801997e-05 1.833628465450235e-05 0
1151 0.0001445945575192564 3.907699174046403e-06 0
1152 7.776509037711666e-05 1.389399754936552e-05 0
1153 2.286521580121944e-05 3.856085300259604e-06 0
1154 9.574796816998796e-05 1.926025320950288e-05 0
1155 8.928548241762364e-06 1.501075367450182e-05 0
1156 0.0001377755387051562 3.395388708485739e-06 0
1157 0.0001355833795934046 3.149259618086039e-06 0
1158 0.0001453671582713161 1.234933331743689e-05 0
1159 8.124366783027824e-05 1.902702621060333e-05 0
1160 0.0001381184927833846 1.53545865413224e-05 0
1161 3.906602184770958e-05 1.84973595719724e-05 0
1162 5.619469104591307e-05 1.575319035757977e-05 0
1163 4.861196383297662e-05 6.110554200677751e-06 0
1164 1.739304980268371e-05 7.710902960397746e-06 0
1165 6.462313148012319e-06 1.562671723971481e-06 0
1166 0.0001481150826098935 1.542419181790993e-05 0
1167 1.760885437948297e-05 1.084051834607806e-05 0
1168 2.373386438652364e-05 9.268706415502654e-06 0
1169 5.559894910818096e-05 1.928060324051321e-05 0
1170 0.0001257025551812227 2.884209194718713e-06 0
1171 6.750831799297264e-05 8.236595574309815e-06 0
1172 5.825995107700082e-05 1.130791444125491e-05 0
1173 0.0001064935432720135 1.562487401689228e-05 0
1174 2.454619954950966e-05 1.897144986084321e-05 0
1175 9.685666828084842e-06 1.661329903705687e-05 0
1176 3.880992783304066e-05 9.229437360641482e-06 0
1177 6.614799016609803e-05 1.928874711255543e-05 0
1178 3.144986706861218e-06 1.867423904250284e-05 0
1179 8.49256157686641e-05 1.925295263343724e-05 0
1180 5.846242414702159e-05 1.635531268889448e-05 0
1181 3.916672728187509e-05 1.360686509661814e-05 0
1182 5.191577959438938e-05 1.883865351672726e-06 0
1183 3.514057891484525e-05 7.508015328624271e-06 0
1184 8.196710094649404e-05 1.233199434148285e-05 0
1185 0.0001315559572505759 1.378497154839548e-05 0
1186 7.56630263110596e-05 1.76072921630264e-05 0
1187 9.116345883965551e-05 1.924614739798524e-05 0
1188 1.890590811270211e-05 2.184257286613294e-06 0
1189 0.0001133737287953937 1.49367286986392e-05 0
1190 6.27924965840873e-05 1.923447188103884e-05 0
1191 0.0001199735291509887 1.798018327988051e-05 0
1192 5.283671684649706e-05 1.369005424021303e-05 0
1193 3.340577572560771e-05 5.05607180557169e-06 0
1194 8.647243381373245e-05 1.925739488061352e-05 0
1195 2.556168128129734e-05 1.387167887644323e-05 0
1196 5.057902529834367e-05 1.569785369217746e-05 0
1197 6.238087645630896e-05 5.559113766733216e-06 0
1198 3.988363076452982e-05 6.800821144537348e-06 0
1199 6.719125668743318e-05 1.924990823664274e-05 0
1200 0.0001212560950345818 4.9714017594325e-06 0
1201 0.0001330610794930938 8.551624188987125e-06 0
1202 6.64943628942593e-05 2.751130135230505e-06 0
1203 2.188095205263929e-05 6.567706574969257e-06 0
1204 1.398748622501362e-06 1.20861600177061e-05 0
1205 2.67468976443124e-05 5.56099468271458e-06 0
1206 9.182817340503232e-05 1.280144905514538e-05 0
1207 0.0001360568865802386 1.826554412949083e-05 0
1208 5.317144434057856e-05 1.156940871023791e-05 0
1209 0.0001098105610793049 1.581271900219185e-05 0
1210 0.0001315126647021164 2.437990378160003e-06 0
1211 4.733245648561763e-05 1.806152639672257e-06 0
1212 2.738278014830164e-05 1.616743786091294e-05 0
1213 8.564529753275008e-05 4.367111123185848e-06 0
1214 4.928647973560374e-05 1.554739661625951e-05 0
1215 1.064591791144921e-05 1.869418077934417e-05 0
1216 5.996935961174186e-05 1.38039795965672e-05 0
1217 5.990025792861353e-05 1.203737390417226e-05 0
1218 9.678457138187733e-06 5.476520249641778e-06 0
1219 8.793153910948665e-05 1.271112419673552e-05 0
1220 5.254559671997732e-05 8.820725609224231e-06 0
1221 6.859720286091644e-06 1.013369154806195e-05 0
1222 0.0001040357752370378 6.155835871346817e-06 0
1223 8.279441326342447e-05 1.917896300803467e-05 0
1224 4.467685212943647e-05 1.719533447593208e-05 0
1225 7.625004291040938e-05 3.152754716888966e-06 0
1226 4.690521441914998e-06 3.231138110488989e-06 0
1227 0.0001141859874476445 1.09685669995675e-05 0
1228 4.141432105110827e-05 1.21875132562319e-05 0
1229 9.323265990647777e-05 1.617816830862318e-05 0
1230 1.504293321012522e-06 6.975160584323238e-06 0
1231 2.183838635030524e-05 9.000280283128899e-06 0
1232 2.133843286452838e-05 5.440732908641228e-06 0
1233 2.013384266434759e-05 4.786434268555222e-06 0
1234 7.156960285036946e-05 7.417822339183611e-06 0
1235 3.748996336301298e-05 1.633687648755304e-05 0
1236 6.029271162092293e-06 1.296781342642825e-05 0
1237 9.254941778918604e-05 1.927351740570163e-05 0
1238 7.780702874494971e-05 1.928426000039237e-05 0
1239 1.434503361070641e-05 1.876328300614378e-05 0
1240 3.787860403010892e-05 1.299698581606653e-05 0
1241 6.117750034654719e-05 1.651549600251279e-05 0
1242 2.235054063218539e-05 1.85454286775857e-05 0
1243 6.611676979768847e-05 9.70685827239316e-06 0
1244 1.850459867015009e-05 1.874344548508812e-05 0
1245 5.240481106289124e-05 1.858966820681653e-05 0
1246 5.279622916025025e-05 1.790152000657252e-05 0
1247 4.233254069960546e-05 1.899796633642513e-05 0
1248 1.726067049548462e-05 1.636000593503801e-05 0
1249 1.720235130763531e-05 1.872451626141503e-05 0
1250 0.0001450914456084648 1.579580716834556e-05 0
1251 5.424682475394309e-05 2.03299375260072e-06 0
1252 3.517518210946842e-05 9.127698902009169e-06 0
1253 0.0001022136836967384 1.537874127765067e-05 0
1254 1.436086025223255e-06 9.764204999174161e-06 0
1255 2.947345883409558e-05 1.468504762637125e-06 0
1256 0.0001155412005245384 1.454423869258501e-05 0
1257 7.244926437351509e-05 1.93808028323658e-05 0
1258 1.254461843855098e-05 4.141471891250816e-06 0
1259 0.00010280548404104 1.878529311633769e-05 0
1260 0.0001380033490075116 9.595405915098238e-06 0
1261 5.673393560563054e-05 1.309864117373281e-05 0
1262 2.466396327400872e-05 6.669977778341714e-06 0
1263 1.619720801083326e-05 1.133947652461481e-05 0
1264 6.415995474462022e-05 1.937297033258938e-05 0
1265 9.273760658449574e-05 3.437769148273548e-06 0
1266 4.285547081721433e-05 1.077924810026114e-05 0
1267 0.0001479376662488041 9.313273719118543e-06 0
1268 0.0001185983942236898 2.349538996706212e-06 0
1269 0.0001160136586483409 1.797614532435091e-05 0
1270 1.363996007220336e-05 5.816038908328443e-06 0
1271 2.888367549207791e-05 7.694461121260775e-06 0
1272 2.958934987282354e-06 1.436323507489763e-05 0
1273 4.749984039137791e-05 8.303189043468791e-06 0
1274 9.044041954611474e-05 1.929528588698317e-05 0
1275 9.837960954702206e-05 1.929500033345836e-05 0
1276 6.438897871872947e-05 1.597943737655477e-05 0
1277 2.756594574551021e-06 4.451652102573041e-06 0
1278 0.0001289425624428556 1.829986824142396e-05 0
1279 2.451211105546034e-05 1.630489866243326e-05 0
1280 4.767433787620663e-05 6.952347080695268e-06 0
1281 1.616728512232473e-05 2.861323348903877e-06 0
1282 2.321737545053597e-05 1.736245099655509e-05 0
1283 0.0001424389454145876 5.323594779382534e-06 0
1284 4.076574888264829e-05 1.390177711695422e-05 0
1285 5.603644390414799e-05 1.748647670009364e-05 0
1286 5.020299581391381e-05 1.812891133881649e-05 0
1287 2.650303001474262e-05 9.87598342394078e-06 0
1288 5.132029783598503e-05 9.388254359339468e-06 0
1289 6.623264096739538e-06 1.665230585309257e-05 0
1290 3.096746298810007e-06 1.539074416138225e-05 0
1291 7.983722349374565e-05 1.668040731641218e-05 0
1292 4.252946298442404e-06 6.398969298213549e-06 0
1293 4.602206710218983e-05 6.315195330841874e-06 0
1294 1.30560614918703e-06 1.587702301830929e-05 0
1295 5.023032220425913e-05 1.979165587491859e-05 0
1296 4.660951849705216e-05 1.742440919806513e-05 0
1297 0.0001356229423802892 1.292779616981359e-05 0
1298 2.930442183943431e-06 9.896758461512559e-06 0
1299 4.454896851969434e-05 1.536439803929058e-05 0
1300 4.960931702614676e-05 1.691630418581296e-05 0
1301 4.04590559103432e-05 3.851523193792676e-06 0
1302 1.549357695138281e-05 1.257427781980646e-05 0
1303 4.963897426035955e-05 1.850513330928645e-05 0
1304 1.402253078451897e-05 3.438873078828315e-06 0
1305 4.051158500922193e-05 1.030253758139116e-05 0
1306 3.918650735281417e-05 2.120458009636988e-06 0
1307 9.537658926442872e-05 1.598215507994318e-05 0
1308 2.759046805248716e-05 1.87950789691422e-05 0
1309 8.482224056573053e-05 1.625468278553274e-05 0
1310 8.217975289107874e-06 3.707899704501802e-06 0
1311 7.590533425561346e-05 1.927800278791651e-05 0
1312 0.0001454941181737626 2.080183544128876e-06 0
1313 4.678698326776074e-05 1.051296627061422e-05 0
1314 9.188960690559464e-05 7.44575225818616e-06 0
1315 4.816985722108648e-05 1.211793680676215e-05 0
1316 2.085477682075258e-05 1.689431195390479e-05 0
1317 5.133298126812694e-05 1.948002576408629e-05 0
1318 5.090607126548885e-05 1.961405878617241e-05 0
1319 8.731235759685299e-05 1.761363305189618e-05 0
1320 8.797623745215206e-05 1.602865122195189e-05 0
1321 5.347443625998821e-05 1.537462529839896e-05 0
1322 1.063434255915429e-05 9.361942377605884e-06 0
1323 3.784343459556002e-05 3.321175284281032e-06 0
1324 0.0001102678513597199 8.945733401362562e-06 0
1325 0.0001081802521814504 8.152995468520826e-06 0
1326 4.296816111291287e-05 1.75663309241992e-05 0
1327 0.0001429029942791079 1.266903126350466e-05 0
1328 0.0001480046258221902 5.625512959060171e-06 0
1329 9.569942358633576e-05 2.958220858729775e-06 0
1330 3.069311038336387e-05 1.881385741962814e-05 0
1331 5.408332142513143e-06 1.899500402592435e-05 0
1332 5.020222902697877e-06 1.498156352444699e-05 0
1333 5.534826331352541e-05 9.009130945548685e-06 0
1334 5.445410297395828e-05 1.848242916620657e-05 0
1335 4.605465345776953e-05 1.621184086817043e-05 0
1336 0.0001018561336898208 1.072364272981817e-05 0
1337 0.0001114283281607755 1.863627341476975e-05 0
1338 1.862064994659404e-05 6.787823539817605e-06 0
1339 5.450819319768836e-05 1.699741596724094e-05 0
1340 0.0001459645771619876 5.795393225369975e-06 0
1341 2.363231952315154e-05 4.707162746289607e-06 0
1342 2.779617507276165e-05 3.366179017077761e-06 0
1343 4.797747533130265e-05 1.857575965902831e-05 0
1344 1.071036863200466e-06 1.105802144580685e-06 0
1345 3.979744205170776e-05 9.357133666817984e-06 0
1346 1.150425874785292e-06 1.884794512498402e-05 0
1347 3.213188072820369e-05 2.163224177919323e-06 0
1348 4.712657470796902e-05 1.939805236201176e-05 0
1349 5.565512588944398e-05 1.86632291760488e-05 0
1350 4.923604181960342e-05 3.783028728330265e-06 0
1351 2.932809507635144e-05 1.694242438687601e-05 0
1352 0.0001000755004134549 1.959525524616373e-05 0
1353 5.044323843956093e-05 1.856621760271297e-05 0
1354 0.0001479378227995572 2.019082238925464e-06 0
1355 0.0001396885262011798 1.440496949383386e-05 0
1356 3.313432658900954e-05 7.086838737462468e-06 0
1357 0.0001185955030687753 1.112018606923298e-05 0
1358 3.167308285813984e-05 1.736385580573453e-05 0
1359 7.075531413400746e-05 1.928615521439185e-05 0
1360 0.0001023499125327371 2.603733635882596e-06 0
1361 1.687676783657949e-05 1.271073508833675e-06 0
1362 0.0001297978687697858 3.430582888073576e-06 0
1363 0.0001278722934218706 2.444032468240479e-06 0
1364 9.120376449609528e-06 9.20594700934422e-06 0
1365 1.101368283193944e-06 1.458757352791482e-05 0
1366 0.0001346119191545471 5.38040264567945e-06 0
1367 4.981750336860283e-05 1.976813436143876e-05 0
1368 0.0001484874872260738 1.671863574341408e-05 0
1369 4.387307218148527e-05 5.379391793222078e-06 0
1370 5.081817267806496e-05 1.879704370994724e-05 0
1371 9.466577923344306e-05 1.94198541611519e-05 0
1372 0.000126424002254345 1.603702058423014e-05 0
1373 1.495367344785567e-05 1.719930086317382e-05 0
1374 0.0001045900871179796 1.237588745139157e-05 0
1375 5.76683855606534e-05 4.132582049852605e-06 0
1376 2.247734381167321e-05 1.343225479059769e-05 0
1377 2.343724595790658e-05 1.499101663321625e-05 0
1378 6.287375669215389e-06 5.115708629332753e-06 0
1379 4.601688746713669e-05 1.20170240243405e-05 0
1380 5.041612170442409e-05 1.878648910970787e-06 0
1381 0.0001362346759079532 1.632134779608429e-05 0
1382 0.0001058503127643881 8.94060043347768e-06 0
1383 4.982769163316179e-05 1.920230583044546e-05 0
1384 0.0001121988051166067 7.711672602107166e-06 0
1385 4.100384645138381e-05 1.568700071614852e-05 0
1386 1.801421612298301e-05 3.608940468913197e-06 0
1387 0.0001316593433634847 9.866520624774872e-06 0
1388 9.560084279176802e-05 1.738772118579536e-05 0
1389 7.551917950048696e-05 1.584293640781772e-05 0
1390 1.846397321146492e-05 1.186687068282432e-05 0
1391 2.096828276019988e-05 1.20583489622765e-05 0
1392 6.333691272800576e-05 1.264218849186212e-05 0
1393 2.975688297336795e-05 1.505264147118349e-05 0
1394 3.322748971002436e-05 1.134094001257204e-05 0
1395 6.712390240133755e-05 1.642812177245948e-05 0
1396 7.471963258637258e-05 1.933497204917084e-05 0
1397 8.147169863348798e-06 1.074181963708263e-05 0
1398 4.406863246212426e-05 1.909088829261808e-05 0
1399 5.807012442445363e-05 1.767220629938098e-05 0
1400 2.642691018949977e-06 2.997940998129328e-06 0
1401 1.709426980937794e-05 1.378821626335975e-05 0
1402 3.313153752360633e-05 3.805558946616829e-06 0
1403 5.273847822348659e-06 9.377016712416455e-06 0
1404 5.068792951391051e-05 1.774129764842384e-05 0
1405 5.123596616833777e-05 1.799832775680982e-05 0
1406 0.0001429096118588716 1.848241946732293e-05 0
1407 1.196644253442792e-05 6.929424496842697e-06 0
1408 2.111200312645164e-05 1.824791053691919e-05 0
1409 9.92177286196247e-05 1.825438066434574e-05 0
1410 4.055568541374489e-05 7.67382328032241e-06 0
1411 6.905280255328682e-05 2.534694473355043e-06 0
1412 0.0001119339080376058 1.648007546210985e-05 0
1413 5.451177306810356e-05 1.938786433872527e-05 0
1414 4.866433965865472e-05 1.930843913654865e-05 0
1415 6.427917430631316e-05 5.800141207007949e-06 0
1416 3.642228331000626e-05 1.415478695535457e-05 0
1417 8.270591767119595e-05 1.447488650209131e-05 0
1418 3.100944994587413e-05 3.221544648056619e-06 0
1419 2.011785033391271e-05 1.020059100448213e-05 0
1420 5.095706545012283e-06 1.703155741356934e-05 0
1421 4.266916466949843e-05 1.398795221785632e-05 0
1422 9.75368115606483e-05 1.78504722979599e-05 0
1423 0.0001467378616435534 1.857499468248917e-05 0
1424 3.945252272017278e-06 9.215090533815693e-06 0
1425 2.486863039347694e-06 1.205070040220915e-05 0
1426 6.898986422650415e-05 1.268362404797402e-05 0
1427 2.5655517121215e-05 1.744012790576193e-05 0
1428 4.886318432829213e-05 1.777197741813859e-05 0
1429 1.097020609650342e-05 5.27622588518649e-06 0
1430 7.871927920628896e-06 1.215882743558165e-05 0
1431 9.881262170279885e-05 1.363783925328205e-05 0
1432 0.0001076772961045193 1.229562848417085e-05 0
1433 3.287489563381957e-05 1.335170338647918e-05 0
1434 7.155784397625196e-05 1.744466193525632e-05 0
1435 1.018289290117101e-06 2.129342260157152e-06 0
1436 4.724938834015205e-05 1.357092953359939e-05 0
1437 9.937388992590913e-05 1.958167847305904e-05 0
1438 1.91785512175029e-05 1.469933045824322e-05 0
1439 2.259410063514862e-05 1.516520922547206e-06 0
1440 8.164474563618114e-05 1.613174701000073e-05 0
1441 0.0001397968415746463 1.181072048416787e-05 0
1442 4.690606954800988e-05 4.649847385681426e-06 0
1443 4.294212760902532e-05 1.605185926204955e-05 0
1444 6.293541848616605e-06 1.515741790251615e-05 0
1445 9.770274895710858e-05 1.934094702352104e-05 0
1446 2.328537377174482e-05 2.926781449574451e-06 0
1447 0.0001325186912810637 5.371146448137551e-06 0
1448 2.684989782716131e-05 7.304414712677698e-06 0
1449 4.815610245765512e-06 5.315422654474367e-06 0
1450 4.536025000776329e-05 1.540631298316301e-05 0
1451 0.0001296887336590049 1.622844718289643e-05 0
1452 8.711868883376496e-05 1.931433012828475e-05 0
1453 4.387004484659158e-05 1.78041830399823e-05 0
1454 3.393921671033518e-05 1.905999290045376e-05 0
1455 0.0001270817024951905 1.084883076393857e-05 0
1456 0.0001418608969500002 9.001783422721058e-06 0
1457 8.067225803613372e-05 1.936331318631519e-05 0
1458 4.774327851379947e-05 3.020850557655287e-06 0
1459 0.0001222230502420116 1.213625706093554e-05 0
1460 2.100855381610117e-05 1.461333646992486e-05 0
1461 2.804197012204931e-05 1.719626026092772e-05 0
1462 6.508379509486386e-05 1.227359150659083e-05 0
1463 9.511777380471065e-05 1.23110916191944e-05 0
1464 6.212695242960618e-05 1.938066856735274e-05 0
1465 5.647010727510112e-06 7.646648550118104e-06 0
1466 2.813968601158305e-05 1.455315808478392e-05 0
1467 0.0001278953147671634 1.510780984846795e-05 0
1468 4.618145746295728e-05 8.346712028398981e-06 0
1469 2.100235968454586e-05 2.883489477124165e-06 0
1470 0.0001064911807320565 2.214928987421166e-06 0
1471 7.068535709204806e-05 1.633306688116019e-05 0
1472 4.953561486467222e-05 1.103034846730297e-05 0
1473 4.277591628697203e-05 4.714938820701935e-06 0
1474 1.14300222592271e-05 1.598542592491678e-05 0
1475 5.529629993224563e-05 7.722595427334054e-06 0
1476 0.0001337789551549846 1.573439389923956e-05 0
1477 5.161881666803452e-05 1.682691299711325e-05 0
1478 3.539547519273005e-05 1.128421479359476e-05 0
1479 6.729677957383395e-05 1.842775746090734e-05 0
1480 3.754523510851516e-05 5.747198086868647e-06 0
1481 4.937856302025402e-05 1.92550252395794e-05 0
1482 8.792694121569325e-05 1.936366706500352e-05 0
1483 1.952280866646358e-05 9.1478290128827e-06 0
1484 2.012969895873462e-05 8.120341060087092e-06 0
1485 2.339552350748823e-05 1.281420725471032e-05 0
1486 3.450241835494305e-05 2.869374820073176e-06 0
1487 2.666502907175199e-05 1.892121676377187e-05 0
1488 1.466354235359069e-05 1.018426908886339e-05 0
1489 8.804446896756091e-05 7.835299917892703e-06 0
1490 8.178592899129997e-05 1.939132419022485e-05 0
1491 7.36830930422345e-05 1.596605484907531e-05 0
1492 8.272061983257174e-05 5.557384575867172e-06 0
1493 0.0001093699700545956 1.703047133800878e-05 0
1494 0.0001347452932148581 1.86936077722485e-05 0
1495 2.512734037503132e-05 4.454695012217127e-06 0
1496 5.495275539443668e-05 1.159900209800516e-05 0
1497 3.797871655336612e-05 1.875186122893166e-05 0
1498 2.217682122917092e-05 1.116031265013755e-05 0
1499 5.548661365970101e-05 1.304389346146458e-05 0
1500 0.0001452392373686597 7.514831375510772e-06 0
1501 8.14696391225997e-06 1.405867723727593e-05 0
1502 3.433278399199497e-06 7.439148819272037e-06 0
1503 4.938216899185822e-05 1.969488432272385e-05 0
1504 2.89244906176037e-05 1.049419667580286e-05 0
1505 0.0001123741601599655 1.354085324911996e-05 0
1506 0.0001082748617879576 5.726310619064304e-06 0
1507 1.530066028627281e-05 8.925698742197329e-06 0
1508 0.0001200285571316417 5.985174005484188e-06 0
1509 1.382581787061034e-05 1.441896708246354e-05 0
1510 3.361655080958327e-05 1.593227985479107e-05 0
1511 0.0001300807919842259 1.279860836294027e-05 0
1512 2.807521611589727e-06 1.115934159825183e-06 0
1513 9.84166696197106e-07 1.771308090574217e-05 0
1514 4.531720752190045e-05 1.357888126332014e-05 0
1515 4.606718055680883e-05 1.298943935570088e-05 0
1516 0.0001236139523267046 1.529561687301965e-05 0
1517 0.0001437587592051767 2.195365765078475e-06 0
1518 0.0001357780915698114 9.750943996450771e-06 0
1519 2.557859032431713e-05 5.713544018255785e-06 0
1520 3.075673170595863e-06 1.752161612729403e-05 0
1521 1.330849147050726e-05 7.945315935534625e-06 0
1522 7.65539225761724e-05 1.937558321828483e-05 0
1523 0.0001237314931184655 3.11227133824585e-06 0
1524 0.0001227275399837056 8.307920858684553e-06 0
1525 0.0001372521020643957 1.870084923763539e-05 0
1526 3.554164040898095e-05 1.489901176613096e-05 0
1527 4.565312144500633e-05 1.803117879382286e-05 0
1528 4.125226055611216e-05 1.717182122077755e-05 0
1529 1.358905121305946e-05 1.198703554742861e-05 0
1530 1.181677479588955e-05 1.366133539810383e-06 0
1531 1.315530513120789e-05 1.499780915643483e-06 0
1532 5.701202841076118e-05 1.799850689324038e-05 0
1533 8.002780547685721e-05 1.936221074955209e-05 0
1534 4.824502996519477e-05 1.737135412116261e-05 0
1535 7.378215240938594e-05 1.944810710688484e-05 0
1536 0.0001237929598280876 1.83002200954815e-05 0
1537 0.0001163680403956948 1.604957284786782e-05 0
1538 4.557332190984262e-05 7.288257730745215e-06 0
1539 6.18895404257548e-06 1.18572527868834e-05 0
1540 0.0001118743366609943 5.094847895184904e-06 0
1541 4.247943636528489e-06 1.150274506523439e-06 0
1542 3.66496079453082e-05 1.33820751293912e-06 0
1543 3.163111936022501e-05 4.60028651093296e-06 0
1544 0.0001256985963119805 4.776857533363198e-06 0
1545 6.598111808354573e-06 1.895664198494108e-05 0
1546 0.0001144090419092638 1.843538827894251e-05 0
1547 6.362179761068359e-05 1.942679540162762e-05 0
1548 4.241558300630989e-06 4.166438050621308e-06 0
1549 6.958347446939434e-05 1.939916560481456e-05 0
1550 4.768466933789448e-05 1.930033428410397e-05 0
1551 1.089695614299353e-06 1.111297499999856e-05 0
1552 4.935664818790569e-05 1.752606786316866e-05 0
1553 1.812522316867871e-05 1.119439926098428e-06 0
1554 6.343975495349172e-05 1.773496693704549e-05 0
1555 9.516861042240016e-05 1.943895498432066e-05 0
1556 5.731439102002662e-05 1.931453144079543e-06 0
1557 0.0001176158468156952 4.391300371116353e-06 0
1558 3.963986329770539e-05 5.85218356826965e-06 0
1559 0.0001366086319651868 6.943650906698294e-06 0
1560 1.517625421263258e-05 1.524187847243714e-05 0
1561 2.951361554863295e-05 1.889293091387894e-05 0
1562 4.237586920610711e-05 1.167136096814123e-05 0
1563 1.644877438193047e-05 5.51993397727594e-06 0
1564 5.081933321701007e-05 1.267967429176595e-05 0
1565 4.426647724674164e-05 1.617725291631637e-05 0
1566 4.175240368601864e-05 6.470802368735717e-06 0
1567 0.0001464785362856483 1.520183905487717e-05 0
1568 6.900679125938752e-05 1.797306496507761e-05 0
1569 4.676298370709261e-06 1.122767872279066e-05 0
1570 3.908574359219685e-05 1.701538939340521e-05 0
1571 4.202195579759129e-06 1.580536747152868e-05 0
1572 8.559289750880716e-05 1.091406666754417e-05 0
1573 1.088323772077053e-05 1.065527705212544e-05 0
1574 0.0001199353451983224 3.310253479689701e-06 0
1575 6.340031756790482e-05 2.027915930341508e-06 0
1576 4.689899258439733e-05 1.863838812697222e-05 0
1577 7.711417766589401e-05 1.828449486742769e-05 0
1578 0.0001399081599018024 8.248654720060649e-06 0
1579 1.028849009815028e-05 1.403868582427544e-05 0
1580 3.760391319101223e-05 1.529980454035123e-05 0
1581 4.446403855402377e-05 7.503591669373867e-06 0
1582 3.502687308368269e-05 1.908904261838228e-05 0
1583 4.164690550207821e-05 9.900382438238975e-06 0
1584 2.209379701272698e-06 1.902153713296488e-05 0
1585 5.364179710697503e-05 9.333715537280782e-06 0
1586 9.888059614357048e-05 1.16296046781792e-05 0
1587 4.397653979796549e-05 8.575889464609522e-06 0
1588 1.678105958715679e-05 1.742745854410795e-05 0
1589 0.0001041809376513971 1.685406431498584e-05 0
1590 8.909553337503354e-05 1.941130344428334e-05 0
1591 0.0001058692759048445 1.863465120036656e-05 0
1592 3.462217812729563e-05 1.444996864172339e-05 0
1593 1.133449693813305e-05 1.458858961229344e-05 0
1594 0.0001062926962426216 4.854811668735044e-06 0
1595 7.827532807834534e-05 1.526490765874526e-05 0
1596 5.834374877707128e-05 1.941460419342589e-05 0
1597 7.749799891313429e-05 7.379901375072532e-06 0
1598 5.606097491124305e-05 4.952736608682016e-06 0
1599 9.034760863354052e-05 1.666717077306069e-05 0
1600 4.413728561527498e-05 1.45857130899264e-05 0
1601 0.0001279081457397018 1.341135681407173e-05 0
1602 6.839153252709982e-06 1.410363121376712e-05 0
1603 1.068928939488113e-05 7.555404256435369e-06 0
1604 0.0001380325562831609 6.050530051585403e-06 0
1605 3.855509009755583e-05 1.087072890420989e-05 0
1606 7.531341691612638e-05 1.945962841066037e-05 0
1607 0.0001005811251303387 1.803969736133179e-05 0
1608 4.904976187520272e-05 1.013922427764622e-05 0
1609 1.237630436866196e-06 8.406323548228823e-06 0
1610 4.960922770517136e-05 8.990423298978806e-06 0
1611 3.189966352127906e-05 1.507384618328379e-05 0
1612 9.954575967160466e-05 1.636320107680861e-05 0
1613 0.0001097397169222697 2.150107244063428e-06 0
1614 8.273775523973606e-05 1.776921017102235e-05 0
1615 3.856840534410722e-05 5.215507160602221e-06 0
1616 6.136281245133707e-05 1.13505176664102e-05 0
1617 9.197856809884072e-05 1.943230875468744e-05 0
1618 4.860419875587921e-05 5.120039048923903e-06 0
1619 0.0001484816034811274 1.29337568523589e-05 0
1620 9.775016844124533e-06 1.249440920090057e-05 0
1621 4.146780915661733e-05 1.907226537599644e-05 0
1622 4.011224914652399e-06 1.265537948556681e-05 0
1623 9.9898612152973e-05 7.984509994576262e-06 0
1624 5.058587992500174e-05 5.501951239871552e-06 0
1625 2.396859447950039e-05 7.419196712961102e-06 0
1626 2.141629415264554e-05 9.819474765535457e-06 0
1627 2.684741676925449e-05 2.865984625567275e-06 0
1628 5.531556553889356e-05 1.673818008768938e-05 0
1629 0.0001159903076846191 1.294757194546354e-05 0
1630 0.0001336321136193281 2.167457132862583e-06 0
1631 4.702485947091735e-05 1.157286858164656e-05 0
1632 1.456741708033397e-05 5.203798031808365e-06 0
1633 4.677832867778455e-05 1.575369320398725e-05 0
1634 3.893507523678415e-05 7.038900236326843e-06 0
1635 3.460936657218759e-05 1.328371594501702e-05 0
1636 4.83766690560133e-05 1.675908268382524e-05 0
1637 1.522112359863857e-05 7.040857884756371e-06 0
1638 1.46328216720288e-05 4.262020049656061e-06 0
1639 4.923898352984233e-05 1.641478407426293e-05 0
1640 5.293855659467638e-05 1.950473618790714e-05 0
1641 3.449222757413124e-05 4.993214583716941e-06 0
1642 6.840823338040077e-05 1.936378168524756e-05 0
1643 5.501864043266013e-05 1.951930562105683e-05 0
1644 0.0001440454566302506 1.166652451139075e-05 0
1645 0.0001101579626237637 1.079911026362273e-05 0
1646 5.634452989607986e-06 2.917351030330732e-06 0
1647 5.132748747048462e-05 6.304243784240875e-06 0
1648 0.0001336516370109902 1.208975906113397e-05 0
1649 0.0001038189966902392 8.257441493065018e-06 0
1650 0.0001102081081137422 1.879424810115034e-05 0
1651 4.413804329823635e-05 1.277672820884904e-05 0
1652 6.026893593423974e-05 1.723656108360925e-05 0
1653 0.0001256685848267396 9.482717539265872e-06 0
1654 6.54045343350576e-05 1.946139271696695e-05 0
1655 5.213260048001488e-05 1.951152842469001e-05 0
1656 2.842390835489168e-05 1.185619912023643e-05 0
1657 0.0001435404942871202 1.558436344601407e-05 0
1658 6.35637352787146e-05 9.335199490477373e-06 0
1659 4.476703670940717e-05 1.031988783981807e-05 0
1660 3.664147390959878e-05 5.041970626201079e-06 0
1661 0.000140907708380677 4.402862149510116e-06 0
1662 5.179454571197303e-05 1.556146694793694e-05 0
1663 3.671386455641349e-05 1.726487256993199e-05 0
1664 5.855668770180148e-05 9.351661957897396e-06 0
1665 9.609307791409982e-05 1.379198593239828e-05 0
1666 4.524931611261526e-05 3.314639259786948e-06 0
1667 4.301752499669494e-05 1.927896280285698e-05 0
1668 8.83307347477302e-06 1.027648898532651e-05 0
1669 0.0001352073524296444 1.524290873088805e-05 0
1670 6.110629482767839e-05 1.946348362688145e-05 0
1671 0.0001413901804020002 1.151025057263901e-05 0
1672 1.894659765414906e-05 1.730304625781233e-05 0
1673 6.054217361333245e-05 8.799468011219546e-06 0
1674 3.355408781683036e-05 1.819046916335581e-05 0
1675 5.952624519252587e-05 1.945786489562025e-05 0
1676 0.000122866367693972 6.593172405194841e-06 0
1677 0.0001264563707751683 1.254708439346753e-05 0
1678 9.704113758482718e-05 1.944485522500996e-05 0
1679 8.017288922138201e-05 1.774377309519126e-05 0
1680 2.564012140617098e-05 1.520532342430147e-05 0
1681 4.855104744254151e-05 1.880357923660278e-05 0
1682 0.0001441640225160655 1.868586379452077e-05 0
1683 0.0001368305727431037 8.558454676842331e-06 0
1684 5.048338941702408e-05 4.460409179851945e-06 0
1685 9.536910000496874e-05 1.808825865732538e-05 0
1686 6.041009371603586e-05 1.671691407125954e-06 0
1687 6.047926610667416e-05 6.752123883682734e-06 0
1688 3.027448870967939e-05 1.054338643107384e-05 0
1689 0.0001156898606535633 9.781321223084746e-06 0
1690 5.373913663599016e-05 1.630599281636753e-05 0
1691 0.0001129223598406919 1.198582710916916e-05 0
1692 4.30814109729682e-05 3.319386507387677e-06 0
1693 3.081154526022521e-05 5.540484644003859e-06 0
1694 0.0001012225266092142 1.39857601200159e-05 0
1695 0.0001182049601516021 5.719345827987609e-06 0
1696 2.560095012073643e-05 1.263575090263331e-05 0
1697 9.678239169656666e-05 4.950684156534306e-06 0
1698 6.186715949042004e-05 1.750285773754344e-05 0
1699 0.0001484021375390848 3.895943389726077e-06 0
1700 0.0001015219997149753 1.922644513243472e-05 0
1701 0.0001457010962547777 1.384277085379954e-05 0
1702 0.0001395680827956487 6.628465043221398e-06 0
1703 4.375596381719831e-05 6.720830916922341e-06 0
1704 9.517326438764821e-06 2.698259106323328e-06 0
1705 7.638920513483986e-05 1.762353720813024e-05 0
1706 0.0001319151530312042 3.845622910422092e-06 0
1707 3.893292925923801e-05 1.492220335943574e-05 0
1708 9.308341470241021e-05 1.70528355024194e-05 0
1709 5.420999245072114e-06 1.063823666035315e-06 0
1710 6.667225387715361e-05 1.945002742111183e-05 0
1711 5.380390258720363e-05 1.848174573097889e-05 0
1712 1.182170724076644e-05 8.96745107019303e-06 0
1713 2.542977766600844e-05 3.268393731129855e-06 0
1714 4.189551331100228e-05 5.389561689393119e-06 0
1715 2.845266909385393e-05 1.907562978829958e-05 0
1716 2.671969390483143e-05 1.149939925131538e-05 0
1717 6.299909398633533e-05 7.076873675322402e-06 0
1718 5.574230869516065e-05 1.473606880028947e-06 0
1719 1.338165784019097e-05 1.887757325441298e-05 0
1720 2.209691192246288e-05 4.507681873293648e-06 0
1721 1.642700223938368e-05 8.913443208442143e-06 0
1722 3.413509762962895e-06 1.071322641098788e-05 0
1723 8.393066626284939e-05 1.751111769672718e-05 0
1724 5.898303135077462e-05 1.465401838434932e-05 0
1725 8.830774288791032e-05 2.743016368384621e-06 0
1726 5.289648476773249e-05 4.746076443541963e-06 0
1727 4.786507756530824e-05 1.630350116754517e-05 0
1728 6.566944418136228e-05 1.798670916395224e-05 0
1729 0.0001413112008266381 1.640679407624598e-05 0
1730 0.0001316691186759019 1.862716970329709e-05 0
1731 4.575796158894519e-05 1.4674776425942e-05 0
1732 0.0001383830104303338 1.122830534064491e-05 0
1733 0.0001404712848237319 1.868512419024174e-05 0
1734 7.132249649302415e-05 1.941844401009349e-05 0
1735 9.371998977683799e-05 1.813427052752223e-05 0
1736 9.446945986535027e-05 1.843374621237377e-05 0
1737 9.979052218620345e-05 1.966252662587554e-05 0
1738 2.946146353705605e-05 8.524110793206615e-06 0
1739 0.0001175932405822516 1.860041889986782e-05 0
1740 2.968219746406953e-05 1.267982073061202e-05 0
1741 9.553268071471501e-06 1.375919835526779e-06 0
1742 5.321641217700717e-05 7.2370274028401e-06 0
1743 2.15892548522345e-05 1.618200364782369e-06 0
1744 4.762408602057591e-05 9.81299128964059e-06 0
1745 3.331158546768956e-05 1.676827764639823e-05 0
1746 5.009726811978557e-05 1.907711364086157e-05 0
1747 5.385631645487054e-05 1.947067571567389e-05 0
1748 7.020666227950639e-05 1.943280251813132e-05 0
1749 4.50885048911679e-05 1.173381921705141e-05 0
1750 4.217222229963713e-05 1.720812905779955e-05 0
1751 1.961356535268193e-05 1.883211732659461e-05 0
1752 4.806322322103044e-05 1.414539300799463e-05 0
1753 5.04218441690586e-05 1.929812932111191e-05 0
1754 4.60718483349585e-05 1.325976914349809e-06 0
1755 0.0001430316921787293 7.187847490179371e-06 0
1756 3.022293372550203e-05 1.638156268395368e-05 0
1757 8.934032409464136e-05 1.823103181801953e-05 0
1758 4.265079366631204e-05 7.113945455472522e-06 0
1759 2.945252853117039e-05 4.056542797773495e-06 0
1760 2.456414044863836e-05 1.385902394225132e-05 0
1761 1.466290026616322e-05 1.120749125417003e-06 0
1762 4.714713432864046e-05 1.702296052959319e-05 0
1763 8.769545714595883e-06 4.713045596217468e-06 0
1764 0.0001490244664242621 1.885579164564354e-05 0
1765 8.85107637519576e-05 1.944899625014801e-05 0
1766 3.934936434025874e-06 1.914754335586996e-05 0
1767 3.527254538420723e-05 3.645198179057658e-06 0
1768 0.0001387908906972901 1.696223875399581e-05 0
1769 0.0001484991622823624 7.949491281851048e-06 0
1770 5.019681680686378e-05 1.420523788077447e-05 0
1771 7.463160372542567e-05 1.825164887134139e-05 0
1772 9.15812632473407e-05 1.586053844390314e-05 0
1773 7.673064715723776e-05 1.103376040628847e-05 0
1774 5.643116609996467e-05 6.728633764922432e-06 0
1775 9.693434330823711e-05 1.816206020626655e-05 0
1776 3.375443816513776e-05 1.486004961401905e-05 0
1777 4.916632546373429e-05 1.856062873003063e-05 0
1778 6.695518726835286e-05 1.739317917363039e-05 0
1779 7.82877891586862e-05 1.743387022048847e-05 0
1780 0.000112884830910939 1.468740069341e-06 0
1781 4.961929895155526e-05 5.962891910486563e-06 0
1782 5.004061228187191e-05 1.983663209713832e-05 0
1783 3.25912974909594e-05 8.323889129843161e-06 0
1784 7.212879890234137e-05 1.459378847472436e-05 0
1785 7.980193764820572e-05 1.297403963960696e-05 0
1786 3.23813759976389e-05 1.926213951516495e-05 0
1787 4.769530463847406e-05 1.755502708826227e-05 0
1788 0.0001210211330709115 1.664664726169824e-05 0
1789 8.633804134501718e-05 1.475685121795647e-05 0
1790 0.000115536255283194 4.64358069083334e-06 0
1791 3.723402702095484e-06 1.365434390072414e-05 0
1792 8.434741879160121e-05 1.839157734678329e-05 0
1793 0.0001186848299967969 1.280710179635228e-05 0
1794 3.29681565830804e-05 1.425599504610392e-05 0
1795 5.597696285500072e-05 1.894543662789353e-05 0
1796 0.0001416358268504267 1.674374618732658e-06 0
1797 0.0001133446274804959 1.635258351281985e-05 0
1798 3.57917551734925e-05 1.584480615126404e-05 0
1799 0.0001239089977555177 9.721293820383104e-06 0
1800 3.978464307193015e-05 1.578579273737777e-05 0
1801 0.0001101079113775089 4.260378098021984e-06 0
1802 1.186295916775988e-05 1.092906749080272e-05 0
1803 5.637860509892222e-05 9.841944960130716e-06 0
1804 1.604652151040054e-05 3.83468626505615e-06 0
1805 4.029757792893508e-05 8.546435787315845e-06 0
1806 1.221284201474532e-05 1.278686024401084e-05 0
1807 4.085160589600383e-05 6.783998685750119e-06 0
1808 1.014390416270122e-06 4.469672050286844e-06 0
1809 4.834497286296228e-05 1.550045249553105e-05 0
1810 9.409818708157375e-05 1.949737803919758e-05 0
1811 7.413224669339018e-05 2.110311864209048e-06 0
1812 3.167437456337949e-05 1.122748906891804e-06 0
1813 3.279291048144838e-05 1.202252475891142e-06 0
1814 1.854741605605485e-05 9.16732959081809e-06 0
1815 7.860876145277513e-05 1.833440984784808e-05 0
1816 4.115735759256108e-05 4.701672931111894e-06 0
1817 4.849303936021449e-05 1.305426672261976e-06 0
1818 0.0001027344359564448 1.198905097448237e-05 0
1819 2.344624463070423e-05 5.554899966276699e-06 0
1820 7.429729660800454e-05 1.949018472789972e-05 0
1821 5.201541579426031e-05 1.397656749891091e-05 0
1822 0.0001079271062702774 1.500048720411027e-05 0
1823 2.245960808976391e-05 1.549100733285499e-05 0
1824 2.197047741596348e-05 3.56514890789989e-06 0
1825 9.063087572536904e-05 2.270858679837437e-06 0
1826 0.0001314707235679074 6.362760007737539e-06 0
1827 1.148617661583761e-05 2.717968488329975e-06 0
1828 1.388999543066222e-05 6.711630742848397e-06 0
1829 2.960338465492913e-05 5.16193933537265e-06 0
1830 6.854792427471296e-05 1.677223010940016e-05 0
1831 3.291507276611521e-05 2.921061128213274e-06 0
1832 1.511578969215403e-05 2.507904024247743e-06 0
1833 0.0001249666610813349 6.353499518391296e-06 0
1834 3.439802340256765e-05 1.238763261593406e-06 0
1835 9.900213097300183e-06 1.896748398842744e-05 0
1836 4.005149026251898e-05 2.901012590007445e-06 0
1837 8.557246634126617e-05 1.831609550915698e-05 0
1838 1.668837474600272e-05 1.037810244677495e-05 0
1839 2.656019796315912e-05 1.227172069847472e-06 0
1840 2.880659081335419e-05 6.063597200905443e-06 0
1841 8.343641281717562e-06 1.305502833358937e-05 0
1842 5.30385776465845e-05 1.25308723390943e-05 0
1843 0.0001420820490112365 1.40942684071287e-05 0
1844 3.4900827787642e-05 1.747608447197386e-05 0
1845 8.281534304479266e-05 1.850050293255981e-05 0
1846 0.0001442205244725783 1.017024405631523e-05 0
1847 4.600886510788318e-05 1.939139197688985e-05 0
1848 5.479895784257468e-05 1.493750698993798e-05 0
1849 8.573047821987339e-06 1.885639588513264e-05 0
1850 9.758971298102829e-05 1.601552354987935e-05 0
1851 3.059668300046269e-05 8.889760782829315e-06 0
1852 0.0001305887309768915 1.098878346537575e-05 0
1853 9.481329479222045e-05 8.535989995381983e-06 0
1854 9.730159168978455e-06 1.110933825989289e-05 0
1855 8.137012905267658e-06 6.159525638049203e-06 0
1856 4.991831456988173e-05 1.562011410662762e-05 0
1857 6.116711373254605e-05 1.890336972337199e-05 0
1858 7.896220373406288e-05 1.946348469470858e-05 0
1859 3.993458773002948e-05 1.779571627995967e-05 0
1860 4.259861008582432e-05 1.828231381927058e-05 0
1861 1.672679031727046e-06 2.842377441909159e-06 0
1862 0.0001155649530492664 1.659195821315916e-06 0
1863 0.0001171733809081253 1.670375723203439e-06 0
1864 2.145802264127855e-05 1.398457517419867e-05 0
1865 0.0001068950119739001 1.674695182358639e-05 0
1866 6.464635578281982e-05 1.697337185914248e-05 0
1867 6.019325666771399e-05 3.586602203894247e-06 0
1868 0.0001080658630400294 1.88678623998025e-05 0
1869 7.704174670464713e-06 1.138377131404603e-06 0
1870 2.658677554908376e-05 1.388346829433328e-05 0
1871 0.0001215858806382908 1.368991758255201e-05 0
1872 1.74184693114395e-05 5.139906496395488e-06 0
1873 0.0001093488811645704 1.226630333508449e-05 0
1874 4.990283628774547e-05 1.946870950409521e-05 0
1875 3.989782071004724e-06 2.783480318527155e-06 0
1876 3.94033779920652e-05 1.267436303497372e-05 0
1877 4.10888507084713e-05 3.05449613053813e-06 0
1878 0.0001382915136647011 1.674009076808846e-06 0
1879 6.333271536859042e-05 1.484626466134797e-05 0
1880 3.784639084094194e-05 8.591993184605943e-06 0
1881 0.000146473382350542 8.790554042530565e-06 0
1882 2.560182039220439e-05 9.120941415896441e-06 0
1883 5.226928155663061e-05 1.791824915884228e-05 0
1884 7.970386633124545e-07 3.37149274142167e-06 0
1885 8.245340134734158e-05 9.548915371218869e-06 0
1886 2.247656215758853e-05 1.662919683136466e-05 0
1887 2.862501116795349e-05 2.073702621690387e-06 0
1888 4.481438652987303e-05 9.086888530656041e-06 0
1889 3.329496449166015e-05 6.059440978547912e-06 0
1890 4.981006744321726e-05 1.807937579180425e-05 0
1891 0.0001206465331972685 1.091625296169017e-05 0
1892 7.389675652672763e-06 2.328899705911205e-06 0
1893 2.260377885560094e-05 7.051530718535324e-06 0
1894 4.995116984138448e-05 7.497347524833858e-06 0
1895 5.096080412067951e-05 7.376836166779831e-06 0
1896 2.492944418901305e-05 1.132492492868918e-06 0
1897 3.543634451694825e-05 6.13040504095153e-06 0
1898 5.298577253418097e-05 1.906192074889397e-05 0
1899 4.216315728335216e-05 1.258482541465724e-05 0
1900 5.162096759427661e-05 8.268291830926648e-06 0
1901 1.549237229330171e-05 5.757365137236754e-06 0
1902 5.428756672064665e-05 6.989173295091374e-06 0
1903 5.022936311512539e-05 1.952839892948021e-05 0
1904 1.597473370512682e-05 1.366304636814611e-05 0
1905 5.598482299595139e-05 1.958006626634468e-05 0
1906 0.0001101356888273058 1.432147481478567e-05 0
1907 1.295844752071493e-05 5.081617465542065e-06 0
1908 6.178086544918271e-06 4.095256897042566e-06 0
1909 5.246138797992621e-05 1.672918865707288e-05 0
1910 1.020344985342161e-05 1.748210384172013e-05 0
1911 3.597375278826601e-05 1.327795522745797e-05 0
1912 5.67567423392181e-05 1.952025524272838e-05 0
1913 3.089623183180555e-05 1.471373398216847e-05 0
1914 9.943630818684693e-05 5.102700613333341e-06 0
1915 1.71237118779974e-06 1.701055956758724e-05 0
1916 9.105621227570765e-05 1.836722827401145e-05 0
1917 4.736734950513755e-05 1.649160397578029e-05 0
1918 1.702443527218594e-05 1.53671508396429e-05 0
1919 4.6586215542278e-05 1.459858827634386e-05 0
1920 6.952642722104398e-06 1.234972386066451e-05 0
1921 2.067044779465848e-06 1.279495418599373e-05 0
1922 6.721024063607179e-06 6.075052178775374e-06 0
1923 5.111935152105685e-05 1.045674199598699e-05 0
1924 3.081264902437176e-05 6.923574865530281e-06 0
1925 0.0001023751898351582 1.785511081289794e-05 0
1926 1.986753011772036e-05 1.272336355811913e-05 0
1927 0.0001002221714916751 2.101724967189452e-06 0
1928 3.392633559862596e-05 9.498971753400244e-06 0
1929 0.0001295758470914151 5.356794389714849e-06 0
1930 7.584454572900016e-05 1.855123974365869e-05 0
1931 5.216821760404791e-05 1.894433535909488e-05 0
1932 0.0001326591025510861 1.469383894276024e-05 0
1933 4.153514216469659e-05 8.589036701007139e-06 0
1934 5.746030802508519e-05 1.200586469231873e-05 0
1935 4.488377296441706e-05 1.922028162195348e-05 0
1936 3.939607304625975e-05 1.11781838720553e-05 0
1937 0.0001434857919892056 4.9521594240461e-06 0
1938 6.896210562597614e-05 1.950101053191515e-05 0
1939 1.489148966217427e-05 1.624247959460126e-05 0
1940 6.144024271430137e-05 4.419288115347133e-06 0
1941 5.178875893511161e-05 4.177213721555975e-06 0
1942 8.393342361142872e-05 1.953487932904412e-05 0
1943 9.838766123742003e-05 8.786474805620527e-06 0
1944 0.0001211716688527812 8.651621295731853e-06 0
1945 3.692966032485501e-05 7.490403406410013e-06 0
1946 6.752932707522942e-05 4.228836436070307e-06 0
1947 1.951386149324355e-05 1.089235193915323e-05 0
1948 3.72682257891926e-05 1.245152395727378e-05 0
1949 0.0001407262489633004 6.032336889208284e-06 0
1950 5.681631568648616e-05 1.427550942533916e-05 0
1951 0.0001276925732740639 1.864732240455178e-05 0
1952 0.0001047239903682022 1.762629285387599e-06 0
1953 7.723165139487138e-07 1.284091167210475e-05 0
1954 1.439013842831366e-05 1.275948931557732e-05 0
1955 0.0001251570540442335 1.510009445666098e-05 0
1956 3.986713309720564e-05 1.908479135019447e-05 0
1957 5.180188121196455e-05 1.148299505546748e-05 0
1958 5.729450785458939e-05 1.587485201321248e-05 0
1959 2.862057749480683e-05 9.487243101196639e-06 0
1960 3.443560353929472e-05 1.141488415291739e-05 0
1961 6.76927035369297e-05 1.945770522655286e-05 0
1962 2.430052457425587e-05 2.568597862286447e-06 0
1963 3.249755731419875e-05 1.821575446502714e-05 0
1964 5.045030722995063e-05 1.977386342444498e-05 0
1965 0.0001132393642887593 6.769212779349356e-06 0
1966 3.872195214560232e-05 4.237594870990371e-06 0
1967 1.704073299214376e-05 3.37242022534267e-06 0
1968 1.089560354676193e-05 8.395979098878084e-06 0
1969 5.726697092104741e-05 1.949593310693414e-05 0
1970 1.544136031614987e-05 1.080069008992131e-05 0
1971 7.287128290869245e-06 8.006312009729123e-06 0
1972 6.010402578993654e-05 1.942283749708077e-05 0
1973 3.726058422064528e-05 1.41320057219162e-05 0
1974 3.009291255187985e-05 2.523139734603051e-06 0
1975 4.265855630202248e-05 1.51410139155961e-05 0
1976 5.176258121000987e-05 1.869758329040337e-05 0
1977 2.567019184901466e-05 7.806619989231754e-06 0
1978 4.939768685940816e-05 1.461432867700168e-05 0
1979 7.73755152241482e-05 1.952184562464379e-05 0
1980 4.355160204761071e-05 1.199122073456009e-06 0
1981 2.908616139852198e-05 1.420474089555984e-05 0
1982 4.885923687741737e-05 1.40598146406921e-05 0
1983 9.349606961473593e-05 1.862004791272722e-05 0
1984 5.330241299094387e-05 1.035936122940164e-05 0
1985 8.515948972642889e-05 1.855714695855494e-05 0
1986 1.794989222055443e-05 1.306032231184349e-05 0
1987 3.327932145517397e-05 1.244517270312226e-05 0
1988 5.069889092867625e-05 1.976848074211563e-05 0
1989 4.10991319106245e-05 1.299682248155661e-05 0
1990 1.269505364611548e-05 6.073232432577721e-06 0
1991 3.383803251840176e-05 3.124894249020339e-06 0
1992 6.011325416302707e-05 1.80787363308075e-05 0
1993 8.132669735879748e-05 2.936087625069533e-06 0
1994 0.0001347322256298221 6.883202177402644e-06 0
1995 5.125847337193429e-05 1.904770663632279e-05 0
1996 6.165298033245426e-05 1.816834808214719e-05 0
1997 1.546262697500871e-05 1.899067186313837e-05 0
1998 3.682125578023115e-05 2.417491916168007e-06 0
1999 8.22834511006957e-05 1.948136839748041e-05 0
2000 8.713123689262562e-06 1.615259598907385e-05 0
2001 2.119023385351351e-06 1.179376972985672e-06 0
2002 3.097374468280083e-05 9.997239362342417e-06 0
2003 0.0001408276776545285 1.527656643419248e-05 0
2004 8.302366795444036e-05 1.950297780684658e-05 0
2005 8.82568576441425e-05 1.825124541513856e-05 0
2006 3.529759948001324e-05 1.827207295794805e-05 0
2007 2.762169740231301e-05 5.55051514943469e-06 0
2008 7.832861480135448e-05 1.948243058596569e-05 0
2009 0.000116035104757393 7.664868333632848e-06 0
2010 0.0001317690779753471 1.72072278492566e-05 0
2011 0.000108185574789492 1.748335323258958e-05 0
2012 5.063943281963423e-05 1.717914437688047e-05 0
2013 1.253449057111901e-05 7.823109607696626e-06 0
2014 2.366175657449871e-05 1.009621381998284e-05 0
2015 0.000104732637555202 1.393448464344003e-05 0
2016 0.000126204942229319 8.017151969703689e-06 0
2017 2.785644158531263e-05 7.766490321431045e-06 0
2018 4.788833911748574e-06 7.191647061491431e-06 0
2019 3.64858234769024e-05 1.632093643509538e-05 0
2020 9.297591688370334e-05 1.963397493845333e-05 0
2021 1.95682505676794e-05 1.135467787291148e-06 0
2022 5.837345760092002e-05 1.818114024862777e-05 0
2023 0.0001178320293465861 1.541455051517099e-05 0
2024 8.539143064279682e-05 1.947553054108078e-05 0
2025 2.275955090044342e-05 1.791656732922177e-05 0
2026 3.264896259528314e-05 4.683172439450278e-06 0
2027 8.975474615864336e-05 1.942637740917337e-05 0
2028 5.176001427199693e-05 1.960927787447782e-05 0
2029 1.85232721887588e-05 1.109474808012772e-05 0
2030 0.0001335312042962347 1.686883985434253e-05 0
2031 0.0001306986741367461 1.521112483231049e-05 0
2032 8.447451700186125e-05 1.950895338044889e-05 0
2033 3.041171064612439e-05 1.045098761693601e-06 0
2034 4.607244456031666e-05 1.87178020174482e-05 0
2035 7.049466813283258e-05 1.818725250611408e-05 0
2036 4.990975284305961e-05 2.941459212638828e-06 0
2037 0.0001173068010368388 1.039904339206394e-05 0
2038 6.166462786777752e-05 1.951900095234259e-05 0
2039 2.289536398890395e-05 1.914291691251223e-05 0
2040 0.0001030044543923422 4.533511635142463e-06 0
2041 2.178955333697596e-05 1.281412826955227e-05 0
2042 7.178134752234139e-05 1.843624270804418e-05 0
2043 1.407268148260595e-05 1.095923474180954e-05 0
2044 3.159741281637036e-05 1.298148731123212e-05 0
2045 5.470214535076425e-05 1.354675958525632e-05 0
2046 7.329950440546743e-05 1.953491099283771e-05 0
2047 7.026273191722015e-06 1.583582461442963e-05 0
2048 8.596458022842849e-05 1.950652636821848e-05 0
2049 5.116454902215191e-05 1.667764190522474e-05 0
2050 2.830233429408034e-05 1.038705436500083e-06 0
2051 9.560560437979021e-05 1.86048869138725e-05 0
2052 0.0001175085997023308 1.218448798159118e-05 0
2053 5.176537800694571e-05 1.761003254238994e-05 0
2054 2.040744432754286e-05 1.106359797692501e-05 0
2055 0.0001275663888606095 7.518121033381242e-06 0
2056 6.486636994163593e-05 2.80394843142739e-06 0
2057 6.548960726390347e-05 4.172439499724086e-06 0
2058 4.408938692994387e-05 2.928312588040799e-06 0
2059 2.293077986748023e-05 9.207820214713694e-06 0
2060 0.0001325753713310133 1.064506703206849e-05 0
2061 8.144805672005726e-05 1.830010884589923e-05 0
2062 0.0001209591641861566 1.859284294769557e-05 0
2063 3.489800496916014e-05 1.630054037449631e-05 0
2064 5.627266127255132e-05 1.659319307040856e-05 0
2065 2.254223744174793e-06 7.618143542545436e-06 0
2066 3.871003656038958e-05 9.822373911839674e-06 0
2067 5.125968943359487e-05 1.832578151112848e-05 0
2068 5.148252129373934e-06 1.804893277412972e-05 0
2069 0.0001137866563749154 9.421903333731566e-06 0
2070 0.0001150370740633491 6.25243096488848e-06 0
2071 5.315027170776268e-05 1.434331242814895e-05 0
2072 4.293786459675146e-05 1.666392112802831e-05 0
2073 0.0001230042786818604 1.680770841581817e-05 0
2074 8.884235149777974e-06 1.72212312873802e-05 0
2075 3.860742901406382e-05 1.138503916767016e-06 0
2076 3.756798456638867e-05 9.880358742557896e-07 0
2077 7.288182654971193e-05 1.72577752499978e-05 0
2078 1.060001912498454e-05 1.645822456832734e-05 0
2079 3.238622575116921e-05 1.13493988278269e-05 0
2080 4.756031555210606e-05 1.300168617640391e-05 0
2081 4.879691469645985e-05 1.957260669850777e-05 0
2082 9.200799855724365e-05 5.650789785052773e-06 0
2083 6.453013710792532e-05 1.955902423376135e-05 0
2084 0.0001201031677741419 7.553725928724576e-06 0
2085 9.23646730162894e-05 1.872032290662238e-05 0
2086 3.064440476118065e-05 1.146010130268723e-05 0
2087 0.0001442907606204076 1.289154915329825e-05 0
2088 0.000136708181491559 1.913294399443775e-06 0
2089 4.45939451465874e-05 1.326062811278083e-05 0
2090 2.749389280351642e-05 1.200362934922187e-05 0
2091 0.0001404112675064532 1.732767636695442e-05 0
2092 0.0001418285949582143 1.890651372135574e-05 0
2093 4.635507149189212e-05 9.975696285323478e-06 0
2094 0.0001132388030583455 3.707260609530466e-06 0
2095 3.789827346090307e-05 6.857260710173624e-06 0
2096 0.0001486305372835254 1.058508925647309e-05 0
2097 0.0001370023939318249 1.323205877491333e-05 0
2098 0.0001386478437014735 1.888220827402092e-05 0
2099 0.0001227734522539097 4.332579080847646e-06 0
2100 3.363225186944673e-05 1.741971367856751e-05 0
2101 7.755474467543812e-05 1.784683642774005e-05 0
2102 2.974627945729281e-05 1.79151834790036e-05 0
2103 0.0001182794145448902 3.452235906585466e-06 0
2104 0.0001289953551599304 8.508661370628377e-06 0
2105 6.954805961447529e-05 7.220793072029319e-06 0
2106 6.940465077586243e-06 1.771288683635171e-05 0
2107 1.170862959671123e-05 1.900817904352195e-05 0
2108 0.0001473024315529992 1.760428347962098e-05 0
2109 8.684826830205553e-05 1.872436290064981e-05 0
2110 1.15922613798659e-05 6.053552439263685e-06 0
2111 4.912344089656796e-05 1.97409122953946e-05 0
2112 9.869530917812269e-06 6.811000587961398e-06 0
2113 8.556218549748729e-05 1.696239586164766e-05 0
2114 0.0001424084137287641 1.702574403345061e-05 0
2115 5.371461794528792e-05 1.333157066623369e-05 0
2116 1.978374862334012e-05 1.403226498371802e-05 0
2117 4.767375264929496e-05 5.041812608513879e-06 0
2118 3.691886284021531e-05 9.598442010486713e-06 0
2119 4.840838304608076e-06 1.924327184317977e-05 0
2120 7.051179694580082e-05 1.462344105775199e-05 0
2121 4.256353596748263e-05 8.154421602061302e-06 0
2122 0.0001268859284883082 3.841318904880613e-06 0
2123 4.957328166370474e-05 1.977559975114231e-05 0
2124 4.586526076887659e-05 2.483898459539719e-06 0
2125 6.842318931850315e-05 1.825840126164618e-05 0
2126 0.0001352533900529582 1.139775051814977e-05 0
2127 4.930197318802726e-05 6.856162443735867e-06 0
2128 0.0001490888995452406 1.794765624301114e-05 0
2129 1.024474435452628e-06 6.257499687640948e-06 0
2130 0.0001325670417330411 1.289506717080217e-05 0
2131 7.120297667763757e-05 5.416071163168828e-06 0
2132 1.22191474271425e-05 1.395719476123553e-05 0
2133 0.0001468830006007582 1.253769048510522e-05 0
2134 9.73140421140935e-05 8.115581483373069e-06 0
2135 1.635726615975674e-05 1.912484249210528e-05 0
2136 9.784449485376281e-05 1.873580669834431e-05 0
2137 3.696530966077781e-05 1.908163667255007e-05 0
2138 0.0001249077558921525 1.336519254257927e-05 0
2139 0.0001298709434025088 1.564207394009811e-06 0
2140 9.858172720480965e-05 1.55364039117728e-05 0
2141 1.655558415882038e-05 7.319147600041326e-06 0
2142 4.258076442844309e-05 1.316940060791153e-05 0
2143 2.471210665437484e-05 1.091429300655616e-05 0
2144 6.18255540281048e-05 1.454863778428868e-06 0
2145 3.426747311626578e-05 7.200014760450387e-06 0
2146 9.876211574046723e-05 1.951331627163714e-05 0
2147 6.43640087863506e-05 1.882190812757784e-05 0
2148 4.906929196852571e-06 1.424170990334516e-05 0
2149 1.046471620689734e-05 3.066957424938295e-06 0
2150 0.0001348279786544974 4.408916528508089e-06 0
2151 9.630033874965738e-05 1.561107447734837e-05 0
2152 6.787701855253135e-05 1.054726054594215e-05 0
2153 1.046128986316721e-05 4.363158270359232e-06 0
2154 7.964099854463483e-05 1.953399449870257e-05 0
2155 1.795561562904981e-05 8.224442226440908e-06 0
2156 6.585766651304894e-05 1.364043956753403e-05 0
2157 6.75476464857803e-05 1.344210530585338e-05 0
2158 4.789038333036597e-05 1.487592065657573e-05 0
2159 8.314546552688575e-05 1.886639347817927e-05 0
2160 0.0001283563320924878 1.008360982117907e-05 0
2161 5.024901866717803e-05 1.327203023525271e-05 0
2162 4.62935808683126e-05 1.687894633012706e-05 0
2163 9.612935444462481e-05 1.953479982562145e-05 0
2164 2.37321904081937e-06 1.354558503347355e-05 0
2165 7.360351586831822e-05 1.886404706829941e-05 0
2166 6.082126964856142e-05 1.473251518809259e-05 0
2167 5.230330457883881e-05 6.000050961199581e-06 0
2168 1.588954226206471e-05 1.715321253041945e-05 0
2169 1.154480577494361e-05 1.208216692632148e-05 0
2170 2.6567784618704e-05 1.680722106041534e-05 0
2171 0.0001476908688594665 1.894619295166918e-05 0
2172 1.815077398061637e-05 1.0091204487846e-05 0
2173 2.144539315266452e-05 1.939459456370992e-05 0
2174 4.704815387749509e-05 6.629597276544768e-06 0
2175 6.564073538556466e-05 1.555285563968325e-05 0
2176 4.895189731378087e-05 1.666317870642344e-05 0
2177 0.0001009968201397262 6.892404670779761e-06 0
2178 1.924579606751268e-05 5.72697789563676e-06 0
2179 5.898640391116479e-05 1.067118971472555e-06 0
2180 0.0001081248930101524 1.67935871416064e-06 0
2181 4.760399982994336e-05 1.833789587808467e-05 0
2182 6.273902319518928e-05 1.109866831928752e-05 0
2183 0.0001447782310636386 1.697831629743118e-05 0
2184 2.27086062602279e-05 5.958019361563954e-06 0
2185 5.44307076300794e-06 3.631839063804923e-06 0
2186 4.000494459707039e-05 8.810543142946641e-07 0
2187 5.008153896194702e-05 1.679641388383527e-05 0
2188 2.73743525129429e-05 4.429075087200364e-06 0
2189 2.76297480019802e-05 9.844217120154195e-06 0
2190 1.976621219870963e-05 1.657542191911107e-05 0
2191 3.590589866913884e-05 1.912315981382469e-05 0
2192 5.799283816426862e-05 7.560413961974722e-06 0
2193 4.188890832743347e-05 1.137374788022464e-06 0
2194 2.970524808201226e-05 7.15255904420128e-06 0
2195 2.764113277533808e-05 1.326205355851202e-05 0
2196 8.382328777599181e-05 1.558427997392431e-05 0
2197 5.312278395418698e-05 1.310022528891671e-06 0
2198 6.778237219612007e-05 6.494874459946796e-06 0
2199 1.367764687983592e-05 1.678748946173372e-05 0
2200 2.498147610557919e-05 1.678167906882916e-05 0
2201 2.276416370031531e-05 2.109682626748709e-06 0
2202 0.0001201993449250742 1.415155352152001e-06 0
2203 0.0001011317233195787 9.313995855366905e-06 0
2204 0.0001461359972124077 1.750608090095461e-05 0
2205 4.291426989749796e-05 9.900084480248667e-06 0
2206 4.199238715306067e-05 1.560429627421787e-05 0
2207 0.0001487442774620575 1.427161110863602e-05 0
2208 3.820700306358717e-05 1.668993161744045e-05 0
2209 4.49023746718241e-05 5.468702438157832e-06 0
2210 4.112181628765185e-05 1.795137827446214e-05 0
2211 5.895259400218429e-05 1.938285696741888e-05 0
2212 2.998726564380036e-05 3.476868383905035e-06 0
2213 0.000123768456450617 1.137595419155773e-05 0
2214 7.272900492929847e-06 4.373489929656777e-06 0
2215 7.186619038501921e-05 1.95297968115885e-05 0
2216 3.132863828755969e-05 1.920660442468877e-05 0
2217 7.098629411268302e-05 1.97704547009835e-06 0
2218 3.129660359914748e-05 1.665958015985225e-05 0
2219 0.0001109072337223729 1.632600351228611e-05 0
2220 0.0001335200072725783 1.888297644735558e-05 0
2221 7.868945211281025e-05 2.469885129667373e-06 0
2222 4.664955118164562e-05 1.953897998681364e-05 0
2223 5.542526491170208e-05 1.957174820129694e-05 0
2224 3.63897831206227e-06 8.201998344144211e-06 0
2225 2.556767361385058e-05 1.928964355350065e-05 0
2226 1.652412340896144e-05 2.071277784826131e-06 0
2227 3.69917507784442e-05 1.070759964838791e-05 0
2228 8.190447939538149e-05 1.756516656853619e-05 0
2229 4.344898252523739e-05 8.953619828573999e-06 0
2230 2.996614357871251e-06 1.122582809139781e-05 0
2231 0.000104862782604379 1.892257874100137e-05 0
2232 3.377843811855894e-05 1.308815609694137e-05 0
2233 3.127190958301235e-05 8.137519087205542e-06 0
2234 0.0001344791819797055 9.173397204089076e-06 0
2235 1.219986748974191e-05 1.734434945029274e-05 0
2236 1.262466584823545e-05 9.765228815639823e-06 0
2237 3.506487182999684e-05 4.402422600854292e-06 0
2238 4.983931286241378e-05 1.889942020838396e-05 0
2239 0.000130073849471132 1.883559221912309e-05 0
2240 2.033421693553115e-05 1.916788910938578e-05 0
2241 5.073193007340071e-05 1.939966455728368e-05 0
2242 7.28490221145326e-05 1.956568836593193e-05 0
2243 2.613394299979084e-05 1.078934366452664e-05 0
2244 6.319493798816801e-06 7.087584687827505e-06 0
2245 3.615595147583889e-05 1.173169597793556e-05 0
2246 4.701289784637228e-05 1.512509526924504e-05 0
2247 5.344249725672689e-05 1.888333702268507e-05 0
2248 5.36797097206916e-05 1.72544406600018e-05 0
2249 6.633822546561295e-05 7.415096292048679e-06 0
2250 4.054352419619706e-05 1.2081118791943e-05 0
2251 2.116764475659204e-05 8.554322470346578e-06 0
2252 0.0001189049454784053 1.859273463751952e-05 0
2253 4.831908827990239e-05 1.967416475912253e-05 0
2254 7.898987385550072e-05 1.869696199385521e-05 0
2255 5.900998855801035e-05 6.663557467811475e-06 0
2256 5.874819431846261e-05 5.251710342057414e-06 0
2257 4.38985773645065e-05 1.055404244161954e-05 0
2258 2.928530651731817e-06 5.399971474105574e-06 0
2259 4.000366654403853e-05 1.348735224537876e-05 0
2260 6.507578468209343e-05 1.96541462032162e-05 0
2261 0.0001073817922266995 1.335856107544589e-05 0
2262 0.0001008919962474356 1.558622022898505e-05 0
2263 4.444767815293214e-05 1.394376563210317e-05 0
2264 9.637692951943526e-05 1.125447727521061e-05 0
2265 0.0001454389103375396 8.784279675104662e-06 0
2266 2.218526596210378e-05 8.104350342549278e-06 0
2267 0.0001461665603191848 1.111136068659224e-05 0
2268 6.962943051646488e-05 1.649837082134459e-05 0
2269 9.154254147488142e-05 1.952800689930776e-05 0
2270 0.0001278745288024932 6.003716311748959e-06 0
2271 3.967196987586436e-05 4.097675010375091e-06 0
2272 8.237820314630572e-06 7.210419525075699e-06 0
2273 0.0001112359356276964 1.210776072655388e-06 0
2274 9.211351006519049e-06 7.734327014843545e-06 0
2275 9.230161638984732e-05 1.794928036221501e-05 0
2276 1.300870730713312e-05 1.557631078948559e-05 0
2277 4.807074555030137e-05 5.875309796105746e-06 0
2278 5.182735815575755e-05 2.979757167435398e-06 0
2279 8.731185562763192e-05 5.620122682560508e-06 0
2280 4.153495807985604e-05 1.408551418630822e-05 0
2281 4.0987363936449e-05 1.488198820802086e-05 0
2282 3.160621206273847e-05 2.765712904442032e-06 0
2283 9.78159062190269e-06 1.571791941713662e-05 0
2284 5.797830603357354e-05 1.371423406786725e-05 0
2285 8.812688062561719e-05 1.873588678942329e-05 0
2286 0.000137572444975505 4.587611660978289e-06 0
2287 8.090274056359275e-05 1.855218254788065e-05 0
2288 1.021319162253991e-05 1.302708012532855e-05 0
2289 1.307457807787195e-05 3.354589379094598e-06 0
2290 3.333986352815904e-05 1.925466690995275e-05 0
2291 6.047088857683894e-05 1.859663198291304e-05 0
2292 8.111016094673401e-05 1.951012620575935e-05 0
2293 9.731039548639307e-05 1.87629904980183e-06 0
2294 7.19160763294695e-05 1.087124232926298e-05 0
2295 7.343337092943558e-05 1.203368728061034e-05 0
2296 2.856131058111982e-05 3.470778498484669e-06 0
2297 2.388711797640152e-05 1.928648462449409e-05 0
2298 7.107462071387901e-06 9.249567465102424e-06 0
2299 3.869529073884982e-05 8.511680599404397e-06 0
2300 0.0001098852806537113 1.785653864785381e-05 0
2301 6.307219763051052e-05 1.957268746141543e-05 0
2302 2.106478278974566e-05 6.302108111416111e-06 0
2303 0.0001109934218449049 1.36871592945405e-05 0
2304 2.886051499681634e-05 6.730583098230331e-06 0
2305 9.879494576563221e-06 9.267056488741068e-06 0
2306 0.0001204004206477585 4.320503284838183e-06 0
2307 3.725644538566849e-05 1.814916639413707e-05 0
2308 8.460729860173596e-05 1.880258157425219e-05 0
2309 5.459725384162755e-05 1.891027050612627e-05 0
2310 2.470631046645518e-06 1.571773534666977e-05 0
2311 4.893108072630548e-05 1.186482531836598e-05 0
2312 4.844751760702514e-05 3.426381330779044e-06 0
2313 1.825815657430875e-05 2.74411069679925e-06 0
2314 0.0001187474035600828 8.830434072643542e-06 0
2315 0.0001147639492723028 1.516631707890474e-05 0
2316 2.401741458153196e-05 1.691165651575687e-05 0
2317 5.502653864829185e-05 1.839600279271416e-05 0
2318 5.849978148693218e-06 1.704188915523712e-05 0
2319 9.348094350243394e-05 1.290006101652773e-05 0
2320 9.273343043401839e-05 1.427317831256249e-05 0
2321 5.330087639087656e-05 1.804936043279139e-05 0
2322 9.080482768754775e-05 1.958837632440469e-05 0
2323 5.564066155363402e-05 1.787252310393035e-05 0
2324 4.317174694148736e-05 1.176839464711303e-05 0
2325 5.932696944269908e-05 1.840597538427755e-05 0
2326 1.827447825031706e-05 5.766271314946359e-06 0
2327 2.874303696165546e-06 2.28411725794011e-06 0
2328 9.637431442559467e-05 1.778291429546067e-05 0
2329 0.0001324400306083147 7.574180289282199e-06 0
2330 0.000111953805249544 1.744081313047311e-05 0
2331 0.0001249902887745169 1.869429163972945e-05 0
2332 4.497858448362322e-05 4.521612207383771e-06 0
2333 0.000129047055345518 1.324915005641763e-05 0
2334 5.476695280558941e-06 1.346860825558118e-05 0
2335 3.650606750943414e-05 1.250272856384199e-05 0
2336 5.118934753012828e-05 1.973732386334952e-05 0
2337 4.598588867154834e-05 9.026306281875985e-06 0
2338 2.482575734828299e-05 1.823626470852591e-05 0
2339 0.00013088267375158 4.110635206345815e-06 0
2340 5.252331942576084e-05 1.960403887301634e-05 0
2341 2.343494378316168e-05 9.261950763272591e-07 0
2342 5.190297477628592e-05 1.622262759402423e-05 0
2343 5.694623914880092e-05 1.855004910223589e-05 0
2344 2.396318593255099e-05 8.313850142895898e-06 0
2345 0.0001449349874808491 5.003313576282175e-06 0
2346 5.667360336207416e-05 1.889973181966331e-05 0
2347 0.0001026890922583827 9.260071368389872e-06 0
2348 9.369825068156924e-05 1.958538638284559e-05 0
2349 9.185198126622812e-05 1.080424348158994e-05 0
2350 8.78306227714663e-05 1.038125093493275e-05 0
2351 6.242498838784268e-05 1.375895116256474e-05 0
2352 5.049890010279634e-05 9.175861592900933e-06 0
2353 4.728095545003319e-05 3.873623500420212e-06 0
2354 1.820847869775509e-05 1.404200009172781e-05 0
2355 2.382494965190778e-05 1.565369388038997e-05 0
2356 3.514920052916777e-06 5.947188418651755e-06 0
2357 7.443756775158786e-06 1.052565402452593e-05 0
2358 5.114402902475373e-05 1.565794669757944e-05 0
2359 2.467675795420558e-05 1.21160621102899e-05 0
2360 4.649569753333219e-05 5.409164073356183e-06 0
2361 0.000113315552465485 1.8872117747387e-05 0
2362 4.611169085885949e-05 1.776501337662847e-05 0
2363 5.171372978048487e-05 1.337115096812627e-05 0
2364 5.924164402660778e-05 1.6874150881701e-05 0
2365 3.566698869986725e-06 4.402257879396544e-06 0
2366 4.467325610441426e-05 1.229014991602709e-05 0
2367 0.0001149819910372327 3.397173468618623e-06 0
2368 8.075527901826391e-05 6.74094081304507e-06 0
2369 3.445940226871368e-05 1.941126544262033e-05 0
2370 0.0001141264586322177 1.735543913899424e-05 0
2371 0.000102360625688537 1.92372743921516e-05 0
2372 4.525077636001104e-05 1.678502336942553e-05 0
2373 4.023627515136642e-06 1.763014100591755e-05 0
2374 0.0001227068339558838 1.415330744935586e-05 0
2375 5.921225744460058e-05 3.854264932627309e-06 0
2376 3.9583943926412e-05 1.176736439690826e-05 0
2377 9.86402531106542e-05 1.758473580539385e-05 0
2378 6.678786677345888e-05 1.891231257054449e-05 0
2379 4.898989335663484e-05 1.308661451488049e-05 0
2380 1.455418605968212e-05 3.125023597863301e-06 0
2381 0.0001490847639029113 1.58970984492439e-05 0
2382 3.852714290356079e-05 2.699236579562146e-06 0
2383 9.379049961256879e-05 1.498510253568891e-06 0
2384 1.983418242004634e-06 1.408878242675374e-05 0
2385 3.80932539345923e-05 1.151878955030586e-05 0
2386 0.0001018804261318086 1.285206118230956e-05 0
2387 4.774040377067885e-05 1.799168767931956e-05 0
2388 1.346622828709026e-05 9.373427496914651e-06 0
2389 2.595778896490152e-05 4.921889549246938e-06 0
2390 7.365684432169211e-05 1.707962923941654e-05 0
2391 3.878447865463775e-05 1.927142525163012e-05 0
2392 0.000133554268300868 5.252083467155411e-06 0
2393 5.415417595328999e-05 3.248541421629702e-06 0
2394 1.089830868821871e-05 1.128623593928875e-06 0
2395 1.978390789990536e-05 2.519692552191615e-06 0
2396 1.60339223793744e-05 9.100925862431195e-07 0
2397 0.0001308784623317091 1.646521013018865e-05 0
2398 7.981443718035471e-05 1.850484862641315e-05 0
2399 4.011121451096649e-05 9.864248793642723e-06 0
2400 0.0001364454634389918 1.728669278732287e-05 0
2401 1.795879208458342e-05 1.559354719328099e-05 0
2402 0.0001468397148979041 1.049212662848783e-05 0
2403 9.096238600670312e-05 1.76338458781284e-05 0
2404 2.406115486146069e-05 6.205542962581784e-06 0
2405 5.336186254320994e-05 1.968507264080487e-05 0
2406 2.304400683802607e-05 1.098444566797315e-05 0
2407 0.0001397454727165828 1.308693255640037e-05 0
2408 1.502116948032651e-05 1.80660958288028e-05 0
2409 6.591653188659324e-05 1.869146137339693e-05 0
2410 4.329788623339941e-05 1.445351774667147e-05 0
2411 1.184080206097291e-05 4.493276488426759e-06 0
2412 2.15436811501114e-05 1.517636509521397e-05 0
2413 1.530250291824983e-05 1.448934889559888e-05 0
2414 6.586620307317215e-05 1.950187538663745e-05 0
2415 7.833800338431039e-07 1.391573049966065e-05 0
2416 4.362706067893731e-05 1.585899292996449e-05 0
2417 0.0001035066953042397 1.917225347713201e-05 0
2418 0.000133881819501597 7.733103436986612e-06 0
2419 0.0001458663308394112 1.896893747826529e-05 0
2420 4.688685503266138e-05 8.414156905748107e-06 0
2421 4.016687627011332e-05 4.711391352332456e-06 0
2422 5.079874527950254e-05 1.482014229747367e-05 0
2423 8.753552078939832e-05 1.95998696409622e-05 0
2424 0.000136486772822388 1.91239741601516e-05 0
2425 1.957497463028526e-06 4.638330362659523e-06 0
2426 3.321803252122883e-06 1.638949933235031e-05 0
2427 1.456874439415306e-05 1.464373787062866e-05 0
2428 4.762294566570247e-05 8.907597396895357e-06 0
2429 3.585766311633079e-05 8.403749192103577e-06 0
2430 7.230252064305612e-05 1.884703211250527e-05 0
2431 6.43941119122432e-06 1.077513720356897e-05 0
2432 5.266314616578393e-05 1.881387508574694e-05 0
2433 2.618025435801867e-05 1.797022417397726e-05 0
2434 0.0001187534528635971 1.005371292207649e-05 0
2435 2.283280208057036e-05 1.406556141305425e-05 0
2436 2.015744994081725e-05 3.905399049020869e-06 0
2437 6.275581042465942e-05 4.415211647019915e-06 0
2438 7.433232898826266e-05 4.418342373232052e-06 0
2439 0.0001331675655577846 2.969083829318228e-06 0
2440 0.0001340337648234748 3.080538330170893e-06 0
2441 0.0001032634409187682 1.583026357763915e-05 0
2442 9.693484323188273e-06 1.470696959515715e-05 0
2443 7.570198867907975e-05 1.964267121587865e-05 0
2444 3.1098805880013e-05 1.815028032722932e-05 0
2445 7.897181282988616e-06 1.578415925041301e-05 0
2446 4.209402337359781e-05 2.878378101686978e-06 0
2447 4.661603378232296e-05 1.340074230121358e-05 0
2448 4.835358966523215e-05 1.847593535314705e-05 0
2449 3.566309984731697e-05 1.005552137848388e-06 0
2450 0.000137924228723446 1.449969828236523e-05 0
2451 6.241066447508819e-05 8.573096686651086e-06 0
2452 6.945920430248183e-05 1.841474861908472e-05 0
2453 3.521352314749957e-05 1.041554682625612e-05 0
2454 6.379836714352118e-05 1.971671904150396e-05 0
2455 1.97825018887572e-05 7.342052737494119e-06 0
2456 2.157612669031485e-05 1.67504879772708e-05 0
2457 7.914880151820883e-05 1.721147936985196e-05 0
2458 9.002601278633525e-05 1.748535440550457e-05 0
2459 8.98649725816609e-05 1.330808047934148e-05 0
2460 5.047123182295163e-05 1.618902965759522e-05 0
2461 2.651868429253269e-05 1.570233794904707e-05 0
2462 0.0001391435799520174 3.594548495944148e-06 0
2463 6.302150778366064e-05 1.867236828938211e-05 0
2464 8.908960494561091e-05 1.902432556167137e-05 0
2465 2.091073542797529e-05 1.060685707666884e-06 0
2466 5.785671731493428e-06 9.887667894428586e-06 0
2467 0.0001355386064655031 1.909092223514974e-05 0
2468 8.958423679088281e-06 1.250769510486221e-05 0
2469 2.386001361048814e-05 1.787078518289552e-05 0
2470 0.0001191308346521694 1.647365606024068e-05 0
2471 0.0001226963836092269 1.874451216652221e-05 0
2472 0.0001295239998999299 1.727739807764174e-05 0
2473 4.854193372633398e-06 1.623381631857776e-05 0
2474 0.000109460678246428 1.902490884685051e-05 0
2475 4.941920782651946e-05 1.593539246595841e-05 0
2476 2.172216229488859e-06 1.017379877663538e-05 0
2477 7.029646969929121e-05 3.834985844952487e-06 0
2478 9.44696493860688e-05 1.885764384325636e-05 0
2479 4.882764394995901e-05 8.608937812559017e-06 0
2480 0.0001486635908761524 6.698956514120291e-06 0
2481 3.17783329042342e-06 1.229162893548974e-05 0
2482 1.59516935275241e-05 1.547214304924965e-05 0
2483 4.013570118726978e-05 1.083571395354808e-05 0
2484 4.965938271839367e-05 8.054440343662481e-06 0
2485 6.061414632884565e-05 1.963191641475265e-05 0
2486 2.783045468570095e-05 1.542790451529117e-05 0
2487 9.484629206283311e-05 1.966438064782312e-05 0
2488 5.937160400362266e-06 2.177412702544182e-06 0
2489 1.537206759457179e-05 4.200606727607814e-06 0
2490 7.660781487967125e-05 5.715582161066041e-06 0
2491 1.352440037184267e-05 3.843035630999202e-06 0
2492 1.796300977148032e-05 1.6779260023662e-05 0
2493 2.78943291273724e-05 1.799349156374935e-05 0
2494 8.930676154313936e-05 1.678237210779471e-05 0
2495 6.311538262255675e-05 1.917020699598311e-05 0
2496 8.124748011784428e-07 5.20033855409072e-06 0
2497 1.148292356019957e-05 1.805507599299069e-05 0
2498 5.289975473924617e-05 9.446379070752148e-06 0
2499 8.617040115329501e-06 1.22497317172393e-06 0
2500 7.421352161001858e-06 1.909529164134694e-05 0
2501 5.780486933405421e-05 2.976212846861772e-06 0
2502 5.318630594834332e-05 8.088073745818369e-06 0
2503 1.504549314326257e-05 8.130587922582153e-06 0
2504 0.0001301808508177598 7.02064161370879e-06 0
2505 4.729290679737237e-05 1.74947963387442e-05 0
2506 5.43034698757143e-05 5.679607102009716e-06 0
2507 7.749927543537711e-05 1.888548600396147e-05 0
2508 0.0001005282396476561 1.111451650373409e-05 0
2509 0.0001004796687361399 4.108637339029131e-06 0
2510 2.439814240156774e-05 4.792814124096011e-06 0
2511 8.783420987273994e-06 5.694074974625165e-06 0
2512 7.472539976993517e-05 1.871015413551177e-05 0
2513 5.057784928667069e-05 1.809067033695516e-05 0
2514 3.148133112062492e-05 3.85761248792535e-06 0
2515 2.193102871787148e-05 1.037195431061413e-05 0
2516 0.0001051928346495476 1.567644708669222e-05 0
2517 0.0001174567122117579 7.592806050213082e-06 0
2518 1.347904661154231e-05 1.11923641158276e-05 0
2519 3.267784320291421e-06 2.82549806765717e-06 0
2520 4.677570365870213e-05 1.78643328480666e-05 0
2521 4.997290579501076e-05 1.838422676987727e-05 0
2522 4.700503195843206e-05 1.422240177880526e-05 0
2523 4.820107268839779e-05 2.170168622929367e-06 0
2524 8.376768286853618e-05 1.893353593977758e-05 0
2525 3.1515638979866e-05 1.178252538782969e-05 0
2526 0.0001114322021679134 1.103455586473972e-05 0
2527 1.236706174670428e-05 1.910055292142994e-05 0
2528 6.475353703475757e-05 9.906065155001294e-06 0
2529 1.714292544156637e-05 1.133926840635344e-05 0
2530 1.661565153914553e-05 1.274920267666928e-05 0
2531 9.674650573712127e-05 1.868534635441936e-05 0
2532 2.888625570071961e-06 1.487564378638761e-05 0
2533 4.065271921723997e-05 1.951621867597403e-05 0
2534 1.354361961254446e-05 8.674253877665437e-06 0
2535 2.491145287462808e-05 7.245850083642321e-06 0
2536 2.654773247873607e-05 6.30634224498164e-06 0
2537 0.0001010690046927591 1.953164008867387e-05 0
2538 5.546371117345866e-05 1.04584707668324e-05 0
2539 4.17585629081727e-05 1.860115745759321e-05 0
2540 3.891430507934705e-05 1.297946394310973e-05 0
2541 3.847645617913056e-05 1.378726821649332e-05 0
2542 5.272974259526812e-05 2.412597110207143e-06 0
2543 2.955583674794097e-05 1.607115720414924e-05 0
2544 7.490293694609418e-05 1.966682834902212e-05 0
2545 5.020286048462798e-05 1.079496942250496e-05 0
2546 9.116764131356431e-05 1.452721715828844e-05 0
2547 5.172100665214556e-05 1.457080935284377e-05 0
2548 4.194056774859251e-05 1.94626998344254e-05 0
2549 2.767878321767244e-06 1.927819438379248e-05 0
2550 5.351304226964421e-06 8.467064593330835e-06 0
2551 0.0001016103194144452 1.754193440863436e-05 0
2552 1.785377135218877e-05 1.924886673684168e-05 0
2553 7.68852749333678e-05 1.950573659863613e-05 0
2554 6.490039969297547e-05 1.882471884463759e-05 0
2555 3.92483993404416e-05 9.687004918894082e-06 0
2556 4.522816107295903e-05 1.74750995889749e-05 0
2557 6.149686672867427e-05 6.337290342360361e-06 0
2558 3.586767514872088e-05 4.121023326114156e-06 0
2559 0.0001032940235739873 1.478505215182327e-06 0
2560 9.001691504013379e-05 7.446746660266547e-06 0
2561 6.31892564332501e-06 1.361241057285737e-05 0
2562 4.692731234652477e-05 2.629395068290332e-06 0
2563 3.118169126251969e-05 1.374442620294726e-05 0
2564 0.0001002648643587651 1.682483064769079e-05 0
2565 0.0001195505303947335 1.407121634477338e-05 0
2566 0.0001072873459370084 9.145890545565071e-06 0
2567 9.441734177832198e-05 4.354462519811749e-06 0
2568 4.708500797704059e-05 1.897921579075628e-05 0
2569 5.529666882051729e-05 1.927336524015735e-05 0
2570 0.0001307607577184305 8.97808859885588e-06 0
2571 0.0001365669888939812 3.912070920132163e-06 0
2572 0.0001124384110923697 1.54718194506689e-05 0
2573 0.0001453576073279267 1.131016752794822e-05 0
2574 5.456671350195446e-05 9.459502837859276e-06 0
2575 0.0001001476936881804 1.916037276934819e-05 0
2576 2.459875310862277e-06 1.723380306486955e-05 0
2577 8.677588488513238e-05 1.956395082807148e-05 0
2578 0.000108816394595373 1.560890725967996e-05 0
2579 7.8131464056871e-05 1.884049017876968e-05 0
2580 1.335004907893648e-05 2.599334033727866e-06 0
2581 4.101107136684302e-05 1.152636915971308e-05 0
2582 8.65304374643199e-06 3.028197189424102e-06 0
2583 4.95141335377926e-05 1.048268453775656e-06 0
2584 5.627762187339027e-05 1.973177363860962e-05 0
2585 0.0001049656496412448 7.132639532799497e-06 0
2586 5.562668989752811e-06 1.155218930122253e-05 0
2587 4.12657733279994e-06 2.166103663727575e-06 0
2588 5.447402200196048e-05 1.792487925684468e-05 0
2589 1.202268567014086e-05 3.336268392320803e-06 0
2590 9.233441678010885e-05 1.960532691067162e-05 0
2591 9.553478138132996e-05 1.961411958392062e-05 0
2592 3.586885138847823e-05 2.703683124939427e-06 0
2593 5.418468999358325e-05 1.960556852962871e-05 0
2594 5.072360292829321e-06 1.018175946332398e-05 0
2595 2.296322740259128e-05 4.694640816866006e-06 0
2596 0.0001067323253413112 1.903572280956503e-05 0
2597 2.761526006884495e-06 3.69103999537152e-06 0
2598 4.603327897741335e-05 4.215039570637286e-06 0
2599 8.559335733106283e-07 1.03557351113676e-05 0
2600 5.078664890026426e-05 1.903155823551025e-05 0
2601 4.845229430820428e-05 1.766255774273422e-05 0
2602 8.382021116436115e-05 2.384376495986224e-06 0
2603 0.0001148264504724619 1.200996142689791e-05 0
2604 0.0001269357253857388 5.12573467690803e-06 0
2605 1.828531929206149e-06 6.150381122149877e-06 0
2606 4.49480524032091e-05 7.413366915105208e-07 0
2607 5.80608577815798e-05 1.893436933696259e-05 0
2608 0.0001034146994328966 1.782476557368549e-05 0
2609 6.255833117839057e-05 1.95181419616205e-05 0
2610 8.037694477625343e-07 7.700001381790204e-06 0
2611 0.000140950670340658 3.021950325881003e-06 0
2612 0.0001208423484505282 1.472909221847575e-05 0
2613 3.532323462605041e-05 1.312163880142143e-05 0
2614 1.38769258273712e-05 9.964444414425877e-06 0
2615 2.515862624522635e-05 1.584270953286076e-05 0
2616 1.183608191040781e-05 1.516774499546222e-05 0
2617 2.71566673018314e-05 9.184201535163946e-06 0
2618 8.351196962545566e-05 1.968336043399513e-05 0
2619 5.942814765607906e-05 1.291166332020532e-05 0
2620 0.0001154195756864866 1.897335954940623e-05 0
2621 9.427954651807188e-05 1.629002730199738e-05 0
2622 3.525274407233574e-06 1.291806241777311e-06 0
2623 4.855689009356955e-05 6.817392198844692e-06 0
2624 5.108526010596237e-05 1.942178828895689e-05 0
2625 0.0001006116316989281 1.964466320043374e-05 0
2626 5.002730289533288e-05 1.190977739195454e-05 0
2627 4.879760845175902e-05 4.406311415539747e-06 0
2628 0.000146675107370512 1.273000405395438e-06 0
2629 9.609428376877412e-05 1.893167245560276e-05 0
2630 4.902794745682043e-05 1.599574387309133e-05 0
2631 0.000114609751835217 1.39781451011353e-05 0
2632 3.588136123123431e-05 9.249608807009618e-06 0
2633 0.0001357934277383473 6.172700670353083e-06 0
2634 4.385114450216546e-06 1.197878473800071e-05 0
2635 0.0001375190865549839 1.606171155190439e-05 0
2636 4.105013090472542e-05 8.357716487177124e-06 0
2637 6.380376493098116e-05 1.915668589329868e-05 0
2638 8.36897091656181e-06 9.008505514805818e-06 0
2639 5.95180894015915e-06 1.940156757496392e-05 0
2640 9.831847433416856e-05 1.056803525697506e-05 0
2641 0.0001456367456980178 3.322563596672673e-06 0
2642 0.0001063642692929871 1.769455504442048e-05 0
2643 3.9839632018621e-05 7.514857881689425e-06 0
2644 6.701309822456034e-05 1.958219429788577e-05 0
2645 3.508652470508764e-05 1.206982838926572e-05 0
2646 0.0001025571653389003 6.627199854131243e-06 0
2647 6.783444814071302e-05 1.243154395209243e-06 0
2648 2.210444026456289e-05 5.798854937102921e-06 0
2649 2.840909571686917e-05 2.740460909643168e-06 0
2650 1.42811669800168e-05 8.42474624953802e-06 0
2651 4.789796896421439e-05 1.89813781578632e-05 0
2652 6.13595161170106e-06 1.840080757157039e-05 0
2653 9.294717480550231e-05 1.899092535565075e-05 0
2654 3.251721892992326e-05 9.343757123222221e-06 0
2655 0.0001049255770818143 5.128484702473778e-06 0
2656 4.126297378707673e-05 1.640694889515688e-05 0
2657 4.577656504119956e-05 1.663959468191232e-05 0
2658 1.8891001662544e-05 4.036085615725372e-06 0
2659 2.352200149107701e-05 3.627497339439796e-06 0
2660 4.591943626211887e-06 4.815247322829807e-06 0
2661 2.005616296154625e-05 9.563625666295946e-06 0
2662 3.232862795832162e-05 6.653056368135483e-06 0
2663 2.522521338741113e-05 6.397427555394178e-06 0
2664 2.073833136038597e-05 9.913022613188711e-06 0
2665 4.351131885847654e-05 1.944141179091093e-05 0
2666 3.603506058039758e-05 1.755304527449492e-05 0
2667 0.0001138155985382059 9.230679917284665e-07 0
2668 0.000144113917210421 7.329360853925342e-06 0
2669 4.012693503542271e-05 5.376481038238005e-06 0
2670 0.0001352896514547075 1.411088220701428e-05 0
2671 6.108878538155898e-05 1.029885862901366e-05 0
2672 5.542391195183828e-05 1.899812378429933e-05 0
2673 9.668740634501748e-05 1.957546678674871e-05 0
2674 0.0001228474810500944 1.681492956506742e-06 0
2675 0.0001215837301877798 1.26566667960745e-06 0
2676 2.464025295230941e-05 9.184027466766148e-06 0
2677 3.925087301089409e-05 8.766472905053943e-06 0
2678 6.154383424643368e-06 7.923022611544743e-07 0
2679 8.613968965338894e-05 1.785757995723258e-05 0
2680 0.0001244988219353004 1.507007609263939e-06 0
2681 0.0001428359963843022 1.313874641632572e-06 0
2682 0.0001411213221963634 1.414947775984753e-05 0
2683 0.0001430438696627522 1.454480414365539e-05 0
2684 9.009746364045161e-05 1.963579833397929e-05 0
2685 4.221139210124684e-05 1.068479711838425e-05 0
2686 1.491471285901161e-05 1.830174726980194e-06 0
2687 0.0001336407805660177 1.791800639898371e-05 0
2688 2.392638080549629e-05 1.456397917940864e-05 0
2689 0.0001001240790071323 1.380119369627735e-05 0
2690 7.381666681621448e-05 1.846308303809782e-05 0
2691 1.891812420047996e-06 1.1651325158187e-05 0
2692 5.801290435492445e-05 1.962704513965593e-05 0
2693 0.0001293000914750713 1.08371596589797e-05 0
2694 9.705701149566045e-05 3.347753446512753e-06 0
2695 1.219544483439236e-05 8.548895241956691e-06 0
2696 5.624350629676029e-05 1.245334749927373e-05 0
2697 1.70548607624755e-05 1.466388208449979e-05 0
2698 3.397730447873363e-05 5.513841727931857e-06 0
2699 1.054378406937975e-05 1.241579639691055e-05 0
2700 0.0001388051981166728 8.74227698814692e-06 0
2701 8.537088347807707e-06 1.802800770087147e-05 0
2702 0.0001166989980352119 1.490714423643437e-05 0
2703 3.392147009513348e-05 4.548775702364609e-06 0
2704 4.927646944029869e-05 1.905594904349796e-05 0
2705 4.940737934745027e-05 1.865027942226319e-05 0
2706 0.0001115333378345687 8.917339899784857e-06 0
2707 5.536786366434811e-06 5.168982422864649e-06 0
2708 0.0001099746244022514 1.313923502037194e-05 0
2709 3.584199865252316e-06 1.010849469450953e-05 0
2710 6.344440340726045e-05 8.103269918675527e-06 0
2711 5.468831826433215e-05 1.968590720330377e-05 0
2712 8.399057099269334e-05 1.205229144741549e-05 0
2713 2.260732472521561e-05 3.25285209554761e-06 0
2714 5.409364718578831e-05 1.127853428618371e-05 0
2715 3.442797641175172e-05 1.767399228054588e-05 0
2716 6.393736976012778e-05 1.846681682582314e-05 0
2717 2.297399366035398e-05 1.170918651534064e-05 0
2718 1.910096448650918e-05 1.812817213153021e-05 0
2719 8.85547893927798e-05 1.438455970504531e-05 0
2720 9.805546143884853e-05 1.958691173320069e-05 0
2721 9.163150798676412e-05 1.823468413791661e-05 0
2722 7.696496138432022e-05 1.526433565999029e-05 0
2723 6.281026053128242e-05 3.13767139443444e-06 0
2724 5.743935737298277e-05 1.897342061433982e-05 0
2725 1.058335192222532e-05 9.972636777322729e-06 0
2726 8.080378480088809e-05 1.657482312269866e-05 0
2727 8.633912589715329e-05 1.758748471926177e-06 0
2728 2.696757718674925e-05 1.836933612044679e-05 0
2729 4.902892858257743e-05 1.809606377425408e-05 0
2730 0.0001020964464024787 1.635686240162837e-05 0
2731 3.294726070778291e-05 1.616288419531973e-05 0
2732 1.412380591125892e-05 1.355990267229649e-05 0
2733 1.741650736993154e-05 1.004606855919627e-05 0
2734 6.557991417032267e-05 1.196264156725065e-06 0
2735 6.125171488081745e-05 5.368084358657855e-06 0
2736 3.744075214266725e-05 1.346535381004321e-05 0
2737 7.562805227228125e-05 1.655684558207043e-06 0
2738 3.732414717457746e-05 3.953080037953025e-06 0
2739 8.611594052907798e-05 1.88316724692425e-05 0
2740 2.611657307145335e-05 1.203617200524818e-05 0
2741 8.395263111999576e-07 1.695177142552032e-05 0
2742 9.950802071222712e-05 1.894586037892812e-05 0
2743 0.0001395396698079079 1.901293160980902e-05 0
2744 2.045098181063864e-05 5.639923017241044e-06 0
2745 4.915612177337597e-05 1.923255249751791e-05 0
2746 2.207000689243473e-05 9.642677171609294e-06 0
2747 1.00191316909389e-05 6.108012273460113e-06 0
2748 3.927926719056139e-05 6.465743732728522e-06 0
2749 4.383778072863165e-05 1.846365133948574e-05 0
2750 7.329902288173639e-05 1.850269649374237e-05 0
2751 0.000124884421802446 3.71671408248433e-06 0
2752 7.062135259867485e-05 1.873526602124722e-05 0
2753 0.0001290826367495298 2.45412196922545e-06 0
2754 7.554609847649643e-05 1.909860885478219e-05 0
2755 3.19309828705257e-05 1.004094575034245e-05 0
2756 1.138673911837626e-05 7.358562225974164e-06 0
2757 0.00010568162472985 1.451406329449842e-05 0
2758 9.222046381493545e-05 1.90631724516245e-05 0
2759 2.081878291245039e-05 4.947283568412602e-06 0
2760 2.512133158519023e-05 1.449921513403142e-05 0
2761 0.0001319628323581581 8.723064006672617e-06 0
2762 8.940625174991459e-05 1.966103952238711e-05 0
2763 0.000132448513151403 1.904356250077523e-05 0
2764 0.0001476170478769406 1.626229060860921e-05 0
2765 0.00013002586003914 4.561304233102922e-06 0
2766 1.302856756522176e-05 1.406489174235868e-05 0
2767 3.2715794706512e-05 1.694845239087965e-05 0
2768 8.741235258788109e-05 1.815640737651374e-05 0
2769 6.854720737246244e-07 1.607288495949401e-06 0
2770 0.0001304782219599416 1.370778860578896e-05 0
2771 0.0001431924679941819 9.633568767902692e-06 0
2772 0.0001434171047573641 1.91681930766096e-05 0
2773 6.808704388815259e-05 1.958548300256313e-05 0
2774 2.172368280704239e-05 9.010887087416619e-07 0
2775 5.545460103563579e-05 1.554395380440583e-05 0
2776 7.394923037431311e-07 1.178320627203789e-05 0
2777 0.000142582084556475 1.924821155334172e-05 0
2778 5.891026885604095e-05 1.205080732223792e-05 0
2779 6.044813891628883e-05 1.294953724582843e-05 0
2780 2.384986404867967e-05 1.217098834998279e-05 0
2781 0.0001449757321382679 1.461689529307153e-05 0
2782 4.475073175135941e-05 1.120450673686242e-05 0
2783 1.306352897404638e-05 1.809335977207298e-05 0
2784 1.300424072866824e-05 1.725720255414332e-05 0
2785 1.631597672857211e-05 4.7999326419323e-06 0
2786 5.09001181957022e-05 1.799020277350297e-05 0
2787 3.713419528187175e-06 1.828808828905565e-05 0
2788 0.0001489150903597824 2.916254284225976e-06 0
2789 4.818832615387723e-05 1.594913681859712e-05 0
2790 6.587848978597099e-05 1.154915852534013e-05 0
2791 4.674067853182193e-06 1.277935282566841e-05 0
2792 4.302125788089206e-05 1.345225541312862e-05 0
2793 6.211478313477153e-05 1.601971222350607e-05 0
2794 2.763097331837339e-06 1.055703330525956e-05 0
2795 0.0001127506978024079 8.920228274866709e-06 0
2796 1.784296851295543e-05 6.975112100711679e-06 0
2797 1.836163765283379e-05 7.664568389217513e-06 0
2798 7.345646708605033e-05 8.078437564098932e-06 0
2799 3.607412631540495e-05 1.101659993107012e-05 0
2800 0.0001457486138737318 1.661192913537348e-05 0
2801 3.760738243854359e-05 9.440177570139566e-06 0
2802 0.0001376999417741838 1.218888950465968e-05 0
2803 2.876412218948525e-05 8.403677954085741e-06 0
2804 0.000105796976186365 1.235639176917905e-05 0
2805 4.066108292983567e-06 1.091894265340797e-05 0
2806 7.220541478017401e-05 1.966771339100787e-05 0
2807 1.422472715412762e-05 5.715281861888533e-06 0
2808 4.692125745373598e-05 8.653393319349347e-07 0
2809 4.961005040981811e-05 1.928977602805198e-05 0
2810 9.863952220073501e-05 1.886655542983509e-05 0
2811 4.579042517797802e-05 1.566935409138176e-05 0
2812 5.298349641822461e-05 1.640975334672277e-05 0
2813 0.0001149790623476226 1.729325525900977e-05 0
2814 5.086592733971056e-05 1.985350149182646e-05 0
2815 5.764731845585177e-05 1.967769635530362e-05 0
2816 1.907165738921814e-05 1.24949823334636e-05 0
2817 6.203439804390477e-05 1.890931422269468e-05 0
2818 1.398388606162644e-05 1.922683405660887e-05 0
2819 5.144160600649444e-05 1.977440326035791e-05 0
2820 1.607217143644361e-06 7.797260041856987e-07 0
2821 7.824886537558471e-06 1.146429951276042e-05 0
2822 5.102589133674182e-05 1.853607917042902e-05 0
2823 3.139539799141807e-05 6.183383187492806e-06 0
2824 0.0001383220433484224 1.788114841040274e-05 0
2825 1.533227607711847e-06 1.83749902275678e-06 0
2826 4.887661772434878e-05 1.868038334384684e-05 0
2827 1.652378584421409e-05 1.65211792223712e-05 0
2828 0.0001108706580573551 7.89431805679286e-06 0
2829 0.0001095421693455274 7.963085365956181e-06 0
2830 2.528301281321862e-06 1.841201793917557e-05 0
2831 9.122420320431937e-05 1.969418134483175e-05 0
2832 5.013569863358958e-05 1.990027399491026e-05 0
2833 2.952229719654168e-06 9.154805137951904e-06 0
2834 2.284254795697481e-06 9.436129004232236e-06 0
2835 9.21280203998604e-05 1.473192062112227e-06 0
2836 9.877022004469857e-05 1.938164402061086e-06 0
2837 1.515374066229227e-05 9.627448873720089e-06 0
2838 1.657280059142449e-05 8.153651628160815e-06 0
2839 5.761973095806113e-05 1.007913844937222e-05 0
2840 6.399839380410874e-07 1.827307930806809e-05 0
2841 6.343232654998825e-05 5.124652735758985e-06 0
2842 4.995640050542693e-05 1.990613640236786e-05 0
2843 2.499604218259308e-05 1.947857193588263e-05 0
2844 0.0001436518887318012 1.79578387434267e-05 0
2845 5.685308623006985e-05 1.51605695983722e-05 0
2846 0.0001286502018496448 3.521044005104168e-06 0
2847 3.843343169803296e-05 1.820077752512315e-05 0
2848 6.335256377029663e-05 1.837789078335503e-05 0
2849 0.0001466709939894653 2.643408266969237e-06 0
2850 6.62868474164529e-05 1.959830465358351e-05 0
2851 2.944802641027812e-05 2.222121231059626e-06 0
2852 0.0001243630009535641 1.236385829240563e-05 0
2853 4.25283211010212e-05 1.949150816301277e-05 0
2854 4.807061349785376e-05 6.406569426832677e-06 0
2855 3.466518828520298e-05 2.012200696797684e-06 0
2856 6.097541093996679e-05 1.375783619980933e-05 0
2857 8.16943239551082e-05 1.894548385221259e-05 0
2858 7.852501562452049e-05 1.643495244060495e-05 0
2859 4.811665226728922e-05 7.670871059804558e-06 0
2860 0.0001089620550618852 9.072681493211381e-06 0
2861 5.098742264101466e-05 1.900698404845375e-05 0
2862 3.795323320398924e-06 1.526795097231044e-05 0
2863 1.450222841551727e-06 1.520738105431029e-05 0
2864 2.18105204272688e-05 1.814728395404123e-05 0
2865 5.028427671998643e-05 1.873974439728798e-05 0
2866 8.110830339997163e-05 1.383444836287638e-05 0
2867 0.0001489589640424067 1.178603985458461e-05 0
2868 7.606524891653994e-05 1.690681144111575e-05 0
2869 0.0001489422514098176 4.891106155609196e-06 0
2870 2.085134845734519e-05 1.610986167431517e-05 0
2871 2.717457311739256e-05 1.929818849429341e-05 0
2872 0.0001009524678685355 1.858253788867994e-05 0
2873 6.35263027957636e-06 1.453568743397209e-05 0
2874 6.571250869492944e-05 1.917394814323988e-05 0
2875 0.0001445964747621374 1.278502785411449e-06 0
2876 0.0001488377021072479 8.953162614164508e-06 0
2877 1.867672786929084e-05 1.529003906027193e-05 0
2878 9.768736821149737e-05 1.370190069258181e-05 0
2879 7.780814988046783e-05 1.975530288212506e-05 0
2880 5.407967330478126e-05 1.862011237727204e-05 0
2881 2.475040560294474e-05 1.876541754020502e-06 0
2882 1.550875375762006e-05 1.174535340085111e-05 0
2883 2.41170215390225e-05 1.341546265255918e-05 0
2884 6.62625310812295e-06 2.32125283999508e-06 0
2885 4.881683780839261e-05 1.554235053473694e-05 0
2886 2.128119211610724e-05 1.754895838274109e-05 0
2887 4.84982263367189e-05 1.273206382360052e-05 0
2888 7.606662682794866e-05 1.962710100865004e-05 0
2889 1.439816665740876e-05 1.678097578570903e-05 0
2890 7.671528348835142e-05 1.89657903664838e-05 0
2891 0.0001434036523611595 3.885829300333048e-06 0
2892 4.671799791221523e-05 1.694597840525104e-05 0
2893 6.519189399177574e-05 1.837411625266804e-05 0
2894 9.077433067398102e-05 1.886447614931629e-05 0
2895 5.034802790756196e-05 1.779822900995005e-05 0
2896 0.0001289280566431979 1.539067462477757e-05 0
2897 9.598453860565108e-05 1.039228265740634e-06 0
2898 2.499876289366898e-05 1.335913270216826e-05 0
2899 7.298239927861851e-05 4.948710806454414e-06 0
2900 0.0001134324385614475 1.393451433497461e-05 0
2901 5.644705379706282e-05 1.793452666302709e-05 0
2902 0.0001174947635531286 2.754316577175358e-06 0
2903 5.620397100975308e-05 1.366575944385315e-05 0
2904 3.358852432345822e-05 1.274094718625198e-06 0
2905 0.0001073705897174402 1.110618725659529e-05 0
2906 2.898492154992189e-05 1.12497523371786e-05 0
2907 6.040146492843012e-05 1.626313004153058e-05 0
2908 1.8039527693123e-05 1.848758841084336e-06 0
2909 6.09602808060155e-05 1.564806345708674e-05 0
2910 3.347854373402242e-05 1.053715568673738e-05 0
2911 3.92886814263702e-05 1.434661332275591e-05 0
2912 8.21033657750427e-05 1.909541544863113e-05 0
2913 0.0001049408755725294 1.127153929757824e-05 0
2914 0.0001352144373114611 1.402537801726522e-06 0
2915 8.265551757045851e-05 1.957238661696034e-05 0
2916 9.11721837908648e-05 4.076280566603295e-06 0
2917 2.251956612605376e-05 1.726929605643059e-05 0
2918 8.49122455398991e-05 1.97364234159457e-05 0
2919 2.055725837154894e-05 7.436856053056369e-06 0
2920 1.366849639054389e-05 7.365965495264838e-06 0
2921 0.0001474487487321598 8.39775510466674e-06 0
2922 5.060391979651988e-05 1.874036815000099e-05 0
2923 0.0001432480193042516 5.964954058004334e-06 0
2924 4.869988733348648e-06 3.857283544302743e-06 0
2925 0.0001299637580878599 8.065745763016589e-06 0
2926 4.952830062793794e-05 1.508265900258346e-05 0
2927 3.796022650394195e-05 1.591024912723928e-05 0
2928 3.486481237250376e-05 5.644394729821084e-06 0
2929 5.648488082557931e-05 7.861394541498176e-06 0
2930 3.741868984534132e-05 1.703977473336855e-05 0
2931 3.489376628818833e-05 6.710951819967708e-06 0
2932 0.0001355554736621417 1.754062151074499e-05 0
2933 6.480897510837486e-05 1.977568548720932e-05 0
2934 4.211320092331656e-05 1.386150304028775e-05 0
2935 7.440223706581959e-06 1.386946912682561e-05 0
2936 5.120014312322867e-05 1.046641832879363e-06 0
2937 3.239575697515051e-05 1.561563334786501e-05 0
2938 0.000112092412773436 6.351982916237106e-06 0
2939 1.680025583213341e-05 6.610798697944228e-06 0
2940 4.058552797284202e-05 1.743874082202321e-05 0
2941 0.0001392131705410079 1.543648604432232e-05 0
2942 4.494670964481946e-05 1.569487028901814e-05 0
2943 5.713135468446396e-06 1.486097697486967e-05 0
2944 1.549224034358106e-05 2.958848665443122e-06 0
2945 1.656971018798076e-05 1.819136713597991e-05 0
2946 4.735892787480466e-05 7.578310603353123e-06 0
2947 8.473068455466765e-05 1.729910713270976e-05 0
2948 0.0001201257588283653 1.910071291220253e-05 0
2949 4.484065510230851e-05 1.494590756267538e-05 0
2950 9.233969028288939e-07 9.058470268248486e-06 0
2951 1.379405801444716e-05 7.96022841104542e-07 0
2952 4.259052757545437e-06 1.402224680597193e-05 0
2953 0.0001220817552889448 1.64543170993252e-05 0
2954 4.165323286832865e-06 3.562694869098169e-06 0
2955 0.0001284369719661584 1.901883872974489e-05 0
2956 7.543327953338785e-05 1.831240263267432e-05 0
2957 2.14800718404775e-05 1.147507333533947e-05 0
2958 6.105450770745811e-05 1.733331745186637e-05 0
2959 5.937300644894584e-05 1.117414635988963e-05 0
2960 3.713757152269727e-05 1.488671652516272e-05 0
2961 4.860678759293496e-05 1.800069891731768e-05 0
2962 0.0001403723413859737 1.332273702998305e-06 0
2963 4.561354680957707e-05 7.946557045793893e-06 0
2964 9.539277404662799e-05 1.903447321067894e-05 0
2965 5.118954497730707e-05 1.44334918449151e-05 0
2966 6.737432877611253e-05 1.963551865751344e-05 0
2967 8.031874612617897e-05 1.962281449059906e-05 0
2968 5.272383710170053e-05 1.830624326467511e-05 0
2969 1.53674310745108e-05 1.139207662203702e-06 0
2970 4.533334571639853e-06 9.517074901473823e-06 0
2971 5.133489584097946e-05 1.204520214909139e-05 0
2972 5.539403366328633e-05 1.736938592646073e-05 0
2973 0.0001060027086844797 1.043569441165622e-06 0
2974 3.488385117712026e-06 6.673671215125787e-06 0
2975 2.786542032405088e-05 1.932619952025808e-05 0
2976 4.448741408711846e-05 8.115052428232694e-06 0
2977 0.0001122246842873857 1.917078617898366e-05 0
2978 2.200873020163404e-05 5.102760014125985e-06 0
2979 0.0001368872346938197 1.005374566489332e-05 0
2980 6.928323750324455e-05 1.966775336491946e-05 0
2981 5.31798121005415e-05 1.755902333211449e-05 0
2982 9.550891969132792e-05 1.481139572476071e-05 0
2983 1.649959196528891e-05 9.700273768990019e-06 0
2984 4.634572832398146e-06 2.653428447690027e-06 0
2985 7.299864267310669e-05 1.653607840949272e-05 0
2986 0.0001108890683167888 9.94229265691802e-06 0
2987 6.040091526914781e-05 1.11541297508267e-05 0
2988 7.192650246932912e-07 1.928553930164191e-05 0
2989 1.774402492557729e-05 4.407300031584701e-06 0
2990 0.0001002955539987494 1.97579690595384e-05 0
2991 8.482434329096069e-05 5.993004847093149e-06 0
2992 4.403614539247387e-05 1.727146276264884e-05 0
2993 1.746365492619661e-05 6.796931217130052e-07 0
2994 6.21856738844044e-05 1.195994858788968e-05 0
2995 4.754946248385585e-05 1.410360790926794e-05 0
2996 4.977639478596137e-05 4.29056620350192e-06 0
2997 6.876213594035341e-07 6.945191341389824e-07 0
2998 3.690271792993781e-05 1.583854170428167e-05 0
2999 0.0001426579350740458 1.60676290099959e-05 0
3000 0.0001368534657557392 1.801521119506918e-05 0
3001 7.504572332566398e-05 1.915470310596938e-05 0
3002 2.74382585922431e-05 1.211510037553827e-06 0
3003 4.640805950678185e-05 1.127991637687665e-05 0
3004 9.907554351261088e-05 1.97299806503454e-05 0
3005 7.748042013530732e-06 1.751943758862146e-05 0
3006 0.0001483709081494202 1.925568548259803e-05 0
3007 7.867166550360304e-05 1.963197286925554e-05 0
3008 1.040410582144474e-05 1.945360052999274e-05 0
3009 0.0001166093498359642 1.897258941184795e-05 0
3010 0.0001184948291337104 1.448251203554068e-05 0
3011 2.322623965074482e-05 1.603336864423572e-06 0
3012 4.541993265036677e-05 6.050508690142067e-06 0
3013 2.808207050247782e-05 1.633738608114235e-05 0
3014 6.549281826307601e-05 1.455083631359685e-05 0
3015 0.0001275207288108191 1.220221541661599e-05 0
3016 9.616104753177922e-05 1.648202704170291e-05 0
3017 5.786318731728368e-05 1.004423930982107e-06 0
3018 7.451910792617036e-05 1.970874468072326e-05 0
3019 5.441106105555482e-05 7.611155118339728e-07 0
3020 4.957097092566602e-05 1.652183919548838e-05 0
3021 0.0001210914823592307 6.02215397805012e-06 0
3022 3.233364049967697e-05 1.448409657522375e-05 0
3023 1.586185353619477e-05 7.172592723045671e-06 0
3024 7.121665472594196e-05 9.104028211978702e-06 0
3025 5.217479715121315e-05 9.583067865197123e-06 0
3026 9.440373648395317e-05 1.966276679679436e-05 0
3027 3.017720309415837e-05 1.204081871080963e-05 0
3028 6.595803020006111e-05 8.522421443925554e-06 0
3029 5.888816891000941e-05 1.029239513496283e-05 0
3030 1.383779803135658e-05 1.831588873689072e-05 0
3031 2.614624600987805e-05 1.324064364758681e-05 0
3032 3.024020778545172e-05 1.807683066595124e-06 0
3033 4.959749974125765e-05 1.778391845998575e-05 0
3034 1.459256777318052e-05 6.768246283772952e-06 0
3035 5.071314334053551e-05 1.855191528975088e-05 0
3036 4.53717009481143e-05 8.977972779294836e-06 0
3037 2.816139801242619e-05 1.852393839580035e-05 0
3038 4.702304539695063e-05 1.616977413356096e-05 0
3039 4.279782482942032e-05 1.880426807371612e-05 0
3040 1.447643574902918e-05 1.764533640823146e-05 0
3041 5.272998321360042e-05 1.539514907930645e-05 0
3042 0.000132587878425961 1.66653268318318e-05 0
3043 2.341836143209997e-05 8.595623201649779e-06 0
3044 9.989670531358215e-05 1.812198044589507e-05 0
3045 0.0001195268337928422 1.068261987319108e-05 0
3046 9.902885450671968e-05 1.467498327718692e-05 0
3047 0.0001209940277982962 9.775208570119421e-06 0
3048 8.944515267519059e-05 1.921717324894214e-05 0
3049 2.01464805887571e-05 1.476063264027286e-05 0
3050 2.578993413928868e-05 8.433434682818692e-07 0
3051 1.624462100610578e-05 1.21558462782136e-05 0
3052 9.548009995362035e-05 1.003231510794821e-05 0
3053 0.0001281526732124287 1.781998962199962e-05 0
3054 0.0001333798876765915 9.861087615899988e-06 0
3055 4.905835349063581e-05 5.605975061095174e-06 0
3056 4.743046029156158e-05 1.962903029728758e-05 0
3057 6.914874652637108e-05 8.7175427903428e-06 0
3058 0.0001267776724166117 1.61445974986992e-06 0
3059 0.0001411697144339352 1.029700385033634e-05 0
3060 3.032776770240075e-05 1.300092089065386e-05 0
3061 0.0001263974714128487 1.905106389435062e-05 0
3062 1.531364330181778e-05 6.40234318397663e-06 0
3063 7.255940237626486e-05 1.72976965555555e-06 0
3064 6.865497931712176e-05 1.966084670211645e-05 0
3065 1.905053764142861e-05 2.886365811929087e-06 0
3066 4.543178876372609e-05 1.028555630497495e-05 0
3067 0.0001480375725157398 1.74175206342922e-05 0
3068 1.4561982353458e-05 3.697907794149462e-06 0
3069 4.787919075162094e-05 1.965979912921494e-05 0
3070 0.0001038596052292869 2.621415526318915e-06 0
3071 0.00014183259789295 1.242877002131455e-05 0
3072 4.02377839592055e-05 6.038685153458873e-06 0
3073 4.554438397287758e-05 1.417419629091976e-05 0
3074 0.0001051265682752869 1.810172940426707e-05 0
3075 9.603749733280632e-06 1.179304893035122e-05 0
3076 4.65102062594217e-05 1.612630110213953e-05 0
3077 6.290998900896945e-07 6.849408281963768e-06 0
3078 6.262041822395058e-05 1.765946293769642e-05 0
3079 0.0001092163878872239 1.629246524417736e-05 0
3080 7.149388710429303e-05 1.903632910016301e-05 0
3081 0.0001473316680171343 1.467372432328961e-05 0
3082 7.493769878652402e-06 3.039698537304083e-06 0
3083 9.489524651581406e-05 1.919231999812932e-05 0
3084 0.0001034094494522282 1.47184540448515e-05 0
3085 6.848059976325898e-05 1.157648860404973e-05 0
3086 4.574053628195606e-05 1.258108785310556e-05 0
3087 2.932065866600176e-05 1.199588127677575e-05 0
3088 1.825566685360188e-06 1.862332862231661e-05 0
3089 0.0001441056749093627 1.633697141575829e-05 0
3090 6.094352419182049e-05 1.970663971280222e-05 0
3091 5.702752172230355e-05 5.210678124263905e-06 0
3092 1.248850786987226e-05 1.041567762391437e-05 0
3093 1.664674579867759e-05 1.585818631442442e-05 0
3094 0.0001324483804075678 6.466051376031857e-06 0
3095 3.612846536638667e-05 5.617402568794103e-06 0
3096 5.367259498349949e-05 1.973593655534771e-05 0
3097 3.444130531124053e-05 1.386541426393436e-05 0
3098 9.541828446868634e-06 4.656698805008233e-06 0
3099 9.747450291936892e-05 1.836825894718819e-05 0
3100 5.518705318307382e-05 5.279510039627582e-06 0
3101 5.602788343587261e-05 5.835896074656951e-06 0
3102 3.349362995270909e-05 1.867200124026635e-05 0
3103 3.475284620330103e-05 8.317816261814951e-06 0
3104 0.0001428491459414952 8.327505314031802e-06 0
3105 7.344037159975194e-06 1.194161415607253e-05 0
3106 9.915205491598763e-05 1.705232908798459e-05 0
3107 4.270799448347097e-05 8.503983119505391e-07 0
3108 5.569618233556381e-05 1.975888141840253e-05 0
3109 1.786111983288183e-05 1.837840623151156e-05 0
3110 0.0001313093423322435 1.278547789007776e-05 0
3111 5.099135983259565e-05 4.977298499134623e-06 0
3112 4.38564259811309e-05 1.219290147631212e-05 0
3113 2.509333562224203e-05 5.185841842749041e-06 0
3114 2.453164907503144e-05 1.957635062441718e-05 0
3115 4.276004042853962e-05 1.454394379562498e-05 0
3116 6.418609016822788e-05 1.028484417833509e-06 0
3117 0.0001095838018788144 5.455895762037053e-06 0
3118 4.962790552010895e-05 1.875666868813609e-05 0
3119 9.748746066561058e-05 1.713143958562153e-05 0
3120 0.0001346186939689009 1.600435151863278e-05 0
3121 3.184209771966322e-05 1.951438706423002e-05 0
3122 5.91479853400507e-05 1.908595082620954e-05 0
3123 5.961138552451781e-05 9.265244668518468e-06 0
3124 9.020560810108099e-05 1.886675252989042e-05 0
3125 8.983958133874408e-05 1.852849486190272e-05 0
3126 5.772018880860354e-05 1.670793232215771e-05 0
3127 2.720808877433701e-05 8.022660503678675e-06 0
3128 6.326299217765943e-05 1.588912990759615e-05 0
3129 0.0001431325498475729 1.167950804760261e-05 0
3130 8.631630309486447e-05 1.961138797503371e-05 0
3131 6.499731138307689e-05 1.769376892969357e-05 0
3132 8.206601310569363e-06 1.485637705475503e-05 0
3133 4.440375086067677e-05 1.769796257903971e-05 0
3134 1.930235957817883e-05 1.592614868124037e-05 0
3135 0.0001069264557873894 1.448741924303157e-05 0
3136 1.00739808162179e-05 1.820412549389023e-05 0
3137 0.0001304755319878969 2.510529682179052e-06 0
3138 0.0001445652958545626 1.787483659185654e-05 0
3139 5.890918548454281e-05 1.371906267005144e-05 0
3140 1.286603901565758e-05 1.230593068867882e-05 0
3141 7.449625894261584e-05 1.643559760263183e-05 0
3142 2.963892483348618e-05 1.071260009190425e-05 0
3143 9.986505338049532e-06 7.572042483263172e-06 0
3144 5.420778254531521e-05 1.538369285273122e-05 0
3145 1.173982889898043e-05 1.670042441076521e-05 0
3146 7.080251944169291e-05 1.749960973523678e-05 0
3147 7.255210341945314e-05 1.967320977031445e-05 0
3148 3.146337551796994e-06 1.693974316872527e-05 0
3149 0.0001224318601031785 5.447598378380482e-06 0
3150 4.334135503692072e-05 1.797647107443629e-05 0
3151 5.042656943372622e-06 6.467537877242787e-06 0
3152 0.0001457965812619692 4.491171434686717e-06 0
3153 9.741415844613538e-05 1.957298339270969e-05 0
3154 6.944170708071566e-06 9.453362715465934e-07 0
3155 7.773881614838685e-05 4.013619309361213e-06 0
3156 0.0001487624331415447 1.185374755771966e-06 0
3157 3.310747115002019e-05 1.821834022221953e-05 0
3158 0.000144996194044459 1.909896415536221e-05 0
3159 0.0001021329845791316 1.863606207139652e-05 0
3160 8.64124624433979e-05 1.325079716883461e-05 0
3161 5.666672708484029e-05 9.711083782150943e-07 0
3162 9.816093532236938e-05 4.6774993132062e-06 0
3163 3.783905993651745e-06 6.055505520687722e-07 0
3164 5.261483330911764e-05 1.200071095941202e-05 0
3165 4.949400037518832e-05 9.680351542610132e-06 0
3166 3.576433042027697e-05 1.43476003084373e-05 0
3167 8.85777016170316e-06 1.096007652757874e-05 0
3168 3.480813567692713e-05 1.261555014670853e-05 0
3169 0.0001107117504863021 1.555325136172549e-05 0
3170 5.359743581436558e-05 1.915944362050856e-05 0
3171 2.726258355881579e-05 1.699040144395499e-05 0
3172 1.093912355569025e-05 1.399505960046982e-05 0
3173 0.0001085444554861809 1.14862009818331e-05 0
3174 1.738434455500565e-05 1.709105952538221e-05 0
3175 0.0001192781044899921 1.194780880578381e-05 0
3176 1.121077631521364e-05 9.700652961666831e-06 0
3177 8.922746976541475e-06 1.425419752072373e-05 0
3178 3.607761482189189e-05 7.446191801526362e-06 0
3179 7.602995969175291e-05 1.813004333419641e-05 0
3180 5.504304386480618e-05 1.235534446940299e-05 0
3181 6.316529329526742e-06 1.608504008140315e-05 0
3182 0.0001104438012935299 1.68131765278014e-05 0
3183 6.242547893551431e-05 1.904940882230963e-05 0
3184 2.729436504060044e-05 6.153826336409787e-06 0
3185 0.0001191543041060161 5.594695816011873e-06 0
3186 0.0001474528192555095 1.830930604159603e-05 0
3187 5.483024346969795e-05 8.472825314917042e-06 0
3188 1.238135276451218e-05 7.487640595863674e-07 0
3189 0.0001163003412756547 1.382782475235376e-05 0
3190 7.151788434511072e-07 1.513798862489866e-05 0
3191 4.944153758637063e-05 1.946953561904946e-05 0
3192 5.102250997517383e-05 1.768760728451116e-05 0
3193 7.274399173676043e-05 1.871473561023342e-05 0
3194 5.90083079487668e-05 1.558339435401244e-05 0
3195 5.236104035922923e-05 9.544109659159869e-07 0
3196 1.92296670800405e-05 1.153458117837955e-05 0
3197 9.686348799065853e-05 1.907411644105961e-05 0
3198 8.681486711517987e-05 1.912069351865514e-05 0
3199 4.605523991793744e-05 6.967141699357929e-06 0
3200 1.017388560666793e-05 1.071526135861009e-05 0
3201 4.472002873200901e-05 1.654750057440011e-05 0
3202 5.024767714358861e-05 1.990293933744286e-05 0
3203 0.0001133272520113831 7.884718328469424e-06 0
3204 0.0001213228800108217 3.926918392409863e-06 0
3205 3.401011339324337e-06 1.944726891764079e-05 0
3206 2.199041563710896e-05 7.382989399757361e-06 0
3207 4.104471764385589e-05 9.845760764045098e-06 0
3208 3.814942323408875e-05 1.229352668937399e-05 0
3209 3.010642139159792e-05 1.927401789766765e-05 0
3210 5.34584336969896e-06 1.281167649492557e-05 0
3211 5.995018625748121e-05 2.592277394301268e-06 0
3212 3.521729164927354e-05 1.562114185152284e-05 0
3213 9.595030001333641e-06 1.719466872268779e-05 0
3214 1.902944334119696e-05 1.931447580896172e-05 0
3215 4.913992211308885e-05 1.769866491477827e-06 0
3216 0.0001308668734183062 1.925262068069498e-05 0
3217 2.976645415094946e-05 7.254547275939737e-07 0
3218 5.477013991515949e-05 1.42875870396453e-05 0
3219 0.0001389125968430962 1.029449402574324e-05 0
3220 5.060397630917963e-05 1.918412375871162e-05 0
3221 0.0001446449913400514 2.877219793554616e-06 0
3222 9.368391437588564e-05 1.917792679853106e-05 0
3223 4.961000911944395e-05 1.041385564521866e-05 0
3224 3.429794938877621e-05 1.631947755756889e-05 0
3225 4.159604153684715e-05 1.166907633019692e-05 0
3226 8.504911468869102e-05 1.509340039046795e-05 0
3227 6.297411280680965e-05 1.022804550837364e-05 0
3228 6.517229946466291e-05 1.917979471916633e-05 0
3229 4.078160731207822e-05 1.092905337202023e-05 0
3230 5.20445063920048e-05 1.845239321760734e-05 0
3231 6.416644006555326e-05 1.970926493496407e-05 0
3232 4.717405863886828e-05 1.835956518591464e-05 0
3233 3.283115489226266e-05 5.499625224199453e-06 0
3234 7.060438187005289e-05 1.202400897728848e-05 0
3235 4.77035727214429e-05 1.098153643987016e-06 0
3236 5.25098146843942e-05 1.299377961873724e-05 0
3237 5.414042835096699e-05 1.745777392963207e-05 0
3238 5.476103564588058e-05 1.74597612583438e-05 0
3239 2.960347994800899e-05 7.844799636109352e-06 0
3240 2.276343663506133e-05 6.261118419910005e-07 0
3241 4.801094548056826e-05 1.668054758846356e-05 0
3242 0.0001224906613968244 1.308211231642444e-05 0
3243 5.609254286261991e-05 1.487941312415193e-05 0
3244 8.530602906117033e-05 1.915433413365954e-05 0
3245 3.834193866273777e-05 1.530689439612611e-05 0
3246 0.0001470387432464214 1.92987785147194e-05 0
3247 5.701852356072624e-05 1.971326489000909e-05 0
3248 1.583337238706752e-06 1.059052125968052e-05 0
3249 0.0001292819890328438 1.912072652250337e-05 0
3250 6.944922520375016e-05 1.893169718448302e-05 0
3251 2.900620474346599e-05 1.938908594625451e-05 0
3252 9.687132910968826e-05 6.343213088222315e-06 0
3253 1.386706059998472e-05 5.238919321573791e-06 0
3254 3.396718662468343e-05 1.539232463597565e-05 0
3255 2.124015027872649e-05 9.203165037440536e-06 0
3256 3.622946154958066e-05 1.951907561592038e-06 0
3257 2.414717080302552e-05 1.1463179607383e-06 0
3258 0.0001016529666064483 1.175285958133946e-05 0
3259 3.932045284269858e-05 1.637411479979988e-05 0
3260 4.333433771669778e-05 8.283718832356686e-06 0
3261 0.0001155056740065717 1.554050417949398e-05 0
3262 6.687137744607401e-06 1.82800517592469e-05 0
3263 0.0001074068786109655 1.604407739569118e-05 0
3264 0.0001286154595483604 1.426855095091425e-05 0
3265 6.038219198430651e-05 7.807304828612088e-06 0
3266 4.732512792633666e-06 1.758909114607378e-05 0
3267 1.411897993391613e-05 4.076918812287242e-06 0
3268 0.0001370266723620051 6.093518373210276e-06 0
3269 3.818607181339082e-05 5.657241507406454e-06 0
3270 4.751741711668844e-05 1.517739961944724e-05 0
3271 3.518805324026713e-05 1.44474855221178e-05 0
3272 7.582528673342647e-05 9.067655345323118e-06 0
3273 6.99445918766221e-05 1.964073085293135e-05 0
3274 2.327083832213371e-05 4.235603872639485e-06 0
3275 2.874368940283681e-05 1.734146478795174e-05 0
3276 5.35641350363961e-06 1.952796868881361e-05 0
3277 1.069275311333676e-05 1.462373829005655e-05 0
3278 1.880853462021538e-05 8.07931354011186e-07 0
3279 4.892177568564314e-05 1.933785549877518e-05 0
3280 4.553796286408571e-05 1.308500569503987e-05 0
3281 5.306632289446415e-05 1.974435666188353e-05 0
3282 2.59926131882033e-05 1.448483416456792e-05 0
3283 7.141274999137181e-05 1.571977204308778e-05 0
3284 9.771550513320047e-05 1.142608314869645e-05 0
3285 4.989225422257391e-05 1.963464552364009e-05 0
3286 0.0001453455484755987 6.545054181020596e-06 0
3287 5.108189214436898e-06 1.565148611180427e-05 0
3288 3.219990887787555e-05 1.331195172617509e-05 0
3289 4.404398084558913e-05 1.514444684865162e-05 0
3290 4.910730974217417e-05 1.694772206797904e-05 0
3291 3.918603918233592e-05 5.403515620808709e-06 0
3292 5.00231898062382e-05 1.923691274574864e-05 0
3293 2.506592066086822e-06 1.664104660581347e-06 0
3294 4.525757637231811e-05 1.838207804545753e-05 0
3295 0.0001129864711371745 2.65938921163338e-06 0
3296 4.828152352012067e-05 1.001138279759792e-05 0
3297 0.0001004292026844754 1.871839381125264e-05 0
3298 4.149181431586488e-05 9.267726950441486e-06 0
3299 0.0001123801967450281 1.451347943357405e-05 0
3300 8.863782768021618e-06 3.97817414805375e-06 0
3301 4.347735435319097e-05 1.742996103971813e-05 0
3302 2.689928552718037e-05 1.0734311764955e-05 0
3303 5.035640732381879e-05 1.989835103558629e-05 0
3304 4.124072976230005e-05 1.355610133946397e-05 0
3305 8.142109177632427e-05 1.967912201649838e-05 0
3306 8.056518861447843e-06 4.413689007837231e-06 0
3307 7.276992712020719e-05 1.921186308826834e-05 0
3308 7.985917471380218e-05 1.896632271716625e-05 0
3309 9.165212748686205e-05 1.918732978780999e-05 0
3310 1.08634200035425e-05 1.787085995849895e-05 0
3311 9.180965757622902e-05 1.974066056534339e-05 0
3312 3.614118569840198e-05 1.476411023193589e-05 0
3313 0.0001207406529566928 2.360231825835863e-06 0
3314 2.304104976399977e-05 1.666208514594047e-05 0
3315 5.475677116638557e-05 1.920981909133206e-05 0
3316 5.221042099860142e-05 8.058267469904672e-06 0
3317 2.420095112112742e-05 1.840938974272784e-05 0
3318 6.779164137271397e-05 2.86523819315107e-06 0
3319 1.489469503703316e-05 5.660892242378186e-06 0
3320 0.0001433328748226289 1.356175639887162e-05 0
3321 0.000106964872234598 7.905262475274134e-06 0
3322 0.0001168926527609426 1.298823646601228e-05 0
3323 4.743905514189005e-05 1.204361105747827e-05 0
3324 4.761024070230878e-06 6.54583714572761e-07 0
3325 0.0001029467927504261 1.095059536527138e-05 0
3326 4.826468008778863e-05 1.637406656859881e-05 0
3327 5.087637901339123e-05 1.63359693238868e-05 0
3328 9.946327056274863e-05 6.549449473475128e-06 0
3329 2.758761675189508e-05 2.607116175114112e-06 0
3330 7.096920570649531e-05 1.958637253556434e-05 0
3331 4.178647333935085e-06 7.649873884031969e-06 0
3332 4.697299730527233e-05 9.831307411236537e-06 0
3333 9.329543383728643e-05 1.969430446972828e-05 0
3334 4.888484087817875e-05 1.118061359985611e-05 0
3335 4.823055685886312e-05 1.883244908426042e-05 0
3336 1.715067915072581e-06 1.926386296621318e-05 0
3337 0.000116683713286896 1.695534339836803e-05 0
3338 4.243811785429273e-05 1.770392284317221e-05 0
3339 6.753325724040052e-05 1.910251966796951e-05 0
3340 0.0001419838208897507 4.401526038231923e-06 0
3341 1.577349214465584e-05 2.387616835484579e-06 0
3342 5.756945155252691e-06 1.232193924747624e-05 0
3343 5.37470357839316e-05 1.211407683068548e-05 0
3344 9.79890199691509e-05 1.911431278523331e-05 0
3345 1.248929333740101e-05 4.751615921285532e-06 0
3346 8.985897817065623e-06 8.434217215508868e-06 0
3347 4.112065935619493e-05 7.358294196608804e-06 0
3348 0.0001068927288043709 3.512313825658131e-06 0
3349 5.762737763691976e-05 1.804510425898994e-05 0
3350 0.0001012959090803917 1.431538131276651e-06 0
3351 0.0001191316063583998 3.8108938228269e-06 0
3352 4.83794993960432e-06 1.355589606993095e-06 0
3353 0.0001316499833485127 1.488408462316994e-05 0
3354 0.0001108168420968287 1.923858476282218e-05 0
3355 7.627312896557567e-05 1.279795551020103e-05 0
3356 1.548198773249239e-05 1.763498752015762e-05 0
3357 6.764626819564306e-06 1.183815511916388e-05 0
3358 7.110251954523222e-05 1.801678670381219e-05 0
3359 9.127052992127097e-05 1.674661053752224e-05 0
3360 7.055350163518963e-05 1.959408067455888e-05 0
3361 7.501583563769824e-06 9.873486777328879e-06 0
3362 2.623822861899127e-05 9.138380522710558e-06 0
3363 3.028878098807912e-05 1.828036829412736e-05 0
3364 1.459126361489452e-05 1.937674399920363e-05 0
3365 2.221609807395976e-05 1.939251677835271e-05 0
3366 5.028828419127143e-05 1.711410813990693e-05 0
3367 6.787232241921539e-06 1.296269309401377e-05 0
3368 0.0001008444175329694 1.746018420016531e-05 0
3369 6.960293254866535e-06 1.354670693181254e-05 0
3370 4.779129849304604e-05 1.149698919609024e-05 0
3371 4.031455165875028e-05 1.526054754394632e-05 0
3372 1.667491269711705e-05 5.960570061579554e-07 0
3373 0.0001491509082968228 1.502522902315198e-05 0
3374 3.156856214647599e-05 1.760979108873562e-06 0
3375 4.365487739240261e-06 1.510679813067567e-05 0
3376 9.307559381813155e-05 1.789160920967391e-05 0
3377 1.782560634774635e-05 1.144188029503965e-05 0
3378 6.777496998604102e-05 1.533500627935659e-05 0
3379 0.0001088935001505811 1.757822072924936e-05 0
3380 4.636973112494443e-05 1.247573346186026e-05 0
3381 2.468969663810301e-05 6.101011329799214e-06 0
3382 3.442312985764815e-05 1.883881956327262e-05 0
3383 0.0001029123231134804 1.938863227637337e-05 0
3384 9.992223592321228e-05 1.981459510740049e-05 0
3385 0.0001476399921732738 6.5766448164808e-06 0
3386 5.161160208514269e-05 1.722507162537675e-05 0
3387 2.310229099043794e-05 1.340921191205272e-05 0
3388 1.202377664598147e-05 2.157261734986906e-06 0
3389 5.013708113072033e-05 1.856399975738954e-05 0
3390 9.959264581339697e-05 1.979907600914806e-05 0
3391 0.0001317696006548933 4.746362592990345e-06 0
3392 2.396595921639562e-05 6.807185113061248e-06 0
3393 4.50500471907839e-05 7.701219867977154e-06 0
3394 3.227185628933295e-05 6.267369978245207e-07 0
3395 3.894253511888937e-05 7.690324016462786e-06 0
3396 8.90689717701549e-05 1.975690016530419e-05 0
3397 4.360702299527592e-05 6.060769802930399e-06 0
3398 4.489356781400035e-05 9.71356722620297e-06 0
3399 3.027742608332983e-05 1.57626821747584e-05 0
3400 4.919597347957644e-05 1.778475422193897e-05 0
3401 0.0001130757099092577 1.089496130094385e-05 0
3402 4.176282856540146e-05 1.761177394349421e-05 0
3403 2.963323864629898e-05 1.342659063505755e-05 0
3404 4.748161059622078e-05 4.470377134865233e-06 0
3405 4.804124460453161e-05 1.76396216748508e-05 0
3406 2.2099200527903e-05 1.39908953555519e-05 0
3407 0.0001241830881249711 1.92166827892772e-05 0
3408 2.305205070853462e-05 1.850910610286766e-05 0
3409 8.251708972379374e-05 1.571796195083237e-05 0
3410 0.0001244223192409094 1.455137522323516e-05 0
3411 3.227637171254348e-05 2.91408552832832e-06 0
3412 5.860648044859497e-05 1.718173576746071e-05 0
3413 2.453274479453213e-05 7.653162707720621e-06 0
3414 3.468877630771899e-05 3.40517969254435e-06 0
3415 0.000146084434685309 6.980389487678613e-06 0
3416 4.651984414958977e-05 1.875545215448288e-05 0
3417 0.0001268971912111017 1.697384974977696e-05 0
3418 2.630259755770769e-05 1.739890370246996e-05 0
3419 3.938172641490975e-05 2.774362393178392e-06 0
3420 5.04743558747302e-05 1.516705090693201e-05 0
3421 0.0001376264224540228 6.902161584209338e-06 0
3422 4.981867055709033e-05 1.989590598241679e-05 0
3423 3.820956433921549e-05 9.574292557909317e-06 0
3424 6.324713439416024e-05 1.371867228170498e-05 0
3425 8.960702176284284e-05 3.435413791306794e-06 0
3426 5.151377391728941e-05 1.851258976784794e-05 0
3427 4.108636471029965e-06 5.60466916959827e-06 0
3428 1.603614454128639e-05 1.060533796744837e-05 0
3429 3.984406377236907e-05 3.542770242442398e-06 0
3430 2.423900996148512e-05 9.815956798490443e-06 0
3431 6.348357446207577e-05 1.972181421589735e-05 0
3432 6.028627898029245e-05 1.970735744135203e-05 0
3433 5.023263050053883e-05 1.920723393946563e-05 0
3434 4.539166527958122e-05 1.940933829092619e-05 0
3435 7.156765856708565e-05 1.969658763006225e-05 0
3436 6.529802995599242e-05 5.214868898569526e-06 0
3437 7.834449519274242e-05 1.166913803820702e-05 0
3438 0.0001327025463357715 4.535295115286711e-06 0
3439 0.0001164564378222442 4.152376424125219e-06 0
3440 0.0001198358276126224 5.042486331562405e-06 0
3441 0.0001372877520920883 1.512083962242347e-05 0
3442 3.346457401113749e-05 1.344541453003178e-05 0
3443 4.58896275789334e-05 1.350770352248276e-05 0
3444 0.0001258959150982842 1.695940104301989e-05 0
3445 4.821374110853489e-05 8.575893215172245e-06 0
3446 0.0001217132325665406 1.11270183157951e-05 0
3447 0.0001493260259371887 1.672956018233877e-05 0
3448 4.029237316539205e-05 9.465379075515564e-06 0
3449 4.96700800768621e-05 1.737888303652323e-05 0
3450 4.615214414569275e-05 1.727466216169899e-05 0
3451 6.544911193577168e-05 6.452289764820383e-06 0
3452 2.616613376917355e-05 7.428265742016156e-06 0
3453 5.005341475188383e-05 1.954354575733409e-05 0
3454 8.337779223060536e-05 1.781302143073958e-05 0
3455 1.536022646319305e-06 7.812887285262059e-06 0
3456 3.28529509781953e-05 2.331780806819615e-06 0
3457 8.079000469373755e-05 1.898029296705683e-05 0
3458 5.836412403442689e-05 1.951074937466955e-06 0
3459 1.031560877874378e-05 1.58948259134026e-05 0
3460 6.511715714383314e-06 7.865897948477527e-06 0
3461 0.0001304330054445131 5.929376719652807e-06 0
3462 7.628648001773947e-05 1.905622462537022e-05 0
3463 2.591349527939732e-05 6.325770287342806e-06 0
3464 5.400125308503734e-05 6.359822369072253e-06 0
3465 0.0001273924563827168 1.598493957499397e-05 0
3466 3.91427607637581e-05 1.773728497076284e-05 0
3467 9.493736434105422e-05 1.83529451240188e-05 0
3468 1.726221560534699e-05 8.635377211586058e-06 0
3469 8.688343782384768e-05 1.819175755375478e-05 0
3470 1.220780103003104e-05 1.587291179833598e-05 0
3471 3.244830331493256e-05 1.877481275777076e-05 0
3472 0.0001060935801044754 1.937605116573042e-05 0
3473 0.0001377839184190172 8.591167895983804e-06 0
3474 2.313803813676903e-06 5.141441328756336e-06 0
3475 5.501487195486366e-05 3.62447400003756e-06 0
3476 4.440188730766925e-05 5.861747597483906e-06 0
3477 5.730372747023453e-05 1.122566776264824e-05 0
3478 4.174664354634403e-05 1.68743935654205e-05 0
3479 5.154755132301803e-05 1.892596214770549e-05 0
3480 0.0001346857039740207 1.226299365189416e-05 0
3481 8.38155743984055e-05 1.926782869283309e-05 0
3482 3.742889775007741e-05 7.956118977005853e-06 0
3483 5.033591842592806e-05 1.967535245335505e-05 0
3484 0.0001182538493940087 1.129171806833821e-06 0
3485 4.376970152128291e-05 4.71719533719252e-06 0
3486 3.228472766038052e-05 1.750254200324151e-05 0
3487 7.356790084233791e-05 1.966869538443272e-05 0
3488 1.719232904566116e-06 8.997982549425538e-06 0
3489 3.411208678708624e-06 1.48300161754346e-05 0
3490 1.542466718851379e-05 1.669027137235358e-05 0
3491 0.0001469257931784707 5.022059146365143e-06 0
3492 3.28152017395934e-05 1.202209819029396e-05 0
3493 0.000109458392814873 1.49872924703995e-05 0
3494 4.540085118910499e-05 4.022445954777612e-06 0
3495 0.0001325503968462996 2.077490658347914e-06 0
3496 2.903966565422935e-05 1.496983137280253e-05 0
3497 1.109328913887311e-05 1.53117623203554e-05 0
3498 4.183487316980538e-05 4.622881794344251e-06 0
3499 9.844963660037114e-05 1.969678683511414e-05 0
3500 1.903091828141551e-05 8.794117814050962e-06 0
3501 3.37505148892442e-05 1.192613354246673e-05 0
3502 0.0001354059126581862 5.19877335102783e-06 0
3503 2.618977256289167e-05 1.942807412983766e-05 0
3504 3.211184431138645e-05 4.216369522361789e-06 0
3505 3.148765095309827e-05 1.442073833955254e-05 0
3506 4.38254371478831e-05 2.039775685911461e-06 0
3507 3.99609589188845e-05 1.239085930357316e-05 0
3508 2.835946551321234e-05 7.206671303451338e-06 0
3509 1.119944338930167e-05 1.131037035491993e-05 0
3510 9.670227091147748e-06 1.407417425032768e-05 0
3511 8.58522790925443e-05 1.59631147339867e-05 0
3512 1.130550094395449e-05 1.942601998939488e-06 0
3513 4.233100785180795e-05 1.599651388456075e-05 0
3514 1.306578651074433e-05 1.944434625169595e-05 0
3515 0.0001054785850240189 2.705933981435392e-06 0
3516 4.218992377882993e-05 1.432736596827187e-05 0
3517 4.848412023717343e-05 1.710247181580061e-05 0
3518 4.81285291150735e-05 1.702702076697452e-05 0
3519 2.671682691235808e-05 2.012435573653715e-06 0
3520 0.0001310786117043105 1.519475973253154e-06 0
3521 9.233819930347223e-05 1.665995104746863e-05 0
3522 0.000124585501467381 1.779709846855384e-05 0
3523 2.556504745549343e-06 1.261677490717625e-05 0
3524 2.143098664482295e-05 4.633874532235043e-06 0
3525 2.806973576570036e-05 4.071920784319978e-06 0
3526 0.0001105111613020376 1.813407780909677e-05 0
3527 3.386840134858267e-05 1.957444471930444e-05 0
3528 2.088381549526033e-05 1.539104089705463e-05 0
3529 0.0001153857618717073 1.093781366945369e-05 0
3530 0.000138732192076177 1.396155803127535e-05 0
3531 0.0001269289951386879 1.509014165324545e-05 0
3532 8.928360540699796e-05 1.175264864244089e-05 0
3533 9.006733961256118e-05 1.923059867869932e-05 0
3534 0.0001343105131018113 1.475245762347113e-05 0
3535 2.572055133711599e-05 9.832632587736608e-06 0
3536 0.0001459973394109301 1.284977341973592e-05 0
3537 6.860658263216022e-06 1.472188709848997e-05 0
3538 5.598416942786608e-05 1.926360322841861e-05 0
3539 7.43823500622384e-05 1.917257964146002e-05 0
3540 5.003652791490548e-05 1.786504434118547e-05 0
3541 7.519624042136052e-05 1.968953018550096e-05 0
3542 1.405992607125167e-05 1.529657893074553e-06 0
3543 6.153206563640959e-05 9.149186370350361e-06 0
3544 3.375269229445527e-05 6.636345878737034e-06 0
3545 2.372667022354286e-05 1.636736779875108e-05 0
3546 2.987823745960247e-05 1.733323067982156e-05 0
3547 2.008577389911944e-05 8.886124238794551e-06 0
3548 7.926930265301703e-05 1.970812633401518e-05 0
3549 2.534672070859239e-05 1.074746283274068e-05 0
3550 4.086819370279834e-05 1.239706771978487e-06 0
3551 2.829499526699919e-05 1.007212517085607e-05 0
3552 4.606970279182887e-05 1.049834122662377e-05 0
3553 4.753202191854949e-05 1.721688665905909e-05 0
3554 6.648504902551384e-05 1.912238476037315e-05 0
3555 5.020718475313647e-05 5.987785579400549e-06 0
3556 7.940628749895759e-05 1.442304138118425e-05 0
3557 1.488740039628446e-05 1.22724321986952e-05 0
3558 8.41653162608052e-05 4.061603479154473e-06 0
3559 5.269630374390855e-05 6.745726513594369e-06 0
3560 3.807074380379253e-05 4.015706578181017e-06 0
3561 6.840665380286494e-05 1.88671587085717e-05 0
3562 4.738153150535771e-05 1.919909596895578e-05 0
3563 5.103619266486363e-05 2.537170172047735e-06 0
3564 5.755279131271287e-05 1.287037870538789e-05 0
3565 0.0001402832276049541 3.640233845929738e-06 0
3566 2.274130279984683e-05 1.284155450256209e-05 0
3567 2.508923269559315e-05 1.891117371916736e-05 0
3568 2.718186635489946e-05 5.066220217370919e-06 0
3569 1.957454617822518e-05 8.491145336500383e-06 0
3570 0.0001147820101099473 8.98432895536891e-06 0
3571 3.858246519545613e-05 1.804489091731811e-06 0
3572 1.727802684562275e-05 1.790444076620954e-05 0
3573 6.028537286004726e-05 1.910094667251769e-05 0
3574 5.419617030071469e-05 1.925094056646517e-05 0
3575 7.70416653005386e-06 8.600732401511445e-06 0
3576 6.533609397388899e-05 1.976512170619116e-05 0
3577 2.338245483455417e-05 1.791541561682819e-05 0
3578 5.2891648785088e-05 1.081444744353707e-05 0
3579 2.220573415136521e-05 1.908913946440306e-06 0
3580 1.498303119646375e-05 4.734857333049714e-06 0
3581 2.733054429695185e-05 1.416702867944269e-05 0
3582 0.0001423339875656909 6.466706779847093e-06 0
3583 6.11635930758456e-06 1.126544655202359e-05 0
3584 2.328160997730411e-05 7.229648797430382e-06 0
3585 5.346573783785615e-05 4.175743571423718e-06 0
3586 0.0001405569367949544 9.139687602221595e-06 0
3587 9.937464417562659e-05 1.981961953333242e-05 0
3588 0.0001067859892062768 1.268041829117452e-05 0
3589 4.45152741820201e-05 5.069872324152593e-06 0
3590 1.722617245716952e-05 1.942447334691103e-05 0
3591 4.709821160108423e-05 5.221282859330029e-06 0
3592 0.00012594620476136 5.885413302062621e-06 0
3593 0.0001229470343998639 9.349635857943223e-06 0
3594 2.601487031701928e-05 1.688039351926533e-05 0
3595 4.905656557613474e-05 1.507087053358556e-05 0
3596 3.0753578929158e-05 1.940209218645318e-05 0
3597 4.497332734881101e-05 7.065307904981455e-06 0
3598 4.547945977598732e-05 6.679837002700126e-06 0
3599 0.0001421606109021334 1.81503470612777e-05 0
3600 0.0001141852492023039 4.183532499504917e-06 0
3601 3.872690885155979e-05 1.428494667683382e-05 0
3602 7.99107574806142e-05 1.972185421688908e-05 0
3603 7.398249640283233e-05 1.967333476243153e-05 0
3604 6.098031295633752e-05 1.209214828281252e-05 0
3605 9.279363018631855e-05 9.167786985951786e-06 0
3606 0.0001475423355748701 1.308341799704915e-05 0
3607 0.0001426548333846204 2.380298432643824e-06 0
3608 4.902766477003868e-05 1.75083618560736e-05 0
3609 4.872042666861112e-05 1.749915362878272e-05 0
3610 9.398112621247586e-05 1.8532385623194e-05 0
3611 7.504873285784028e-05 1.785798107511575e-05 0
3612 8.147116756311701e-05 1.503965925207568e-05 0
3613 3.556299927630354e-06 1.420623013410361e-05 0
3614 7.347172654340076e-05 1.926780950056701e-05 0
3615 8.876875479226921e-05 1.830865916415425e-05 0
3616 0.0001385981789812348 6.789782950755196e-06 0
3617 4.791291774447941e-05 1.729184513064295e-05 0
3618 1.958477310033754e-06 1.226391431958584e-05 0
3619 0.0001176424412118989 1.136769834264299e-05 0
3620 4.609379725416101e-05 1.823106486024936e-05 0
3621 6.368134507031996e-05 1.687262735619558e-05 0
3622 5.278503580382433e-05 1.973253155641932e-05 0
3623 2.313412549632503e-05 9.779197340215162e-06 0
3624 4.986607533366044e-05 1.459870058945476e-05 0
3625 8.344570450713549e-06 5.155658212596111e-06 0
3626 6.632115272600412e-05 1.783408877386081e-05 0
3627 7.517323262995205e-05 1.700500368755519e-05 0
3628 7.040302560073786e-05 1.908872493058161e-05 0
3629 9.945451967431932e-05 1.26731502525777e-05 0
3630 8.425018464816632e-05 1.967039777325633e-05 0
3631 3.18200651331505e-05 8.361719499550715e-06 0
3632 5.012737581524899e-05 1.261472244089211e-05 0
3633 6.409410361185297e-06 1.243114976117659e-05 0
3634 8.283200412109602e-06 1.181875122983741e-05 0
3635 2.317116120151035e-05 5.128795741402517e-06 0
3636 5.320497295194803e-05 8.811418186300696e-06 0
3637 1.959067256864158e-05 4.234545013845849e-06 0
3638 4.878375341173125e-05 1.904487017410494e-05 0
3639 1.31369088298129e-05 4.481140144298212e-06 0
3640 1.588484211007563e-05 1.942301773800106e-05 0
3641 0.0001157317010839765 1.667171843615951e-05 0
3642 0.0001315077390492964 1.085245913475292e-05 0
3643 3.255907234471234e-05 1.384815446774005e-05 0
3644 6.198467973387559e-05 1.974010077545152e-05 0
3645 1.954006085395139e-05 1.039626458640063e-05 0
3646 9.046562441602978e-05 1.96954521668866e-05 0
3647 3.522668983794001e-06 1.585446467521191e-05 0
3648 8.566061789322908e-05 1.969173445321076e-05 0
3649 3.940711947158812e-05 1.949505543164569e-05 0
3650 3.465073552213922e-05 9.784356354987699e-06 0
3651 0.0001184059442732359 4.966130613813641e-06 0
3652 0.000119607188240488 2.327210700237615e-06 0
3653 4.039710365229604e-05 7.128865524547323e-06 0
3654 3.782101115968075e-05 1.082998647911554e-05 0
3655 2.389050673932273e-05 5.248590380613011e-06 0
3656 3.103622249791792e-05 7.456458483086285e-07 0
3657 0.0001266777980184827 9.746314749747754e-06 0
3658 6.443748482438486e-05 1.918350678475442e-05 0
3659 8.874241086204856e-05 1.968263770637842e-05 0
3660 2.13418702183639e-05 3.518641320998234e-06 0
3661 1.844205538189123e-05 1.790535118213403e-05 0
3662 0.0001001210729788194 1.591772576256459e-05 0
3663 1.247284768238312e-05 6.640479003885534e-06 0
3664 2.03688002099016e-05 1.164780187719561e-05 0
3665 6.627281604015245e-05 1.633680792681214e-05 0
3666 5.022500762216345e-05 4.994502353708938e-06 0
3667 6.920762480034428e-05 1.927087013726464e-05 0
3668 0.0001102271692956004 1.040557694592643e-06 0
3669 6.093747030356579e-06 3.535278391856682e-06 0
3670 1.757028021413413e-05 3.096798332268055e-06 0
3671 4.943264143281474e-05 1.986906050069562e-05 0
3672 5.252715806425681e-05 1.424645772801255e-05 0
3673 3.287980346658397e-05 1.957876114456862e-05 0
3674 5.78511195857976e-06 4.620434238244754e-06 0
3675 5.842161427533434e-05 8.260736685697041e-06 0
3676 6.994676768301194e-05 1.83037695970457e-05 0
3677 0.0001410047725999778 1.927922331797549e-05 0
3678 3.694639419849148e-05 6.726763082744756e-07 0
3679 0.0001257767740918926 7.136997171820225e-06 0
3680 5.520339913851816e-05 2.495598631405617e-06 0
3681 3.398219935426549e-05 2.458553110102156e-06 0
3682 5.98192633829868e-05 1.468851345443465e-05 0
3683 0.0001360389161173133 1.194756981566416e-05 0
3684 4.630258601834589e-05 1.573116017727646e-05 0
3685 3.934701186992426e-05 4.446344272885562e-06 0
3686 5.342068311713231e-05 1.381738949256503e-05 0
3687 1.401706268786018e-05 2.833262300593403e-06 0
3688 0.0001461470793229524 7.944206695236841e-06 0
3689 4.423198844341408e-05 1.674184010220502e-05 0
3690 0.0001357651583345015 7.163073840192494e-06 0
3691 5.893312170216957e-06 1.390982042614958e-06 0
3692 3.492331880481289e-05 1.496530996510858e-05 0
3693 0.0001403813968322423 1.101511076752856e-05 0
3694 3.158179122982611e-05 1.590706259592058e-05 0
3695 2.143123947709916e-06 2.622056850123362e-06 0
3696 2.452339865972242e-05 1.55737139273615e-05 0
3697 8.649286153264402e-05 8.990027464481795e-06 0
3698 1.48107509732491e-06 1.284064565192272e-05 0
3699 3.983098933930943e-05 1.290193987705811e-05 0
3700 2.703252010833351e-05 3.475185531503979e-06 0
3701 9.51072930339351e-05 1.970920083297734e-05 0
3702 0.0001209145792535193 1.766890316530394e-05 0
3703 3.109215916308852e-05 1.742845915128366e-05 0
3704 6.135070690533317e-05 1.968246027853116e-05 0
3705 5.736074112731149e-05 1.746625593348806e-05 0
3706 3.993268258161816e-05 2.222742515433844e-06 0
3707 3.259087733008244e-05 7.485458128736937e-06 0
3708 5.983895877951892e-05 1.965582661698957e-05 0
3709 1.727747240501505e-05 1.77428217581716e-06 0
3710 3.011166318876783e-05 8.468353706739625e-06 0
3711 5.267689329856817e-05 1.737588111205009e-05 0
3712 4.959098062413772e-06 1.863582757171617e-05 0
3713 7.307247504078982e-05 1.972638872502058e-05 0
3714 4.993628405197433e-05 1.978173914139173e-05 0
3715 9.430055145454144e-05 1.923213602180407e-05 0
3716 0.0001273870307375317 1.425569044698688e-05 0
3717 6.991721748267227e-05 1.352089355484381e-06 0
3718 5.662668102947762e-05 1.923530293266171e-05 0
3719 2.163218070062355e-05 2.35693235154339e-06 0
3720 8.33477219633014e-05 1.342023629223109e-05 0
3721 4.443326079693946e-05 1.491122623995245e-05 0
3722 0.0001272743530942171 1.933150444886229e-05 0
3723 6.281020921691382e-05 1.971489615759658e-05 0
3724 8.718155000919581e-05 1.968271982560585e-05 0
3725 0.0001280890104291877 1.093659140623204e-05 0
3726 7.371171247249018e-05 1.46171516157479e-05 0
3727 3.272287803386618e-05 3.449715982049224e-06 0
3728 0.0001443113830144668 1.525625932216575e-05 0
3729 0.0001297379187221959 1.178069296788848e-05 0
3730 3.641572108521819e-05 1.363918383283263e-05 0
3731 1.309471808814658e-05 1.48506558843825e-05 0
3732 1.686246206465373e-05 2.875957551517304e-06 0
3733 6.524171199933233e-05 1.640270451786139e-05 0
3734 1.757777324485751e-05 1.415903523966017e-05 0
3735 1.015838830957139e-05 1.686882247820929e-05 0
3736 9.491550544465868e-05 1.68354824243979e-05 0
3737 2.171662601492032e-05 1.454676049384204e-05 0
3738 5.187003451380442e-05 1.788706697717745e-05 0
3739 3.938261382289731e-05 1.48151957411341e-06 0
3740 0.0001066746413411586 1.01400967572199e-05 0
3741 0.0001054598010770229 1.012943673941593e-05 0
3742 2.949847357935423e-06 7.972767439942366e-06 0
3743 0.0001035488948440429 1.27830300939506e-05 0
3744 0.0001391807986856342 7.565519866859302e-06 0
3745 5.862564567940481e-05 1.958669765085618e-05 0
3746 4.063062714418634e-05 1.334195411931011e-05 0
3747 5.970316384551974e-07 2.63755054675635e-06 0
3748 5.664374596079587e-05 1.744088256884743e-05 0
3749 6.420243082759672e-05 1.304289976500877e-05 0
3750 1.626018064044544e-05 1.492806633710116e-06 0
3751 7.405833186882324e-06 6.0932284391267e-06 0
3752 1.539280682197783e-05 1.587830343338196e-05 0
3753 6.687844701637791e-05 1.806963296586056e-05 0
3754 0.000134037254209357 6.091573245088694e-06 0
3755 3.513563293935869e-05 2.49522719719318e-06 0
3756 2.902537627591766e-05 8.832676270003376e-07 0
3757 9.620010686591037e-05 1.276906754873157e-05 0
3758 8.799953419973217e-05 1.696993530798323e-05 0
3759 4.535321026878738e-05 1.583992552184489e-05 0
3760 6.413507211189054e-05 1.197157861419395e-05 0
3761 0.000124519930060552 1.56549556998564e-05 0
3762 4.120609487641241e-05 1.039412267194778e-05 0
3763 9.73253944047567e-05 1.920630514549727e-05 0
3764 4.53262899430211e-05 1.488223280133586e-05 0
3765 4.750232687904132e-05 1.611337547022942e-05 0
3766 5.463007982159898e-07 1.43923625267076e-05 0
3767 9.820887724376634e-05 1.61889029542608e-05 0
3768 7.288173030454567e-05 1.800498220808245e-05 0
3769 4.977763309208361e-05 1.938012220982058e-05 0
3770 9.338598643270246e-06 6.809333829464693e-07 0
3771 0.000135481040078549 1.61369514233397e-05 0
3772 1.1187685625994e-05 1.931321379069669e-05 0
3773 6.911394404009027e-05 3.742426792497442e-06 0
3774 1.64512127679839e-05 6.176169740517653e-06 0
3775 1.43240045276606e-05 4.689891859558578e-06 0
3776 3.497198087858463e-05 7.089213215918929e-07 0
3777 5.647985882622163e-05 4.193277616483727e-06 0
3778 2.025888780693007e-05 3.101395419395401e-06 0
3779 4.016713687975973e-05 1.411593671787842e-05 0
3780 2.016893438977055e-05 1.721032469274487e-05 0
3781 0.0001472197861969586 1.551114348191747e-05 0
3782 5.417713300011122e-05 8.860738116152731e-06 0
3783 5.084804313310416e-05 9.868104686963553e-06 0
3784 0.0001343806428515786 1.132545967780805e-05 0
3785 9.363546213699003e-06 6.158546355219322e-06 0
3786 9.67801885979894e-06 1.311627985894094e-05 0
3787 0.0001019555726076728 3.788041857813684e-06 0
3788 4.789089194813399e-05 1.357513235788703e-05 0
3789 8.202087899613965e-05 1.968322964149917e-05 0
3790 6.714156611774842e-05 9.368598122356266e-06 0
3791 0.0001045940543588576 9.145950370058713e-06 0
3792 4.442987866094347e-05 1.94782283271442e-05 0
3793 7.462385069264731e-06 1.259436542696572e-05 0
3794 4.412422044750316e-06 8.907717178225133e-06 0
3795 3.116896285226315e-06 1.808109901290201e-05 0
3796 1.148602614643639e-05 5.019218321841503e-06 0
3797 0.0001219873158391203 9.079913684461307e-06 0
3798 1.905179864571315e-05 9.472009679732524e-06 0
3799 8.819791168402119e-05 1.956580631293642e-05 0
3800 0.0001328695558099333 1.57416398566129e-05 0
3801 4.231134210897714e-05 9.89044583079327e-06 0
3802 0.0001021815423256661 1.426508165143219e-05 0
3803 1.010413170430415e-05 7.801316493477742e-07 0
3804 3.729912998251763e-05 1.728977419791089e-06 0
3805 0.0001197258543162099 6.860382002167e-06 0
3806 5.172666374856302e-05 1.508858390611302e-05 0
3807 4.767323423983042e-05 1.8664196018188e-05 0
3808 2.098794284710691e-06 3.328974151034392e-06 0
3809 3.592828652823893e-05 1.381059473557573e-05 0
3810 4.414628504841434e-05 1.568115532968361e-05 0
3811 1.479999806885848e-05 1.07618729496954e-05 0
3812 7.405615751362572e-05 1.928720905844974e-05 0
3813 8.75264445561623e-05 1.919105949378002e-05 0
3814 9.793713817867854e-05 1.827254723639179e-05 0
3815 2.0602853812647e-05 1.049312527203755e-05 0
3816 0.0001163912086185947 1.048236985284092e-05 0
3817 1.925743780469559e-06 1.628516375109091e-05 0
3818 3.33707662261044e-05 8.871290859943884e-06 0
3819 4.616365499532877e-05 1.482299564608281e-05 0
3820 4.162651863766004e-05 1.269972561136286e-05 0
3821 0.0001465270058328656 1.424954786748605e-05 0
3822 0.000130690505264514 1.003929566010368e-05 0
3823 0.0001287473871932836 1.24973258281456e-06 0
3824 2.261222901130204e-06 6.387673150406564e-07 0
3825 6.765653631319232e-05 1.713730415941517e-05 0
3826 5.042782206496193e-05 1.829600281786848e-05 0
3827 7.108880243966868e-05 1.913290299410831e-05 0
3828 4.106660994480057e-05 3.713484523868206e-06 0
3829 3.852748902147873e-05 3.525665334808765e-06 0
3830 7.505566615172886e-05 1.151053438091931e-05 0
3831 0.0001493980434725497 1.939674493759195e-05 0
3832 2.40053032163611e-05 4.258104333317573e-06 0
3833 0.0001360116225220804 1.541448993988044e-05 0
3834 0.000142911930482221 1.774188192443564e-05 0
3835 1.112049903774392e-05 4.551465180488945e-06 0
3836 5.102456415411887e-05 4.179371058703608e-06 0
3837 7.807033700790932e-05 1.803761659515733e-05 0
3838 5.301941280355194e-06 5.826465725215845e-06 0
3839 1.340864335575409e-05 6.335566962089218e-06 0
3840 4.123138811371571e-05 1.855478733515492e-05 0
3841 1.536033227445933e-05 7.575458812430583e-06 0
3842 8.647890576939348e-05 1.889955250559597e-05 0
3843 2.510553735954667e-05 1.76973908056499e-05 0
3844 0.0001037907351223629 1.146755626301638e-05 0
3845 8.074840495689681e-05 1.971304475352395e-05 0
3846 0.000122800670424958 1.578217511613869e-05 0
3847 8.23699361766026e-05 1.684648020776061e-05 0
3848 4.214139899636197e-05 5.985375516121121e-06 0
3849 0.0001217618770574118 8.058708245215842e-06 0
3850 5.920149095709979e-05 1.967036176710325e-05 0
3851 0.000126759431069467 2.781801248402072e-06 0
3852 9.096396694281231e-05 9.043966449571624e-06 0
3853 1.844443541660528e-05 1.269876746213856e-05 0
3854 9.571676336966536e-05 4.188876025882865e-06 0
3855 5.381112919520512e-06 1.753244140314594e-05 0
3856 6.78481288247257e-05 1.844147299412244e-05 0
3857 2.217635962246401e-06 4.036683713702362e-06 0
3858 4.970309105096497e-05 1.967272981237349e-05 0
3859 3.592577063811759e-05 1.533154114142593e-05 0
3860 5.615413356593664e-06 1.540700685458554e-05 0
3861 5.090166179346335e-05 6.746065137494104e-06 0
3862 3.078729416522688e-05 2.535486989497879e-06 0
3863 5.594516045453511e-05 1.828075261677247e-05 0
3864 5.070908306852447e-05 1.958089212717462e-05 0
3865 4.657564745529133e-05 7.942245042054405e-06 0
3866 1.030687705864288e-05 8.716842011972314e-06 0
3867 2.279054690805531e-05 1.487746609809372e-05 0
3868 1.638774452015348e-05 3.393100767319243e-06 0
3869 4.967253151607105e-05 1.913579427365864e-05 0
3870 4.753056298928127e-05 1.041983706873096e-05 0
3871 6.572160232927541e-06 1.949819940859683e-05 0
3872 5.634926292116636e-05 2.251520038231853e-06 0
3873 5.526346556473869e-05 8.228476123185275e-07 0
3874 5.122397381246315e-06 2.889127332169534e-06 0
3875 2.946534255358534e-05 1.015486653972354e-05 0
3876 1.545061536120963e-05 1.335953890300044e-05 0
3877 8.831879661858451e-05 4.314319313047804e-06 0
3878 5.957535745978043e-05 5.95541607465513e-06 0
3879 4.640126756632857e-05 1.652131496353766e-05 0
3880 4.630141116410718e-05 1.969157761337097e-05 0
3881 4.575611224877339e-05 1.513609103271128e-05 0
3882 0.0001320119763590769 9.574317681945133e-07 0
3883 2.404787590171107e-06 1.456595307088876e-05 0
3884 5.805504933561463e-05 1.574755125729609e-05 0
3885 2.060491199373977e-05 1.775780152080504e-05 0
3886 0.000137222138654653 7.755259757674556e-06 0
3887 0.0001087803365909874 1.694478332071234e-05 0
3888 7.219612355715871e-05 1.92760568686804e-05 0
3889 0.000134171424946935 4.728709840328887e-06 0
3890 6.407402439927225e-05 6.918088867326265e-06 0
3891 3.377390636895319e-05 1.653072539462537e-05 0
3892 0.0001269377707672573 1.334130755842666e-05 0
3893 3.219960862329006e-05 1.481319365553915e-06 0
3894 2.1665000746575e-05 1.216324414203121e-05 0
3895 3.104969116028705e-05 7.573930133551432e-06 0
3896 3.406789137001903e-05 1.437539478587138e-05 0
3897 4.785739830698037e-05 3.692498175149221e-06 0
3898 0.0001477452339617393 9.117825510441697e-07 0
3899 3.991149022220827e-05 1.850223408216839e-05 0
3900 2.248152909602734e-05 8.667068914643266e-06 0
3901 7.879190914370288e-05 1.782551883485666e-05 0
3902 0.0001410545547343884 1.714659032463602e-05 0
3903 0.0001359273433843715 1.073811148837916e-05 0
3904 4.991089204507692e-06 7.873849005897118e-06 0
3905 0.0001407149607516684 1.217398288444655e-05 0
3906 8.197044294092052e-06 1.934744968018476e-05 0
3907 4.310852018201534e-05 6.597931976562269e-06 0
3908 0.0001022233445163749 1.718786883430558e-05 0
3909 2.85308010317439e-06 7.127270430799006e-06 0
3910 1.130748427877195e-05 9.185581657030257e-06 0
3911 9.461436375688159e-06 1.059337656532827e-05 0
3912 3.725955577464677e-05 6.880415361432511e-06 0
3913 4.009422965512738e-05 8.070805444618319e-06 0
3914 0.0001324807383651408 9.482096933408604e-06 0
3915 1.926188507887746e-05 4.927292266940049e-06 0
3916 4.962806970898569e-05 1.323996410590952e-05 0
3917 0.0001104920790270318 3.058056301585012e-06 0
3918 2.407086895437721e-05 1.962789578852252e-05 0
3919 0.0001231397568265388 1.77202699342189e-05 0
3920 3.322597710181582e-05 7.897424285898174e-06 0
3921 4.417040295386794e-05 9.274957038128135e-06 0
3922 5.412957774855123e-05 1.825508098701483e-05 0
3923 8.270330171546804e-05 7.548372213095663e-06 0
3924 4.338692808634036e-05 1.633762571855241e-05 0
3925 9.303242555501565e-05 6.460595288601378e-06 0
3926 3.491183522722848e-05 1.682199729529805e-05 0
3927 3.751585397406524e-05 2.644101891464017e-06 0
3928 0.000118147524769354 1.788778058168152e-05 0
3929 3.185958504927291e-05 1.797601808899822e-05 0
3930 5.353494240758114e-05 5.174207593524152e-06 0
3931 9.491629149959044e-05 1.356032908136775e-05 0
3932 0.0001248048208385266 5.424775381026918e-06 0
3933 6.470999563978205e-05 1.507333594521229e-05 0
3934 1.527188121146917e-05 1.023801194667648e-05 0
3935 1.597857502909061e-06 2.365402689582475e-06 0
3936 2.059797399661401e-05 1.266723668376468e-05 0
3937 3.915586097896868e-05 1.549248152059944e-05 0
3938 0.0001348089699755574 2.474163918079001e-06 0
3939 7.001951960890348e-05 1.567144302109112e-05 0
3940 9.467545264687142e-06 9.717924761623386e-06 0
3941 0.0001150124355392969 8.235860447494757e-07 0
3942 0.0001328479788202568 1.161140464556658e-05 0
3943 0.0001203037223911267 1.594336350938703e-05 0
3944 0.000148002246619438 1.379336472358282e-05 0
3945 0.0001154865304068917 1.364793172012917e-05 0
3946 8.229661373455035e-05 1.809547230974218e-05 0
3947 0.0001115102767080546 1.576531503797231e-05 0
3948 0.0001388644499436126 1.20718166270821e-05 0
3949 4.668528807711748e-05 6.084295422083545e-06 0
3950 2.835022680101051e-05 1.097394297258363e-05 0
3951 4.449963885577418e-05 1.877837797928493e-05 0
3952 5.619290405703593e-06 6.842278778333046e-06 0
3953 3.150770274060494e-05 5.321629891832643e-06 0
3954 6.396158917160265e-06 1.737627121626525e-05 0
3955 0.0001455826809736827 1.008580157484634e-06 0
3956 6.487392489198896e-05 1.118540683741694e-05 0
3957 5.203120494377651e-05 1.921476442610872e-05 0
3958 2.29310743894924e-05 6.562018508363812e-06 0
3959 7.748069356845466e-05 1.92374863742815e-05 0
3960 8.377380056893582e-05 1.975417513041259e-05 0
3961 0.0001070673230824414 1.235878137124963e-06 0
3962 0.0001122076587726691 1.259304299614828e-05 0
3963 3.069136640212938e-05 3.797411570957223e-06 0
3964 0.0001094212581813423 3.301738073537302e-06 0
3965 9.407171485238521e-05 1.178467064320142e-05 0
3966 0.0001236276830977404 8.61579622215517e-06 0
3967 3.098090897478779e-05 4.833243817382185e-06 0
3968 2.887338075953631e-05 1.869844999030856e-05 0
3969 8.034472101648479e-05 1.916150002372447e-05 0
3970 4.156425484872677e-05 1.956146574564531e-06 0
3971 4.243026209967614e-05 1.112345645947618e-05 0
3972 5.191805619780387e-05 6.569765304814225e-06 0
3973 4.993780821277674e-05 1.90718714288924e-05 0
3974 9.939142703177614e-05 8.890569485603797e-06 0
3975 0.0001396992698012365 1.699860331947036e-05 0
3976 4.802075475730883e-05 1.824968340415582e-05 0
3977 2.495928966655591e-05 3.779832746576178e-06 0
3978 9.87663149748685e-05 7.806224489293351e-06 0
3979 4.988352074263422e-05 6.963677556167745e-06 0
3980 3.278088449497936e-05 1.082531521691146e-05 0
3981 4.308039270587701e-05 1.548986193930847e-05 0
3982 5.896768276024366e-07 4.14620688611466e-06 0
3983 0.0001298774913127863 1.535508745707352e-05 0
3984 3.493498589274113e-05 1.099776056731206e-05 0
3985 3.495896168353294e-05 1.957254290638355e-05 0
3986 3.544513544960896e-05 1.942959903925407e-05 0
3987 5.316663575504128e-05 1.950908472194321e-05 0
3988 7.908824838504869e-06 1.024158947189736e-05 0
3989 0.0001372890687720257 1.941319329304787e-05 0
3990 0.0001131712221159404 1.286259977330071e-05 0
3991 2.877671616988014e-05 1.653154459510745e-05 0
3992 5.507457245619784e-05 6.972873830631958e-06 0
3993 5.099199040384631e-07 1.234141370164944e-05 0
3994 0.0001161314998839115 1.047132453153896e-06 0
3995 4.685348965342459e-05 1.925066767331891e-05 0
3996 0.0001075449890938507 6.840262605114981e-06 0
3997 1.7043895019767e-06 1.4649398445085e-05 0
3998 0.0001120976547066176 8.986857935344407e-07 0
3999 3.795789601671816e-05 5.124785911230295e-06 0
4000 1.192971845860104e-06 3.912393604227854e-06 0
4001 2.809793639508775e-05 1.254773417350721e-05 0
4002 4.498723321019654e-05 1.401682000681612e-05 0
4003 4.663749911826701e-05 1.535643040815773e-05 0
4004 0.0001139541622891743 1.565283344483239e-05 0
4005 5.566724605527631e-05 1.617450989673813e-05 0
4006 0.0001375299444665808 1.072334229342426e-05 0
4007 8.404413694177825e-05 1.866411716615262e-05 0
4008 3.028301119996918e-05 5.018879288037639e-06 0
4009 1.22515978264621e-05 9.37347004377907e-06 0
4010 0.0001011200507922578 1.906210352639731e-05 0
4011 5.077960004926633e-05 6.063156835028638e-06 0
4012 8.625889281722117e-05 7.374852095018344e-06 0
4013 0.0001100222247676407 1.940835244813239e-05 0
4014 8.458951291893589e-05 1.92114132653303e-05 0
4015 5.117777728906107e-05 5.602494469434981e-06 0
4016 0.0001297622619199629 1.815457059935258e-05 0
4017 0.0001362321976897446 1.044054049001691e-06 0
4018 3.320478182316571e-05 5.893875722013315e-07 0
4019 5.024717950030421e-05 1.896277910276255e-05 0
4020 0.0001179750233297059 6.73524473177867e-06 0
4021 5.630090026777257e-05 1.897681248689013e-05 0
4022 4.151166804776274e-05 5.880863687069473e-06 0
4023 0.0001129342652150154 4.693547647512499e-06 0
4024 0.0001161342628280427 8.737737585335217e-06 0
4025 5.997877670535262e-05 8.961040391432984e-07 0
4026 1.593071129556842e-05 5.380929679365273e-06 0
4027 1.958962518277562e-05 1.844415375434197e-06 0
4028 0.0001085667135576659 1.293324308430203e-05 0
4029 5.442497504712786e-05 1.198275318901987e-05 0
4030 4.840026844506954e-05 2.867288660640306e-06 0
4031 3.408869119653252e-05 1.344368295450234e-05 0
4032 6.291089492982032e-05 1.140290934195392e-06 0
4033 4.361351759635539e-05 1.895973842161883e-05 0
4034 8.042231828695239e-05 1.820595082918339e-05 0
4035 1.126935484659828e-05 1.023844098985581e-05 0
4036 6.398854526547772e-05 2.926066069182387e-06 0
4037 4.993822657044287e-05 5.488750655665337e-06 0
4038 8.05330008146663e-05 1.715781407588985e-05 0
4039 5.097724085158481e-05 1.704288039917457e-05 0
4040 5.038172122592054e-05 1.947119753847154e-05 0
4041 1.450592851537801e-05 9.603548041234018e-06 0
4042 0.0001492488418940602 7.457493518522384e-06 0
4043 8.931613608646948e-05 1.720126567814641e-06 0
4044 5.16065125258369e-05 1.939869668418163e-05 0
4045 1.724147874087091e-05 1.299033366042441e-05 0
4046 3.269884575258901e-05 1.276010909530769e-05 0
4047 7.224874284773069e-05 1.762343934848733e-05 0
4048 9.266099206459836e-05 1.959577414651301e-05 0
4049 4.563244476611362e-05 1.155827910709914e-05 0
4050 0.0001403758226908921 7.290506769177779e-06 0
4051 7.810509786462398e-05 1.921606077630613e-05 0
4052 5.431018025034223e-05 1.645879423902297e-05 0
4053 5.537295984162667e-05 1.369828931574484e-05 0
4054 2.983461158807077e-05 4.557986219719323e-06 0
4055 2.918926058925964e-05 4.668821358851204e-06 0
4056 5.042095837292729e-05 7.139614518771956e-06 0
4057 7.407964662588576e-05 1.805918836091018e-05 0
4058 0.0001087217322478155 1.888387643761189e-05 0
4059 0.0001084721433727784 1.823254810990325e-05 0
4060 3.371192112090951e-05 3.79214318726517e-06 0
4061 6.085483260896425e-05 1.943882501239907e-05 0
4062 9.910198606311464e-05 1.866629031040315e-05 0
4063 7.359427822235436e-06 1.643302702870809e-05 0
4064 7.290116160913113e-05 1.354322512085917e-05 0
4065 4.60985313539761e-05 7.596508983733002e-06 0
4066 0.0001309510616958569 1.184377442078774e-05 0
4067 3.090580953132237e-06 1.370569877294947e-05 0
4068 3.915009081857907e-05 1.078224049349346e-05 0
4069 6.93430972422402e-05 1.727743368595602e-05 0
4070 0.0001246874861011529 2.528898665862505e-06 0
4071 4.358779318122892e-05 1.300873454394592e-05 0
4072 0.0001007209917197346 1.468463743924313e-05 0
4073 6.136467187192851e-05 1.858025341113945e-05 0
4074 4.672431425897404e-05 1.828794185868701e-05 0
4075 6.867530991085824e-05 1.411443416577678e-05 0
4076 6.398222034239954e-06 9.566827646397541e-06 0
4077 6.717329037901593e-05 1.888732295881218e-05 0
4078 4.899460440274562e-05 3.16477776654005e-06 0
4079 8.048050416054918e-06 2.651887759125119e-06 0
4080 1.585021284936631e-05 9.28069401940724e-06 0
4081 0.0001352960825412581 1.824805708946279e-05 0
4082 3.758897846302977e-05 1.935432502557116e-05 0
4083 0.0001097499696805819 1.842391185106129e-05 0
4084 2.748231252705469e-05 1.757156175923005e-05 0
4085 4.471910313935355e-05 1.60664831345678e-05 0
4086 1.412235609386979e-05 1.154899753420195e-05 0
4087 2.515822630302546e-05 2.620254300872795e-06 0
4088 0.0001096549495741364 9.893893092739873e-06 0
4089 1.821013613437287e-05 5.163457401459213e-07 0
4090 0.0001029320238571671 7.576633221295994e-06 0
4091 0.0001178732112249325 1.29413516674275e-05 0
4092 8.247750601533359e-05 1.889685608884698e-05 0
4093 0.0001389739561478467 5.930862338368127e-06 0
4094 5.159524053177231e-05 1.642843822463837e-05 0
4095 8.067707116442231e-05 1.120556266695255e-05 0
4096 3.90680529161928e-05 5.846021727739425e-07 0
4097 0.0001126909855916204 1.689371361602596e-05 0
4098 5.160428133712871e-05 1.004550158369092e-05 0
4099 5.383843476228848e-05 9.958008660909409e-06 0
4100 0.000101042519088749 8.296004572007898e-06 0
4101 0.0001339771012087529 1.925896531296265e-05 0
4102 6.318862912738779e-05 6.114354209975064e-06 0
4103 4.657604250564933e-05 8.887086436598552e-06 0
4104 9.368778679439785e-05 1.752721963214525e-05 0
4105 0.0001309244996574064 1.446279185859944e-05 0
4106 4.530854311813299e-05 1.221451706822823e-05 0
4107 9.704920141198243e-05 1.633558889988206e-05 0
4108 6.893035858550431e-05 1.848301739761931e-05 0
4109 4.892150745577362e-05 7.034686314021022e-07 0
4110 4.823912501904735e-05 6.214097895302188e-07 0
4111 2.947025706249207e-05 5.825478897121353e-06 0
4112 4.71894048744647e-05 3.230088234661258e-06 0
4113 7.500869069052455e-05 1.847614901747101e-05 0
4114 0.0001320538290904923 1.791736585816379e-05 0
4115 3.240723236866273e-06 4.873604549571137e-06 0
4116 0.0001470920501989757 9.47397705096946e-06 0
4117 0.0001330656797847816 1.252014861267653e-06 0
4118 1.721789304717298e-05 7.054523211225546e-06 0
4119 0.0001254960440002313 1.239443252984907e-05 0
4120 3.437730894864165e-06 9.533989080167076e-06 0
4121 3.394237993088258e-05 1.846505666012079e-05 0
4122 0.0001033465822058169 1.843716810490655e-05 0
4123 0.000140423903564387 1.383723364042529e-05 0
4124 4.816062285373047e-05 4.798362595454916e-06 0
4125 9.158519892795477e-06 1.667935132360521e-05 0
4126 7.983699308708208e-06 1.341635665946619e-05 0
4127 4.954014562780894e-05 1.96197220678189e-05 0
4128 8.139181102381898e-05 1.701040663461628e-05 0
4129 3.331335931260783e-05 1.299265547242743e-05 0
4130 7.722233558649993e-05 2.090726751572892e-06 0
4131 1.290193409340674e-05 8.44123823745822e-06 0
4132 8.684800446507633e-06 9.651932796879778e-06 0
4133 1.104784119268391e-05 5.911132304971019e-06 0
4134 5.108950904345002e-05 8.722994549168644e-06 0
4135 2.332362392437746e-05 1.445467303592814e-05 0
4136 3.347521316390593e-05 1.431602547956614e-05 0
4137 3.430789671865007e-05 1.491404362331001e-05 0
4138 5.746534748267702e-05 1.926889878166066e-05 0
4139 2.123791890292714e-05 1.03964527559753e-05 0
4140 1.937520782176592e-05 6.529467923627902e-06 0
4141 0.0001015265601078617 1.967128334318306e-05 0
4142 1.926775863570952e-06 1.552907034308002e-05 0
4143 0.0001074061147859158 1.741164675007347e-05 0
4144 8.074844552766698e-06 6.002164402185578e-07 0
4145 5.139551482181808e-05 1.763574890212455e-05 0
4146 3.557270881500747e-05 1.180412688860204e-05 0
4147 4.876988798054151e-05 1.362696123012124e-05 0
4148 4.932544889479335e-05 1.83519263605301e-05 0
4149 1.259948506593281e-05 1.340089243670856e-05 0
4150 2.305344155499638e-05 1.552389731036685e-05 0
4151 3.03074390527261e-05 7.286973054837768e-06 0
4152 1.470151988284104e-05 1.571910767100258e-05 0
4153 0.0001000956842291921 1.983356388262053e-05 0
4154 1.647992831888107e-05 1.410074016210493e-05 0
4155 4.392382055022396e-05 7.99025206217434e-06 0
4156 0.000131667718886198 5.563354701163053e-06 0
4157 6.259133520182257e-05 7.786149811847079e-06 0
4158 0.0001088841901609973 6.823095682061297e-06 0
4159 3.978363748813727e-05 8.723884965877188e-06 0
4160 2.067767023364358e-05 1.389564065990406e-05 0
4161 0.0001139361831587403 1.212747558772786e-05 0
4162 4.440769210845057e-05 6.87089169320523e-06 0
4163 9.844149726093715e-05 1.258561213243514e-05 0
4164 5.518648884365135e-05 1.969141535168936e-05 0
4165 8.398789767894685e-05 1.670043010846466e-05 0
4166 3.164949956341323e-05 1.234910350395096e-05 0
4167 4.846587767866267e-05 1.906933004446262e-05 0
4168 3.580561650863557e-06 1.311440520255728e-05 0
4169 4.162592214977595e-06 1.328508896553697e-05 0
4170 2.331928957319629e-05 2.288465762808143e-06 0
4171 0.0001058966315142338 1.664509011722946e-05 0
4172 2.170273690815867e-05 3.025833131329783e-06 0
4173 1.584648482289774e-05 8.561847888194437e-06 0
4174 1.112804097354873e-05 7.904089940754213e-06 0
4175 4.187837596068342e-05 7.093385853482645e-06 0
4176 5.702763796816089e-05 1.942712752228837e-05 0
4177 0.000106912218065965 5.875007722401797e-06 0
4178 0.0001076278234197452 4.653188088274333e-06 0
4179 5.024161349689627e-05 3.812699144008839e-06 0
4180 3.649200677490133e-05 1.943951519293156e-05 0
4181 0.0001259455539235092 3.799551609412756e-06 0
4182 6.655324246472442e-05 1.971425451037393e-05 0
4183 0.0001053366401621793 1.321108531000484e-05 0
4184 7.470526292942624e-06 5.763775141355521e-07 0
4185 2.351671099703885e-05 1.958306669720688e-05 0
4186 6.749541147504494e-05 5.458146812448579e-06 0
4187 7.448954084961799e-05 1.002121598099015e-06 0
4188 5.466030629741374e-06 1.657870137188347e-05 0
4189 4.76778609170063e-05 1.662331995341058e-05 0
4190 2.628392297453066e-05 3.380493591250201e-06 0
4191 1.568785286688471e-05 1.494656118142456e-05 0
4192 0.0001218634919276214 1.91550828517025e-05 0
4193 7.712908875494514e-05 1.873740665179902e-05 0
4194 4.595039230953344e-05 5.690773132384757e-06 0
4195 9.583726710571649e-05 1.969799134137654e-05 0
4196 9.433305913469328e-05 2.972506763266657e-06 0
4197 0.0001144005770453295 1.927708183640779e-05 0
4198 8.932361843029166e-05 9.019308151173077e-06 0
4199 6.804340561581591e-06 5.439101017916865e-06 0
4200 6.985332741075732e-05 5.969200754483075e-06 0
4201 4.028418212207518e-06 7.070662055626953e-06 0
4202 5.099334495149478e-05 1.326754469139618e-05 0
4203 4.698835378207128e-05 1.968328063837704e-05 0
4204 0.0001262292119329128 1.153129394214858e-05 0
4205 0.0001396373457288164 9.125657954668533e-06 0
4206 2.562848580781467e-05 1.800277663390804e-05 0
4207 0.0001386940246395274 2.531370967491213e-06 0
4208 5.371230361421452e-05 1.879406998198223e-05 0
4209 0.0001054882941039461 6.078114237626199e-06 0
4210 4.468770708673762e-05 1.279422037469783e-05 0
4211 0.0001154455009546885 2.616674623382842e-06 0
4212 0.0001238790546703123 4.123897337786042e-06 0
4213 5.355808419571154e-05 1.949620837933706e-05 0
4214 4.047575368558883e-05 3.300506714423507e-06 0
4215 0.0001102774010903997 1.185862328257152e-05 0
4216 2.008760319745889e-05 6.869686931721483e-07 0
4217 0.0001235745382899211 7.493761609070328e-06 0
4218 1.590279386194123e-05 4.374298775524203e-06 0
4219 3.854709628038153e-05 6.651194964613567e-06 0
4220 5.522900243346652e-05 1.869653218922135e-05 0
4221 0.000143576232650198 1.232809593677263e-05 0
4222 0.0001113029759784892 4.022755814450593e-06 0
4223 0.0001232903617286065 1.233102875239656e-05 0
4224 7.640824134779799e-05 1.969248820994303e-05 0
4225 0.0001442798638143122 1.939060420529852e-05 0
4226 4.90961030787518e-05 9.159567749866782e-06 0
4227 0.0001288506616152781 1.643390839461362e-05 0
4228 0.0001254901413650557 1.424670554123584e-05 0
4229 0.000105825891293675 7.804774041356698e-06 0
4230 9.675410858147879e-05 1.452274468553856e-05 0
4231 0.0001476515556975679 3.301873960238697e-06 0
4232 4.153994019150116e-05 1.531580100874483e-05 0
4233 9.642402866243372e-05 1.886286559368378e-05 0
4234 0.0001360044414873606 8.775051147428262e-06 0
4235 0.0001190703660972839 1.57279749394495e-06 0
4236 6.199143369693521e-05 3.855667473722634e-06 0
4237 5.685323541836997e-05 1.634038196898678e-05 0
4238 3.324041179679248e-05 4.310710589189167e-06 0
4239 8.032433117796706e-05 1.60111197959665e-05 0
4240 2.268464584292992e-05 1.608104068098022e-05 0
4241 3.042490029427265e-05 9.472055728538463e-06 0
4242 4.39040649151992e-05 7.320865188787292e-06 0
4243 0.0001112500557309994 1.700818506536402e-05 0
4244 1.092020018514164e-05 7.03258177265594e-06 0
4245 8.320494289869922e-05 1.9742389933674e-05 0
4246 4.319610187766961e-05 5.389274588426825e-06 0
4247 2.713155720119336e-05 1.557181187664266e-05 0
4248 8.787941879963724e-05 1.968350849333088e-05 0
4249 9.135191782946992e-05 1.87927973900243e-05 0
4250 0.0001115209265697654 1.93703648235194e-05 0
4251 3.336705504781306e-05 1.775003347916882e-05 0
4252 3.188664907632312e-05 1.899702119963041e-05 0
4253 4.106818684114093e-06 4.654340400828881e-06 0
4254 9.363293492547161e-05 1.510011875201818e-05 0
4255 7.780824740583357e-05 9.505308442691603e-06 0
4256 2.397224037072975e-05 3.099093294893669e-06 0
4257 4.673126159705531e-05 4.086782367371311e-06 0
4258 5.005860482684457e-05 8.585405831091692e-06 0
4259 0.0001403389025448614 5.111033238058812e-06 0
4260 0.0001121910908114962 1.829802454073932e-05 0
4261 6.467003025205568e-05 8.81914189770502e-06 0
4262 5.573424190115937e-05 8.271715744116857e-06 0
4263 3.075324489046713e-05 8.271092604397343e-06 0
4264 6.063308674247407e-06 5.741377989900193e-06 0
4265 5.221283462995085e-05 4.761177033356634e-06 0
4266 5.147735458450855e-07 1.085337433903044e-05 0
4267 2.806899759639569e-06 5.133853948784122e-07 0
4268 1.894598413741726e-05 1.39041929760029e-05 0
4269 1.856370814136769e-05 1.455975764298461e-05 0
4270 8.141688579246089e-05 1.930133453377739e-05 0
4271 1.143029608094311e-05 8.553450823013112e-06 0
4272 2.12654348555581e-05 7.062742871056416e-06 0
4273 5.350970858330818e-05 1.096701847416389e-05 0
4274 8.376243519984989e-06 1.245347764590502e-05 0
4275 4.249388407656836e-05 5.485996187293144e-06 0
4276 2.231399453178896e-05 3.979151283204552e-06 0
4277 4.048809241579033e-05 1.614159027030466e-05 0
4278 5.929593574915249e-07 8.439362404778201e-06 0
4279 2.399062265956335e-05 5.469508569751122e-07 0
4280 0.000121343485732844 1.275873483985326e-05 0
4281 8.595561497232553e-06 1.355556978964658e-05 0
4282 3.108301921227169e-05 1.342917946782269e-06 0
4283 1.879427647504392e-05 1.479650914289339e-06 0
4284 3.340031956914789e-05 1.529211800225481e-05 0
4285 9.93407985613732e-05 1.566063847410546e-05 0
4286 2.629549623869232e-05 1.630269005071365e-05 0
4287 3.813782940589195e-05 5.840528866592927e-07 0
4288 5.455688540428691e-05 7.639396305241603e-06 0
4289 0.000138578994081772 4.453443726430809e-06 0
4290 5.155138657651235e-05 1.403654235907939e-05 0
4291 0.000126471564865581 8.909225560951358e-06 0
4292 2.898813861815015e-05 5.310062692599081e-06 0
4293 5.012291351471352e-05 1.978478385336797e-05 0
4294 5.016874357997062e-05 1.967218813289072e-05 0
4295 5.187068707763824e-05 8.838329576465695e-06 0
4296 9.886248824263673e-05 1.629042066839144e-05 0
4297 1.553697228114847e-05 5.42556980472044e-07 0
4298 2.229323557974102e-06 6.81793408235386e-06 0
4299 0.0001167117001152184 5.103967171188086e-06 0
4300 0.0001356594481445588 4.128041535679549e-06 0
4301 5.00451177153025e-05 1.992831445850685e-05 0
4302 5.025180424976161e-05 8.877119157479813e-07 0
4303 1.028669303084467e-05 5.025195971879294e-06 0
4304 3.448022195359183e-05 4.409924181345769e-06 0
4305 8.116772826642494e-05 4.529026639748493e-06 0
4306 7.686752613888304e-06 1.442978284368835e-05 0
4307 2.258209920901678e-05 1.071165361891886e-05 0
4308 4.664325647525704e-06 1.070243641943486e-05 0
4309 0.0001144984883028182 1.001345926778427e-05 0
4310 7.163902750260627e-06 1.69026024997949e-06 0
4311 5.230600539310485e-05 1.357908057107542e-05 0
4312 5.483241435741641e-05 1.663578487668855e-05 0
4313 5.393386147689599e-05 1.976243616013007e-05 0
4314 6.245396298622191e-05 1.292216520045338e-05 0
4315 5.058094601361555e-05 1.9842522563709e-05 0
4316 0.0001137513878891619 1.792130905987758e-05 0
4317 8.692090998710521e-05 3.244097679023666e-06 0
4318 3.492742519817221e-05 1.405558683468091e-05 0
4319 8.547336139745309e-05 1.237110424720279e-05 0
4320 1.566161915003455e-05 3.486600031855109e-06 0
4321 5.1983877638751e-05 1.658094164421847e-05 0
4322 5.203806529615407e-05 1.69686960546586e-05 0
4323 6.412319269792008e-05 1.906930415459024e-05 0
4324 0.0001375688306024301 1.805732557742805e-05 0
4325 0.0001011544925245187 1.793095707521036e-05 0
4326 0.0001491324454800194 5.859124293407867e-06 0
4327 5.615284832957006e-05 9.002612912081825e-06 0
4328 0.0001302839053524998 1.687613292054499e-05 0
4329 2.562055951711101e-05 8.414124385703368e-06 0
4330 7.130517893561423e-05 1.677587100466449e-05 0
4331 5.245490266313215e-05 1.819900662024023e-05 0
4332 4.410196873885384e-05 1.334350987661357e-05 0
4333 3.321584105210235e-05 1.722004869576259e-05 0
4334 4.987014956623365e-05 1.863023001321419e-05 0
4335 0.0001405918409558554 1.660801970469679e-05 0
4336 5.012917103888409e-05 1.595157444106501e-05 0
4337 4.556566698218377e-05 1.623142873834351e-05 0
4338 5.348160612020161e-05 1.67714402423879e-05 0
4339 4.703212980791204e-05 1.310852350980396e-05 0
4340 1.951922437928141e-05 9.802735012767491e-06 0
4341 3.628435275607791e-05 1.686279421113593e-05 0
4342 1.285509546824564e-05 2.064323585008069e-06 0
4343 2.746198971793694e-05 1.825794333417038e-05 0
4344 5.381617731563863e-05 7.494882560637458e-06 0
4345 0.0001254527422032014 1.595474551888732e-05 0
4346 4.234014635936744e-05 1.67575074458097e-05 0
4347 3.034993211566941e-05 1.451991788052997e-05 0
4348 4.128462215493423e-05 1.957500713857612e-05 0
4349 1.136296286989094e-05 6.590493216427531e-06 0
4350 9.773280702611978e-05 1.967619005954221e-05 0
4351 9.500815586730308e-05 1.753104364334989e-05 0
4352 3.69726730133781e-05 1.672524697280036e-05 0
4353 4.272927864345787e-06 1.636813491061424e-05 0
4354 4.328324810770604e-05 1.030528357332196e-05 0
4355 5.383697462261493e-06 1.730238943116039e-06 0
4356 0.0001318023466699082 1.936450544041482e-05 0
4357 4.192277730894286e-05 1.214326433806463e-05 0
4358 5.882714045737678e-05 1.839979705687943e-05 0
4359 2.915493266635553e-05 9.14098401911839e-06 0
4360 1.98270509352623e-05 1.947675696559829e-05 0
4361 6.091179061663087e-05 2.475343799684656e-06 0
4362 9.306750847547948e-05 4.852349393376309e-06 0
4363 2.174201814335974e-05 4.049272741209501e-06 0
4364 0.0001477872482020975 4.577507791146326e-06 0
4365 0.0001290868102568581 4.376015866337753e-06 0
4366 5.283369752223505e-05 1.926781990941907e-05 0
4367 0.0001087178438973724 1.479883475317477e-05 0
4368 3.129889860169889e-05 1.868431340194899e-05 0
4369 9.583735948018922e-06 8.808485898408454e-06 0
4370 0.0001074809471808392 1.930381730719581e-05 0
4371 3.629761109299092e-05 1.580263886740642e-05 0
4372 5.326345849877483e-05 1.908737330177895e-05 0
4373 3.386609348970316e-05 1.116274763911425e-05 0
4374 9.804097053036451e-05 1.762687029195394e-05 0
4375 0.000137199859127086 9.236456317328339e-06 0
4376 0.0001363051265023057 7.864756625140211e-06 0
4377 9.976776389241797e-05 1.985523954848482e-05 0
4378 0.0001379812571596832 1.666796550319298e-05 0
4379 7.854166799342176e-05 1.875442508136874e-05 0
4380 6.68820810976856e-05 1.921300921393741e-05 0
4381 5.338871653201049e-05 1.856626408876084e-05 0
4382 0.0001459083423071025 1.571526045945542e-05 0
4383 7.942130321807994e-05 1.584593469728277e-05 0
4384 1.208658180291623e-05 5.831773016085815e-06 0
4385 3.057798742470828e-05 6.206821677772213e-06 0
4386 4.928991427793938e-05 1.986492771114829e-05 0
4387 3.934701900507322e-06 1.659495380504238e-06 0
4388 4.265799356902013e-05 1.716906212681715e-05 0
4389 2.534035734060206e-05 1.208507010423857e-05 0
4390 0.0001232777767307078 1.040974845490727e-05 0
4391 3.780069061402053e-06 3.915469583916941e-06 0
4392 0.0001045707120664724 1.751869160935165e-05 0
4393 9.94687334228084e-05 1.927925628489299e-05 0
4394 3.049195833311903e-06 1.662321284942971e-06 0
4395 5.487323879300791e-05 1.544433685623793e-06 0
4396 4.913052885685616e-05 1.066420877856326e-05 0
4397 0.0001182637816157877 1.206143911050512e-05 0
4398 0.0001227735831692366 3.097076912720798e-06 0
4399 0.0001056487364288977 3.953433185388713e-06 0
4400 3.948050032486602e-06 9.726430125901147e-06 0
4401 0.0001407904996150299 1.788349091474759e-05 0
4402 0.0001412705498042909 1.845632900383913e-05 0
4403 5.050783482201251e-05 7.708612050597586e-06 0
4404 9.887131442531344e-06 2.043684850520337e-06 0
4405 0.0001246428720964457 9.110870541160821e-06 0
4406 2.610130755650695e-05 1.860115726702923e-05 0
4407 0.0001444013710997436 8.22519263841258e-06 0
4408 2.957117343162997e-06 1.596009642905328e-05 0
4409 5.329066357574348e-05 1.589805902380364e-05 0
4410 5.485255847529217e-05 1.29372223249198e-05 0
4411 4.507219912006608e-06 1.460149491774862e-05 0
4412 2.454078019855894e-05 1.694735417680268e-05 0
4413 3.432006071985543e-05 8.915761613554406e-06 0
4414 5.832693597143734e-05 1.970879591650272e-05 0
4415 0.0001276530436795121 3.54083843184913e-06 0
4416 7.276078322379007e-05 6.446461434908519e-06 0
4417 0.0001065229852316653 1.837135524649895e-05 0
4418 4.66236270779427e-05 1.82215248275741e-06 0
4419 2.687998619144136e-05 5.800662991417277e-07 0
4420 9.700802682102793e-05 1.762856575151026e-05 0
4421 0.000134509811871117 1.349895249870237e-05 0
4422 4.637828268090037e-05 4.81275866778733e-06 0
4423 1.012278939344391e-05 1.200733307990902e-05 0
4424 4.005623041348827e-05 1.95542769263453e-05 0
4425 8.383325957430345e-05 1.815540207572709e-05 0
4426 4.968141658033493e-05 1.987522978071429e-05 0
4427 5.214527462779785e-05 1.530684715805358e-05 0
4428 6.168723499661629e-05 1.417313118388926e-05 0
4429 3.329486465251126e-05 3.312959805730159e-06 0
4430 0.0001436421532598405 1.083763835321847e-05 0
4431 6.323854544360407e-05 1.976684866695415e-05 0
4432 8.610508565238243e-05 1.921240421856932e-05 0
4433 3.100128785431392e-05 1.319961696748338e-05 0
4434 6.617088761104217e-05 1.289969745619316e-05 0
4435 9.908773374175309e-05 1.940336496932266e-05 0
4436 6.181865755828413e-05 1.922618962852098e-05 0
4437 0.0001170155874208628 1.790175502551342e-05 0
4438 6.995592080948931e-07 1.602542406925902e-05 0
4439 5.564747886264269e-05 1.192518437978642e-05 0
4440 9.499398059831658e-05 1.118572242174071e-05 0
4441 1.380861178478454e-05 1.509003574134388e-05 0
4442 6.038802991265351e-05 1.942223280165803e-05 0
4443 3.555840050486116e-05 9.792876905639072e-06 0
4444 4.907003892518546e-05 4.88180989822275e-06 0
4445 8.690114589365064e-05 1.592162675822181e-05 0
4446 5.047216817985627e-05 1.748219164477552e-05 0
4447 2.228861180903735e-06 1.954817758839243e-05 0
4448 6.993267377538282e-05 1.920615775008566e-05 0
4449 3.685480368389513e-05 5.788659257063029e-06 0
4450 2.590350766206446e-05 1.573852765807859e-05 0
4451 1.61795716269911e-05 1.762046951699058e-05 0
4452 5.473558274830076e-05 1.822074061572983e-05 0
4453 0.0001335056970779047 1.0992733613154e-05 0
4454 9.949787457496341e-06 1.35713467292859e-05 0
4455 5.318741405801394e-05 1.315894310086165e-05 0
4456 0.0001034347538051619 1.694639427945602e-05 0
4457 8.895331896995105e-05 6.153519692786228e-06 0
4458 4.672436679044954e-05 1.199410423404871e-05 0
4459 1.348861207090195e-06 1.157301962246682e-05 0
4460 3.887300260711859e-05 1.246979271441023e-05 0
4461 5.160342624267214e-05 1.590989074061207e-05 0
4462 0.0001272962454881069 1.783286662104379e-05 0
4463 1.363215758038289e-05 1.272143518125543e-05 0
4464 0.000146123404417023 1.828295628745947e-05 0
4465 7.591716035125097e-06 7.400942107459523e-06 0
4466 0.0001413865635758505 5.158568858024985e-06 0
4467 1.157124182076163e-05 7.08285353004545e-07 0
4468 5.724474538893407e-05 7.081589780758418e-06 0
4469 0.0001478273773376388 1.01678363270439e-05 0
4470 2.881025114793098e-05 4.118068335079682e-06 0
4471 0.0001248944478151251 1.01871016590355e-05 0
4472 0.0001452345061620146 1.313773610848601e-05 0
4473 5.204398320827061e-05 1.978657692224961e-05 0
4474 1.390700150592696e-06 1.815655328801696e-05 0
4475 4.747661401919549e-05 6.214871747277195e-06 0
4476 0.0001119741835252331 1.926629323258695e-06 0
4477 9.694295722804732e-05 1.974434418223416e-05 0
4478 5.969419867991365e-05 7.174060791438507e-06 0
4479 1.520668363975062e-05 1.945867099108655e-05 0
4480 5.156378207398616e-05 1.797397306873145e-05 0
4481 0.0001341632904115434 1.115396716827339e-06 0
4482 3.168381828954866e-06 1.032890072799381e-05 0
4483 4.717554805309288e-05 1.555900830848092e-05 0
4484 4.573460614710775e-07 1.752721270351906e-05 0
4485 4.146794454133813e-07 1.161533121584055e-06 0
4486 0.0001042514916407779 1.929391204439712e-05 0
4487 5.36423311896195e-05 8.315326154199554e-07 0
4488 3.013989037064462e-05 1.113016445275505e-05 0
4489 4.718939417352324e-05 1.863773855976191e-05 0
4490 7.029394797583092e-05 1.697041486422453e-05 0
4491 7.429246812543918e-05 1.854309602700803e-05 0
4492 8.718864431286491e-05 1.898373204029113e-05 0
4493 6.845241809682543e-05 1.748776101871697e-05 0
4494 1.603914162393659e-05 1.871767265338639e-05 0
4495 1.544431946077899e-05 1.842491723939036e-05 0
4496 3.646616840119867e-05 8.036646571851332e-06 0
4497 4.355589185419478e-05 3.893020842627733e-06 0
4498 9.227988890121071e-05 1.93344334058549e-05 0
4499 0.0001401777905595144 1.934267006287471e-05 0
4500 9.067713019467958e-05 1.178332381306078e-05 0
4501 3.942492612599686e-05 7.111607069009111e-06 0
4502 1.864519106190961e-05 3.410760143121534e-06 0
4503 0.0001483260954039548 1.607555415479428e-05 0
4504 3.63478237586742e-05 8.046903348369862e-07 0
4505 5.738345868966732e-05 1.975620289225146e-05 0
4506 2.660454997957482e-06 1.782839535207294e-05 0
4507 8.321110626610136e-05 1.923862409457058e-05 0
4508 5.167412334439648e-05 1.081585096295699e-05 0
4509 4.482396733221072e-05 3.964811528717735e-06 0
4510 0.0001142256852832039 7.05199633312609e-06 0
4511 0.0001347922532292183 9.810193681791719e-06 0
4512 5.057412875492611e-05 1.971165676458118e-05 0
4513 9.18337765851489e-06 2.054309932255592e-06 0
4514 1.428564883806588e-06 3.332844715305852e-06 0
4515 9.471540902065406e-05 1.794092802284714e-05 0
4516 4.890975267245346e-05 1.241580015075446e-05 0
4517 4.434975440902321e-05 1.000682900108304e-05 0
4518 0.0001091341810843861 1.222230799696263e-06 0
4519 0.0001167978940307408 9.614161283049729e-06 0
4520 2.831989348242309e-05 5.448461255015192e-06 0
4521 2.784958815628335e-05 4.904321975976358e-06 0
4522 7.890834986554757e-05 1.910330076281207e-05 0
4523 0.0001362753674956956 1.374152442588032e-05 0
4524 3.487924866680354e-05 1.858310337688127e-05 0
4525 2.827911128766901e-05 1.381025744589934e-05 0
4526 0.0001493961067885065 1.736340855284771e-05 0
4527 3.794134935240823e-05 1.371401852256015e-05 0
4528 8.578262782037085e-05 1.869853788147098e-05 0
4529 4.223807961846408e-05 1.85681806828411e-05 0
4530 5.254711430670205e-06 2.391025643302096e-06 0
4531 1.903979400654841e-05 7.461227543028036e-06 0
4532 7.856829214219461e-06 1.845023827047977e-06 0
4533 6.000115429094004e-06 8.243699237975195e-06 0
4534 1.388163008909978e-05 7.998248334939064e-06 0
4535 1.368759774095714e-06 1.40360140186542e-05 0
4536 1.043787958495762e-05 8.065190836718242e-06 0
4537 5.104891086285061e-05 1.821885213933957e-05 0
4538 1.848486288647093e-06 8.292912205231149e-06 0
4539 2.169648511264265e-05 8.417133776781046e-06 0
4540 8.41929480536924e-05 1.941288768710653e-05 0
4541 3.670804978409007e-05 1.140406054800647e-05 0
4542 9.060968312159066e-06 1.935081865158653e-05 0
4543 3.389514172727218e-05 1.784179693887951e-05 0
4544 7.305214275714082e-05 1.934988890282431e-05 0
4545 6.326577719127931e-05 1.174723373320617e-05 0
4546 0.0001234069842661453 1.925228301025618e-05 0
4547 3.504070438829998e-05 1.358769070921029e-06 0
4548 1.416338002179348e-05 6.229105097085004e-06 0
4549 9.586444027076708e-05 1.802134576229803e-05 0
4550 3.553307075033547e-05 1.87161449099669e-05 0
4551 1.910618108997239e-05 1.666395498465e-05 0
4552 3.206788145169799e-05 5.010519268666003e-06 0
4553 6.451030775307001e-05 4.651260332376262e-06 0
4554 5.362100441955677e-05 1.481975533615227e-05 0
4555 9.954006605900409e-05 1.854229641295954e-05 0
4556 8.828809964768735e-05 1.9178889011898e-05 0
4557 1.802970133787753e-05 6.318939440349745e-06 0
4558 4.850762292452833e-05 5.615482838328775e-06 0
4559 7.25341965480303e-05 1.57446524483434e-05 0
4560 0.0001200663010608727 1.698267187311099e-05 0
4561 2.571902490576631e-05 3.907809505901917e-06 0
4562 4.072149034887495e-05 8.718836200142671e-06 0
4563 5.87664918006492e-05 7.383648360822923e-06 0
4564 4.363993505806275e-05 1.477090630422966e-05 0
4565 5.566021847383782e-05 1.124578012223325e-05 0
4566 3.40472431026516e-05 1.751190463845249e-06 0
4567 0.0001312920193761007 1.784440726193959e-05 0
4568 5.483418557061605e-05 1.86613878373251e-05 0
4569 7.780673576541162e-05 1.899403534742673e-05 0
4570 0.0001437100670495056 8.625453658810881e-07 0
4571 4.824433901468025e-05 1.461238807856137e-05 0
4572 2.783732903195647e-05 1.139664683440418e-05 0
4573 1.318376434610523e-05 5.596860872527052e-06 0
4574 0.0001370415783608053 1.664504160436666e-05 0
4575 0.0001414361704717788 1.564334151611927e-05 0
4576 9.065833308991952e-05 1.575460138952662e-05 0
4577 1.502917759377665e-05 2.988466821859684e-06 0
4578 9.298264901883632e-06 3.356770709751438e-06 0
4579 6.809870789308723e-05 1.924095458889889e-05 0
4580 0.0001205256055511771 6.814802798234436e-06 0
4581 6.421940131002264e-05 1.76730744376956e-05 0
4582 2.503223019655791e-05 1.524800352147047e-05 0
4583 4.744576217251255e-05 1.689758737025871e-05 0
4584 7.036922741198978e-05 7.95128885794902e-06 0
4585 7.95777903011981e-05 1.76621268949997e-05 0
4586 1.203026615518377e-05 3.942887543389481e-06 0
4587 0.0001391820195156002 1.571830393824205e-06 0
4588 0.0001475178464190764 1.699707270614591e-05 0
4589 1.836947604458106e-05 1.726520008800142e-05 0
4590 4.326611433982428e-07 6.26947196212689e-06 0
4591 4.189895621823204e-05 1.903796609487245e-05 0
4592 2.613756211816781e-05 1.145567984605353e-05 0
4593 3.772241787549867e-05 1.472788173461843e-05 0
4594 4.258893855862637e-05 3.957683731252131e-06 0
4595 1.682466399606469e-05 5.15042100254266e-06 0
4596 0.0001253640720074135 8.405634455188853e-06 0
4597 5.54224629645251e-05 1.830624959467089e-05 0
4598 2.886878675709094e-05 1.518127100897544e-06 0
4599 0.0001238331467939196 1.726209819335398e-05 0
4600 0.0001028541725850767 1.817671876541125e-05 0
4601 4.565004329963539e-05 8.538554590858822e-06 0
4602 9.209780433440162e-05 1.975390006245857e-05 0
4603 9.127725166422522e-06 5.146268341721241e-06 0
4604 4.961980645224449e-05 2.258277560193333e-06 0
4605 8.41174777728305e-05 1.02803086341755e-05 0
4606 5.688202495118343e-05 1.243962363391309e-05 0
4607 5.106902343078778e-05 1.878552746984517e-05 0
4608 3.199550014247502e-05 1.688073165008982e-05 0
4609 0.0001393656354904007 1.107558621436333e-05 0
4610 0.0001130551201194835 5.738052014500323e-06 0
4611 0.0001437402443495281 6.66926331918787e-06 0
4612 4.45440594520742e-05 8.656248639848255e-06 0
4613 4.99130448812865e-05 1.932597422538932e-05 0
4614 0.0001438931998494393 3.202917577122525e-06 0
4615 0.0001434034874063633 1.62968765608889e-05 0
4616 2.042401028546889e-05 1.847471143374552e-05 0
4617 1.468769310573022e-05 8.89217247930333e-06 0
4618 7.558956931090403e-05 7.224512043004454e-06 0
4619 5.944934169992085e-05 1.860387879017959e-06 0
4620 0.0001307223818665133 1.844751890340581e-05 0
4621 6.105714011049938e-05 8.764999760413732e-07 0
4622 1.655553320966791e-05 1.957687961075669e-05 0
4623 5.582546408239151e-05 1.69109535268162e-05 0
4624 0.000149571796695239 1.886003940895344e-05 0
4625 4.750775532874234e-07 1.882537371357688e-05 0
4626 9.640562584416055e-05 1.969359055888822e-05 0
4627 2.706159605579319e-06 1.887075552633983e-05 0
4628 6.058121049218085e-05 4.445576598858461e-06 0
4629 1.200247740922858e-05 7.467857054148944e-06 0
4630 5.078464026189514e-06 4.88419564598429e-06 0
4631 5.977718492474016e-05 1.754170758632588e-05 0
4632 4.928454993371255e-05 1.953831679621662e-05 0
4633 4.927657281849355e-05 1.93930507564704e-05 0
4634 5.426796796590682e-05 1.889213372674634e-05 0
4635 4.238952521245301e-05 6.546785845396017e-06 0
4636 6.192575056972961e-05 1.675039582778624e-05 0
4637 1.783589663287974e-05 1.231460764484895e-05 0
4638 1.695236856814084e-05 5.828783176322938e-06 0
4639 6.656931853353464e-05 1.060927054458884e-05 0
4640 9.87267751536333e-05 1.92086256128035e-05 0
4641 2.085330624856793e-05 1.135090318375754e-05 0
4642 5.57281799122241e-06 1.846652357361776e-05 0
4643 6.112621248090984e-05 3.625658546874719e-06 0
4644 0.0001345563067359575 8.310886309658237e-06 0
4645 4.462108878268175e-05 1.448843804594728e-05 0
4646 0.0001174871869716804 1.936333284541544e-05 0
4647 3.836666589309342e-05 4.684759383363789e-06 0
4648 9.968651443538464e-05 1.691030303332697e-05 0
4649 7.943630519839004e-05 1.869348620465462e-05 0
4650 3.124066267705936e-05 1.51783895066163e-05 0
4651 1.668742341623441e-05 1.103856517452098e-05 0
4652 5.054732052274108e-05 1.941848297135706e-05 0
4653 0.0001298739933075748 1.949886567879922e-05 0
4654 0.0001256357682809627 1.926642828927931e-05 0
4655 0.0001492809709023469 3.89674897387763e-06 0
4656 3.561660713499598e-06 1.728879692567346e-05 0
4657 3.74692066913517e-06 1.222374028467519e-05 0
4658 4.895227491355765e-05 1.631890647368727e-05 0
4659 2.333177771195123e-05 6.038683456801109e-06 0
4660 4.126089283715838e-05 5.313458633432721e-06 0
4661 8.442639547596036e-05 1.79371470472408e-05 0
4662 0.0001281979253759241 9.204468832165055e-06 0
4663 4.949671843248289e-05 1.911364190421077e-05 0
4664 2.804427706153963e-05 6.065412883550667e-06 0
4665 2.417573667361344e-05 1.059802285760092e-05 0
4666 1.420027193367559e-05 7.155303602574385e-06 0
4667 0.0001029587556875563 5.579211551350607e-06 0
4668 5.538107879223825e-05 1.490480217921361e-05 0
4669 4.509205583960218e-05 1.881842145828123e-05 0
4670 0.0001172559214598408 3.585040154087894e-06 0
4671 0.0001208601649062753 3.230067854878667e-06 0
4672 6.78245445480249e-05 1.973659418748614e-05 0
4673 4.663453666060304e-05 1.290998210613374e-05 0
4674 2.467733624265787e-05 3.167775472629611e-06 0
4675 3.409822491049907e-05 6.351944790019714e-07 0
4676 0.0001491733978194985 9.803091158801066e-06 0
4677 0.000100468018009117 5.65247612895111e-06 0
4678 1.451735691175434e-05 1.816539126210591e-05 0
4679 7.899136611750189e-05 6.675249422814731e-06 0
4680 4.055701420118341e-05 9.794479820337489e-06 0
4681 2.162621435033439e-05 1.090980148447607e-05 0
4682 4.91928488014655e-05 1.880305779484082e-05 0
4683 8.72267598720123e-05 1.684987896352761e-05 0
4684 5.022843388039709e-05 1.836218321424777e-05 0
4685 9.711317032284444e-05 1.852940594882696e-05 0
4686 5.732347187592761e-05 1.846019061405407e-05 0
4687 7.461887778466328e-05 1.523356536846561e-05 0
4688 0.0001447486990559394 1.195856109313893e-05 0
4689 6.650330503069209e-05 4.583163912253159e-06 0
4690 4.840711548457467e-05 1.158577185685515e-05 0
4691 4.098085501200091e-05 1.245277447956103e-05 0
4692 0.0001003633165906464 1.945573114744153e-05 0
4693 6.830397251641979e-06 1.527150991467722e-05 0
4694 5.366804769798788e-05 1.815843003089394e-05 0
4695 2.261665670006172e-05 7.600112197024514e-06 0
4696 1.622528767391413e-06 1.758844515086734e-05 0
4697 1.185243501721241e-06 2.779835065855442e-06 0
4698 2.673962689391321e-05 1.214844465615338e-05 0
4699 0.0001401416162096882 1.533732697880296e-05 0
4700 5.369988171262545e-05 1.280710849064813e-05 0
4701 9.759959800529864e-05 1.899258377948737e-05 0
4702 2.614890093833289e-05 5.76570815650835e-06 0
4703 8.140359546740555e-05 1.867980049177337e-05 0
4704 8.56788212504777e-05 1.935910768196007e-05 0
4705 0.0001041802712865813 9.320236755510551e-07 0
4706 9.37007485049046e-05 1.682390716405243e-05 0
4707 4.677507087603093e-05 1.892566738493537e-05 0
4708 7.277690646314804e-05 1.980608775579915e-05 0
4709 1.641144853197134e-06 1.116275043651349e-05 0
4710 7.972059983239692e-05 1.925813879547838e-05 0
4711 5.449072288470944e-07 1.336009409359824e-05 0
4712 5.659285767348059e-05 1.975224848836026e-05 0
4713 0.0001422735216392804 1.166527564529523e-05 0
4714 1.307853167136432e-05 7.425475850699719e-06 0
4715 7.891186818436498e-05 1.97630600075766e-05 0
4716 3.371210765230561e-05 1.697576373585712e-05 0
4717 8.346816720864695e-05 1.903796858925438e-05 0
4718 5.140777798901949e-05 1.274098146205319e-05 0
4719 6.834003095609619e-05 1.973216140316815e-05 0
4720 3.825887619964544e-06 1.049954129461125e-05 0
4721 3.784299560911644e-05 1.821928033246437e-05 0
4722 4.268306339976649e-05 1.032555486474017e-05 0
4723 0.0001284834559661933 1.270033189222687e-05 0
4724 0.0001346162895576264 1.787725560627859e-05 0
4725 4.70435824779314e-06 5.922612944948963e-06 0
4726 0.0001435456339001374 1.857259984910365e-05 0
4727 4.829564637618426e-05 1.504967381454384e-05 0
4728 5.294369324413489e-05 1.48454826384353e-05 0
4729 9.924313740795521e-05 1.778964112624448e-05 0
4730 2.36257974041925e-05 7.904526398831785e-06 0
4731 4.978358770711456e-05 1.953409588557539e-05 0
4732 2.159715199286905e-05 6.02735063303238e-06 0
4733 9.618907958745898e-05 1.922874359490558e-05 0
4734 8.937709681504561e-05 1.76116016216868e-05 0
4735 9.183051357600775e-05 2.702313351641142e-06 0
4736 3.50216089000289e-05 1.359675793839974e-05 0
4737 1.440955271045527e-06 4.802080185688075e-06 0
4738 3.992808891262322e-05 1.032462519237277e-05 0
4739 9.079575918682475e-05 1.924857143967234e-05 0
4740 0.0001259415225204621 1.04631887949693e-05 0
4741 5.665766608063843e-07 5.761520552016594e-06 0
4742 5.377939434482791e-06 1.44877046388218e-05 0
4743 8.789278548306933e-05 1.905707497301348e-05 0
4744 4.782641342793307e-05 1.446795468161927e-05 0
4745 4.266905290668548e-05 1.914317634400275e-05 0
4746 4.916914846536251e-05 6.293610329145263e-06 0
4747 0.0001147460948737984 5.300264204204181e-06 0
4748 1.733822121615748e-05 3.89923743183002e-06 0
4749 3.210888131038417e-05 1.071946524465259e-05 0
4750 7.674687920847844e-05 1.975907848079508e-05 0
4751 0.0001419748821874693 1.084337936543644e-05 0
4752 0.0001422461051187788 1.004319620422522e-05 0
4753 5.871127453439681e-06 9.055090168376284e-06 0
4754 5.803983386216866e-05 1.927000088668672e-05 0
4755 5.090331804477691e-05 1.945083912222794e-05 0
4756 4.258476128470341e-05 1.636424171707056e-05 0
4757 5.082885532691365e-05 1.740876708144895e-05 0
4758 9.426111544982573e-06 1.616625297031927e-05 0
4759 0.0001412182013996107 8.114592587443071e-07 0
4760 6.137848874060259e-05 1.778603294542147e-05 0
4761 5.350844339177002e-05 6.724292378673534e-06 0
4762 2.076961200983973e-05 8.132577707749341e-06 0
4763 1.188559420318088e-05 1.951784250682157e-05 0
4764 7.380023354230879e-05 1.913981804773197e-05 0
4765 5.823584474854919e-05 1.444559196057824e-05 0
4766 0.0001379577961932444 1.927696795245057e-05 0
4767 6.961650761070525e-05 1.973622239042731e-05 0
4768 0.000133087019276573 5.895273357773534e-06 0
4769 4.043905137223161e-05 1.805481442143217e-05 0
4770 3.857163494237532e-05 1.727246955505996e-05 0
4771 7.094577135361052e-06 1.863004173565389e-05 0
4772 3.267915919443428e-06 7.576896679873007e-07 0
4773 5.262763764506849e-05 7.477714119501103e-06 0
4774 3.649973739671974e-05 9.116516626213757e-06 0
4775 1.857147531053207e-05 9.792541068154529e-06 0
4776 6.138472530336769e-05 1.927334631134898e-05 0
4777 3.967192029983661e-05 1.521039511867417e-05 0
4778 9.252653878554214e-05 1.740261777956649e-05 0
4779 5.245398551005634e-05 1.897431660484781e-05 0
4780 4.995198339846849e-05 1.713739359912444e-05 0
4781 2.414322327820763e-05 8.81366047843579e-06 0
4782 5.967962779576989e-05 1.624260395073889e-05 0
4783 7.006803244058933e-05 1.33561234831164e-05 0
4784 7.662508030860623e-05 1.81708351619932e-05 0
4785 0.0001428009608417243 4.462375659285441e-06 0
4786 3.975137995887859e-05 1.70590636084698e-05 0
4787 4.606307606467279e-05 1.437767204409635e-05 0
4788 4.862875966808538e-05 1.856957283361041e-05 0
4789 4.16666291684233e-05 1.597067641082393e-05 0
4790 7.683420042176267e-05 1.926660412419947e-05 0
4791 4.707064780664408e-05 1.669558874821888e-05 0
4792 5.840964584780036e-05 1.863387496217812e-05 0
4793 3.118890554785761e-05 8.635843873781394e-06 0
4794 4.312627749896477e-05 1.494526072928924e-05 0
4795 6.207551942711962e-05 7.090208715606256e-06 0
4796 1.186591140524151e-05 1.44673998579671e-05 0
4797 0.0001080530281827721 1.574269595102191e-05 0
4798 2.927060124327882e-05 1.764613344865774e-05 0
4799 5.952007010949544e-05 1.9003957670983e-05 0
4800 0.0001491537261605172 1.35304113269818e-05 0
4801 0.0001007735523710679 1.627170201071073e-05 0
4802 2.305369812080382e-05 5.592148406611537e-06 0
4803 3.642765969154115e-05 1.301640418108891e-05 0
4804 4.951778537514406e-05 1.624466016929242e-05 0
4805 3.711158820503262e-05 1.536654880037326e-05 0
4806 0.0001092162193692727 1.075230105148345e-05 0
4807 0.0001151533074082313 1.817252179785975e-05 0
4808 2.926087182943284e-05 3.504182757619566e-06 0
4809 4.033492839011349e-05 6.601691301952011e-06 0
4810 7.841833253360286e-05 1.132644217007816e-06 0
4811 6.196749313894981e-05 1.076026885851594e-05 0
4812 6.049100426350738e-05 9.62960901903202e-06 0
4813 2.84214681015165e-05 1.955818305096243e-05 0
4814 8.67135483247098e-05 1.185560382146704e-05 0
4815 6.261636202724126e-05 1.531012275179225e-05 0
4816 9.057450795319854e-05 1.092835461952861e-06 0
4817 3.804106946290459e-05 1.417713695085047e-06 0
4818 6.642176339657937e-06 4.633778091131239e-06 0
4819 7.71119309982222e-05 1.970884079135653e-05 0
4820 3.744469740498989e-05 1.578710417793409e-05 0
4821 9.283871447918997e-05 1.928130568521196e-05 0
4822 0.0001366903418471442 2.831742428842853e-06 0
4823 9.263305590963103e-05 1.897941627825542e-05 0
4824 0.0001400257454812934 1.801228090614566e-05 0
4825 3.88718019840397e-05 1.135987705352125e-05 0
4826 3.561115335122996e-05 6.848044606732622e-06 0
4827 3.965834096896163e-05 1.076547111775671e-05 0
4828 9.403143260891528e-05 1.976973031712447e-05 0
4829 0.0001410539736510432 8.02542354633214e-06 0
4830 0.0001076062111109118 2.432993550733229e-06 0
4831 6.876466309662741e-05 1.927065452217156e-05 0
4832 6.275418336378653e-06 1.025306802416107e-05 0
4833 7.590450415355725e-05 1.890360991537468e-05 0
4834 2.619247532123231e-05 1.524244447535048e-05 0
4835 9.821510946969956e-05 1.877220606997391e-05 0
4836 0.0001321819472958674 3.038477537149331e-06 0
4837 0.0001038913231757582 1.386741904175886e-05 0
4838 4.966003204656396e-07 4.736062931013166e-06 0
4839 3.324716288905041e-05 1.474865891612593e-05 0
4840 1.998053215152711e-05 1.072331946238852e-05 0
4841 0.0001178336765465523 9.631181244577689e-06 0
4842 1.845688707710165e-05 1.946345935483423e-05 0
4843 1.131727349540935e-06 4.531748932679671e-07 0
4844 1.060336605073378e-05 1.112352005705138e-05 0
4845 2.06360194888588e-05 8.70950969519602e-06 0
4846 9.589074326492333e-05 7.243758697360988e-06 0
4847 0.0001201689834953452 8.61358643506042e-06 0
4848 0.0001111666318246541 1.791716676286715e-05 0
4849 5.947595552778028e-05 4.679702568772275e-06 0
4850 3.719741956034168e-05 3.15703877458782e-06 0
4851 9.331609082379759e-05 1.892325752511991e-05 0
4852 0.0001180464246745725 1.055264778540961e-05 0
4853 4.892296269594983e-07 2.075181485966462e-06 0
4854 0.0001128644056065206 6.418219874062706e-07 0
4855 5.720551546230879e-05 1.364984549909194e-05 0
4856 5.061416927310869e-05 1.835830475659086e-05 0
4857 2.305757767350952e-05 1.235951868360435e-05 0
4858 9.957966726837282e-05 1.044857613070333e-06 0
4859 5.819933067404984e-05 1.222216160758548e-05 0
4860 5.10842314456696e-05 7.970282364208826e-06 0
4861 1.780042265757122e-05 1.614227388813598e-05 0
4862 5.230726593982703e-05 1.927581028808571e-05 0
4863 8.370267763325515e-05 1.951441424861276e-05 0
4864 7.693318795572869e-05 1.782840940256773e-05 0
4865 4.947249130222044e-05 7.478967606457955e-06 0
4866 0.0001219957607412093 6.456077254975539e-06 0
4867 1.262018819718719e-05 1.113077968921335e-05 0
4868 0.0001067786809103832 1.182342474812515e-05 0
4869 0.000119110389713158 3.050026581209179e-06 0
4870 0.0001277555877173936 1.15234399163097e-06 0
4871 7.932348681751161e-05 1.938179871215774e-05 0
4872 8.173381447699226e-05 1.852337519853121e-05 0
4873 8.527761409009543e-05 1.972574517105311e-05 0
4874 4.201931732826016e-05 9.444273481777702e-06 0
4875 4.932998640578781e-05 1.669505680861437e-05 0
4876 0.0001098986731759499 1.721519995423323e-05 0
4877 5.087356879070533e-05 1.598725419834917e-05 0
4878 4.191480616269477e-05 8.149273473752784e-06 0
4879 4.068882354027161e-05 6.310071811179033e-06 0
4880 4.055964771807652e-05 2.674113839637994e-06 0
4881 5.062278741854718e-05 1.038516370397949e-05 0
4882 1.087952206590853e-05 1.594717648001793e-05 0
4883 9.650563020307821e-05 1.837481219184324e-05 0
4884 8.78012129642884e-05 1.520700900026751e-06 0
4885 5.00509709839747e-06 1.165913782406197e-05 0
4886 5.089757290315782e-05 1.531025042645613e-05 0
4887 5.309939624531132e-05 1.928442136790365e-05 0
4888 5.418308583912592e-05 1.482612756815427e-05 0
4889 3.671131404224815e-05 1.78750415061191e-05 0
4890 5.188958664515673e-05 1.894643117812244e-05 0
4891 2.219665174467069e-05 1.170597897669335e-05 0
4892 4.722480248023676e-05 1.100797372859012e-05 0
4893 4.898841175130898e-05 1.960763659206393e-05 0
4894 4.893290952587078e-05 1.980072096943619e-05 0
4895 4.867944576801983e-05 1.978866641673981e-05 0
4896 0.0001030705822114553 3.430839565513567e-06 0
4897 6.392414418674172e-05 1.009311120543692e-05 0
4898 5.711665466274102e-05 1.8826071737849e-05 0
4899 7.598087731907413e-05 1.447093007066639e-05 0
4900 7.17928933919079e-06 1.708376486238486e-05 0
4901 9.822319101808865e-05 1.433321786822448e-05 0
4902 3.077942935448964e-05 1.08711975120605e-05 0
4903 1.044021237555078e-05 5.619018276549268e-06 0
4904 2.16708380142946e-05 1.873884873662256e-05 0
4905 0.0001254999939137204 1.784822910672351e-05 0
4906 6.599713409924033e-06 1.135304383041562e-05 0
4907 4.587674483732109e-05 3.52476403704694e-06 0
4908 4.279011080588233e-05 8.753913225474258e-06 0
4909 4.896543696019564e-05 1.450889217249076e-05 0
4910 2.076312430045835e-05 3.601049901902367e-06 0
4911 5.601089098090723e-06 4.106979680816719e-06 0
4912 1.502589220033848e-05 7.205650724821051e-07 0
4913 7.572655799618467e-05 4.48384566719855e-06 0
4914 0.0001163738738187276 2.153777781611421e-06 0
4915 3.670616873333839e-05 1.013261577061284e-05 0
4916 4.210319524547594e-05 1.302314656185552e-05 0
4917 4.340027016031278e-05 1.103767602964771e-05 0
4918 2.634431430559212e-05 6.853869232916206e-06 0
4919 3.82337112381183e-05 9.06951625454014e-06 0
4920 1.904037105466551e-05 1.066010393900876e-05 0
4921 1.85881022228654e-05 1.038978149090626e-05 0
4922 0.000112184373324006 1.163021905117265e-05 0
4923 3.821062969645737e-05 8.096609879404438e-06 0
4924 4.801948774383995e-05 1.934927265373836e-05 0
4925 0.000108880565256355 4.493631696200465e-06 0
4926 3.241432087790292e-05 1.50170896706193e-05 0
4927 0.0001205239688069477 1.345858740987505e-05 0
4928 3.545385811862377e-05 1.629663067030593e-05 0
4929 3.107335409377486e-05 9.24324000974468e-06 0
4930 7.504751026573366e-06 1.103712387599549e-05 0
4931 5.187675830661279e-06 1.104509524795638e-05 0
4932 3.943553501098512e-05 1.312835104571071e-05 0
4933 4.840142798869407e-05 1.384467744285217e-05 0
4934 9.236900039582867e-05 1.529612911583033e-05 0
4935 5.185343126298675e-05 1.938301930991371e-05 0
4936 4.355669638288415e-06 1.948284993349123e-05 0
4937 3.340283576448661e-05 2.696704121069281e-06 0
4938 0.0001157639421448219 5.611598209982381e-06 0
4939 9.633853361547083e-05 2.129290393986496e-06 0
4940 9.536588645796598e-06 7.257208702777419e-06 0
4941 0.0001383457524716368 5.272726597523107e-06 0
4942 8.627846084636189e-06 6.411155822023607e-06 0
4943 0.0001172994981735988 1.616388055075337e-05 0
4944 5.862835700013198e-05 1.92745286476578e-05 0
4945 7.995913332371433e-05 3.492972000937107e-06 0
4946 2.280391375336429e-05 2.665485633816625e-06 0
4947 4.134370733296889e-06 1.14218897754306e-05 0
4948 4.529957007290601e-06 1.687320089379442e-05 0
4949 0.0001358323969797577 2.245156848660331e-06 0
4950 3.648070825393009e-06 1.118694282956116e-05 0
4951 3.426168256407333e-05 1.289445253163684e-05 0
4952 0.0001010495039409687 2.83403662009147e-06 0
4953 5.443858534202825e-05 1.973833676002883e-05 0
4954 1.189035795302282e-05 1.155985108097462e-05 0
4955 7.163365200438243e-05 1.936924655304192e-05 0
4956 2.052819724310639e-05 2.500340994585198e-06 0
4957 3.569121548087626e-06 1.887746386172462e-05 0
4958 0.0001140225154888977 6.040249973095447e-06 0
4959 1.983813754904458e-05 5.950331277130488e-06 0
4960 0.0001187463058087101 6.253700806480465e-06 0
4961 2.658453699139454e-05 7.822555304426008e-06 0
4962 9.422721825347126e-05 1.870810477655624e-05 0
4963 5.57140010860027e-05 6.634866440536027e-06 0
4964 9.331389801004844e-05 1.830399181106531e-05 0
4965 3.059888797621281e-06 3.279338138077824e-06 0
4966 6.620289032484519e-05 1.889683896757193e-05 0
4967 2.712098841772279e-05 1.880209345231054e-05 0
4968 3.668209581027023e-05 1.463582206200559e-05 0
4969 8.875389943841506e-05 1.924739540805835e-05 0
4970 4.028220936800462e-05 9.016540870261617e-06 0
4971 6.120665137599284e-05 7.312584230858438e-06 0
4972 5.057564816194839e-05 1.212245327637222e-05 0
4973 1.497813284066497e-05 3.938666891488512e-06 0
4974 0.0001019537997035682 1.957162724875013e-05 0
4975 6.226895232468464e-05 2.26455206151194e-06 0
4976 0.000139790273140883 5.771594796841471e-06 0
4977 0.0001176403352099947 5.209969548375727e-06 0
4978 5.683850945736173e-05 6.043198085816543e-06 0
4979 0.0001270399082622049 8.179749364503518e-06 0
4980 5.411937623329922e-05 1.373631524365787e-05 0
4981 1.112750535731064e-05 1.662031673112366e-05 0
4982 3.87622604357206e-05 1.660359204771102e-05 0
4983 9.56615929055546e-05 5.392261566139325e-06 0
4984 0.0001208692043816948 7.82222086419721e-06 0
4985 0.0001146936366546266 1.765156808090192e-06 0
4986 0.0001454108361765176 1.736644983867808e-05 0
4987 4.42352712033067e-06 1.889476809215226e-05 0
4988 4.503608951027575e-05 1.316582456744936e-05 0
4989 1.278642762326854e-05 1.873068087115768e-05 0
4990 6.486367150032055e-05 1.95349585550759e-05 0
4991 2.014818898919179e-05 1.222972299561286e-05 0
4992 2.731650572749121e-05 1.126189398632981e-05 0
4993 0.0001219195847086359 1.450883321273328e-05 0
4994 4.423409550577336e-05 1.810772898958683e-05 0
4995 2.30882948801238e-05 1.041930869609165e-05 0
4996 7.343810589663052e-05 3.300193533602777e-06 0
4997 1.253916093248299e-05 1.441645310627823e-06 0
4998 0.0001335244966444303 1.301120841132064e-05 0
4999 0.0001484683557321183 1.864148265600453e-05 0
5000 6.678570532293814e-05 6.433801791560959e-06 0
5001 9.796734254737387e-05 9.779131107342534e-07 0
5002 3.662496021644862e-05 4.367461590424984e-06 0
5003 2.802615891853589e-05 9.338387906129455e-06 0
5004 5.058170864940102e-05 1.376248737288221e-05 0
5005 0.0001150302246381966 1.294233832200816e-05 0
5006 5.457659504212575e-06 4.585376275386913e-07 0
5007 5.979607541744737e-05 1.844194435397141e-05 0
5008 1.127622358571954e-05 1.268811756481479e-05 0
5009 4.008745515546972e-05 1.192755616965922e-05 0
5010 0.0001088845017611971 1.944190641913918e-05 0
5011 0.0001082537644982859 1.94448278185602e-05 0
5012 6.174416391780793e-05 1.867283049673274e-05 0
5013 1.251190010683561e-05 1.521538419202226e-05 0
5014 5.69138750751922e-05 3.118470450143295e-06 0
5015 4.79361443660519e-05 1.52990557730966e-05 0
5016 6.055917749648349e-05 1.772477585485174e-05 0
5017 7.815534426069435e-05 1.975587532890755e-05 0
5018 8.281980101088748e-05 1.885667367573441e-05 0
5019 4.634968582659781e-05 1.937407490013181e-05 0
5020 0.0001392178372567418 1.628958221605134e-05 0
5021 9.790246482671279e-05 1.551024479366648e-05 0
5022 0.0001007644072776947 1.012209542017338e-05 0
5023 3.980881996102451e-05 6.322006525001377e-06 0
5024 6.266609243393064e-05 9.478151107614404e-06 0
5025 4.383432517755374e-05 1.547412510922499e-05 0
5026 4.694079521443455e-05 1.729799574445848e-05 0
5027 1.355572739405242e-05 1.978728792407116e-06 0
5028 8.821445634200559e-06 1.296842679453767e-05 0
5029 8.774893854965447e-05 1.841586511496949e-05 0
5030 5.280666198350552e-05 1.857941922125921e-05 0
5031 0.0001471138856382971 5.876996242959219e-06 0
5032 9.718317506409176e-05 1.547550416826025e-05 0
5033 3.725102524791272e-05 4.944990141818422e-06 0
5034 9.546178704076625e-06 1.524644941909346e-05 0
5035 8.604755855888755e-05 1.977115084896236e-05 0
5036 6.470986472657188e-05 3.624741115247694e-06 0
5037 6.561235206870258e-05 3.21766894339956e-06 0
5038 0.0001038440618812653 7.234700590588397e-06 0
5039 4.838050271499122e-05 1.93381791379122e-05 0
5040 1.594574330243627e-06 4.272264362142528e-06 0
5041 1.167374148755843e-05 9.430038540506391e-06 0
5042 0.0001287834967011426 5.555861913135433e-06 0
5043 4.485121976108765e-05 1.776852450440199e-05 0
5044 1.45831285113818e-05 2.547736311782847e-06 0
5045 9.537935284892384e-05 1.93545612332859e-05 0
5046 4.99325513437671e-05 1.374891959365483e-05 0
5047 3.896812358988779e-05 4.821337509807826e-06 0
5048 5.145082245851381e-05 7.009966300651172e-06 0
5049 4.303905954118954e-05 1.967308924280655e-05 0
5050 2.527981426903446e-06 1.52231753625566e-05 0
5051 4.977692899357885e-05 1.594903744319859e-05 0
5052 0.0001407697192534238 2.242606944990165e-06 0
5053 5.154174456753764e-05 4.691430576215521e-06 0
5054 3.832109292971463e-05 1.028799000350346e-05 0
5055 3.968136719654739e-05 1.399316764403606e-05 0
5056 3.966097586139233e-05 9.877581564381932e-06 0
5057 1.953884367416896e-05 1.331730758031717e-05 0
5058 2.391677962423161e-05 1.288737064405233e-05 0
5059 0.0001417352467541354 2.679564885731822e-06 0
5060 3.163280611231468e-05 3.290044436916083e-06 0
5061 0.0001405197099238713 1.461297921698873e-05 0
5062 5.358711203538382e-05 2.589379807049271e-06 0
5063 6.411589693038142e-06 1.788661436404955e-05 0
5064 8.329219543842005e-05 1.950209400510173e-05 0
5065 4.859823637091747e-05 1.583336936506691e-05 0
5066 4.694580197746581e-05 1.471352580061769e-05 0
5067 5.170101335027646e-05 5.913356044965201e-06 0
5068 0.0001477777853173391 1.220067369126165e-05 0
5069 3.005479737380223e-05 1.874007398308604e-05 0
5070 9.294211578782684e-05 1.180846519166406e-05 0
5071 5.016554510111441e-05 1.642314104718454e-05 0
5072 4.978715269792418e-05 6.427872442719115e-06 0
5073 0.000120522476557167 5.268343871873479e-06 0
5074 8.497639808811517e-05 1.889312050223881e-05 0
5075 8.039504084791768e-05 1.661722791073036e-06 0
5076 3.718187587836744e-05 1.757191866208804e-05 0
5077 5.480088004058292e-05 1.096253976034511e-05 0
5078 6.223387972009667e-05 1.806511345170272e-05 0
5079 2.837159293889145e-05 7.915537947803534e-06 0
5080 2.91686979197513e-05 8.112934680252175e-06 0
5081 0.0001357275253718692 1.684919967104665e-05 0
5082 3.75143639686944e-05 7.348291167957998e-06 0
5083 2.525605290645283e-05 1.637095259604987e-05 0
5084 2.452745735155987e-05 6.622412478100016e-07 0
5085 8.582614809912374e-06 1.549654443170132e-05 0
5086 7.742246974098583e-05 1.845548120793115e-05 0
5087 6.203527864291813e-05 4.77883119827929e-06 0
5088 0.0001048530980706525 8.153145744332332e-06 0
5089 4.83821477981684e-05 1.818426755146553e-05 0
5090 5.980765657235696e-05 1.926894811203294e-05 0
5091 7.556870583213102e-05 1.876253052026219e-05 0
5092 6.604934503550709e-05 1.974497286869323e-05 0
5093 9.855158969176844e-05 5.708941752767108e-06 0
5094 0.0001023042100724096 1.136338876833969e-05 0
5095 2.399175858068686e-05 1.510516840451625e-05 0
5096 3.205485588264839e-05 1.188843730620495e-05 0
5097 2.509835213479355e-05 1.268688126769073e-05 0
5098 0.0001035122636806858 9.216715905356433e-06 0
5099 4.699481479339254e-05 7.936186072464557e-06 0
5100 0.0001487530459206741 1.738158808358997e-05 0
5101 5.648240904177196e-05 1.949161796949375e-05 0
5102 1.595913713353466e-05 6.006834290670742e-06 0
5103 5.607386108805901e-05 1.301839281127532e-05 0
5104 1.424032812100336e-05 1.213654451968972e-05 0
5105 0.0001324716710789448 1.384632604906297e-05 0
5106 0.0001491768731652799 1.977825429300051e-06 0
5107 3.805337019530666e-05 6.223231577385636e-06 0
5108 5.271245501326916e-05 5.386206327831563e-06 0
5109 0.0001347720121992643 1.940869906407218e-05 0
5110 4.448336814957604e-05 1.175357852463729e-05 0
5111 1.046344858312053e-05 3.600228871348757e-06 0
5112 6.509538074227796e-05 1.941740655192297e-05 0
5113 4.136430765250271e-05 6.818316375403199e-06 0
5114 9.507200822251024e-05 1.919401994721651e-06 0
5115 4.070392047043047e-05 4.34134301254732e-06 0
5116 4.73652728342952e-05 9.343298990356472e-06 0
5117 0.0001109446024558682 5.593590746988526e-06 0
5118 4.671099375135552e-06 4.375512586816892e-06 0
5119 0.0001237052386707593 8.859566575810662e-07 0
5120 5.233855087826188e-05 1.129813821578984e-05 0
5121 3.42558522227365e-05 7.861651825012133e-06 0
5122 6.744788656021899e-05 1.936141294716964e-05 0
5123 0.0001429008260287439 1.530406911991964e-05 0
5124 6.285576117700846e-05 1.818375355062128e-05 0
5125 7.791479824897226e-06 9.22423091957243e-06 0
5126 3.376275856727228e-05 1.259877534843005e-05 0
5127 9.46629653037836e-05 1.907097690841839e-05 0
5128 6.302238208500927e-06 2.857350309576816e-06 0
5129 6.837719173042067e-05 7.34609130625245e-06 0
5130 4.752211977954066e-05 2.435698338268349e-06 0
5131 2.99108105883917e-05 9.021148202400202e-06 0
5132 1.06561866234882e-05 1.720014690644941e-05 0
5133 5.786735786999063e-05 8.918973377835668e-06 0
5134 0.0001481788170095605 8.654395911112402e-06 0
5135 6.74457732165845e-06 3.912150399104594e-06 0
5136 3.487843315277062e-05 1.800557083219843e-05 0
5137 4.862941915751532e-05 1.6530122061548e-05 0
5138 2.751128925748078e-05 7.219851263876282e-06 0
5139 2.81512778174426e-05 1.663777337876209e-06 0
5140 4.651023480054987e-05 1.418365156871064e-05 0
5141 4.486331440862015e-05 2.795163435010775e-06 0
5142 4.783353032422866e-05 1.595099538124591e-05 0
5143 4.800263598924988e-05 1.565160104920809e-05 0
5144 0.0001054688248372251 1.938665622141967e-05 0
5145 2.193189101583199e-05 1.341498381767537e-05 0
5146 2.225910024066754e-05 1.297419614358245e-05 0
5147 6.674305396341689e-05 1.727290993886201e-06 0
5148 6.390059733035397e-05 1.884074323043415e-05 0
5149 1.560504189760296e-05 6.791597094739122e-06 0
5150 5.774897448929955e-05 1.902596448118455e-05 0
5151 4.270099656477179e-06 5.095320435106547e-06 0
5152 0.0001238625191593791 6.200929168890759e-06 0
5153 6.979978633834245e-06 7.321459932748033e-06 0
5154 4.532264406383042e-05 1.46783717334229e-06 0
5155 4.400658783707973e-05 1.958484225592216e-05 0
5156 1.485686827133305e-05 7.446006611335222e-06 0
5157 4.848222594363946e-05 3.986974858482476e-06 0
5158 7.088653370450118e-05 1.84141197922836e-05 0
5159 0.0001296136859301149 6.256288670163241e-06 0
5160 5.952356123763417e-05 3.20388035755172e-06 0
5161 0.0001157816749585305 1.208438082161711e-05 0
5162 0.000144877761934967 5.902522822004843e-06 0
5163 3.836271771781288e-05 1.470777935303758e-05 0
5164 3.874365339048705e-05 5.632809934642284e-06 0
5165 5.545534946575548e-05 4.357682627910638e-06 0
5166 6.754582163251692e-05 1.876509662879799e-05 0
5167 8.790651724842498e-05 1.783628947311908e-05 0
5168 0.0001317169342425569 7.034805967404779e-06 0
5169 7.135341280920532e-05 1.837525153310476e-05 0
5170 1.650570851662882e-05 1.522415273578576e-05 0
5171 8.324446666562368e-05 1.828788318598929e-05 0
5172 6.565615567605567e-05 1.973807748885881e-05 0
5173 5.243866606294888e-05 1.762930866026364e-05 0
5174 4.563518981926254e-05 6.857559653826505e-07 0
5175 0.0001158870848643441 6.658639329010505e-06 0
5176 1.020684605666673e-05 1.479752793533366e-06 0
5177 0.0001181508260959125 1.605934117972772e-05 0
5178 0.0001209403623351739 1.182619978462173e-05 0
5179 4.254576760155466e-05 1.225966610148427e-05 0
5180 2.973445083037152e-05 2.958020116614335e-06 0
5181 3.398821436223981e-05 1.008898806505731e-05 0
5182 1.657424597422987e-05 4.019603546827317e-06 0
5183 5.069062440378026e-05 1.428886665064627e-05 0
5184 4.311160607904021e-05 1.712930785967126e-05 0
5185 8.23739419293298e-05 1.888387286245488e-06 0
5186 3.057783597413044e-05 1.515123894989917e-05 0
5187 1.013485123747642e-05 9.711516982945379e-06 0
5188 0.0001049655805833701 1.669131292152056e-05 0
5189 8.530454657622744e-05 2.866375403670615e-06 0
5190 0.0001259841059381087 1.510701392471742e-05 0
5191 4.947164427719158e-05 1.162641471456893e-05 0
5192 1.450746852804383e-05 5.302665535915959e-07 0
5193 6.509152360639148e-05 1.340025778421122e-05 0
5194 1.43613252703031e-05 1.411788333260107e-05 0
5195 6.061941380217642e-06 1.564724660519173e-05 0
5196 2.294605792287346e-05 1.136092040874085e-06 0
5197 8.974802488858542e-05 1.974464305310796e-05 0
5198 3.339856320441791e-05 1.632678744924422e-05 0
5199 5.858878978538305e-05 1.780150139538403e-05 0
5200 0.0001051060265699589 1.024873171668851e-06 0
5201 0.0001478435152855224 7.383556367028904e-06 0
5202 6.881479271579247e-05 6.22102869674112e-06 0
5203 0.0001185956996317124 1.354157185902537e-05 0
5204 4.85680582236056e-05 1.953641122976619e-05 0
5205 0.000115770665932121 3.596955339679421e-06 0
5206 5.951913174835623e-05 1.976170969334472e-05 0
5207 6.34678340263615e-05 1.918244856818349e-05 0
5208 9.875402468342842e-05 1.978801675141934e-05 0
5209 0.0001391253040361213 1.947378497095749e-05 0
5210 0.000119218656477509 7.796215648611813e-06 0
5211 8.455579529763918e-05 1.977597271352849e-05 0
5212 3.920318484238747e-06 1.96155324414004e-05 0
5213 4.923241098543906e-05 1.423936669145892e-05 0
5214 1.588206615980464e-05 1.428984985766357e-05 0
5215 7.805870247696439e-05 5.628167563687637e-06 0
5216 5.055962478741648e-06 1.313611078722711e-05 0
5217 0.0001457803597378544 1.490368678283921e-05 0
5218 5.572716839025661e-05 1.905448833876782e-05 0
5219 0.000125956630570499 1.335134972660052e-05 0
5220 2.783646061888043e-05 5.349074890346822e-07 0
5221 4.522032715650126e-05 5.031666354253129e-06 0
5222 0.0001328657823483132 3.715559080375273e-06 0
5223 6.896210562597615e-05 1.977951767881218e-05 0
5224 0.0001325133470286789 1.743702226223624e-05 0
5225 8.476418945814879e-05 1.843846223190874e-05 0
5226 3.346391536685012e-05 5.569147743056299e-06 0
5227 0.0001227177964926339 1.124643870440053e-05 0
5228 7.889521430802238e-06 6.701343143094912e-06 0
5229 1.202320588949377e-05 6.365585124725513e-06 0
5230 2.378457294671831e-05 1.738097371934576e-05 0
5231 0.0001437150585521941 1.487548775091378e-05 0
5232 0.0001480689952745778 1.462185688910656e-05 0
5233 0.0001287004744689218 1.733981593020091e-05 0
5234 0.0001310262204609914 1.713593182463478e-05 0
5235 9.533897159644464e-05 1.978329279966712e-05 0
5236 9.151028391633632e-05 1.979995757083605e-05 0
5237 9.207721517562887e-05 1.847149058302197e-05 0
5238 2.835299259267275e-05 1.775061152197136e-05 0
5239 3.311691624758143e-05 1.381284687017931e-05 0
5240 2.61559770279607e-05 1.260991259680687e-05 0
5241 5.31766012984165e-05 1.884223427176609e-05 0
5242 4.996740665077747e-05 9.346260031963493e-06 0
5243 3.085606423548014e-05 1.419492675474599e-05 0
5244 3.405880125184218e-05 1.73361817413319e-05 0
5245 2.208644129841307e-05 1.369260576917203e-06 0
5246 9.935522936938811e-05 4.058729278637412e-06 0
5247 8.67947102331181e-05 1.747747940440305e-05 0
5248 4.761879489319195e-05 5.527504937475273e-06 0
5249 5.305528276676642e-05 1.831836352059326e-05 0
5250 1.810604938745517e-05 1.063211158246421e-05 0
5251 1.55073702099162e-05 1.393014194588492e-05 0
5252 2.524286619147309e-05 6.888052142084085e-06 0
5253 0.0001445723140190817 6.680102210939535e-06 0
5254 5.366380353364893e-05 1.773376311130203e-05 0
5255 5.130921184964726e-05 1.70183976123635e-05 0
5256 5.53364487210378e-05 9.710589849842401e-06 0
5257 5.280187462275139e-05 1.006248515734778e-05 0
5258 0.0001422632257852557 1.316146457067042e-05 0
5259 8.104474856006806e-05 1.978201463847007e-05 0
5260 4.568026901622709e-05 1.760471415397522e-05 0
5261 9.479212425135222e-05 1.869270757004932e-05 0
5262 1.05460622519381e-05 1.347919279160995e-05 0
5263 3.083096932440712e-05 1.624820065166017e-05 0
5264 1.182915742840541e-05 1.336333893103518e-05 0
5265 5.152100792059326e-05 3.659273070836824e-06 0
5266 0.000127625132239849 9.971194746853475e-06 0
5267 2.511580894370472e-05 7.799921766602009e-06 0
5268 5.002662454863527e-05 1.894151596184144e-05 0
5269 4.445813311291316e-05 3.501088150948558e-06 0
5270 0.0001461109962005132 1.197720612262276e-05 0
5271 6.601103274682808e-05 1.828530604893325e-05 0
5272 2.948466053142784e-05 6.597014230345063e-06 0
5273 2.246625532642169e-05 4.795402873139595e-06 0
5274 6.391006489907188e-05 1.947648712079674e-05 0
5275 2.40857779719073e-05 1.405306631044895e-05 0
5276 4.623443886247604e-05 1.906242079766418e-05 0
5277 3.239179004591918e-05 1.96899881425399e-05 0
5278 0.0001467564125227295 1.793827789444962e-05 0
5279 7.528363774505378e-05 1.920992954070388e-05 0
5280 9.981657026885892e-05 1.906447400760929e-05 0
5281 4.964539743933205e-05 1.56657531827595e-05 0
5282 1.255141422589364e-05 3.550139667047686e-06 0
5283 7.553279937508707e-05 1.938348775795939e-05 0
5284 0.0001010272065723828 1.321492908246944e-05 0
5285 5.208726732036299e-05 1.586119390030597e-05 0
5286 0.000146430517785547 1.936854213509477e-05 0
5287 1.948978476297931e-05 1.528235892332842e-05 0
5288 0.0001279791888141166 8.274427939011674e-06 0
5289 3.009275619314625e-05 1.000204441616085e-05 0
5290 7.676373295693284e-05 1.856619051844128e-05 0
5291 2.212931662789245e-05 1.504763698239727e-05 0
5292 9.956823519840007e-05 2.980171119541585e-06 0
5293 2.695404097906246e-05 1.332407404067623e-05 0
5294 3.281026280357019e-05 1.913286546421835e-05 0
5295 2.945639988553799e-06 1.181159027822599e-05 0
5296 2.395534820405597e-06 1.30521586895648e-05 0
5297 4.375209012691306e-05 1.42465431451743e-05 0
5298 1.360652747593075e-05 1.955156537615972e-05 0
5299 8.304762946867627e-06 1.725972770080463e-05 0
5300 8.187248587764686e-05 1.805449525314527e-05 0
5301 3.597671451334664e-05 1.634701453656388e-05 0
5302 3.504726507229801e-05 5.11738347560514e-06 0
5303 3.145009132642257e-05 6.868985126591662e-06 0
5304 6.956127701558714e-05 1.792465982706916e-05 0
5305 3.23409854637752e-06 3.922504036542039e-06 0
5306 3.009317789739756e-05 4.063643382061288e-06 0
5307 1.539357610198912e-05 2.146495331451265e-06 0
5308 3.011666975518886e-05 5.663376426532036e-06 0
5309 8.543064172954152e-05 1.881652986773985e-05 0
5310 0.0001447811357924714 1.846650162654535e-05 0
5311 5.496224848063305e-05 1.704010562328468e-05 0
5312 6.20515952928426e-05 1.846923010497182e-05 0
5313 5.854874399987703e-05 6.034231001006614e-06 0
5314 5.820924310485622e-05 6.813468145136669e-06 0
5315 5.800249181894086e-05 5.278725432567459e-06 0
5316 8.241833182614958e-05 1.973503651999971e-05 0
5317 1.052524313232379e-06 1.341063587709653e-05 0
5318 7.745167086995277e-05 1.977733248792116e-05 0
5319 3.117415301698755e-05 1.134459229448099e-05 0
5320 0.0001350550643108226 1.057434716817107e-05 0
5321 3.308012019144202e-05 1.707178469786836e-06 0
5322 7.507693132344521e-05 1.941926527350459e-05 0
5323 6.669762242435618e-05 1.570784658648827e-05 0
5324 7.491788912619311e-05 3.186855452223073e-06 0
5325 1.155457411324005e-05 1.39507298190072e-05 0
5326 4.22393631389568e-05 7.626473216198005e-06 0
5327 4.070288138301807e-05 5.030871684992973e-06 0
5328 4.445435574825576e-05 1.069889508064889e-05 0
5329 5.422949545399092e-05 1.315429742858964e-05 0
5330 2.595133277368126e-05 1.496806048629277e-06 0
5331 2.897971351714991e-05 2.46291019290656e-06 0
5332 7.027360121315941e-05 1.972047797530965e-05 0
5333 3.688673029802142e-05 1.373366011744174e-05 0
5334 3.118019602387883e-05 1.965385814795743e-05 0
5335 5.991736935116183e-07 9.735983658300134e-06 0
5336 0.0001436127028347503 7.937015325126974e-06 0
5337 1.803143481407758e-05 9.551233532686467e-06 0
5338 3.394919446840152e-05 5.027975954896274e-06 0
5339 1.421302568626508e-05 1.619708040566216e-05 0
5340 1.302550426819461e-05 8.978948060714656e-07 0
5341 0.0001445184642111065 9.437631798497447e-06 0
5342 2.43545927887325e-05 1.800388810395087e-05 0
5343 0.0001212253635241516 1.582240485528623e-05 0
5344 5.257587024796245e-05 4.116839194654363e-06 0
5345 1.011213830429328e-05 1.143410394990628e-05 0
5346 1.217435571669739e-05 1.212723565198495e-05 0
5347 0.0001493086497128574 5.916105528325726e-07 0
5348 5.576143398042425e-05 1.949366928689268e-05 0
5349 2.670548983699983e-05 1.951467790223032e-05 0
5350 6.68178906789737e-05 1.978124907179028e-05 0
5351 6.686251481358935e-05 1.858461247547985e-05 0
5352 2.551461589736856e-05 1.317622064606788e-05 0
5353 2.435805610569663e-06 1.154297445583536e-05 0
5354 5.014791942791531e-05 8.027963623406267e-06 0
5355 3.381023214807595e-05 6.002705413673993e-06 0
5356 8.243433853342257e-05 1.922183958985529e-05 0
5357 0.0001132516092117475 1.000923529231735e-05 0
5358 2.905914341772087e-05 1.269395608563487e-05 0
5359 0.0001492674993106407 8.23042108978146e-06 0
5360 3.661095949378303e-05 1.199009055671231e-05 0
5361 7.026795464798661e-05 1.855860111194714e-05 0
5362 3.912971406976448e-05 5.9080011048049e-06 0
5363 0.0001463142088126164 9.540483828427484e-06 0
5364 4.810595627115439e-05 5.329751970800414e-06 0
5365 4.21451988489968e-05 1.34281223250424e-05 0
5366 0.0001330892687099731 1.931311074191989e-05 0
5367 0.000135168348471847 8.968920293570567e-06 0
5368 4.507799327985188e-05 1.074433400301399e-05 0
5369 0.0001341642379445258 3.89650516275386e-06 0
5370 1.301226847653034e-05 1.170796729430604e-05 0
5371 4.654964435743625e-05 1.498351463783479e-05 0
5372 2.961213479800594e-05 1.949742331142131e-05 0
5373 0.0001466532722988318 1.333342527934325e-05 0
5374 4.706063624287551e-05 7.092438643597691e-06 0
5375 0.0001027380886882199 1.629397894140399e-05 0
5376 7.192465139628951e-05 1.878087512764729e-05 0
5377 0.000144860268510566 1.37434902761486e-05 0
5378 2.306997894731422e-05 3.415804046205365e-06 0
5379 3.847760764615017e-05 1.878686314942137e-05 0
5380 6.059650426482232e-05 5.914931869511587e-06 0
5381 1.799239902852225e-05 8.869271978026251e-06 0
5382 3.419841636581586e-05 3.440943457056507e-06 0
5383 7.76178123295276e-05 1.599282828900125e-05 0
5384 2.195623174016536e-05 1.555545975951568e-05 0
5385 1.355329855304247e-05 1.596950550283011e-05 0
5386 0.0001019615641226581 1.81314521835662e-05 0
5387 8.414217584796583e-06 1.132306900457852e-05 0
5388 6.461860913688522e-05 2.04843968141853e-06 0
5389 4.083882711856067e-05 1.679263654942552e-05 0
5390 2.036189514113166e-05 1.647039377363821e-05 0
5391 0.0001131502170846968 1.571666559111783e-05 0
5392 0.0001373882810895962 1.275205378910861e-06 0
5393 0.0001340623651569538 1.651726585591401e-05 0
5394 8.095446603266761e-05 1.817999331997128e-05 0
5395 4.713463640198692e-05 8.852018336805079e-06 0
5396 1.987580411553642e-05 1.126461112388946e-05 0
5397 3.038378992321368e-05 3.085411907272357e-06 0
5398 2.439211392026468e-05 7.159923013189681e-06 0
5399 1.977613192651708e-06 1.321978997539363e-05 0
5400 2.405667357776137e-06 5.727536801535038e-06 0
5401 5.60008223789946e-05 1.982212081276722e-05 0
5402 5.200985612051262e-05 1.197983197539952e-05 0
5403 5.234811088119564e-05 1.629480361402415e-05 0
5404 3.450069654041891e-05 1.724265341379976e-05 0
5405 2.988462223065829e-05 1.677063407891612e-05 0
5406 9.346914485318582e-05 7.732295164989494e-06 0
5407 0.0001420866372817735 8.132331959384485e-07 0
5408 0.0001140914731355903 1.467894006893694e-05 0
5409 0.0001019028296710552 9.718375994375916e-06 0
5410 1.767751523029219e-05 1.355284420696016e-05 0
5411 3.96428761549319e-05 5.393120994378168e-06 0
5412 4.637580224723679e-06 1.550808525886181e-05 0
5413 0.0001137243164328853 8.655031903723366e-06 0
5414 3.485426044208573e-05 6.178352736244436e-06 0
5415 1.830328961935879e-05 4.134177059880925e-06 0
5416 9.977127041140395e-05 1.178022334132193e-05 0
5417 0.0001094419168931999 1.755697819996344e-05 0
5418 4.985370111728508e-05 1.762727614680956e-05 0
5419 9.372577993210226e-05 1.886728049709976e-05 0
5420 3.052643430489832e-05 1.692006840910745e-05 0
5421 0.0001366623068056904 1.852639468058675e-05 0
5422 6.738763781326172e-05 1.795408513075187e-05 0
5423 7.797226942709646e-05 1.949572935853773e-05 0
5424 5.444915257513098e-05 1.912893347290065e-05 0
5425 2.726969222645531e-05 1.266436782601834e-05 0
5426 4.401356935249051e-06 1.636015250260775e-06 0
5427 4.158577463138552e-05 1.817360005935268e-05 0
5428 7.00105456375375e-06 1.087137101843688e-05 0
5429 2.454936015486579e-05 1.432618675884434e-05 0
5430 6.242819714516519e-05 6.43556814199946e-06 0
5431 5.502897059506981e-05 1.931444970575126e-05 0
5432 2.562188162681941e-06 1.405385087579263e-05 0
5433 7.333831582233089e-05 1.976457513081953e-05 0
5434 6.096985963173388e-05 1.919581894066213e-05 0
5435 2.737758743094281e-05 3.886257287737546e-06 0
5436 0.0001317884124029508 1.748097194488896e-06 0
5437 3.161531938956405e-06 1.907952540610029e-05 0
5438 0.0001014820458699909 1.603799432643927e-05 0
5439 0.0001303903981238292 1.59391122891594e-05 0
5440 2.352813553289507e-05 1.693570076241821e-05 0
5441 0.0001414702702768494 3.724568503994251e-06 0
5442 0.0001414087331572449 1.485816630361005e-05 0
5443 6.718089100924484e-05 1.980017525512985e-05 0
5444 5.2076738444619e-05 1.814544441966719e-05 0
5445 5.593074227188666e-05 7.909204251182929e-07 0
5446 9.266319589501728e-06 1.868141363075548e-05 0
5447 5.028097879470945e-05 1.936858347170627e-05 0
5448 8.728415345945691e-05 1.85877884922678e-05 0
5449 5.214224981225195e-05 1.441473186444806e-05 0
5450 0.0001376153855289643 2.300201517592982e-06 0
5451 9.06229845998042e-05 5.951081558730402e-06 0
5452 2.550256335526831e-05 7.337981461090915e-06 0
5453 4.448970015798725e-05 1.407132163198048e-06 0
5454 2.350846848872085e-05 1.897362035645429e-05 0
5455 7.249582095686974e-05 1.908026453112078e-05 0
5456 0.000130186916778715 1.45336612699084e-05 0
5457 3.58423539420886e-06 2.453421882547825e-06 0
5458 4.14591552695909e-05 8.160767206858324e-06 0
5459 3.266088066449573e-05 4.004520594829146e-06 0
5460 8.539175893226844e-05 1.769548053911376e-05 0
5461 4.960520120205684e-05 1.824389545573101e-05 0
5462 4.329716633332757e-05 7.180751076031931e-06 0
5463 1.835356711036364e-05 1.340540498455554e-05 0
5464 0.0001311852390775221 1.581776686401429e-05 0
5465 0.0001056065334044814 1.854317666619046e-06 0
5466 5.584527925400183e-05 7.345345800477728e-06 0
5467 0.0001310975334952437 3.191322435774372e-06 0
5468 9.251322696318722e-05 1.979268374488464e-05 0
5469 1.359772420020605e-05 3.213818884648676e-06 0
5470 8.290758752901441e-05 1.975179421977117e-05 0
5471 7.920279128825652e-05 8.29038346327489e-06 0
5472 5.394398120349018e-05 1.590492035946213e-05 0
5473 3.920586989874507e-05 3.912259879963417e-06 0
5474 1.870330289767494e-05 5.411600451604494e-06 0
5475 5.459633461204129e-05 6.533644739922243e-06 0
5476 0.0001300121984307752 1.043878495984263e-05 0
5477 5.070541498043957e-05 1.990058954279e-05 0
5478 5.492950548690714e-05 1.972078242445774e-05 0
5479 2.502624483163242e-05 5.743507812926931e-06 0
5480 8.61336246087501e-06 1.679970670614973e-05 0
5481 1.50996267679334e-05 5.255910923391782e-06 0
5482 4.523504665272915e-05 1.126530300210349e-05 0
5483 5.394909605141882e-05 1.402849009771553e-06 0
5484 5.081802836221867e-05 1.971656392987026e-05 0
5485 3.81979550570087e-05 1.925663381055206e-05 0
5486 4.292237925317196e-06 3.11668541099897e-06 0
5487 3.984326318270761e-05 1.119218324344677e-05 0
5488 1.384637617656496e-05 1.880134128074085e-05 0
5489 8.500840678850235e-05 1.36925885502747e-06 0
5490 9.878866925106034e-05 1.822581316905346e-05 0
5491 3.827784303066872e-07 1.963251157460423e-05 0
5492 3.605485371161607e-05 1.220877896099751e-05 0
5493 0.0001407121103172192 1.59060459230819e-05 0
5494 7.148597897568953e-05 9.993320346898065e-07 0
5495 0.0001202257569500863 1.021254238404731e-05 0
5496 0.0001190127714276734 1.748643761585596e-05 0
5497 2.118597183412244e-05 1.268214446777209e-05 0
5498 0.00012670472499729 7.353532679966983e-06 0
5499 5.107629440678335e-05 1.959572907230152e-05 0
5500 3.709584138330183e-05 9.127137147275105e-06 0
5501 8.218486234172283e-05 1.345313587667911e-05 0
5502 0.0001211297683902558 1.942061030194524e-05 0
5503 1.71088170706436e-05 1.072850458658474e-05 0
5504 1.422675717044568e-05 1.047245840228938e-05 0
5505 5.398660927931539e-05 1.686997960614473e-05 0
5506 8.097035426269439e-05 1.924177448782649e-05 0
5507 4.381388499890421e-05 1.63924937484373e-05 0
5508 7.953595708972287e-06 1.882981363715855e-05 0
5509 1.568228019854056e-05 1.121597706671239e-05 0
5510 9.619234972916597e-05 1.711505258008409e-05 0
5511 3.727558963406682e-05 1.301268870787586e-05 0
5512 1.857320170431331e-05 1.683463128709608e-05 0
5513 2.164805965039046e-05 9.423268787896018e-06 0
5514 0.000110813759083728 2.049761635848321e-06 0
5515 4.926672323401578e-05 1.725027159573521e-05 0
5516 9.967334066510744e-07 1.240804634347785e-05 0
5517 2.807396457210394e-05 2.197720356725929e-06 0
5518 0.0001077530933117168 1.813248273246542e-05 0
5519 0.0001495238568309388 1.837969042343061e-05 0
5520 2.922876450298634e-05 1.82525500764773e-05 0
5521 4.760395255654112e-05 1.899971021703511e-05 0
5522 1.805306960385587e-05 5.199226247887223e-06 0
5523 2.801748887070454e-05 1.893021166837505e-05 0
5524 4.997666982018677e-05 1.134694821821259e-05 0
5525 1.870818938695702e-05 6.090180094330476e-06 0
5526 0.0001153209555448207 8.150889387333759e-06 0
5527 3.739709644291505e-05 1.86854847517076e-05 0
5528 4.290732975638411e-05 1.800485191163945e-05 0
5529 0.0001003411052145617 9.095122095708859e-06 0
5530 0.0001237123403717107 2.135620575346184e-06 0
5531 5.59950231174266e-05 1.865027250354885e-05 0
5532 0.000141722156971577 1.95326726530735e-05 0
5533 0.0001379497231819932 1.855969989038753e-05 0
5534 3.940724865866987e-05 1.897017313752221e-05 0
5535 5.022808825572152e-05 1.54798826653124e-05 0
5536 1.170244085995199e-06 1.955113259206373e-05 0
5537 7.248080317272954e-06 1.442869656406287e-05 0
5538 0.0001419458784848316 1.622095089080944e-05 0
5539 0.0001331993502949207 7.301534850438885e-06 0
5540 0.0001122496769436084 3.972961179900908e-06 0
5541 4.901083561411388e-05 1.837736461884627e-05 0
5542 6.071134231489481e-05 1.890086392785936e-05 0
5543 1.736504295023121e-05 1.577525449195437e-05 0
5544 0.0001140979367549808 1.660630159085018e-05 0
5545 0.000149258293600123 1.276153315046057e-05 0
5546 2.084337277955672e-05 1.946526406401945e-05 0
5547 9.79218359993611e-05 2.636195506602919e-06 0
5548 2.4355567691638e-05 1.142511071837885e-05 0
5549 5.329685484444099e-05 9.831989931138352e-06 0
5550 0.000146947425711268 1.157954721227061e-05 0
5551 1.960778039325952e-05 1.217984000984605e-05 0
5552 0.0001330048827918754 1.855235238304396e-05 0
5553 4.864609245475259e-05 1.052778420113866e-05 0
5554 0.0001237458258949791 1.627401304031888e-05 0
5555 5.149646851644494e-05 1.920664407448132e-05 0
5556 0.0001488692786389307 1.950164441316671e-05 0
5557 9.750808492977898e-05 1.870287620154444e-05 0
5558 1.203059586404259e-05 2.756443744407972e-06 0
5559 0.0001338422757485788 6.903533022084117e-06 0
5560 3.933966141087299e-05 9.216294603178442e-06 0
5561 2.605964470284558e-05 2.676662134812529e-06 0
5562 9.472267810820231e-05 1.53275976749684e-05 0
5563 7.173973677560432e-05 1.801528098856784e-05 0
5564 5.337395033047172e-05 1.92194890305765e-06 0
5565 9.419795247836877e-05 1.796152647127895e-05 0
5566 5.33480013951562e-06 1.395933377028473e-05 0
5567 2.423907776240644e-05 1.926849794137904e-05 0
5568 2.400049671479507e-05 1.889367548266364e-05 0
5569 4.114365594660264e-05 8.863456605924521e-06 0
5570 0.0001257105914280641 1.616625209731021e-06 0
5571 0.0001138931370214253 3.266670462967684e-06 0
5572 0.0001002699683940344 1.757347311738336e-05 0
5573 1.953600431691025e-05 1.742899233496783e-05 0
5574 3.272694846104437e-05 6.095911979487614e-06 0
5575 3.835333618828103e-06 3.206151411786777e-06 0
5576 5.077628920448739e-05 1.087490049505841e-05 0
5577 9.255521336007231e-05 1.833891774335614e-05 0
5578 3.847568252598957e-05 7.158987462468961e-06 0
5579 6.067341032336047e-05 1.685414285849581e-05 0
5580 0.0001387100301654417 1.476494113341139e-05 0
5581 6.826528207703092e-05 9.410380581968741e-06 0
5582 0.0001367599842157751 1.576808313225481e-05 0
5583 0.000137128871723296 1.413287216728108e-05 0
5584 7.37735734419962e-05 1.981624847701808e-05 0
5585 3.84495113824572e-05 1.276608512128313e-05 0
5586 5.143182905262379e-05 1.535896445902865e-05 0
5587 9.824476224711629e-05 1.496873764569434e-05 0
5588 4.796408754539755e-05 9.373183031305342e-06 0
5589 3.522768740160605e-05 3.071955350983849e-06 0
5590 5.626683406019355e-05 1.710397547950676e-05 0
5591 0.0001182772083126985 1.924365591536141e-05 0
5592 0.0001015325093025006 1.87990473173612e-05 0
5593 8.174368412294987e-05 1.976157966234358e-05 0
5594 0.0001224738059162368 7.400549324411104e-06 0
5595 4.293002584846643e-05 7.676711770479393e-06 0
5596 0.0001168806372764384 6.968874571022643e-06 0
5597 1.954950967411214e-05 7.917654854334105e-06 0
5598 5.157775128395815e-05 1.962141420028317e-05 0
5599 1.753714519155472e-05 1.523148931607424e-05 0
5600 3.67498638144094e-05 1.859146102622563e-06 0
5601 4.644331035581818e-05 1.713099902378555e-05 0
5602 0.0001234769208231345 1.452062962568891e-05 0
5603 0.0001097994845629195 1.656372662827583e-05 0
5604 0.000146601777423139 1.600817587473601e-05 0
5605 0.0001200847126732911 1.152519641886401e-05 0
5606 1.258150148036419e-05 5.432476936437856e-06 0
5607 2.100113289383567e-05 9.554208071042445e-06 0
5608 3.098915986777663e-05 1.191560878753767e-05 0
5609 9.747190998020517e-06 1.95903346426914e-05 0
5610 2.502758593717348e-05 1.39892071598856e-05 0
5611 4.059410899735646e-05 8.184013317792549e-06 0
5612 0.0001282474455464465 1.583712844488476e-05 0
5613 9.882511701921472e-05 9.75874359864268e-06 0
5614 7.123097459373095e-05 1.974028083514402e-05 0
5615 0.0001116826319548592 1.318247770595975e-05 0
5616 4.863938772973323e-05 8.071575971576724e-06 0
5617 4.480932632360325e-05 1.961760154301443e-05 0
5618 4.751068278618805e-05 1.776221922916294e-05 0
5619 5.963100682510148e-05 1.80431654996967e-05 0
5620 0.000144623585870282 2.107817972043354e-06 0
5621 2.211196542349324e-05 1.620132361270815e-05 0
5622 5.92328300635419e-06 1.886113923309001e-05 0
5623 9.395215277108477e-05 1.92584136957436e-05 0
5624 0.0001365269487378767 9.305952381513003e-06 0
5625 0.0001072367924151216 1.525241945523644e-05 0
5626 0.0001028066683116585 8.490172629410903e-06 0
5627 9.93569399954354e-05 1.080244677089631e-05 0
5628 7.215084797990235e-05 1.22830225135476e-05 0
5629 0.0001185227387619938 4.251626626940201e-06 0
5630 5.649632180223187e-05 1.076452000876402e-05 0
5631 7.068675794557503e-06 8.603993122836779e-06 0
5632 2.849776791101684e-05 8.948588323350784e-06 0
5633 9.677190659032888e-05 1.933447612496557e-05 0
5634 0.0001348462965226698 3.522904182212905e-06 0
5635 7.923308596363872e-05 1.654319345603796e-05 0
5636 4.17179693630188e-05 1.369316375822519e-05 0
5637 8.511590723323882e-05 1.945078261608145e-05 0
5638 4.852189826995426e-05 1.736329344301307e-05 0
5639 2.234601042442569e-05 9.674516360365892e-07 0
5640 6.272240701350162e-05 1.891700692583349e-05 0
5641 9.280109654489603e-06 1.127112790639107e-05 0
5642 9.296481641550717e-05 2.362514547130656e-06 0
5643 2.209056555044e-05 1.688087086682622e-05 0
5644 0.000104539240407608 1.468362008598697e-05 0
5645 0.0001349356666490898 6.000607799006192e-06 0
5646 2.503720020208384e-05 5.276154417921577e-07 0
5647 4.500364510720338e-05 1.528206947648277e-05 0
5648 3.609454336012877e-05 1.412787254869888e-06 0
5649 2.104999619517746e-05 2.052190422861973e-06 0
5650 0.0001444509907313084 1.105261951536849e-05 0
5651 0.0001448549146042081 1.042642892863486e-05 0
5652 0.0001027101629217941 1.280217708563068e-05 0
5653 0.000147743751708886 1.786096432528629e-05 0
5654 4.980015147220918e-05 1.533904732546557e-05 0
5655 2.077186074457477e-05 6.839898049367739e-06 0
5656 5.619663231490866e-05 1.94879375986438e-05 0
5657 8.892997280379652e-05 1.582769122268586e-05 0
5658 1.494120767046001e-05 1.874939631283877e-05 0
5659 6.54225662639362e-05 1.918045319844659e-05 0
5660 8.763050671564241e-05 1.512357604160015e-05 0
5661 1.578436406172921e-06 1.337263691964617e-06 0
5662 8.595254606946926e-06 7.74820006458024e-06 0
5663 0.0001112571090163298 6.870317718760019e-06 0
5664 0.0001219581089462833 4.478142683505628e-06 0
5665 7.820296238710432e-05 1.847785738925873e-05 0
5666 3.978315671821444e-05 4.470273289738347e-06 0
5667 0.0001388486656733379 9.532764809062084e-06 0
5668 1.340778410714653e-05 4.993207311392643e-06 0
5669 3.966872570863267e-06 8.687834342233276e-06 0
5670 0.0001028470165130822 1.749203666052222e-05 0
5671 0.0001081161265957585 1.411807606191118e-05 0
5672 0.000127356543797519 6.690221667797779e-06 0
5673 0.000118276559021287 7.754546417178449e-06 0
5674 7.868970272020838e-05 1.934342738215916e-05 0
5675 4.587100770469354e-05 9.973023126647547e-06 0
5676 3.477893456397868e-05 3.920314170656329e-06 0
5677 2.709656086783878e-05 1.011517806264079e-05 0
5678 0.0001107738118700034 1.864876906752529e-05 0
5679 0.0001420837490095674 7.647722902687675e-06 0
5680 8.324654332779683e-06 1.012532972430372e-05 0
5681 0.000128991632849982 9.574416077207952e-06 0
5682 5.23232515276734e-05 1.977216232916386e-05 0
5683 1.769100034163508e-05 5.76587160520122e-06 0
5684 3.539377855891707e-05 1.778811333641153e-05 0
5685 2.915849722617956e-05 7.2061907823618e-06 0
5686 1.259998315142877e-05 1.773592860758662e-05 0
5687 5.839954042808476e-05 1.509721741602853e-05 0
5688 2.73837783213544e-05 1.491782989619451e-05 0
5689 5.55993734098252e-05 1.249508998317477e-05 0
5690 4.644995981258598e-05 1.792849851779937e-05 0
5691 1.018251618303267e-05 1.451186477177793e-05 0
5692 4.420108719107406e-05 6.381370134134818e-06 0
5693 0.0001278909348605798 1.94125304490008e-05 0
5694 3.436875546936429e-05 6.684170313017197e-06 0
5695 4.457303416725e-05 1.572462038368723e-05 0
5696 6.808609440531297e-05 1.614720347884566e-05 0
5697 4.57273618319461e-05 1.843270849613532e-05 0
5698 2.223199910887049e-05 1.785891893979725e-05 0
5699 3.154009438161554e-05 4.990263506049906e-07 0
5700 1.111249960383683e-05 3.214458002483234e-06 0
5701 3.71971588284473e-05 9.99787591333685e-06 0
5702 3.830722429111616e-06 1.626627553943358e-05 0
5703 9.464057342446677e-05 1.977195062197331e-05 0
5704 8.360370090450645e-05 1.128404527451836e-06 0
5705 6.832917905539417e-06 6.635235516159774e-06 0
5706 0.0001334527153471917 1.49756940149211e-05 0
5707 1.755100035604958e-05 1.272658719897041e-06 0
5708 0.0001478081333120536 1.950013138979732e-05 0
5709 5.273645665187079e-05 1.903849005215917e-05 0
5710 5.888890897542365e-05 1.972338337919115e-05 0
5711 8.281189812154109e-05 1.118185453937131e-05 0
5712 3.141367982590621e-05 2.239580546371704e-06 0
5713 0.0001441488646232051 5.424218946537199e-06 0
5714 0.0001057677604581446 1.800296261758703e-05 0
5715 3.708904098091329e-05 1.961634677517159e-05 0
5716 0.0001167115295301097 1.197422299449529e-05 0
5717 4.09459017070743e-05 1.898696088558465e-05 0
5718 4.321085334106716e-05 1.897793316164255e-05 0
5719 4.315686521588198e-05 1.399328029891531e-05 0
5720 9.687560961153352e-05 1.204546164052642e-06 0
5721 4.67088530809581e-05 1.384374904440667e-05 0
5722 2.841171406200131e-05 1.516492365657718e-05 0
5723 2.673227986103463e-05 4.785705633553154e-06 0
5724 3.504645158934948e-06 1.266120019329022e-05 0
5725 6.168210967278238e-05 1.979566609261517e-05 0
5726 3.058629675036572e-06 8.568971405917324e-06 0
5727 2.608170847558854e-05 1.385411150227827e-05 0
5728 9.994564201378301e-06 1.628655739740867e-05 0
5729 4.586068981060713e-05 1.904915887920024e-05 0
5730 1.939129157544141e-05 5.679290268750803e-07 0
5731 6.657009928425013e-05 3.636412853304781e-06 0
5732 1.091492070485483e-05 8.84275919369993e-06 0
5733 1.291435228778215e-05 9.379295040285017e-06 0
5734 2.020864784063292e-05 1.330670052535241e-05 0
5735 5.665433198203217e-05 1.827744948169757e-05 0
5736 1.492973226800685e-05 1.673073271182955e-05 0
5737 6.557444387707742e-05 1.856936579113973e-05 0
5738 3.373204869600751e-05 7.469580227544388e-06 0
5739 4.413615221304274e-05 6.695181856329156e-07 0
5740 4.139382765499189e-05 4.249736365770166e-06 0
5741 7.378930002956344e-05 1.76349862563399e-05 0
5742 7.332885232547497e-05 1.757937406306111e-05 0
5743 5.855562911521554e-05 4.444555874462116e-06 0
5744 5.986452369174652e-05 8.49924246906074e-06 0
5745 9.19421061959619e-05 1.915392958111488e-05 0
5746 5.953032910274519e-06 1.646252186457768e-05 0
5747 5.859657653947074e-05 3.468460800526383e-06 0
5748 5.209586186091556e-05 1.767949808118981e-05 0
5749 0.0001246588956199994 7.297059548494392e-06 0
5750 4.872384075809295e-05 1.689031041446221e-05 0
5751 3.895030993905948e-05 1.027940460398144e-05 0
5752 6.985524277373314e-05 4.810570440498152e-06 0
5753 0.0001040928883708293 1.615256389232633e-05 0
5754 0.0001298917577720206 8.916108540207937e-06 0
5755 0.0001108512185907174 1.468220686080498e-05 0
5756 0.0001168926499366334 1.102966990021523e-05 0
5757 0.0001397660979695066 4.39289965520406e-06 0
5758 1.582783537224334e-05 1.321563938103902e-06 0
5759 2.705054269443103e-05 6.735777987305223e-06 0
5760 9.73606239258885e-06 1.770514354797153e-05 0
5761 5.539975625899917e-05 1.980440899427776e-05 0
5762 9.738365857696807e-05 1.050393894806289e-05 0
5763 2.416292376851069e-05 7.921054324071714e-06 0
5764 0.000144134718645196 1.733023192647576e-05 0
5765 2.245498736998995e-05 6.373356156115973e-06 0
5766 7.422183720705681e-05 1.976048295824687e-05 0
5767 2.454680690697758e-05 4.191185423245121e-06 0
5768 9.782575375988351e-05 9.59970118278239e-06 0
5769 4.740460912351477e-05 1.857058845960277e-05 0
5770 8.849438543236954e-05 1.856827012267749e-05 0
5771 4.247619321640542e-06 6.02602193291243e-07 0
5772 5.048155378633434e-05 1.990294740474805e-05 0
5773 8.601340948856605e-05 1.843737942910349e-05 0
5774 1.666475214524649e-05 1.160296241553983e-05 0
5775 9.682067291385865e-05 1.347112068927683e-05 0
5776 1.375741702575851e-05 1.057423164376781e-05 0
5777 8.899252094666905e-05 1.862843553171762e-05 0
5778 5.750666651007952e-05 1.948682917012898e-05 0
5779 0.0001173556090429002 5.976373508487009e-06 0
5780 4.121849336361271e-05 6.385100772438715e-06 0
5781 1.086686226178207e-05 2.60478169950308e-06 0
5782 4.138965606138484e-05 5.988432482872686e-07 0
5783 2.500360960453417e-05 1.142335190580493e-05 0
5784 4.108883095109913e-05 1.436739926501074e-05 0
5785 0.0001378350364067424 1.3497300043715e-05 0
5786 2.290468959042008e-05 1.963771694649771e-05 0
5787 4.215527136473508e-05 1.518461742913512e-05 0
5788 4.232731213741739e-05 1.477804940450392e-05 0
5789 3.462750180316639e-05 1.588977755343243e-05 0
5790 7.187086482818289e-05 1.977881956653173e-05 0
5791 6.795480536481515e-05 1.246454650668877e-05 0
5792 3.464920723957451e-06 5.382444049384719e-06 0
5793 5.241675824082185e-05 1.709722833689459e-05 0
5794 6.950737475797737e-05 1.149471156516588e-05 0
5795 4.989218249623101e-05 1.653800471974247e-05 0
5796 7.08165433139554e-05 1.898587205547396e-05 0
5797 7.529477802579502e-06 3.706030217223292e-06 0
5798 5.841311172015718e-05 1.904661166637193e-05 0
5799 5.746742281961768e-05 1.438354694585923e-05 0
5800 0.0001019288333941294 8.805364307591159e-06 0
5801 3.581471431310847e-05 1.139465180571074e-05 0
5802 9.762707712112649e-05 5.575664602811312e-06 0
5803 0.0001019126600088809 1.905551302584404e-05 0
5804 3.687437067116097e-05 1.285206313542852e-05 0
5805 6.507578468209343e-05 1.985684193100485e-05 0
5806 3.143090823762857e-05 1.772965334331143e-05 0
5807 3.552791257707343e-05 1.355164292646222e-05 0
5808 2.13531748903121e-05 1.337006782322262e-05 0
5809 3.542013269763295e-05 5.542785817384928e-06 0
5810 6.333322196596537e-05 1.947346688501019e-05 0
5811 8.979301415026e-05 1.80260021437869e-05 0
5812 0.0001194861283218311 1.305078965504403e-05 0
5813 0.0001217919371032856 1.829393430744155e-05 0
5814 1.411711368247769e-05 1.785783921729308e-05 0
5815 0.0001302241007004476 5.214050427938493e-06 0
5816 3.596135718265503e-05 1.276048390301602e-05 0
5817 0.0001333204052193628 1.748397071733031e-05 0
5818 0.0001039363495267759 1.748532667943153e-05 0
5819 0.000107297843552914 1.867723073506032e-05 0
5820 0.000148481336159343 9.764490615120221e-06 0
5821 0.0001194310897701943 8.234249305861544e-07 0
5822 3.164329050127335e-05 7.856734593010752e-06 0
5823 1.357987688006279e-05 1.386011371860921e-05 0
5824 9.492753048810536e-05 1.941152587997742e-05 0
5825 4.53721749627089e-05 5.534076738499726e-06 0
5826 6.119777914977823e-05 8.367897591390216e-06 0
5827 5.118042902762161e-05 1.812589940506213e-06 0
5828 6.357283709037675e-06 1.410306899809042e-05 0
5829 4.316311060853242e-05 2.616269516260227e-06 0
5830 3.276296056844402e-05 1.473791247140674e-05 0
5831 6.73613781857888e-05 7.200932736138033e-06 0
5832 0.0001339092456879722 8.890108628387738e-06 0
5833 9.773619283213332e-05 1.652250069901202e-05 0
5834 0.0001315636583350203 1.652491017251407e-05 0
5835 4.943702959029122e-05 1.889332225393007e-05 0
5836 0.0001265736935843515 4.401584192460059e-06 0
5837 7.949683511565158e-06 7.88631410065371e-06 0
5838 4.24905018502335e-05 1.273507468574843e-05 0
5839 1.041519688122902e-05 7.088139895200462e-06 0
5840 3.685774560936513e-05 1.852594973482774e-05 0
5841 0.0001270124197212159 1.857663696845994e-05 0
5842 7.346619228866579e-05 9.979165907959571e-07 0
5843 4.979030059711307e-05 1.906307357314383e-05 0
5844 0.0001127116298573577 1.618297152654848e-05 0
5845 6.252631240494664e-05 1.454010284226619e-05 0
5846 3.454565001409228e-05 1.198825521697221e-05 0
5847 1.129214644101435e-05 1.857488170735934e-05 0
5848 5.62166660525825e-05 1.423735964401413e-05 0
5849 8.475841427214792e-05 1.947837813135327e-05 0
5850 0.0001416518975058432 1.6887868244666e-05 0
5851 4.79325353139182e-05 1.594975394712654e-06 0
5852 0.0001038898491162744 5.160153438938765e-06 0
5853 1.183263139644382e-05 1.038963424285864e-05 0
5854 3.737128820962701e-05 1.137190581145959e-05 0
5855 7.238212155111128e-05 1.980601135778484e-05 0
5856 0.0001298067452274303 2.489860483371972e-06 0
5857 6.664416365908548e-05 1.398266759134767e-05 0
5858 7.676701192027844e-05 1.629205222639387e-05 0
5859 0.000146891892130555 1.736542354739147e-05 0
5860 2.365630287892001e-05 1.400781617872214e-06 0
5861 5.251603925163722e-05 1.249890801859437e-05 0
5862 5.265534502838442e-05 1.739319455806917e-06 0
5863 8.844289296352402e-05 1.974023644777299e-05 0
5864 4.514990443817012e-05 9.342719271918311e-06 0
5865 0.0001014498424305725 1.500847617571056e-05 0
5866 5.039049781625015e-05 1.914420512760758e-05 0
5867 1.627283130013177e-05 1.015319998939868e-05 0
5868 7.543257742949431e-05 1.963506351399987e-05 0
5869 6.559585232439942e-05 1.037550532322368e-05 0
5870 1.905664126731641e-05 1.875885048664234e-05 0
5871 4.804124911007925e-05 1.301184819349316e-05 0
5872 5.290831529509082e-05 1.882468116849984e-05 0
5873 0.0001335535267616849 3.55090493434343e-06 0
5874 0.0001017591468970383 1.679958091121283e-05 0
5875 1.157563349080071e-06 5.703653111933911e-06 0
5876 2.734262475211326e-05 3.071587148775888e-06 0
5877 2.610870695778726e-05 7.966454246424781e-06 0
5878 0.0001283061952238766 1.844650474943006e-05 0
5879 4.034172263098985e-05 1.901450480518026e-05 0
5880 9.89363862725507e-06 3.193558767834744e-06 0
5881 0.0001375008067469684 5.407563675457467e-06 0
5882 3.178121559553458e-05 1.1295637191867e-05 0
5883 6.539238513197918e-05 9.340453626532186e-06 0
5884 1.311565176432917e-05 9.891228265715524e-06 0
5885 2.505333770228082e-05 1.722532913458321e-05 0
5886 5.303023921610556e-05 6.467856611077542e-07 0
5887 6.286972344649178e-05 1.944208089153089e-05 0
5888 1.13740892011098e-05 1.073706552398515e-05 0
5889 9.362318776573143e-06 1.223052313170607e-05 0
5890 0.0001341362329760373 9.654216686575183e-06 0
5891 4.628904446826544e-05 6.980553854296639e-07 0
5892 7.763950359995604e-05 1.949654158286327e-05 0
5893 5.604094115780299e-05 1.789051976383907e-05 0
5894 0.0001134857150334954 1.714504030527164e-05 0
5895 0.0001468367871289024 6.632992128509785e-06 0
5896 3.159349708646224e-05 1.345331525337595e-05 0
5897 6.230592281218637e-05 1.972778226088495e-05 0
5898 1.695196138912742e-05 9.246211637911849e-06 0
5899 2.098091595842529e-05 1.889298006665389e-05 0
5900 4.446097195175471e-05 4.508790541374922e-06 0
5901 1.443995216741839e-05 1.525182529254187e-05 0
5902 0.0001357527355473548 1.470296909604505e-05 0
5903 4.337534122296178e-05 9.567728603111814e-06 0
5904 6.753941166858275e-05 1.982317473392776e-05 0
5905 3.499515802649221e-05 1.159317833477736e-05 0
5906 1.154313080788968e-05 5.558610646326244e-06 0
5907 4.656264453265048e-05 6.704967248626043e-06 0
5908 3.304228201083479e-05 1.563732750983828e-05 0
5909 4.913497749705287e-06 8.880358558459484e-06 0
5910 0.0001215643452532585 1.721435081737744e-05 0
5911 2.214761460934135e-05 3.125826249826795e-06 0
5912 4.915719460642865e-05 8.041595278803409e-06 0
5913 0.0001269613386719884 6.021397104533034e-06 0
5914 6.463816419801413e-05 1.904066174672877e-05 0
5915 2.011944835074698e-05 1.316238097535104e-06 0
5916 8.728955309808256e-05 1.405600425704767e-05 0
5917 3.759257910871571e-05 1.188670903857098e-05 0
5918 1.292718474903049e-05 1.291587027768271e-05 0
5919 8.326611485464863e-05 1.716725078340469e-05 0
5920 4.93605146323023e-05 8.570247446684629e-06 0
5921 5.797662270492602e-05 1.829945870401091e-05 0
5922 4.863432361394229e-05 1.519340779252146e-05 0
5923 4.210275344450665e-05 8.737873417496188e-06 0
5924 2.214173715272491e-05 4.989304373538503e-07 0
5925 9.512963496585679e-05 1.923202307872262e-05 0
5926 4.494403223549138e-05 5.918321129818148e-06 0
5927 0.000108793406143688 2.391202103766661e-06 0
5928 9.83405051763447e-05 1.801571909584074e-05 0
5929 9.612349841903062e-05 1.979171473053093e-05 0
5930 3.213447895055301e-05 8.823591197404417e-06 0
5931 5.156726067325223e-05 7.658542070651941e-06 0
5932 5.062175334994449e-05 1.893724482566079e-05 0
5933 0.000131025441090914 6.958927874403361e-06 0
5934 9.521919293796734e-05 1.859739248414954e-05 0
5935 4.104715697041484e-05 7.878282288929646e-06 0
5936 6.224253086078826e-06 6.41819407169165e-06 0
5937 9.556750643977465e-05 1.670606422935095e-05 0
5938 5.48768827015677e-05 1.548208335509538e-05 0
5939 3.99086619055865e-05 1.637549976920933e-05 0
5940 5.111210233238586e-05 1.923758904283238e-05 0
5941 1.251876054628262e-05 7.192188507838254e-06 0
5942 0.0001384734558321819 1.612876176846487e-05 0
5943 0.0001384415693533402 8.768920731681745e-07 0
5944 3.498255442529119e-06 1.776194827216854e-05 0
5945 5.100157931394069e-05 1.972466049922327e-05 0
5946 5.106821455531281e-05 1.986309717087985e-05 0
5947 1.655847752155822e-05 1.33759063924265e-05 0
5948 7.988463426565337e-06 3.22674268151568e-06 0
5949 4.287737686930138e-05 9.359128183688751e-06 0
5950 3.950513319463436e-05 1.812019673075296e-05 0
5951 3.170382584459984e-05 9.393173271636371e-06 0
5952 3.627266826657702e-05 9.71499174250336e-06 0
5953 2.508200828165433e-05 8.804486311805634e-06 0
5954 8.941460338953794e-05 1.877572352219094e-05 0
5955 4.225004671108701e-05 5.053344622933112e-06 0
5956 1.021081852420948e-05 2.60007301717093e-06 0
5957 6.746355567009005e-05 1.435213093129287e-05 0
5958 2.260996513643976e-05 9.590729416625266e-06 0
5959 6.450323875875654e-05 1.981806405673151e-05 0
5960 3.0178733865062e-05 6.725542401698006e-06 0
5961 5.482232983557639e-05 1.947302139743782e-05 0
5962 4.120781253638659e-05 2.526993644578241e-06 0
5963 5.684362280086335e-05 1.933450372144023e-05 0
5964 4.250591735022939e-05 1.357984672084532e-05 0
5965 0.0001144838516372995 1.783558270693677e-05 0
5966 1.522374767536187e-05 1.120669453225134e-05 0
5967 2.361961079535934e-05 1.328680920274593e-05 0
5968 4.018414414748896e-05 1.579371350456796e-06 0
5969 3.339042878588555e-05 1.968157455476516e-05 0
5970 1.96002864811012e-06 1.61135943686157e-06 0
5971 0.0001272503954510535 4.298316856269664e-06 0
5972 5.995212700742176e-05 1.676483400406764e-05 0
5973 1.487789960744799e-05 1.315237921329526e-05 0
5974 4.010798399742834e-05 4.162545236696058e-06 0
5975 4.048762246373224e-05 1.458484120023193e-05 0
5976 3.575407936558054e-05 1.814379137086869e-05 0
5977 3.554637969462516e-07 3.743086151597395e-07 0
5978 7.695863052309206e-05 1.721787133682432e-05 0
5979 3.49505190826804e-06 8.881582122504024e-06 0
5980 2.997984707966308e-05 1.290566607362382e-06 0
5981 3.32998734468553e-05 9.670352986783024e-06 0
5982 7.713220915707705e-05 1.939175659077384e-05 0
5983 9.603596205260204e-05 8.719808632142839e-06 0
5984 2.547271164731289e-05 1.687968029103751e-05 0
5985 4.898522169255002e-05 1.915068053686876e-05 0
5986 2.518211513221347e-05 9.41130983465563e-06 0
5987 6.654901943312711e-05 1.87907096247316e-05 0
5988 0.0001122148548713533 1.088113819652239e-05 0
5989 2.683603940968478e-05 1.634885108192026e-05 0
5990 6.873204768234054e-05 1.581749195257584e-06 0
5991 7.002900762904232e-06 2.737367677550144e-06 0
5992 1.245601795091963e-05 1.964808839278527e-05 0
5993 0.0001151556547774704 7.300534923037376e-06 0
5994 2.176066526330364e-06 1.680403961565489e-05 0
5995 3.109360953667299e-05 4.309555357346142e-06 0
5996 1.605984481138752e-05 1.671707547975415e-05 0
5997 0.0001246081542131191 4.627814323636138e-06 0
5998 5.942020995751152e-05 1.421639352635065e-05 0
5999 0.0001174665800184265 1.471323702858374e-05 0
6000 9.960078481805933e-05 1.952601769349461e-05 0
6001 1.680188637473111e-05 1.910816843758185e-05 0
6002 7.252959123973287e-05 9.789998568850736e-06 0
6003 9.5781999074248e-05 1.88852624410302e-05 0
6004 3.578785223859246e-05 3.373906129765531e-06 0
6005 9.313209891511996e-06 1.28010447453893e-05 0
6006 1.640767601386728e-05 1.703623578179801e-05 0
6007 5.000616203798516e-05 1.940630033476374e-05 0
6008 3.711577917317649e-05 1.181974278815118e-06 0
6009 4.851854970483045e-05 1.430511801456935e-05 0
6010 3.560338582207747e-05 1.086099416070817e-05 0
6011 5.381339934266925e-05 1.055829398193608e-05 0
6012 0.0001076263263049323 1.682940230727463e-05 0
6013 0.0001179405903797538 1.876434917616202e-06 0
6014 1.152156005099951e-06 1.602286011343743e-06 0
6015 3.045037782549749e-05 4.756175178511006e-07 0
6016 1.661522473327039e-05 1.874954684770156e-05 0
6017 2.542288860887087e-05 1.491974504440006e-06 0
6018 4.524267227446432e-05 1.794536114567614e-05 0
6019 0.0001028835680349139 1.000516092645294e-05 0
6020 7.04239176672041e-06 1.951002660697697e-05 0
6021 9.226282043957352e-06 1.760098109651804e-05 0
6022 7.959096523223428e-05 1.98121055624808e-05 0
6023 5.27329675386893e-05 1.947595433070102e-05 0
6024 0.0001135998979383004 1.802838577592516e-06 0
6025 0.0001435257155930856 1.286260818811179e-05 0
6026 2.374817149944522e-05 2.565189261955069e-06 0
6027 2.899304457968161e-05 9.880962203738487e-06 0
6028 7.075833390242503e-05 1.979511330253081e-05 0
6029 8.035723269317224e-06 5.650968168904055e-06 0
6030 7.987471313706463e-05 1.727188415330017e-05 0
6031 0.0001044199165710324 1.323438130810918e-05 0
6032 4.881118055257283e-05 9.685000825700612e-06 0
6033 1.694044345534674e-05 1.683371756275429e-05 0
6034 5.676948983901761e-05 1.573697636318188e-05 0
6035 4.257041842519456e-05 1.559521601031599e-05 0
6036 2.893819218820323e-05 1.347911973631102e-05 0
6037 2.837769703273905e-05 6.540642756401755e-06 0
6038 0.0001193569118404601 6.263848065638671e-06 0
6039 5.213174681597825e-05 3.646224440699346e-06 0
6040 7.445292495379155e-05 1.887537927305246e-05 0
6041 6.505736600344996e-06 1.559940782364358e-05 0
6042 0.000133346108397039 1.622401629806133e-05 0
6043 6.640672643246961e-05 1.697216894584681e-05 0
6044 2.758189947108589e-05 1.965609700363787e-05 0
6045 4.640438093053898e-05 9.422913924524339e-06 0
6046 2.927126227315359e-05 1.547970725196026e-05 0
6047 5.723775608898092e-05 1.926245784613012e-05 0
6048 2.672632914250279e-05 1.723354794832542e-05 0
6049 0.0001472250443447944 1.877236268081728e-05 0
6050 9.371305299130208e-05 1.396724014408787e-05 0
6051 9.720139432780928e-05 1.977649274410317e-05 0
6052 7.984459453249083e-05 1.807001947728489e-05 0
6053 7.050863879304588e-05 6.79503523736277e-06 0
6054 5.174038779113405e-05 1.98326788262106e-05 0
6055 0.0001241592761545619 1.058713783396454e-05 0
6056 4.698808094811021e-05 1.802961657511833e-05 0
6057 5.033999476323377e-05 1.979270728652816e-05 0
6058 3.940775561151192e-05 1.47962063629308e-05 0
6059 2.650811273516662e-05 1.838685806622011e-05 0
6060 6.893854710766832e-05 1.612115202925773e-05 0
6061 4.694864200800223e-05 1.762168750264507e-05 0
6062 6.640233523502888e-05 1.936599572748086e-05 0
6063 4.779183157595415e-05 1.253814439176722e-05 0
6064 3.176603032444752e-05 1.646892661639985e-05 0
6065 7.622836191775152e-05 1.938260421777839e-05 0
6066 0.0001416550041636869 5.937449906412375e-06 0
6067 1.491478730687668e-05 1.764082500426254e-05 0
6068 4.760315371662336e-05 1.638295014174137e-05 0
6069 2.236865026791361e-05 9.217517205180705e-06 0
6070 7.016556870624131e-05 2.758763682279642e-06 0
6071 2.26553753931884e-05 4.323438630785389e-06 0
6072 1.074445930860762e-05 1.29661942383174e-05 0
6073 3.537835395823085e-05 1.72911763848008e-05 0
6074 2.983238840414586e-05 1.415801270687109e-05 0
6075 1.978612863408419e-05 5.406191745100713e-06 0
6076 5.12443124805192e-05 1.121183640928568e-05 0
6077 8.095194902378586e-05 1.574545161666939e-05 0
6078 0.0001257849955437784 1.857608808071482e-05 0
6079 4.601113519138283e-05 9.578747037927756e-06 0
6080 3.213624678177501e-05 7.874150552970665e-06 0
6081 2.353702523613647e-05 1.068518742433739e-05 0
6082 2.383650334798888e-05 5.716152209695076e-06 0
6083 2.07509882106199e-05 4.319410393955306e-06 0
6084 3.259153409432295e-05 1.802607951683342e-06 0
6085 5.926967712027121e-05 1.932019842546699e-05 0
6086 0.0001220718135578294 3.751127213261637e-06 0
6087 3.929100985856853e-05 1.222227820739163e-05 0
6088 0.0001324023776283808 1.841033409997575e-05 0
6089 0.000149446576687012 1.065715589641247e-05 0
6090 1.296561327350236e-06 1.642998836635336e-05 0
6091 3.207954882602163e-05 1.279962808741848e-05 0
6092 6.400296578700595e-05 1.520785556044014e-05 0
6093 5.368227581644049e-05 8.619484293941779e-06 0
6094 1.297815483428593e-05 3.859246155484661e-06 0
6095 0.0001431037631066002 3.112838139112372e-06 0
6096 5.200895395124455e-05 1.872191423635077e-05 0
6097 1.510275465462741e-05 5.992879225734423e-06 0
6098 5.906688623170906e-05 1.625425099424507e-05 0
6099 4.49263501151649e-05 1.358301291464026e-05 0
6100 2.261776528898164e-05 1.126437790336055e-05 0
6101 4.200812765883936e-05 1.12326345431329e-05 0
6102 5.0444781202366e-05 1.882741032318715e-05 0
6103 1.636878462644532e-05 6.816424020841434e-06 0
6104 0.0001467606472648519 8.145593790714465e-06 0
6105 7.927645778382882e-06 1.278440066839061e-05 0
6106 8.405623830372819e-05 1.979189044654261e-05 0
6107 2.85333850826119e-05 5.488137343733011e-07 0
6108 6.093066478565724e-05 1.862414551108255e-05 0
6109 1.314022156000649e-05 8.975504001617237e-06 0
6110 5.912340807847654e-05 1.876987317602176e-05 0
6111 5.915791087082585e-05 8.665513509610601e-06 0
6112 2.127562390650253e-05 1.635133165895553e-05 0
6113 4.978835761146233e-05 1.568554666433117e-06 0
6114 0.0001101648075868535 1.512296578174742e-05 0
6115 6.565244369587042e-05 2.290790390347875e-06 0
6116 1.223126142200275e-05 1.004920405555585e-05 0
6117 4.633612707593953e-05 1.849805320386255e-05 0
6118 4.15458330402647e-05 3.349114289431727e-06 0
6119 4.579697366796125e-05 1.972358097847727e-05 0
6120 0.0001395806732552255 7.403075894651354e-07 0
6121 3.614980167062045e-05 4.794896589822434e-06 0
6122 8.522758353050411e-05 9.576545732546595e-06 0
6123 4.011567832154776e-06 1.869349944340158e-05 0
6124 7.477491129030624e-05 1.903445933659077e-05 0
6125 0.0001196722462448338 4.246093160529134e-06 0
6126 8.259575246871505e-05 3.559477683678564e-06 0
6127 8.084523213636206e-05 9.014182108286157e-06 0
6128 5.152086261825178e-06 3.305347816219384e-06 0
6129 0.0001103345662288858 1.621377540645613e-05 0
6130 7.153024895090616e-05 1.867543858325203e-05 0
6131 4.107953962285383e-05 1.197590373043416e-05 0
6132 9.528949780885065e-05 1.959314358143763e-05 0
6133 2.973947928363828e-05 1.842278536097563e-05 0
6134 0.0001441703290608119 4.619038696811749e-06 0
6135 3.304751195889818e-05 6.506318788474102e-06 0
6136 1.417201995547467e-05 1.726158778719559e-05 0
6137 0.0001340153364279842 1.727095387843175e-05 0
6138 4.549060188206266e-05 4.560537721524096e-06 0
6139 3.419357366962826e-05 1.579127641763884e-05 0
6140 0.0001220355009463112 2.189423913219527e-06 0
6141 3.735311673959047e-05 6.323570672586115e-06 0
6142 3.651107886619696e-05 1.89050342847661e-05 0
6143 4.926014365783381e-05 1.616728701559533e-05 0
6144 0.0001186299049121077 1.543031025288529e-05 0
6145 8.398019989021913e-05 1.44552202350428e-05 0
6146 7.842534695810539e-05 1.975436230897583e-05 0
6147 3.845927207211986e-05 1.324593126698414e-05 0
6148 4.965580800395157e-05 1.419518419123505e-05 0
6149 4.92973316606709e-05 4.435793643279984e-06 0
6150 1.162085794928203e-05 1.751254171493001e-05 0
6151 1.852820237095463e-05 8.445258444719035e-06 0
6152 5.146363573814625e-05 1.821623564579727e-05 0
6153 4.286701713053174e-05 1.127943127341229e-05 0
6154 4.609710001046383e-05 1.661359648467007e-05 0
6155 4.59905188173497e-05 1.691048222588077e-05 0
6156 0.0001339771677945456 1.846850290730229e-05 0
6157 0.0001167992714065275 7.964284068240502e-06 0
6158 4.176456632477501e-05 1.037970766234981e-05 0
6159 0.0001116325890913974 1.415276851071167e-05 0
6160 6.039632589581422e-05 1.424571110972594e-05 0
6161 1.096023900001911e-05 1.204514145231519e-05 0
6162 9.163027935316529e-06 1.563175265030439e-05 0
6163 7.264469011487546e-05 1.948287411261189e-05 0
6164 0.0001094993171823837 1.145448717824658e-05 0
6165 0.0001292138082689178 1.248198862492982e-05 0
6166 4.901715061671738e-05 1.20675756222939e-06 0
6167 1.60244289670002e-05 1.297514006851349e-05 0
6168 0.0001227326367764273 1.493319441074688e-05 0
6169 5.034528923563995e-05 1.467947927938571e-05 0
6170 0.0001081931530023762 9.149404482649345e-06 0
6171 0.0001366267870441744 1.253227229552672e-05 0
6172 5.521194155538863e-05 1.948759613200542e-05 0
6173 0.0001423694578265009 1.870374277664867e-05 0
6174 0.0001296470492341986 1.386974229663166e-05 0
6175 5.740115386820775e-05 8.054991689254371e-06 0
6176 5.513776378269076e-05 1.613727128368753e-05 0
6177 2.733309998916568e-06 1.969969011829555e-05 0
6178 0.0001474314510864664 -1.154876375373766e-05 0
6179 2.598024367449963e-06 -1.151811123908017e-05 0
6180 0.0001449346283839242 -1.137875112968887e-05 0
6181 5.307357437866049e-06 -1.144342653358956e-05 0
6182 0.0001422896256992064 -1.160059925695272e-05 0
6183 4.171675738656292e-05 -1.126832001554309e-05 0
6184 1.32357349449834e-06 -1.086304573015791e-05 0
6185 6.94277006556697e-05 -1.142751683389115e-05 0
6186 3.919081567887326e-05 -1.150061350399956e-05 0
6187 1.383445537066517e-06 -1.227542469581149e-05 0
6188 3.626160529297035e-05 -1.218391219864593e-05 0
6189 8.298253668668793e-05 -1.151761362352544e-05 0
6190 6.496082209257843e-05 -1.142778535819185e-05 0
6191 0.0001486900424639308 -1.086413096433809e-05 0
6192 7.215627785019326e-05 -1.162762967279846e-05 0
6193 0.0001017774612856706 -1.144474199050548e-05 0
6194 4.464986328221459e-05 -1.155405938221826e-05 0
6195 0.0001209546552476482 -1.153424618292104e-05 0
6196 8.32578927512522e-06 -1.132893712497059e-05 0
6197 0.0001486374782900242 -1.222996891787295e-05 0
6198 1.761566171409985e-05 -1.149730980893273e-05 0
6199 0.0001394177348456366 -1.146650259324441e-05 0
6200 7.861608679992267e-05 -1.135242393862401e-05 0
6201 8.748779518094858e-05 -1.140941104882929e-05 0
6202 5.153305643044105e-05 -1.144610714161824e-05 0
6203 0.0001463504987231511 -1.043526115086054e-05 0
6204 1.289798445219592e-05 -1.139992780289896e-05 0
6205 9.206389283046866e-05 -1.137954379111671e-05 0
6206 3.390385739117845e-05 -1.162493233104268e-05 0
6207 9.691636763889513e-05 -1.139453026428297e-05 0
6208 0.0001046747014850649 -1.158246974221132e-05 0
6209 2.265442318037913e-05 -1.143514857072447e-05 0
6210 0.0001086608517207886 -1.13699341028462e-05 0
6211 0.0001257411491299948 -1.138885777208221e-05 0
6212 7.482822521370884e-05 -1.165526994096178e-05 0
6213 5.686583452681815e-05 -1.1462962870201e-05 0
6214 5.980378682745732e-05 -1.150725420772397e-05 0
6215 2.515487794732061e-05 -1.148494513823028e-05 0
6216 0.0001157070184238153 -1.146297592510776e-05 0
6217 2.989129268125972e-05 -1.134979896288363e-05 0
6218 0.0001356248050379475 -1.136195309462889e-05 0
6219 0.0001127515481216464 -1.161892188726331e-05 0
6220 0.000130638320913664 -1.134509198489193e-05 0
6221 4.844413662358971e-05 -1.152145415601168e-05 0
6222 1.060802078490746e-05 -1.102224092054582e-05 0
6223 2.012127678378285e-05 -1.14887430632762e-05 0
6224 2.263420903387723e-06 -1.008116554047816e-05 0
6225 0.0001460238535200876 -1.244506163724971e-05 0
6226 6.710234710854298e-05 -1.220877550266406e-05 0
6227 1.508661243196287e-05 -1.148287293530528e-05 0
6228 9.419298388869669e-05 -1.146234567589995e-05 0
6229 0.0001281554940353253 -1.116320412236964e-05 0
6230 6.233854745946419e-05 -1.191917310098977e-05 0
6231 0.0001183884451039884 -1.139107208144564e-05 0
6232 0.0001331321866037783 -1.11690915602184e-05 0
6233 3.682742493028439e-06 -1.054418167019416e-05 0
6234 5.414145703213063e-05 -1.13099682513214e-05 0
6235 0.0001234252430300758 -1.148718399250054e-05 0
6236 8.530789055479344e-05 -1.148783744539245e-05 0
6237 9.924900395599602e-05 -1.147321204246474e-05 0
6238 8.080706966099111e-05 -1.096448123099437e-05 0
6239 2.405339155353659e-06 -1.289163171933007e-05 0
6240 8.973573437412417e-05 -1.09577909679892e-05 0
6241 0.0001476878574140413 -1.29165504615951e-05 0
6242 2.775053378521832e-05 -1.147245735018565e-05 0
6243 0.0001478118420776902 -1.004193510126197e-05 0
6244 0.0001066720229263467 -1.072697113719086e-05 0
6245 6.761660027490451e-06 -1.25057934111224e-05 0
6246 8.728820120791997e-07 -1.328303737162219e-05 0
6247 0.0001107031328796991 -1.073491168834037e-05 0
6248 0.0001439635922218259 -1.252119861055252e-05 0
6249 3.840258302798578e-06 -1.239955852703233e-05 0
6250 4.624772551227154e-05 -1.063122111934145e-05 0
6251 0.0001435206907694998 -1.056856545413751e-05 0
6252 0.0001375900910557876 -1.224189345984943e-05 0
6253 7.665719539748367e-05 -1.074970690249612e-05 0
6254 0.0001491134346412018 -1.327550846071025e-05 0
6255 3.211165161053451e-05 -1.09756978056423e-05 0
6256 0.0001490404370330202 -9.886440836749749e-06 0
6257 9.62983061965104e-07 -9.873818001962685e-06 0
6258 0.0001448661071433917 -1.007651554693739e-05 0
6259 6.679766319607115e-06 -1.070036081072974e-05 0
6260 4.066910543823484e-05 -1.242639492746446e-05 0
6261 4.038330865035854e-05 -1.057367901548225e-05 0
6262 9.667245985209353e-06 -1.255258057807012e-05 0
6263 4.28014505660921e-05 -1.229713556946048e-05 0
6264 0.0001410581900115708 -1.056089615911439e-05 0
6265 4.617739736519023e-05 -1.240749090283079e-05 0
6266 3.736518688177272e-05 -1.070478971778036e-05 0
6267 0.0001377707221252031 -1.061406982954455e-05 0
6268 0.0001103249043264912 -1.244216751166208e-05 0
6269 0.0001070213414705058 -1.243489695200599e-05 0
6270 8.515450364789167e-07 -1.159051394865226e-05 0
6271 0.0001408585668321385 -1.243701142009009e-05 0
6272 0.0001318829784301606 -1.262854588627758e-05 0
6273 0.0001422896256992065 -1.299407051122899e-05 0
6274 3.790112197564488e-05 -1.242965473928114e-05 0
6275 7.700025365448103e-05 -1.235148015641638e-05 0
6276 3.529409050721898e-05 -1.050611166721766e-05 0
6277 7.991784118977821e-05 -1.25792262924046e-05 0
6278 7.390016522922567e-05 -1.024105340738592e-05 0
6279 1.15445547580797e-05 -1.247493028623759e-05 0
6280 0.0001292973566414547 -1.261304842557295e-05 0
6281 6.70694940316e-05 -1.040502441190674e-05 0
6282 0.0001491548546023648 -1.158355154513488e-05 0
6283 6.134127056653327e-05 -1.035660682717843e-05 0
6284 7.084789959284841e-05 -1.063336938812761e-05 0
6285 4.308910494308357e-05 -1.053403909153707e-05 0
6286 4.131615048407239e-06 -4.376014563514876e-06 0
6287 7.801146921894093e-06 -4.0298486079074e-06 0
6288 1.761934830998141e-05 -4.618566804716257e-06 0
6289 0.0001451986897760425 -4.48568267243924e-06 0
6290 2.203204375125671e-05 -4.908821605179766e-06 0
6291 4.378936913231442e-05 -4.47385024411287e-06 0
6292 2.963139146377275e-05 -4.543678635412504e-06 0
6293 3.689242213047571e-05 -4.518881593756083e-06 0
6294 4.803875277890302e-05 -4.174572162567819e-06 0
6295 5.337129256448703e-05 -4.534866630602676e-06 0
6296 0.0001128644056065206 -4.506852454544343e-06 0
6297 5.765271602040277e-05 -4.297631939068312e-06 0
6298 2.595913093078555e-05 -3.894051007316115e-06 0
6299 1.244716486710304e-05 -4.163703605919041e-06 0
6300 0.0001412265323284736 -3.884054857256492e-06 0
6301 3.325348814541031e-05 -3.784871478493578e-06 0
6302 0.000105831004079422 -4.688505784822697e-06 0
6303 7.32343905155785e-05 -4.710725087568873e-06 0
6304 6.476685100033904e-05 -4.868676343673458e-06 0
6305 4.022707527975236e-05 -3.296509267706813e-06 0
6306 1.921791627811351e-06 -1.931224643009193e-06 0
6307 0.0001014999544788965 -4.634542617576609e-06 0
6308 9.226231139982915e-05 -4.400723014626416e-06 0
6309 0.0001179076703128938 -4.044504950917045e-06 0
6310 0.0001365541238975226 -4.490953621564059e-06 0
6311 0.0001238372306516423 -4.433647051009294e-06 0
6312 9.670419736498528e-05 -4.461461882314274e-06 0
6313 5.504829623473662e-06 -2.23002072999381e-06 0
6314 0.0001298563979285713 -4.241091044814199e-06 0
6315 7.724359005264504e-05 -4.187147179432852e-06 0
6316 8.390353486204864e-05 -4.568676662622569e-06 0
6317 1.45452919419099e-05 -2.572192423660538e-06 0
6318 3.137745074347334e-05 -2.090806392832469e-06 0
6319 5.555251951018948e-05 -2.591393370655435e-06 0
6320 3.533185316523828e-05 -2.023425671767671e-06 0
6321 5.112138007767226e-05 -2.614441765271721e-06 0
6322 2.000388072736289e-05 -2.67088001515892e-06 0
6323 8.768469015684736e-05 -4.635383454011076e-06 0
6324 3.809800330520719e-05 -2.200552710391473e-06 0
6325 6.873834325108412e-05 -4.292915720815558e-06 0
6326 0.0001148804528649191 -2.658799068628588e-06 0
6327 4.488709167862009e-05 -2.186422242187122e-06 0
6328 6.04007373562583e-05 -2.875327023066025e-06 0
6329 2.78827854791601e-05 -2.53603681365722e-06 0
6330 2.550126417350899e-06 -6.417168752278805e-06 0
6331 1.666358285535073e-05 -1.926822677430733e-06 0
6332 2.382904933345658e-05 -2.316252569106044e-06 0
6333 0.000110574790356602 -2.486681282629941e-06 0
6334 0.0001473575587908013 -2.78595480028429e-06 0
6335 1.030370481131019e-05 -2.487348655640369e-06 0
6336 0.0001472891771373962 -6.262918124288111e-06 0
6337 7.375665443724518e-06 -1.750843619661692e-06 0
6338 3.707869224179988e-06 -1.810568937243853e-06 0
6339 0.0001331810282647275 -3.198330268959322e-06 0
6340 4.264304104553165e-05 -2.16227177231627e-06 0
6341 4.698938430525889e-05 -1.880147464034837e-06 0
6342 4.918777783982204e-05 -2.094511457424518e-06 0
6343 2.963139146377275e-05 -1.753636030794747e-06 0
6344 2.049310633699222e-06 -3.934123131312788e-06 0
6345 0.0001437385514511512 -2.426291792505889e-06 0
6346 5.334704821671381e-05 -2.084226142764007e-06 0
6347 1.811830615804955e-05 -1.787756872407846e-06 0
6348 2.193777794854761e-05 -1.932269383402717e-06 0
6349 0.0001128030479072557 -2.296558025460875e-06 0
6350 0.0001268033289850531 -3.049571816053018e-06 0
6351 0.0001429457501032956 -6.274744891731355e-06 0
6352 4.12954750378481e-05 -6.070591551289347e-06 0
6353 1.244716486710304e-05 -2.044275541636237e-06 0
6354 1.165775101677872e-06 -1.166743113871938e-06 0
6355 0.0001208807564024051 -3.185392812045903e-06 0
6356 0.0001387590700158863 -2.626823876939631e-06 0
6357 3.321498504605824e-05 -1.797436058773379e-06 0
6358 0.0001026755716187515 -2.666323759337063e-06 0
6359 5.871400203311151e-06 -6.059020841234342e-06 0
6360 2.595013161858577e-05 -1.843607248541432e-06 0
6361 6.071510406724257e-05 -5.807918927425808e-06 0
6362 3.480251366518756e-05 -6.151362891321477e-06 0
6363 5.777836950056138e-05 -2.151412957335984e-06 0
6364 7.458897906414616e-05 -2.555617170434512e-06 0
6365 3.155686663974915e-05 -6.161743913837196e-06 0
6366 6.27331665123551e-05 -2.418714602797924e-06 0
6367 9.938354280764079e-05 -2.635512489755558e-06 0
6368 1.479080645517361e-05 -6.072715690346255e-06 0
6369 0.0001206415988297845 -6.112373717867399e-06 0
6370 0.0001101386837696322 -6.032001601305691e-06 0
6371 0.0001411357593653073 -2.153109864972966e-06 0
6372 5.020545192101278e-05 -5.440946448771253e-06 0
6373 4.611687637699148e-05 -6.346143002131677e-06 0
6374 1.03975724864875e-05 -6.088355996379189e-06 0
6375 0.0001387332880068193 -5.790376854919378e-06 0
6376 0.0001451189753867432 -6.824033685688869e-06 0
6377 0.0001069173054998681 -2.499297192596099e-06 0
6378 0.0001271599192143738 -6.049164136581689e-06 0
6379 7.123678408543942e-05 -2.416000887985612e-06 0
6380 0.0001154244208341032 -6.076013423652444e-06 0
6381 0.0001319074270732533 -6.330892079962094e-06 0
6382 2.76499671950747e-05 -6.614850422059614e-06 0
6383 0.0001482500247736568 -4.522632310665821e-06 0
6384 9.414759931201957e-05 -2.595033263246794e-06 0
6385 9.90400425616929e-05 -6.21083359709823e-06 0
6386 0.0001179987381238684 -2.361994280659579e-06 0
6387 6.618032063497707e-05 -2.522888431086654e-06 0
6388 2.404796918982763e-05 -6.244559735338622e-06 0
6389 5.595654221581885e-05 -6.122276157007465e-06 0
6390 0.0001454951178138696 -1.885419017572028e-06 0
6391 9.061858082534601e-05 -2.598820119506083e-06 0
6392 8.041746666568663e-05 -6.024362645208035e-06 0
6393 8.939530510453303e-06 -1.76334235579767e-06 0
6394 3.632046013880995e-05 -1.340168141302787e-06 0
6395 7.091293984896278e-05 -5.970956079619127e-06 0
6396 0.0001035569394574818 -6.198938479183967e-06 0
6397 8.511560856598364e-05 -6.706470604051089e-06 0
6398 3.870281042694496e-05 -6.371540681906016e-06 0
6399 1.989198224724895e-05 -6.529398084824326e-06 0
6400 8.992768756131101e-05 -6.133567873035412e-06 0
6401 9.455967459044926e-05 -6.206583098970182e-06 0
6402 4.026899864461481e-05 -1.850347865723202e-06 0
6403 0.0001309542998870196 -2.686374961273458e-06 0
6404 6.378634557864471e-06 -4.503681866434423e-06 0
6405 8.040985842696625e-05 -2.93933276942251e-06 0
6406 1.139848989560639e-06 -2.999231290034317e-06 0
6407 3.01437445876074e-06 -2.917918297583433e-06 0
6408 5.661285386672183e-05 -1.381078051638471e-06 0
6409 4.42516035515832e-05 -7.296982516579501e-06 0
6410 6.671319245806387e-05 -6.296769335315842e-06 0
6411 8.523746818211945e-05 -2.878240059539189e-06 0
6412 0.0001352464503611395 -2.46058945196513e-06 0
6413 4.384570322820338e-05 -1.315116071732562e-06 0
6414 5.426551776953224e-05 -1.094915719490567e-06 0
6415 3.496467286625163e-05 -4.386645990523527e-06 0
6416 9.749268728039689e-05 -2.066294722168169e-06 0
6417 7.536653526634672e-05 -6.027014587856667e-06 0
6418 0.0001348822459881987 -6.223407243309262e-06 0
6419 2.786118720588366e-05 -1.11684084885884e-06 0
6420 5.242527345577798e-05 -1.126125220853035e-06 0
6421 4.533920357524242e-06 -9.570422659754664e-07 0
6422 0.0001237965308730875 -2.127039087339748e-06 0
6423 5.896944509133721e-05 -1.305965198629397e-06 0
6424 1.571344240091808e-05 -1.060554159634957e-06 0
6425 6.131817261621163e-05 -1.54557369249408e-06 0
6426 1.135097089200855e-05 -1.510447105155557e-06 0
6427 1.345019297998544e-06 -5.245126540861683e-06 0
6428 6.348860772476639e-06 -1.082945660152925e-06 0
6429 1.349655807754831e-05 -1.369117715879451e-06 0
6430 0.0001433481548449753 -4.226516015036457e-06 0
6431 3.228853401029952e-05 -1.134040931432339e-06 0
6432 6.83419619472269e-05 -2.13233557734959e-06 0
6433 4.202525489942223e-05 -3.952107609206085e-06 0
6434 0.000148405987593802 -1.593213920076348e-06 0
6435 2.006167832490009e-05 -1.18381610806019e-06 0
6436 4.62025065321922e-05 -4.255703925932848e-06 0
6437 2.836614797473508e-06 -1.046672654029167e-06 0
6438 0.0001010039417162841 -6.917434049289341e-06 0
6439 1.006157592130133e-05 -1.218746202696146e-06 0
6440 3.420592985117719e-05 -1.183089057411918e-06 0
6441 0.0001129653522316448 -6.52533755724398e-06 0
6442 0.0001228009740638603 -6.676724211081882e-06 0
6443 2.495816114133791e-05 -1.240930722826738e-06 0
6444 1.26752287757027e-05 -6.524399562085823e-06 0
6445 0.0001164358689698325 -1.481135848714595e-06 0
6446 8.207987140165775e-06 -7.006615358792448e-06 0
6447 0.0001485247398360448 -7.467136010045734e-06 0
6448 0.000115026740048249 -1.03319102849325e-06 0
6449 0.0001288302603350478 -2.749075871523527e-06 0
6450 2.291070613510369e-05 -1.108323563749769e-06 0
6451 0.0001398404193607153 -1.415533037078382e-06 0
6452 3.048456437087268e-05 -1.031733480365251e-06 0
6453 0.0001424299329521996 -1.327748707744954e-06 0
6454 6.445196705900389e-05 -1.599057396803264e-06 0
6455 3.906806146672364e-05 -1.124549302062989e-06 0
6456 4.146995420712165e-06 -7.373595147225525e-06 0
6457 4.591965609272043e-05 -1.211916375221865e-06 0
6458 0.0001176093713354606 -6.74355836455785e-06 0
6459 0.0001250416590866739 -6.369882846749709e-06 0
6460 9.695212049737104e-05 -6.903868870240853e-06 0
6461 7.671600701342516e-05 -2.387199526118286e-06 0
6462 1.740101841149644e-05 -9.923665600372246e-07 0
6463 2.972416213222321e-05 -7.064054594261863e-06 0
6464 6.174265300533206e-05 -4.246444317962106e-06 0
6465 4.803875277890302e-05 -1.220942044002503e-06 0
6466 2.757487350368441e-05 -4.176530842319362e-06 0
6467 4.842623301158236e-05 -6.575829221545743e-06 0
6468 0.0001045317719290986 -2.057925219732932e-06 0
6469 6.009280646583878e-05 -9.605109481515542e-07 0
6470 3.666788823502978e-05 -2.684945758002795e-06 0
6471 3.169823333333905e-05 -3.912748533029493e-06 0
6472 0.0001076162254131734 -6.41736071581828e-06 0
6473 5.020199868377661e-05 -1.254752761676861e-06 0
6474 0.0001464056771520354 -7.559763742156864e-06 0
6475 1.876310070319384e-06 -7.701676351677048e-07 0
6476 5.248121138125809e-05 -6.387379319207692e-06 0
6477 7.934883771593779e-07 -1.861927243797329e-06 0
6478 4.144666031407936e-05 -1.173126085580241e-06 0
6479 7.294493441484828e-05 -1.45430589589824e-06 0
6480 0.0001302004352550731 -7.187727815100794e-06 0
6481 3.671784561906007e-05 -6.582043431494459e-06 0
6482 3.730311471157586e-05 -1.42479864398973e-06 0
6483 1.066577619942469e-05 -4.277612089208945e-06 0
6484 0.0001196445457153133 -1.583809312415827e-06 0
6485 9.216438695663112e-05 -7.226905778303609e-06 0
6486 6.286275050718462e-05 -6.408166238475414e-06 0
6487 1.532056965592887e-06 -7.460736345516253e-06 0
6488 7.301475088034213e-05 -6.739280089833674e-06 0
6489 3.714772737842291e-06 -7.628567714496972e-07 0
6490 1.696255428142307e-05 -6.870275597712006e-06 0
6491 5.322768062530164e-06 -1.034132349913004e-06 0
6492 5.334638717509034e-05 -8.610534166215219e-07 0
6493 0.0001408839661422833 -7.009108783657977e-06 0
6494 5.144043591881422e-05 -1.21137629497019e-06 0
6495 0.0001423757861884214 -2.803544247503351e-06 0
6496 0.0001116784966898777 -1.138687542801763e-06 0
6497 0.0001467854727526894 -1.350286346475017e-06 0
6498 5.533347656698423e-05 -1.150880019487284e-06 0
6499 5.855641325851553e-05 -6.705846134580865e-06 0
6500 9.961142885270231e-05 -4.367863457932563e-06 0
6501 2.689436259462333e-05 -8.668619529788314e-07 0
6502 8.249042008225889e-05 -6.774520545347712e-06 0
6503 4.489572666282679e-05 -9.4269093782831e-07 0
6504 8.310646488389746e-05 -2.198878085346208e-06 0
6505 8.760260022917187e-05 -6.845587646034465e-06 0
6506 8.726060906322823e-05 -2.604592109507397e-06 0
6507 0.0001486453171483795 -6.055355434136724e-06 0
6508 2.877003930004323e-05 -8.4241073428808e-07 0
6509 2.963139146377275e-05 -7.55086718018646e-07 0
6510 2.21856226430518e-05 -7.136555885068542e-06 0
6511 3.541329318336152e-05 -8.53669488711535e-07 0
6512 0.0001368935216540662 -6.635342703255698e-06 0
6513 0.0001160548916082636 -4.307406284736981e-06 0
6514 2.595013161858576e-05 -8.3168150511641e-07 0
6515 0.0001086423384687866 -4.165348522588132e-06 0
6516 0.0001088179338699895 -1.554643961853294e-06 0
6517 3.866066710353419e-05 -3.895330812822536e-06 0
6518 9.231555129848871e-05 -1.715512464146235e-06 0
6519 7.286749912499538e-06 -7.813634679922652e-07 0
6520 0.0001487289006778701 -2.949715916920667e-06 0
6521 3.137371353641858e-05 -8.513161609260116e-07 0
6522 1.598077616763218e-05 -3.474547739212737e-06 0
6523 7.833488994276061e-05 -6.738587610379626e-06 0
6524 0.0001257740866463471 -1.629385190012117e-06 0
6525 0.0001103548809391647 -1.0742252680871e-06 0
6526 8.226975333499175e-06 -8.454792921615693e-07 0
6527 4.121765033045848e-06 -5.734154643375733e-06 0
6528 0.0001217780952286408 -1.633810085709208e-06 0
6529 0.0001012016791423669 -1.617426536661384e-06 0
6530 0.0001218960203469246 -4.832229261839116e-06 0
6531 1.47570917861573e-05 -1.199474658113211e-06 0
6532 4.263052780495179e-06 -2.931322786863652e-06 0
6533 0.0001370176897562448 -2.109524921600066e-06 0
6534 2.902234092183625e-05 -3.038692600173033e-06 0
6535 2.099188691553905e-05 -8.843892583104354e-07 0
6536 1.915843435276276e-05 -8.802291714087403e-07 0
6537 7.000198053862128e-05 -1.443975376665245e-06 0
6538 4.912867276701809e-05 -9.2943310243877e-07 0
6539 1.423829599048938e-05 -4.391350645611596e-06 0
6540 1.869638134744568e-05 -3.10108208280557e-06 0
6541 0.0001138823741026454 -1.144608671106688e-06 0
6542 2.422012119948495e-05 -4.116240388337234e-06 0
6543 6.928144289437848e-05 -6.999030510851024e-06 0
6544 5.898156474592207e-05 -2.785788481341992e-06 0
6545 7.088394487141998e-05 -4.074453599744729e-06 0
6546 4.965591470010515e-05 -3.560286083500751e-06 0
6547 2.19431853792571e-05 -7.849964410925842e-07 0
6548 5.957748199925898e-05 -4.361793313358115e-06 0
6549 5.783757254325801e-05 -9.935086440164239e-07 0
6550 9.405036919377775e-07 -4.179755572007247e-06 0
6551 3.997537227145888e-05 -4.986230131614304e-06 0
6552 2.392177068003482e-05 -9.026827475883989e-07 0
6553 4.266910563369964e-05 -9.491180818744546e-07 0
6554 1.823338160485055e-05 -7.320705207707622e-07 0
6555 1.24378047141732e-05 -9.847680725342488e-07 0
6556 0.0001440816642853976 -1.081670849550152e-06 0
6557 0.0001336797329860104 -1.552439106322236e-06 0
6558 6.680062111055592e-05 -4.359863221817504e-06 0
6559 1.658086616528709e-05 -7.395503060130804e-07 0
6560 4.133419473547067e-05 -2.498027699432614e-06 0
6561 3.321498504605824e-05 -8.332946518446487e-07 0
6562 1.994363570816019e-05 -4.305244895122803e-06 0
6563 0.000145818790626004 -5.804618338563112e-06 0
6564 0.0001316747683120941 -4.49582263650874e-06 0
6565 0.0001394412153485425 -4.250585914747394e-06 0
6566 0.0001055543409408519 -6.907344293669206e-06 0
6567 6.285353998910202e-05 -1.112669138419054e-06 0
6568 6.5972885493463e-06 -2.938878391598682e-06 0
6569 0.0001198967669343311 -4.503064787113477e-06 0
6570 4.370601177041879e-05 -3.083506592051176e-06 0
6571 0.0001466553366497092 -4.268431389511417e-06 0
6572 0.0001347700287520052 -4.207092092114063e-06 0
6573 5.55278946669617e-05 -4.329062668224948e-06 0
6574 9.474521940274253e-05 -4.263501260491625e-06 0
6575 4.696853494686578e-05 -8.971089611578763e-07 0
6576 7.548529221989394e-05 -4.072613977552705e-06 0
6577 0.0001224377267005401 -3.242423659588654e-06 0
6578 3.32529775198015e-05 -5.27766216346597e-06 0
6579 0.0001258875740652261 -4.595539952706386e-06 0
6580 1.009093719154729e-06 -6.434687191531687e-06 0
6581 1.160482647456665e-05 -3.05901869049428e-06 0
6582 9.184528132853857e-06 -7.688886385272806e-07 0
6583 2.847064377199625e-06 -7.691371395993915e-06 0
6584 3.926456115996644e-05 -2.473457991741403e-06 0
6585 0.0001144262076398964 -4.666487475901833e-06 0
6586 0.0001279133667729984 -4.38589250517789e-06 0
6587 8.061680111470591e-06 -2.765643146796819e-06 0
6588 5.676292164103249e-05 -3.165897070199932e-06 0
6589 2.869985471481477e-06 -5.088333806342276e-06 0
6590 5.413390168437298e-05 -3.291071787455459e-06 0
6591 3.41627988642357e-05 -2.753011163308314e-06 0
6592 0.000138340245495159 -1.213674353261669e-06 0
6593 0.0001401018716206032 -3.0312039375028e-06 0
6594 0.0001439834671104682 -7.208906003811104e-06 0
6595 0.0001448939962052912 -3.146823971998472e-06 0
6596 1.318609823560071e-05 -2.98205161907946e-06 0
6597 4.201396613815294e-05 -7.423432053490042e-06 0
6598 3.802070377601849e-05 -7.346292121679851e-07 0
6599 9.564957361532045e-05 -1.437273309728747e-06 0
6600 0.000127793310704477 -1.437761966189053e-06 0
6601 0.0001444023046412548 -5.804083601211689e-06 0
6602 7.452260388012187e-06 -5.398505501213594e-06 0
6603 2.813112215328106e-06 -2.009797316391747e-06 0
6604 0.0001161021437872242 -7.475147945137558e-06 0
6605 3.318257212143497e-05 -7.242178381130811e-06 0
6606 6.423651620615345e-07 -6.409352507235072e-07 0
6607 6.476569631683561e-05 -7.15207764609963e-06 0
6608 0.0001411169741965848 -9.792783219592603e-07 0
6609 7.454366571761995e-05 -1.040463028477724e-06 0
6610 0.0001034763820567084 -4.138573011295231e-06 0
6611 2.266887532076857e-05 -3.284861786112977e-06 0
6612 0.0001333618854253103 -5.28402879436753e-06 0
6613 0.0001167451100815381 -2.970053292281066e-06 0
6614 0.0001192336735127781 -7.355107835116103e-06 0
6615 4.294393151480552e-05 -5.738386774669979e-06 0
6616 5.165950914439512e-06 -4.986685084853025e-06 0
6617 7.845885713857553e-05 -1.700278325729752e-06 0
6618 2.86335488741392e-05 -1.857523405554384e-06 0
6619 4.013471162853576e-05 -7.461483529950927e-06 0
6620 8.950717348674153e-05 -4.143328481051531e-06 0
6621 2.124555446841212e-05 -3.171982880228245e-06 0
6622 0.0001491829942613576 -8.275074344174333e-07 0
6623 0.000147482607964102 -7.983249993649054e-06 0
6624 2.710291316942448e-05 -1.885195153564439e-06 0
6625 3.251703449241927e-05 -2.689382372748056e-06 0
6626 0.0001128185459825639 -9.159708478738652e-07 0
6627 5.258472645060171e-05 -3.291071787455461e-06 0
6628 6.068206794720944e-06 -7.687846269450463e-06 0
6629 3.029465123301529e-05 -2.745412408559249e-06 0
6630 2.669158947465144e-05 -2.914050169514231e-06 0
6631 2.084815567695235e-05 -1.968667529032101e-06 0
6632 0.0001404572726781256 -5.29453178323737e-06 0
6633 0.0001251834476339114 -3.14779043331039e-06 0
6634 4.641530368779467e-05 -2.878582513073341e-06 0
6635 6.975794420204981e-05 -2.916274576510401e-06 0
6636 0.0001492491651968255 -8.189700558747815e-06 0
6637 5.438759937430341e-05 -7.401041939798488e-06 0
6638 6.154868237253927e-05 -2.771514909080033e-06 0
6639 0.0001111087162372479 -4.476194685250287e-06 0
6640 9.940240568919453e-05 -1.263846749717022e-06 0
6641 7.133431073855763e-05 -7.541853336060767e-06 0
6642 1.920773618210419e-05 -1.924752849968253e-06 0
6643 6.613371428027876e-05 -1.086258313699198e-06 0
6644 4.504208494753578e-05 -5.368024490267165e-06 0
6645 0.0001212418525598767 -7.544836968560877e-06 0
6646 7.140298039520461e-05 -1.06285643210982e-06 0
6647 0.0001298891414969569 -1.364232560131277e-06 0
6648 0.0001186782200203517 -5.717740599635846e-06 0
6649 8.080706966099111e-05 -7.623966397083663e-06 0
6650 0.0001110316508193006 -7.59973952213406e-06 0
6651 0.0001417723352194307 -5.33779126618393e-06 0
6652 4.666488009640647e-06 -1.792617413997957e-06 0
6653 2.586855628507374e-05 -5.435812780900588e-06 0
6654 7.630224696654533e-05 -7.647811823918174e-06 0
6655 2.566672249201721e-05 -7.231985892053616e-06 0
6656 0.0001334988611937059 -7.394762410184794e-06 0
6657 9.824335785279631e-05 -3.628155394285965e-06 0
6658 0.0001167802391968621 -5.547833942243207e-06 0
6659 0.0001192370543177272 -3.087663413628209e-06 0
6660 0.0001492238354805091 -5.207829084740488e-06 0
6661 8.571571353704927e-05 -4.58789330530012e-06 0
6662 0.000145006567497926 -7.918540686331366e-06 0
6663 5.085881689945299e-05 -7.280830997904937e-06 0
6664 3.265667678568771e-06 -3.849542517123405e-06 0
6665 0.0001072444627912501 -1.037832021856239e-06 0
6666 0.0001451986897760425 -8.505655794780419e-07 0
6667 0.0001002349629946964 -5.526700904056798e-06 0
6668 1.512607662479233e-05 -7.651748074107249e-06 0
6669 1.0584749141711e-05 -7.7314467164207e-06 0
6670 0.0001478095354240299 -7.354991652095577e-07 0
6671 3.704170232409569e-05 -6.509004241791509e-07 0
6672 3.584436357024374e-05 -5.409733476773886e-06 0
6673 0.000128161445735948 -7.382308979826861e-06 0
6674 6.45666109725528e-06 -2.000672100351777e-06 0
6675 5.975409536526349e-05 -1.951015849634293e-06 0
6676 9.928248300105617e-05 -7.787352546208049e-06 0
6677 3.481271024141934e-05 -7.725982758277123e-06 0
6678 5.156999618252283e-05 -4.304832005801592e-06 0
6679 2.517196366770713e-05 -2.766257593482045e-06 0
6680 0.0001091472365473464 -7.459819868778476e-06 0
6681 0.0001385463510979626 -7.486965668366611e-06 0
6682 7.615479247367168e-05 -1.106938169923637e-06 0
6683 8.57004758565936e-05 -1.306052024431039e-06 0
6684 5.340228579004394e-06 -3.661100570543078e-06 0
6685 4.491249598164156e-05 -3.641247068012505e-06 0
6686 5.203257281797569e-07 -1.166887935017277e-06 0
6687 4.024757419698451e-05 -8.296046506732863e-07 0
6688 0.0001381010774050031 -3.853653037954105e-06 0
6689 3.618720123355349e-05 -5.753340617868343e-07 0
6690 1.178121712989247e-06 -5.155691999526301e-07 0
6691 5.646234535335152e-05 -7.748630668461552e-06 0
6692 0.0001424008265339531 -7.641395545570344e-06 0
6693 3.560392705224623e-05 -3.273382035471678e-06 0
6694 0.0001028462849295302 -1.268335103146276e-06 0
6695 9.574785539509295e-05 -2.964712887589922e-06 0
6696 9.811022942590957e-05 -5.114436640374377e-06 0
6697 9.225750103032599e-06 -3.412688826085491e-06 0
6698 0.0001146274776138175 -7.384147272614626e-06 0
6699 0.0001320887488301854 -1.352455778077676e-06 0
6700 0.0001060927435328452 -1.119010886837054e-06 0
6701 8.958415539836139e-06 -5.035604396597844e-06 0
6702 6.735670995426627e-05 -1.168002829292998e-06 0
6703 0.0001179957547656717 -1.03547259126756e-06 0
6704 4.624772551227153e-05 -7.988136698103046e-06 0
6705 6.425693401722274e-05 -3.081379359591531e-06 0
6706 1.736128689072405e-05 -3.031177527482703e-06 0
6707 1.154643558217948e-05 -5.263517813398249e-06 0
6708 7.257780659028646e-05 -3.042220528326393e-06 0
6709 0.0001008275795398621 -3.07198807572352e-06 0
6710 9.448751839681036e-05 -7.907277133858062e-06 0
6711 3.758244772769176e-05 -3.41847911569521e-06 0
6712 7.44150179079442e-05 -7.548278909713251e-06 0
6713 0.0001263709311555916 -7.460988669041114e-06 0
6714 7.934423258308713e-05 -4.398398249537627e-06 0
6715 5.221965224354818e-05 -2.124731036479066e-06 0
6716 8.125332512360603e-05 -1.489676604830372e-06 0
6717 8.904031536615417e-05 -1.733768285348317e-06 0
6718 7.706100702429753e-07 -8.19289325840744e-06 0
6719 4.70045949284494e-05 -5.195556971675498e-06 0
6720 0.0001305805516562104 -5.575822205319235e-06 0
6721 5.434490804056581e-05 -5.754925342968255e-06 0
6722 6.122340177833281e-05 -7.46539156902971e-06 0
6723 4.804207072700162e-05 -2.692932087440915e-06 0
6724 1.072920327326006e-05 -7.740127900654884e-07 0
6725 1.553203703039364e-05 -2.046718331610435e-06 0
6726 1.598975704989405e-05 -5.12874943820187e-06 0
6727 8.161199625065748e-05 -4.484028159580777e-06 0
6728 5.445221069684414e-05 -2.155912074718855e-06 0
6729 9.047816052801934e-05 -1.134313477420421e-06 0
6730 9.407770741537201e-05 -1.123942272498771e-06 0
6731 0.0001461402479373352 -2.886648200934545e-06 0
6732 0.000135567515633441 -7.763902133536419e-06 0
6733 0.0001136950583059748 -3.37597204320641e-06 0
6734 2.06578113894472e-06 -2.829967086200099e-06 0
6735 8.981442269161513e-05 -7.799939782519718e-06 0
6736 0.0001289610701016288 -5.719052807219264e-06 0
$EndNodes
$Elements
13431
1 1 2 4 1 4 11
2 1 2 4 1 11 12
3 1 2 4 1 12 13
4 1 2 4 1 13 14
5 1 2 4 1 14 15
6 1 2 4 1 15 16
7 1 2 4 1 16 17
8 1 2 4 1 17 18
9 1 2 4 1 18 19
10 1 2 4 1 19 20
11 1 2 4 1 20 21
12 1 2 4 1 21 22
13 1 2 4 1 22 23
14 1 2 4 1 23 24
15 1 2 4 1 24 25
16 1 2 4 1 25 26
17 1 2 4 1 26 27
18 1 2 4 1 27 28
19 1 2 4 1 28 29
20 1 2 4 1 29 30
21 1 2 4 1 30 31
22 1 2 4 1 31 32
23 1 2 4 1 32 33
24 1 2 4 1 33 34
25 1 2 4 1 34 35
26 1 2 4 1 35 36
27 1 2 4 1 36 37
28 1 2 4 1 37 38
29 1 2 4 1 38 39
30 1 2 4 1 39 40
31 1 2 4 1 40 41
32 1 2 4 1 41 42
33 1 2 4 1 42 43
34 1 2 4 1 43 44
35 1 2 4 1 44 45
36 1 2 4 1 45 46
37 1 2 4 1 46 47
38 1 2 4 1 47 48
39 1 2 4 1 48 49
40 1 2 4 1 49 50
41 1 2 4 1 50 51
42 1 2 4 1 51 52
43 1 2 4 1 52 53
44 1 2 4 1 53 54
45 1 2 4 1 54 55
46 1 2 4 1 55 56
47 1 2 4 1 56 57
48 1 2 4 1 57 58
49 1 2 4 1 58 59
50 1 2 4 1 59 60
51 1 2 4 1 60 61
52 1 2 4 1 61 62
53 1 2 4 1 62 63
54 1 2 4 1 63 64
55 1 2 4 1 64 65
56 1 2 4 1 65 66
57 1 2 4 1 66 67
58 1 2 4 1 67 68
59 1 2 4 1 68 69
60 1 2 4 1 69 70
61 1 2 4 1 70 71
62 1 2 4 1 71 72
63 1 2 4 1 72 73
64 1 2 4 1 73 74
65 1 2 4 1 74 75
66 1 2 4 1 75 76
67 1 2 4 1 76 77
68 1 2 4 1 77 78
69 1 2 4 1 78 79
70 1 2 4 1 79 80
71 1 2 4 1 80 81
72 1 2 4 1 81 82
73 1 2 4 1 82 83
74 1 2 4 1 83 84
75 1 2 4 1 84 85
76 1 2 4 1 85 86
77 1 2 4 1 86 87
78 1 2 4 1 87 88
79 1 2 4 1 88 89
80 1 2 4 1 89 90
81 1 2 4 1 90 91
82 1 2 4 1 91 92
83 1 2 4 1 92 10
84 1 2 3 4 2 112
85 1 2 3 4 112 113
86 1 2 3 4 113 114
87 1 2 3 4 114 115
88 1 2 3 4 115 116
89 1 2 3 4 116 117
90 1 2 3 4 117 118
91 1 2 3 4 118 119
92 1 2 3 4 119 120
93 1 2 3 4 120 121
94 1 2 3 4 121 122
95 1 2 3 4 122 123
96 1 2 3 4 123 124
97 1 2 3 4 124 125
98 1 2 3 4 125 126
99 1 2 3 4 126 127
100 1 2 3 4 127 128
101 1 2 3 4 128 129
102 1 2 3 4 129 130
103 1 2 3 4 130 131
104 1 2 3 4 131 132
105 1 2 3 4 132 133
106 1 2 3 4 133 134
107 1 2 3 4 134 135
108 1 2 3 4 135 136
109 1 2 3 4 136 137
110 1 2 3 4 137 138
111 1 2 3 4 138 139
112 1 2 3 4 139 140
113 1 2 3 4 140 141
114 1 2 3 4 141 142
115 1 2 3 4 142 143
116 1 2 3 4 143 144
117 1 2 3 4 144 145
118 1 2 3 4 145 146
119 1 2 3 4 146 147
120 1 2 3 4 147 148
121 1 2 3 4 148 149
122 1 2 3 4 149 150
123 1 2 3 4 150 151
124 1 2 3 4 151 152
125 1 2 3 4 152 153
126 1 2 3 4 153 154
127 1 2 3 4 154 155
128 1 2 3 4 155 156
129 1 2 3 4 156 157
130 1 2 3 4 157 158
131 1 2 3 4 158 159
132 1 2 3 4 159 160
133 1 2 3 4 160 161
134 1 2 3 4 161 162
135 1 2 3 4 162 163
136 1 2 3 4 163 164
137 1 2 3 4 164 165
138 1 2 3 4 165 166
139 1 2 3 4 166 167
140 1 2 3 4 167 168
141 1 2 3 4 168 169
142 1 2 3 4 169 170
143 1 2 3 4 170 171
144 1 2 3 4 171 172
145 1 2 3 4 172 173
146 1 2 3 4 173 174
147 1 2 3 4 174 175
148 1 2 3 4 175 176
149 1 2 3 4 176 177
150 1 2 3 4 177 178
151 1 2 3 4 178 179
152 1 2 3 4 179 180
153 1 2 3 4 180 181
154 1 2 3 4 181 182
155 1 2 3 4 182 183
156 1 2 3 4 183 184
157 1 2 3 4 184 185
158 1 2 3 4 185 186
159 1 2 3 4 186 187
160 1 2 3 4 187 188
161 1 2 3 4 188 189
162 1 2 3 4 189 190
163 1 2 3 4 190 191
164 1 2 3 4 191 192
165 1 2 3 4 192 193
166 1 2 3 4 193 194
167 1 2 3 4 194 195
168 1 2 3 4 195 196
169 1 2 3 4 196 197
170 1 2 3 4 197 198
171 1 2 3 4 198 199
172 1 2 3 4 199 200
173 1 2 3 4 200 201
174 1 2 3 4 201 202
175 1 2 3 4 202 203
176 1 2 3 4 203 204
177 1 2 3 4 204 205
178 1 2 3 4 205 206
179 1 2 3 4 206 207
180 1 2 3 4 207 208
181 1 2 3 4 208 209
182 1 2 3 4 209 210
183 1 2 3 4 210 211
184 1 2 3 4 211 212
185 1 2 3 4 212 213
186 1 2 3 4 213 214
187 1 2 3 4 214 215
188 1 2 3 4 215 216
189 1 2 3 4 216 217
190 1 2 3 4 217 218
191 1 2 3 4 218 219
192 1 2 3 4 219 220
193 1 2 3 4 220 221
194 1 2 3 4 221 222
195 1 2 3 4 222 223
196 1 2 3 4 223 1
197 1 2 2 11 7 253
198 1 2 2 11 253 254
199 1 2 2 11 254 255
200 1 2 2 11 255 256
201 1 2 2 11 256 257
202 1 2 2 11 257 258
203 1 2 2 11 258 259
204 1 2 2 11 259 260
205 1 2 2 11 260 261
206 1 2 2 11 261 262
207 1 2 2 11 262 263
208 1 2 2 11 263 264
209 1 2 2 11 264 265
210 1 2 2 11 265 266
211 1 2 2 11 266 267
212 1 2 2 11 267 268
213 1 2 2 11 268 269
214 1 2 2 11 269 270
215 1 2 2 11 270 271
216 1 2 2 11 271 272
217 1 2 2 11 272 273
218 1 2 2 11 273 274
219 1 2 2 11 274 275
220 1 2 2 11 275 276
221 1 2 2 11 276 277
222 1 2 2 11 277 278
223 1 2 2 11 278 279
224 1 2 2 11 279 280
225 1 2 2 11 280 281
226 1 2 2 11 281 282
227 1 2 2 11 282 283
228 1 2 2 11 283 284
229 1 2 2 11 284 285
230 1 2 2 11 285 286
231 1 2 2 11 286 287
232 1 2 2 11 287 288
233 1 2 2 11 288 289
234 1 2 2 11 289 290
235 1 2 2 11 290 291
236 1 2 2 11 291 292
237 1 2 2 11 292 293
238 1 2 2 11 293 294
239 1 2 2 11 294 295
240 1 2 2 11 295 296
241 1 2 2 11 296 297
242 1 2 2 11 297 298
243 1 2 2 11 298 299
244 1 2 2 11 299 300
245 1 2 2 11 300 301
246 1 2 2 11 301 302
247 1 2 2 11 302 303
248 1 2 2 11 303 304
249 1 2 2 11 304 305
250 1 2 2 11 305 306
251 1 2 2 11 306 307
252 1 2 2 11 307 308
253 1 2 2 11 308 309
254 1 2 2 11 309 310
255 1 2 2 11 310 311
256 1 2 2 11 311 312
257 1 2 2 11 312 313
258 1 2 2 11 313 314
259 1 2 2 11 314 315
260 1 2 2 11 315 316
261 1 2 2 11 316 8
262 1 2 1 13 5 320
263 1 2 1 13 320 321
264 1 2 1 13 321 322
265 1 2 1 13 322 323
266 1 2 1 13 323 324
267 1 2 1 13 324 325
268 1 2 1 13 325 326
269 1 2 1 13 326 327
270 1 2 1 13 327 328
271 1 2 1 13 328 329
272 1 2 1 13 329 330
273 1 2 1 13 330 331
274 1 2 1 13 331 332
275 1 2 1 13 332 333
276 1 2 1 13 333 334
277 1 2 1 13 334 335
278 1 2 1 13 335 336
279 1 2 1 13 336 337
280 1 2 1 13 337 338
281 1 2 1 13 338 339
282 1 2 1 13 339 340
283 1 2 1 13 340 341
284 1 2 1 13 341 342
285 1 2 1 13 342 343
286 1 2 1 13 343 344
287 1 2 1 13 344 345
288 1 2 1 13 345 346
289 1 2 1 13 346 347
290 1 2 1 13 347 348
291 1 2 1 13 348 349
292 1 2 1 13 349 350
293 1 2 1 13 350 351
294 1 2 1 13 351 352
295 1 2 1 13 352 353
296 1 2 1 13 353 354
297 1 2 1 13 354 355
298 1 2 1 13 355 356
299 1 2 1 13 356 357
300 1 2 1 13 357 358
301 1 2 1 13 358 359
302 1 2 1 13 359 360
303 1 2 1 13 360 361
304 1 2 1 13 361 362
305 1 2 1 13 362 363
306 1 2 1 13 363 364
307 1 2 1 13 364 365
308 1 2 1 13 365 366
309 1 2 1 13 366 367
310 1 2 1 13 367 368
311 1 2 1 13 368 369
312 1 2 1 13 369 370
313 1 2 1 13 370 371
314 1 2 1 13 371 372
315 1 2 1 13 372 373
316 1 2 1 13 373 374
317 1 2 1 13 374 375
318 1 2 1 13 375 376
319 1 2 1 13 376 377
320 1 2 1 13 377 6
321 1 2 5 17 9 537
322 1 2 5 17 537 538
323 1 2 5 17 538 539
324 1 2 5 17 539 540
325 1 2 5 17 540 541
326 1 2 5 17 541 542
327 1 2 5 17 542 543
328 1 2 5 17 543 544
329 1 2 5 17 544 545
330 1 2 5 17 545 546
331 1 2 5 17 546 547
332 1 2 5 17 547 548
333 1 2 5 17 548 549
334 1 2 5 17 549 550
335 1 2 5 17 550 551
336 1 2 5 17 551 552
337 1 2 5 17 552 553
338 1 2 5 17 553 554
339 1 2 5 17 554 555
340 1 2 5 17 555 556
341 1 2 5 17 556 557
342 1 2 5 17 557 558
343 1 2 5 17 558 559
344 1 2 5 17 559 560
345 1 2 5 17 560 561
346 1 2 5 17 561 562
347 1 2 5 17 562 563
348 1 2 5 17 563 564
349 1 2 5 17 564 565
350 1 2 5 17 565 566
351 1 2 5 17 566 567
352 1 2 5 17 567 568
353 1 2 5 17 568 569
354 1 2 5 17 569 570
355 1 2 5 17 570 571
356 1 2 5 17 571 572
357 1 2 5 17 572 573
358 1 2 5 17 573 574
359 1 2 5 17 574 575
360 1 2 5 17 575 576
361 1 2 5 17 576 577
362 1 2 5 17 577 578
363 1 2 5 17 578 579
364 1 2 5 17 579 580
365 1 2 5 17 580 581
366 1 2 5 17 581 582
367 1 2 5 17 582 583
368 1 2 5 17 583 584
369 1 2 5 17 584 585
370 1 2 5 17 585 586
371 1 2 5 17 586 587
372 1 2 5 17 587 588
373 1 2 5 17 588 589
374 1 2 5 17 589 590
375 1 2 5 17 590 591
376 1 2 5 17 591 592
377 1 2 5 17 592 3
378 2 2 8 8 2280 3516 2934
379 2 2 8 8 2184 4802 638
380 2 2 8 8 1419 2664 2661
381 2 2 8 8 1052 5159 5042
382 2 2 8 8 2515 2746 1626
383 2 2 8 8 1292 4201 2018
384 2 2 8 8 4833 5091 2754
385 2 2 8 8 1823 4150 3867
386 2 2 8 8 907 3052 1853
387 2 2 8 8 466 2544 465
388 2 2 8 8 1212 3171 3013
389 2 2 8 8 1256 2631 2315
390 2 2 8 8 1201 5832 2418
391 2 2 8 8 2175 3933 1276
392 2 2 8 8 2280 5784 788
393 2 2 8 8 877 2690 2165
394 2 2 8 8 2418 5832 4644
395 2 2 8 8 3706 3739 1306
396 2 2 8 8 146 2835 2383
397 2 2 8 8 165 2179 164
398 2 2 8 8 2047 2445 970
399 2 2 8 8 2900 3299 1189
400 2 2 8 8 1470 3515 3348
401 2 2 8 8 1244 3109 2552
402 2 2 8 8 2418 4644 1994
403 2 2 8 8 2277 5248 4475
404 2 2 8 8 2692 2815 417
405 2 2 8 8 1333 5256 4327
406 2 2 8 8 3070 3515 1952
407 2 2 8 8 1282 2917 2025
408 2 2 8 8 2421 5666 1138
409 2 2 8 8 2060 4453 3054
410 2 2 8 8 1190 3183 2609
411 2 2 8 8 2026 3233 1193
412 2 2 8 8 2288 2699 1620
413 2 2 8 8 1350 4179 2036
414 2 2 8 8 3017 3161 1556
415 2 2 8 8 2866 3556 637
416 2 2 8 8 600 3112 2324
417 2 2 8 8 1820 3018 1396
418 2 2 8 8 1026 5481 1901
419 2 2 8 8 1623 4100 2177
420 2 2 8 8 2569 2672 859
421 2 2 8 8 2229 3921 1587
422 2 2 8 8 814 2746 2515
423 2 2 8 8 2443 5868 467
424 2 2 8 8 1001 3888 2430
425 2 2 8 8 3032 4282 2033
426 2 2 8 8 2401 2877 822
427 2 2 8 8 2725 4035 3176
428 2 2 8 8 2816 3853 1016
429 2 2 8 8 4497 5269 2058
430 2 2 8 8 2416 5025 936
431 2 2 8 8 3126 4237 643
432 2 2 8 8 3869 5843 1133
433 2 2 8 8 2134 5768 1943
434 2 2 8 8 2177 2646 749
435 2 2 8 8 1352 2575 1014
436 2 2 8 8 1480 5033 4449
437 2 2 8 8 2561 3369 3367
438 2 2 8 8 2025 5698 1242
439 2 2 8 8 940 4282 3032
440 2 2 8 8 1866 3131 663
441 2 2 8 8 1863 3484 130
442 2 2 8 8 1110 2477 2131
443 2 2 8 8 3055 4037 648
444 2 2 8 8 141 3350 2559
445 2 2 8 8 958 3186 2171
446 2 2 8 8 1768 2824 1072
447 2 2 8 8 2290 3102 1096
448 2 2 8 8 1790 5205 2367
449 2 2 8 8 1701 5373 3536
450 2 2 8 8 681 5500 1880
451 2 2 8 8 2731 2767 1745
452 2 2 8 8 1256 3261 2702
453 2 2 8 8 2729 4148 899
454 2 2 8 8 2400 3000 848
455 2 2 8 8 1143 3386 2053
456 2 2 8 8 1963 3157 714
457 2 2 8 8 2250 2581 1069
458 2 2 8 8 688 5480 2000
459 2 2 8 8 2463 2495 883
460 2 2 8 8 2532 3489 1272
461 2 2 8 8 785 4092 1845
462 2 2 8 8 1963 3471 1096
463 2 2 8 8 458 2806 457
464 2 2 8 8 1457 3845 2292
465 2 2 8 8 803 3429 3419
466 2 2 8 8 2226 3732 779
467 2 2 8 8 1930 3179 2956
468 2 2 8 8 2331 3522 1536
469 2 2 8 8 3836 4179 1684
470 2 2 8 8 1722 2794 2230
471 2 2 8 8 2148 5566 1106
472 2 2 8 8 996 4888 3218
473 2 2 8 8 2437 5087 1197
474 2 2 8 8 2419 3158 588
475 2 2 8 8 633 3087 3027
476 2 2 8 8 2459 2719 630
477 2 2 8 8 1387 3642 2060
478 2 2 8 8 721 2542 2278
479 2 2 8 8 2339 3391 1706
480 2 2 8 8 2424 2467 577
481 2 2 8 8 1177 4966 2874
482 2 2 8 8 3250 4108 928
483 2 2 8 8 973 2874 2409
484 2 2 8 8 2798 4618 728
485 2 2 8 8 4327 5256 1803
486 2 2 8 8 1379 4458 3003
487 2 2 8 8 1853 3605 907
488 2 2 8 8 5042 5159 1929
489 2 2 8 8 638 2648 2184
490 2 2 8 8 777 2427 2413
491 2 2 8 8 2061 5300 738
492 2 2 8 8 1096 3157 1963
493 2 2 8 8 1974 3862 3032
494 2 2 8 8 825 3811 2043
495 2 2 8 8 510 2322 509
496 2 2 8 8 516 2020 515
497 2 2 8 8 2329 2761 1201
498 2 2 8 8 771 6170 2566
499 2 2 8 8 729 2695 2013
500 2 2 8 8 1159 4703 2287
501 2 2 8 8 1611 4650 3694
502 2 2 8 8 899 5461 1890
503 2 2 8 8 806 2682 1843
504 2 2 8 8 1009 2683 1843
505 2 2 8 8 1994 4644 698
506 2 2 8 8 1888 3036 893
507 2 2 8 8 2186 3550 181
508 2 2 8 8 2165 4764 877
509 2 2 8 8 127 2675 2674
510 2 2 8 8 2524 4007 782
511 2 2 8 8 2464 4969 1590
512 2 2 8 8 2403 2458 802
513 2 2 8 8 840 4606 1934
514 2 2 8 8 1061 4923 3395
515 2 2 8 8 3804 3927 1043
516 2 2 8 8 1416 4968 1973
517 2 2 8 8 1035 3410 2138
518 2 2 8 8 2690 2750 2165
519 2 2 8 8 518 2348 517
520 2 2 8 8 1343 3976 2181
521 2 2 8 8 1747 3574 858
522 2 2 8 8 1815 2254 743
523 2 2 8 8 2776 4266 238
524 2 2 8 8 1396 3539 1820
525 2 2 8 8 1893 5765 1203
526 2 2 8 8 1549 4448 3250
527 2 2 8 8 1511 6174 2770
528 2 2 8 8 2749 3150 950
529 2 2 8 8 1397 3167 1668
530 2 2 8 8 3275 3991 1461
531 2 2 8 8 3054 4453 978
532 2 2 8 8 2481 3523 687
533 2 2 8 8 822 5599 2401
534 2 2 8 8 2367 4211 1135
535 2 2 8 8 781 1985 1837
536 2 2 8 8 630 2494 1599
537 2 2 8 8 1098 2799 2227
538 2 2 8 8 796 3651 3185
539 2 2 8 8 1129 4039 2049
540 2 2 8 8 2181 3807 1343
541 2 2 8 8 975 3443 3073
542 2 2 8 8 48 2225 47
543 2 2 8 8 2062 3702 1191
544 2 2 8 8 3119 5833 4107
545 2 2 8 8 1110 3063 2217
546 2 2 8 8 1425 3523 2481
547 2 2 8 8 1303 4148 2705
548 2 2 8 8 1371 3715 3026
549 2 2 8 8 1185 3110 2770
550 2 2 8 8 2171 4999 958
551 2 2 8 8 2392 3438 1447
552 2 2 8 8 3808 3857 2597
553 2 2 8 8 2609 3183 1464
554 2 2 8 8 1930 4833 799
555 2 2 8 8 1384 3203 1965
556 2 2 8 8 3503 4406 2225
557 2 2 8 8 1828 3839 869
558 2 2 8 8 3699 4932 2259
559 2 2 8 8 1991 5382 1486
560 2 2 8 8 1803 2839 756
561 2 2 8 8 3958 5765 1893
562 2 2 8 8 1400 2519 2327
563 2 2 8 8 780 5376 2430
564 2 2 8 8 2304 5272 1840
565 2 2 8 8 2413 2427 1560
566 2 2 8 8 1890 2521 1286
567 2 2 8 8 2713 4276 1153
568 2 2 8 8 1980 3107 1107
569 2 2 8 8 3442 5239 1039
570 2 2 8 8 2367 3600 1790
571 2 2 8 8 873 2758 2085
572 2 2 8 8 2540 6147 1181
573 2 2 8 8 501 2423 500
574 2 2 8 8 1864 4160 1460
575 2 2 8 8 1207 3000 2400
576 2 2 8 8 182 2186 181
577 2 2 8 8 1086 3479 3426
578 2 2 8 8 2000 2445 688
579 2 2 8 8 595 5794 3234
580 2 2 8 8 1193 4238 2026
581 2 2 8 8 1559 3268 2633
582 2 2 8 8 1860 3338 783
583 2 2 8 8 1781 4037 3055
584 2 2 8 8 2163 4626 1121
585 2 2 8 8 1916 2721 2403
586 2 2 8 8 1460 3737 1864
587 2 2 8 8 603 3200 2725
588 2 2 8 8 1490 3789 1999
589 2 2 8 8 1387 2761 2570
590 2 2 8 8 2366 3112 1651
591 2 2 8 8 2066 2555 1176
592 2 2 8 8 1835 3008 1215
593 2 2 8 8 2548 2853 1247
594 2 2 8 8 863 3438 2392
595 2 2 8 8 1024 3919 2073
596 2 2 8 8 2013 4629 729
597 2 2 8 8 1958 4237 3126
598 2 2 8 8 3003 4892 1313
599 2 2 8 8 2012 4039 1129
600 2 2 8 8 3404 3591 2117
601 2 2 8 8 2209 3589 3476
602 2 2 8 8 166 3161 3017
603 2 2 8 8 595 3234 2294
604 2 2 8 8 2018 3904 1465
605 2 2 8 8 2266 3900 733
606 2 2 8 8 782 5171 2159
607 2 2 8 8 3502 5645 2633
608 2 2 8 8 606 6092 3933
609 2 2 8 8 2415 4711 242
610 2 2 8 8 2286 2571 864
611 2 2 8 8 2177 4100 1070
612 2 2 8 8 1213 2991 2279
613 2 2 8 8 1311 4833 2754
614 2 2 8 8 1215 3136 1835
615 2 2 8 8 2617 5003 732
616 2 2 8 8 2388 2614 639
617 2 2 8 8 1152 3556 1785
618 2 2 8 8 3419 3429 1836
619 2 2 8 8 2563 4433 789
620 2 2 8 8 2198 5202 4186
621 2 2 8 8 1169 2569 2223
622 2 2 8 8 621 2766 2132
623 2 2 8 8 2249 3451 715
624 2 2 8 8 2661 2664 642
625 2 2 8 8 2152 4639 977
626 2 2 8 8 2366 5110 3112
627 2 2 8 8 2582 4513 997
628 2 2 8 8 2223 5348 1169
629 2 2 8 8 1536 3407 2331
630 2 2 8 8 754 2604 2270
631 2 2 8 8 2299 4919 1176
632 2 2 8 8 2523 3215 1817
633 2 2 8 8 1839 4419 3050
634 2 2 8 8 2269 3311 1617
635 2 2 8 8 2101 5086 798
636 2 2 8 8 869 2920 1828
637 2 2 8 8 2804 2913 1374
638 2 2 8 8 790 3327 2049
639 2 2 8 8 2643 3395 769
640 2 2 8 8 3272 4618 2798
641 2 2 8 8 972 5108 4265
642 2 2 8 8 869 3839 1990
643 2 2 8 8 2559 3350 1360
644 2 2 8 8 1454 3102 2290
645 2 2 8 8 62 2369 61
646 2 2 8 8 1129 3366 2012
647 2 2 8 8 1235 2930 2208
648 2 2 8 8 3432 3708 423
649 2 2 8 8 1070 2646 2177
650 2 2 8 8 947 3391 2339
651 2 2 8 8 508 2684 507
652 2 2 8 8 2082 5451 1314
653 2 2 8 8 807 3842 2109
654 2 2 8 8 3500 6151 1814
655 2 2 8 8 3034 3062 737
656 2 2 8 8 3008 3772 1215
657 2 2 8 8 1043 3927 2382
658 2 2 8 8 603 3940 3911
659 2 2 8 8 2372 2556 920
660 2 2 8 8 847 2786 2513
661 2 2 8 8 2495 5640 1190
662 2 2 8 8 2717 4857 2780
663 2 2 8 8 950 5528 1860
664 2 2 8 8 2060 3642 618
665 2 2 8 8 3480 3683 2126
666 2 2 8 8 835 4883 2328
667 2 2 8 8 2576 4696 829
668 2 2 8 8 1400 3808 2597
669 2 2 8 8 240 4711 1953
670 2 2 8 8 1052 5042 2270
671 2 2 8 8 1067 3519 3329
672 2 2 8 8 133 4854 2667
673 2 2 8 8 3277 3497 1593
674 2 2 8 8 1250 5217 2781
675 2 2 8 8 1728 3626 663
676 2 2 8 8 2466 2594 1000
677 2 2 8 8 3112 4071 1651
678 2 2 8 8 2025 3577 1282
679 2 2 8 8 1281 4320 3868
680 2 2 8 8 1477 4094 2049
681 2 2 8 8 3821 5373 1701
682 2 2 8 8 2706 2986 608
683 2 2 8 8 2142 2792 600
684 2 2 8 8 1870 3282 857
685 2 2 8 8 1164 2797 2796
686 2 2 8 8 634 4183 2757
687 2 2 8 8 2249 3028 1171
688 2 2 8 8 2187 5795 1300
689 2 2 8 8 596 3624 2926
690 2 2 8 8 425 2485 424
691 2 2 8 8 418 2692 417
692 2 2 8 8 1688 4902 2002
693 2 2 8 8 1094 4143 2642
694 2 2 8 8 2698 2928 1641
695 2 2 8 8 1632 3775 3253
696 2 2 8 8 1843 5442 1009
697 2 2 8 8 1072 3975 1768
698 2 2 8 8 2060 3914 1387
699 2 2 8 8 1128 4021 3538
700 2 2 8 8 3104 5679 1456
701 2 2 8 8 1315 4516 2311
702 2 2 8 8 2770 3110 1511
703 2 2 8 8 125 5570 3058
704 2 2 8 8 2318 3855 812
705 2 2 8 8 3765 4483 3038
706 2 2 8 8 1084 4147 1982
707 2 2 8 8 2181 2387 998
708 2 2 8 8 1982 5213 1084
709 2 2 8 8 1588 3572 3174
710 2 2 8 8 1615 4647 3999
711 2 2 8 8 3126 3884 1958
712 2 2 8 8 1287 5677 2617
713 2 2 8 8 3535 3549 2243
714 2 2 8 8 630 2546 2459
715 2 2 8 8 2167 5108 972
716 2 2 8 8 1694 3802 2386
717 2 2 8 8 1455 4204 3015
718 2 2 8 8 2165 2750 1073
719 2 2 8 8 779 3709 2226
720 2 2 8 8 2278 6039 721
721 2 2 8 8 1880 3482 681
722 2 2 8 8 826 2723 2437
723 2 2 8 8 677 3426 1976
724 2 2 8 8 1456 5679 4829
725 2 2 8 8 1824 4276 2713
726 2 2 8 8 2333 6174 1511
727 2 2 8 8 3426 3479 1976
728 2 2 8 8 2549 6177 3205
729 2 2 8 8 228 1884 227
730 2 2 8 8 165 3017 2179
731 2 2 8 8 2049 3327 1129
732 2 2 8 8 928 4108 3561
733 2 2 8 8 2214 4818 911
734 2 2 8 8 756 4327 1803
735 2 2 8 8 3706 5968 3739
736 2 2 8 8 1558 3072 2669
737 2 2 8 8 1943 3978 2134
738 2 2 8 8 2456 2886 786
739 2 2 8 8 3772 5847 1215
740 2 2 8 8 1503 4632 2111
741 2 2 8 8 404 2405 403
742 2 2 8 8 977 4434 2157
743 2 2 8 8 909 4034 2398
744 2 2 8 8 1860 3039 950
745 2 2 8 8 1192 3672 2071
746 2 2 8 8 2073 2953 1024
747 2 2 8 8 660 3511 2113
748 2 2 8 8 3867 5291 1823
749 2 2 8 8 893 4612 1888
750 2 2 8 8 994 3506 2058
751 2 2 8 8 2383 5114 145
752 2 2 8 8 1011 3599 2114
753 2 2 8 8 663 3131 1728
754 2 2 8 8 2125 4493 727
755 2 2 8 8 1679 4034 738
756 2 2 8 8 1277 3474 2258
757 2 2 8 8 3027 3060 1131
758 2 2 8 8 2379 2887 989
759 2 2 8 8 2871 2975 1308
760 2 2 8 8 3015 4204 1677
761 2 2 8 8 1879 6092 606
762 2 2 8 8 1181 6147 2541
763 2 2 8 8 1016 5057 2816
764 2 2 8 8 2049 4094 790
765 2 2 8 8 771 3740 2905
766 2 2 8 8 2349 3852 602
767 2 2 8 8 733 4730 3584
768 2 2 8 8 1173 2757 2516
769 2 2 8 8 1931 4779 1245
770 2 2 8 8 2439 5873 2440
771 2 2 8 8 750 2761 2329
772 2 2 8 8 788 3516 2280
773 2 2 8 8 3190 3766 243
774 2 2 8 8 2544 3018 465
775 2 2 8 8 751 3546 2102
776 2 2 8 8 2155 2797 1164
777 2 2 8 8 1751 4616 851
778 2 2 8 8 1276 3621 1866
779 2 2 8 8 851 2718 1751
780 2 2 8 8 2643 4501 3395
781 2 2 8 8 499 2577 498
782 2 2 8 8 4053 4410 2045
783 2 2 8 8 214 4144 2499
784 2 2 8 8 1232 2744 2302
785 2 2 8 8 1914 4677 2509
786 2 2 8 8 234 2610 233
787 2 2 8 8 695 5690 3620
788 2 2 8 8 3634 4274 881
789 2 2 8 8 1197 2841 2437
790 2 2 8 8 889 3227 2182
791 2 2 8 8 1960 3984 598
792 2 2 8 8 569 3249 2955
793 2 2 8 8 1366 5645 3502
794 2 2 8 8 145 5114 2897
795 2 2 8 8 993 2120 1784
796 2 2 8 8 2159 5171 1845
797 2 2 8 8 2426 3148 669
798 2 2 8 8 4039 4757 886
799 2 2 8 8 820 3095 1897
800 2 2 8 8 1300 5795 3020
801 2 2 8 8 2273 5514 4476
802 2 2 8 8 2810 4835 1275
803 2 2 8 8 979 3563 2036
804 2 2 8 8 3581 5293 1870
805 2 2 8 8 3561 3856 929
806 2 2 8 8 1880 5500 2801
807 2 2 8 8 1183 2931 2145
808 2 2 8 8 1883 4331 1246
809 2 2 8 8 2346 3718 1127
810 2 2 8 8 2425 3474 1277
811 2 2 8 8 2141 3023 845
812 2 2 8 8 3120 3534 1476
813 2 2 8 8 954 3471 1963
814 2 2 8 8 133 2667 132
815 2 2 8 8 2187 3366 1129
816 2 2 8 8 1843 5258 806
817 2 2 8 8 2217 6070 1110
818 2 2 8 8 2258 4115 1277
819 2 2 8 8 1585 3636 2498
820 2 2 8 8 2107 2527 1004
821 2 2 8 8 2339 2765 947
822 2 2 8 8 3377 5250 1167
823 2 2 8 8 2407 3530 1355
824 2 2 8 8 1168 3623 2014
825 2 2 8 8 2470 4560 3943
826 2 2 8 8 1260 4006 3219
827 2 2 8 8 2029 5250 3377
828 2 2 8 8 81 4203 2222
829 2 2 8 8 3853 5463 1016
830 2 2 8 8 1818 3258 2386
831 2 2 8 8 1995 4607 2861
832 2 2 8 8 1888 3921 3398
833 2 2 8 8 4009 5041 871
834 2 2 8 8 4942 5228 2272
835 2 2 8 8 149 5489 2727
836 2 2 8 8 2498 3636 1220
837 2 2 8 8 1740 3060 3027
838 2 2 8 8 858 3170 1747
839 2 2 8 8 1121 4733 2163
840 2 2 8 8 911 4818 4199
841 2 2 8 8 1143 4322 3386
842 2 2 8 8 2721 4249 873
843 2 2 8 8 2400 2932 1207
844 2 2 8 8 1434 4047 664
845 2 2 8 8 1686 4361 2144
846 2 2 8 8 3845 5259 2292
847 2 2 8 8 2319 3931 1463
848 2 2 8 8 657 4019 2865
849 2 2 8 8 675 4942 2272
850 2 2 8 8 588 3158 587
851 2 2 8 8 1465 3952 2018
852 2 2 8 8 41 2173 40
853 2 2 8 8 1121 4626 2673
854 2 2 8 8 3274 3832 2659
855 2 2 8 8 2894 3124 1274
856 2 2 8 8 1944 4847 3047
857 2 2 8 8 2381 3373 1166
858 2 2 8 8 1482 3813 2423
859 2 2 8 8 608 2986 2526
860 2 2 8 8 3119 4107 654
861 2 2 8 8 974 4206 2338
862 2 2 8 8 1576 4074 3416
863 2 2 8 8 3218 4980 996
864 2 2 8 8 1646 5128 2488
865 2 2 8 8 3037 4343 1308
866 2 2 8 8 2924 2954 1548
867 2 2 8 8 1513 4696 2741
868 2 2 8 8 1990 3663 869
869 2 2 8 8 2106 3262 1036
870 2 2 8 8 2306 4671 1574
871 2 2 8 8 1785 2866 1184
872 2 2 8 8 1120 3543 2671
873 2 2 8 8 2785 5182 4218
874 2 2 8 8 2277 2854 1163
875 2 2 8 8 1704 4513 2582
876 2 2 8 8 2227 4915 1098
877 2 2 8 8 4847 5210 2314
878 2 2 8 8 1864 5808 4160
879 2 2 8 8 1224 2556 2372
880 2 2 8 8 82 4203 81
881 2 2 8 8 3839 4548 1270
882 2 2 8 8 4074 6117 3416
883 2 2 8 8 1901 4026 1026
884 2 2 8 8 2018 3151 1292
885 2 2 8 8 1362 5856 2753
886 2 2 8 8 1692 4497 2058
887 2 2 8 8 2837 4617 4041
888 2 2 8 8 979 4179 3836
889 2 2 8 8 3050 4419 196
890 2 2 8 8 2276 3470 1091
891 2 2 8 8 2531 3197 874
892 2 2 8 8 1242 3408 2025
893 2 2 8 8 468 2443 467
894 2 2 8 8 1949 4976 1702
895 2 2 8 8 2208 2927 1235
896 2 2 8 8 613 2561 2334
897 2 2 8 8 2140 4296 4285
898 2 2 8 8 1362 2765 2339
899 2 2 8 8 1857 4776 1124
900 2 2 8 8 2113 3511 1309
901 2 2 8 8 3037 5238 2493
902 2 2 8 8 1806 5346 2169
903 2 2 8 8 765 3463 2663
904 2 2 8 8 3300 3306 1763
905 2 2 8 8 2473 5412 1571
906 2 2 8 8 881 4274 2468
907 2 2 8 8 2441 3084 1253
908 2 2 8 8 1110 6070 2477
909 2 2 8 8 99 4800 2207
910 2 2 8 8 2019 4352 2998
911 2 2 8 8 2270 5672 1052
912 2 2 8 8 2267 2402 709
913 2 2 8 8 616 2909 2166
914 2 2 8 8 2259 4932 1181
915 2 2 8 8 2269 3309 1187
916 2 2 8 8 2729 5541 4148
917 2 2 8 8 1030 6026 1962
918 2 2 8 8 2200 5083 1279
919 2 2 8 8 2566 3740 771
920 2 2 8 8 3865 4065 1468
921 2 2 8 8 4034 5394 738
922 2 2 8 8 963 2384 2164
923 2 2 8 8 1127 4898 2346
924 2 2 8 8 1663 4341 2666
925 2 2 8 8 1052 5672 2055
926 2 2 8 8 1317 5940 2624
927 2 2 8 8 1275 4835 3344
928 2 2 8 8 1176 2677 2299
929 2 2 8 8 895 2845 1958
930 2 2 8 8 84 3069 3056
931 2 2 8 8 146 2383 145
932 2 2 8 8 845 2838 2141
933 2 2 8 8 1436 3788 2080
934 2 2 8 8 1668 5680 1397
935 2 2 8 8 892 5034 2283
936 2 2 8 8 2577 3198 1194
937 2 2 8 8 468 2888 2443
938 2 2 8 8 990 2708 2303
939 2 2 8 8 2150 3889 1366
940 2 2 8 8 1998 2592 689
941 2 2 8 8 1179 5074 4014
942 2 2 8 8 1916 2403 802
943 2 2 8 8 2345 5162 1340
944 2 2 8 8 2503 4173 845
945 2 2 8 8 2225 4406 974
946 2 2 8 8 1073 3614 2165
947 2 2 8 8 831 5097 2359
948 2 2 8 8 3314 4240 1886
949 2 2 8 8 1071 3148 2426
950 2 2 8 8 3329 3519 1627
951 2 2 8 8 2225 2843 47
952 2 2 8 8 2058 5141 994
953 2 2 8 8 2001 3293 1512
954 2 2 8 8 2315 5408 4004
955 2 2 8 8 1039 5239 4136
956 2 2 8 8 2284 3139 761
957 2 2 8 8 141 2559 140
958 2 2 8 8 2336 2819 1317
959 2 2 8 8 1577 5086 2101
960 2 2 8 8 1138 2669 2421
961 2 2 8 8 1702 4050 1949
962 2 2 8 8 600 5838 2142
963 2 2 8 8 650 2928 2698
964 2 2 8 8 2104 2925 1052
965 2 2 8 8 806 3905 2407
966 2 2 8 8 2038 3644 1464
967 2 2 8 8 2049 5255 1477
968 2 2 8 8 1147 2913 2804
969 2 2 8 8 2998 4352 1235
970 2 2 8 8 3367 3793 1920
971 2 2 8 8 2169 5008 1806
972 2 2 8 8 1945 3912 820
973 2 2 8 8 1464 4436 2038
974 2 2 8 8 2327 5457 1027
975 2 2 8 8 2274 3346 946
976 2 2 8 8 3818 3920 1783
977 2 2 8 8 2112 5839 967
978 2 2 8 8 1760 2898 2883
979 2 2 8 8 1443 4756 2072
980 2 2 8 8 3159 4600 1925
981 2 2 8 8 2393 5062 721
982 2 2 8 8 2131 2899 1110
983 2 2 8 8 1163 4558 2277
984 2 2 8 8 2002 4902 955
985 2 2 8 8 1869 4532 2499
986 2 2 8 8 1894 4865 2484
987 2 2 8 8 3253 4573 1270
988 2 2 8 8 2098 2743 1072
989 2 2 8 8 3877 4317 2279
990 2 2 8 8 1269 3641 2813
991 2 2 8 8 1133 5843 2238
992 2 2 8 8 1191 2948 2062
993 2 2 8 8 1656 5358 3087
994 2 2 8 8 2678 3154 216
995 2 2 8 8 2813 5544 2370
996 2 2 8 8 1208 3164 1842
997 2 2 8 8 1149 2867 2096
998 2 2 8 8 835 6003 2629
999 2 2 8 8 1304 5469 2491
1000 2 2 8 8 1062 4522 4379
1001 2 2 8 8 2717 2780 1010
1002 2 2 8 8 659 4165 2196
1003 2 2 8 8 2678 5006 1709
1004 2 2 8 8 2083 4990 1092
1005 2 2 8 8 2816 5551 3196
1006 2 2 8 8 2261 3588 634
1007 2 2 8 8 2519 5457 2327
1008 2 2 8 8 2314 2434 1074
1009 2 2 8 8 3461 4156 947
1010 2 2 8 8 3212 5789 2063
1011 2 2 8 8 2541 3601 1181
1012 2 2 8 8 2892 3879 2162
1013 2 2 8 8 98 2381 97
1014 2 2 8 8 2452 3250 862
1015 2 2 8 8 1107 3107 2193
1016 2 2 8 8 2753 2846 1362
1017 2 2 8 8 1925 5386 3159
1018 2 2 8 8 458 5855 2806
1019 2 2 8 8 1544 3592 2604
1020 2 2 8 8 3073 3443 1514
1021 2 2 8 8 1818 5094 3258
1022 2 2 8 8 2715 4543 819
1023 2 2 8 8 1617 3309 2269
1024 2 2 8 8 2396 3750 1361
1025 2 2 8 8 606 3424 1879
1026 2 2 8 8 2128 4999 1764
1027 2 2 8 8 1865 4171 2642
1028 2 2 8 8 1986 4637 4045
1029 2 2 8 8 3584 4695 733
1030 2 2 8 8 1658 2710 2451
1031 2 2 8 8 2623 4746 1163
1032 2 2 8 8 2080 4339 1436
1033 2 2 8 8 2659 3832 841
1034 2 2 8 8 839 2823 2662
1035 2 2 8 8 2068 4642 812
1036 2 2 8 8 1226 2954 2924
1037 2 2 8 8 540 2537 539
1038 2 2 8 8 1062 4051 2008
1039 2 2 8 8 4211 4985 1135
1040 2 2 8 8 2642 4143 1865
1041 2 2 8 8 2055 5288 1052
1042 2 2 8 8 1287 3535 2243
1043 2 2 8 8 887 3493 1906
1044 2 2 8 8 737 3319 2807
1045 2 2 8 8 1857 5434 4776
1046 2 2 8 8 4686 4898 2724
1047 2 2 8 8 1946 4186 813
1048 2 2 8 8 3237 5254 966
1049 2 2 8 8 945 3573 2291
1050 2 2 8 8 2278 2542 1182
1051 2 2 8 8 2767 3486 714
1052 2 2 8 8 3368 4325 2551
1053 2 2 8 8 2279 4317 1213
1054 2 2 8 8 2299 2677 769
1055 2 2 8 8 2437 2841 826
1056 2 2 8 8 1936 4825 2376
1057 2 2 8 8 2741 4696 1915
1058 2 2 8 8 1214 2630 2475
1059 2 2 8 8 2570 2761 750
1060 2 2 8 8 2725 3200 1573
1061 2 2 8 8 1468 4065 2963
1062 2 2 8 8 721 3585 2393
1063 2 2 8 8 2119 4936 17
1064 2 2 8 8 2078 5728 3735
1065 2 2 8 8 991 2927 2208
1066 2 2 8 8 2379 4147 1084
1067 2 2 8 8 2633 3268 864
1068 2 2 8 8 2807 3319 1632
1069 2 2 8 8 3951 4994 2749
1070 2 2 8 8 997 4513 2499
1071 2 2 8 8 1581 4242 4155
1072 2 2 8 8 1115 3820 1989
1073 2 2 8 8 1865 3263 1173
1074 2 2 8 8 2072 3924 1443
1075 2 2 8 8 2017 3127 732
1076 2 2 8 8 2191 3986 64
1077 2 2 8 8 1965 2938 1384
1078 2 2 8 8 2903 4855 1261
1079 2 2 8 8 1669 3534 3120
1080 2 2 8 8 2168 3490 1373
1081 2 2 8 8 929 3339 1961
1082 2 2 8 8 2451 5826 3543
1083 2 2 8 8 2926 3624 1978
1084 2 2 8 8 3878 4849 2256
1085 2 2 8 8 2243 3549 1111
1086 2 2 8 8 1079 4014 2308
1087 2 2 8 8 1632 3253 2807
1088 2 2 8 8 2067 2822 1086
1089 2 2 8 8 1452 3198 2577
1090 2 2 8 8 736 3699 2259
1091 2 2 8 8 1004 5847 2107
1092 2 2 8 8 807 3469 2679
1093 2 2 8 8 1989 3304 1115
1094 2 2 8 8 2195 5293 3581
1095 2 2 8 8 4034 6052 2398
1096 2 2 8 8 757 3297 3044
1097 2 2 8 8 2994 3604 766
1098 2 2 8 8 2495 5887 2301
1099 2 2 8 8 1228 4691 3820
1100 2 2 8 8 4427 5285 3041
1101 2 2 8 8 2547 2965 1060
1102 2 2 8 8 618 3942 2060
1103 2 2 8 8 1245 4331 3230
1104 2 2 8 8 1052 5288 2104
1105 2 2 8 8 1423 5286 3246
1106 2 2 8 8 2610 3077 233
1107 2 2 8 8 1081 3926 3224
1108 2 2 8 8 3056 4203 83
1109 2 2 8 8 2445 3132 970
1110 2 2 8 8 2684 5197 507
1111 2 2 8 8 754 5971 2604
1112 2 2 8 8 1536 3919 2471
1113 2 2 8 8 1442 3591 3404
1114 2 2 8 8 804 4615 2114
1115 2 2 8 8 2289 2580 784
1116 2 2 8 8 570 3249 569
1117 2 2 8 8 3515 4399 3348
1118 2 2 8 8 565 4654 2331
1119 2 2 8 8 2577 3130 498
1120 2 2 8 8 1232 2759 2744
1121 2 2 8 8 3021 3149 1200
1122 2 2 8 8 1482 4743 3813
1123 2 2 8 8 613 2943 2873
1124 2 2 8 8 2300 5417 1093
1125 2 2 8 8 1151 3152 2641
1126 2 2 8 8 2855 3681 1486
1127 2 2 8 8 13 4447 12
1128 2 2 8 8 2851 4598 1887
1129 2 2 8 8 4101 5366 574
1130 2 2 8 8 2111 4632 1078
1131 2 2 8 8 2441 5375 4456
1132 2 2 8 8 3451 3890 715
1133 2 2 8 8 2294 5628 2295
1134 2 2 8 8 3864 4652 962
1135 2 2 8 8 2368 4305 1058
1136 2 2 8 8 1250 3089 2183
1137 2 2 8 8 768 5544 2813
1138 2 2 8 8 222 3824 221
1139 2 2 8 8 3449 5515 1552
1140 2 2 8 8 2561 3367 1236
1141 2 2 8 8 2874 4966 2409
1142 2 2 8 8 3867 4150 1377
1143 2 2 8 8 2305 5187 1322
1144 2 2 8 8 1902 4761 4344
1145 2 2 8 8 1373 3356 2168
1146 2 2 8 8 3161 3872 1556
1147 2 2 8 8 4139 4681 2515
1148 2 2 8 8 2701 5446 1008
1149 2 2 8 8 2670 4421 3534
1150 2 2 8 8 2099 3149 753
1151 2 2 8 8 2634 2791 774
1152 2 2 8 8 968 3331 2224
1153 2 2 8 8 1622 2791 2634
1154 2 2 8 8 662 2961 2601
1155 2 2 8 8 2324 5179 600
1156 2 2 8 8 829 4474 3088
1157 2 2 8 8 1441 3948 2407
1158 2 2 8 8 4434 5857 2157
1159 2 2 8 8 1331 3712 2119
1160 2 2 8 8 1999 2912 1490
1161 2 2 8 8 2394 3512 1530
1162 2 2 8 8 2102 3363 751
1163 2 2 8 8 2586 3342 1539
1164 2 2 8 8 1581 4155 2976
1165 2 2 8 8 2567 4362 744
1166 2 2 8 8 789 4433 3060
1167 2 2 8 8 1314 5451 2560
1168 2 2 8 8 732 5079 2017
1169 2 2 8 8 3026 3715 1810
1170 2 2 8 8 3094 5539 1033
1171 2 2 8 8 154 2737 153
1172 2 2 8 8 2021 4283 4027
1173 2 2 8 8 1234 4416 2131
1174 2 2 8 8 2617 5677 2189
1175 2 2 8 8 752 6136 2199
1176 2 2 8 8 1366 3502 2150
1177 2 2 8 8 3253 5668 4573
1178 2 2 8 8 1158 5270 2573
1179 2 2 8 8 2144 4621 1686
1180 2 2 8 8 1840 5272 4111
1181 2 2 8 8 2210 3402 1528
1182 2 2 8 8 2201 3011 1439
1183 2 2 8 8 2524 3481 1079
1184 2 2 8 8 1998 3927 3804
1185 2 2 8 8 1290 3489 2532
1186 2 2 8 8 1950 4855 2903
1187 2 2 8 8 750 2925 2570
1188 2 2 8 8 2509 4677 749
1189 2 2 8 8 1107 3506 1980
1190 2 2 8 8 960 3335 2651
1191 2 2 8 8 3118 5835 1133
1192 2 2 8 8 3098 3300 1763
1193 2 2 8 8 3705 3748 1532
1194 2 2 8 8 179 3107 1980
1195 2 2 8 8 1031 5768 2134
1196 2 2 8 8 1106 5566 2334
1197 2 2 8 8 3360 3628 1748
1198 2 2 8 8 1973 5333 1416
1199 2 2 8 8 1573 4035 2725
1200 2 2 8 8 2363 4290 1821
1201 2 2 8 8 2264 3757 834
1202 2 2 8 8 823 4243 3182
1203 2 2 8 8 1831 3456 3411
1204 2 2 8 8 784 5282 2289
1205 2 2 8 8 3771 3833 1669
1206 2 2 8 8 501 4248 2423
1207 2 2 8 8 1678 3763 3197
1208 2 2 8 8 1020 2650 2503
1209 2 2 8 8 2382 3571 1043
1210 2 2 8 8 2302 4732 1232
1211 2 2 8 8 2334 5566 613
1212 2 2 8 8 4252 4368 2216
1213 2 2 8 8 38 4360 3214
1214 2 2 8 8 3543 4812 2671
1215 2 2 8 8 783 4529 1860
1216 2 2 8 8 768 3261 2315
1217 2 2 8 8 1934 4859 1172
1218 2 2 8 8 903 5826 2451
1219 2 2 8 8 1585 4099 2574
1220 2 2 8 8 2806 5790 457
1221 2 2 8 8 1499 4410 4053
1222 2 2 8 8 1733 4824 2743
1223 2 2 8 8 2476 2794 1298
1224 2 2 8 8 2311 4516 718
1225 2 2 8 8 1197 2735 2557
1226 2 2 8 8 2132 4796 621
1227 2 2 8 8 2112 3785 675
1228 2 2 8 8 1052 2925 2504
1229 2 2 8 8 4186 5202 813
1230 2 2 8 8 578 2424 577
1231 2 2 8 8 4799 6110 3122
1232 2 2 8 8 2803 4359 1738
1233 2 2 8 8 1281 3732 2226
1234 2 2 8 8 499 3724 2577
1235 2 2 8 8 1512 3824 2001
1236 2 2 8 8 2414 2850 1177
1237 2 2 8 8 2224 3331 1502
1238 2 2 8 8 2193 3970 1107
1239 2 2 8 8 3410 4228 2138
1240 2 2 8 8 5341 5651 709
1241 2 2 8 8 1611 3694 2937
1242 2 2 8 8 3395 5578 1061
1243 2 2 8 8 2164 5399 963
1244 2 2 8 8 486 5316 3789
1245 2 2 8 8 876 5091 2956
1246 2 2 8 8 1486 3681 1991
1247 2 2 8 8 719 2562 2124
1248 2 2 8 8 1242 3365 2039
1249 2 2 8 8 2414 5092 2850
1250 2 2 8 8 971 3341 2226
1251 2 2 8 8 608 2795 2706
1252 2 2 8 8 3041 5285 1126
1253 2 2 8 8 3108 5348 2223
1254 2 2 8 8 2139 3520 123
1255 2 2 8 8 1276 3733 2175
1256 2 2 8 8 3287 5412 2473
1257 2 2 8 8 766 4428 2351
1258 2 2 8 8 834 3284 2264
1259 2 2 8 8 2256 5313 3878
1260 2 2 8 8 1317 5499 2336
1261 2 2 8 8 1205 3184 2007
1262 2 2 8 8 1961 4579 929
1263 2 2 8 8 3735 5728 1175
1264 2 2 8 8 2824 4378 848
1265 2 2 8 8 2550 4753 4533
1266 2 2 8 8 2568 3562 842
1267 2 2 8 8 2442 3177 1155
1268 2 2 8 8 2855 4566 3681
1269 2 2 8 8 1240 3208 1948
1270 2 2 8 8 933 4911 2924
1271 2 2 8 8 22 4542 3906
1272 2 2 8 8 3013 3171 1461
1273 2 2 8 8 651 3134 2190
1274 2 2 8 8 639 2534 2388
1275 2 2 8 8 2109 5448 3469
1276 2 2 8 8 686 3764 3073
1277 2 2 8 8 1359 3628 3360
1278 2 2 8 8 1648 3942 2130
1279 2 2 8 8 2642 4171 815
1280 2 2 8 8 2251 3255 1231
1281 2 2 8 8 2594 2970 646
1282 2 2 8 8 417 2815 416
1283 2 2 8 8 100 4800 99
1284 2 2 8 8 864 3502 2633
1285 2 2 8 8 2414 2874 1654
1286 2 2 8 8 699 5673 2517
1287 2 2 8 8 2309 3315 859
1288 2 2 8 8 2386 3802 773
1289 2 2 8 8 2120 4075 622
1290 2 2 8 8 2470 3943 1099
1291 2 2 8 8 586 2772 585
1292 2 2 8 8 2412 3528 1021
1293 2 2 8 8 714 3486 1963
1294 2 2 8 8 239 2776 238
1295 2 2 8 8 1298 2834 2476
1296 2 2 8 8 2816 5057 1926
1297 2 2 8 8 786 2886 2864
1298 2 2 8 8 812 3954 2318
1299 2 2 8 8 835 4549 2051
1300 2 2 8 8 4865 5912 2484
1301 2 2 8 8 228 3982 1884
1302 2 2 8 8 776 3229 2581
1303 2 2 8 8 1590 3048 2464
1304 2 2 8 8 3027 3087 1740
1305 2 2 8 8 2345 3152 1151
1306 2 2 8 8 1106 2952 2148
1307 2 2 8 8 733 3900 3043
1308 2 2 8 8 1120 4811 3227
1309 2 2 8 8 1453 3150 2749
1310 2 2 8 8 653 5572 2564
1311 2 2 8 8 2199 2784 752
1312 2 2 8 8 1234 3024 2798
1313 2 2 8 8 4004 5408 1189
1314 2 2 8 8 977 3085 2152
1315 2 2 8 8 3605 3852 2349
1316 2 2 8 8 2294 2295 1059
1317 2 2 8 8 2226 3341 1281
1318 2 2 8 8 628 3226 1789
1319 2 2 8 8 2644 2966 1199
1320 2 2 8 8 1230 2605 2129
1321 2 2 8 8 2906 3950 1656
1322 2 2 8 8 2353 3404 1032
1323 2 2 8 8 3895 5822 1113
1324 2 2 8 8 1223 4507 2159
1325 2 2 8 8 904 4240 3314
1326 2 2 8 8 2489 4320 711
1327 2 2 8 8 506 2762 505
1328 2 2 8 8 2127 2623 730
1329 2 2 8 8 2238 3118 1133
1330 2 2 8 8 1909 5793 617
1331 2 2 8 8 1216 2856 2779
1332 2 2 8 8 1782 4293 944
1333 2 2 8 8 1358 4608 2218
1334 2 2 8 8 945 5007 4799
1335 2 2 8 8 2617 3362 1287
1336 2 2 8 8 1915 4696 2576
1337 2 2 8 8 1110 4996 3063
1338 2 2 8 8 2229 5903 3921
1339 2 2 8 8 2407 3905 1441
1340 2 2 8 8 1206 2320 2319
1341 2 2 8 8 1300 5515 3449
1342 2 2 8 8 1697 3162 2694
1343 2 2 8 8 1188 2908 2313
1344 2 2 8 8 3651 5629 1557
1345 2 2 8 8 980 4681 4139
1346 2 2 8 8 605 3377 2529
1347 2 2 8 8 2493 4343 3037
1348 2 2 8 8 2856 4428 766
1349 2 2 8 8 1492 4305 2368
1350 2 2 8 8 2085 4823 872
1351 2 2 8 8 3620 5690 2362
1352 2 2 8 8 2733 2983 1838
1353 2 2 8 8 2160 5266 3725
1354 2 2 8 8 1906 5755 2303
1355 2 2 8 8 777 5194 2427
1356 2 2 8 8 1004 6150 2497
1357 2 2 8 8 2906 3087 633
1358 2 2 8 8 2547 3806 745
1359 2 2 8 8 1340 3152 2345
1360 2 2 8 8 2313 3065 1188
1361 2 2 8 8 1980 5739 179
1362 2 2 8 8 2488 5128 2884
1363 2 2 8 8 3557 5973 1302
1364 2 2 8 8 2044 4166 1131
1365 2 2 8 8 1718 3872 3161
1366 2 2 8 8 2389 4561 1495
1367 2 2 8 8 930 5852 2655
1368 2 2 8 8 799 3179 1930
1369 2 2 8 8 2491 5469 2289
1370 2 2 8 8 1245 6096 1931
1371 2 2 8 8 2131 6053 1234
1372 2 2 8 8 2504 2925 750
1373 2 2 8 8 2277 4475 2854
1374 2 2 8 8 2393 3680 1251
1375 2 2 8 8 1188 3065 2395
1376 2 2 8 8 3804 5600 1998
1377 2 2 8 8 2516 5753 5188
1378 2 2 8 8 1897 4826 820
1379 2 2 8 8 2359 5097 4389
1380 2 2 8 8 1173 4171 1865
1381 2 2 8 8 2188 5435 674
1382 2 2 8 8 2373 2787 995
1383 2 2 8 8 2183 2800 1250
1384 2 2 8 8 1995 5940 1317
1385 2 2 8 8 1750 3402 3338
1386 2 2 8 8 1615 3999 3269
1387 2 2 8 8 2554 2893 767
1388 2 2 8 8 1074 4847 2314
1389 2 2 8 8 1981 4525 1466
1390 2 2 8 8 71 2533 70
1391 2 2 8 8 600 4071 3112
1392 2 2 8 8 3921 4517 3398
1393 2 2 8 8 1547 5810 3431
1394 2 2 8 8 1989 4691 736
1395 2 2 8 8 3922 4694 1711
1396 2 2 8 8 1142 3398 3066
1397 2 2 8 8 1528 2940 2210
1398 2 2 8 8 598 4373 1960
1399 2 2 8 8 3015 3725 1455
1400 2 2 8 8 1442 4422 3591
1401 2 2 8 8 1283 2923 1937
1402 2 2 8 8 1156 2571 2286
1403 2 2 8 8 2457 2858 1779
1404 2 2 8 8 853 3215 2523
1405 2 2 8 8 2404 4659 1065
1406 2 2 8 8 2250 6131 2581
1407 2 2 8 8 750 5933 2504
1408 2 2 8 8 989 4147 2379
1409 2 2 8 8 2069 5357 4309
1410 2 2 8 8 2454 5274 1547
1411 2 2 8 8 2196 4165 1309
1412 2 2 8 8 3039 4529 1247
1413 2 2 8 8 2695 4009 1122
1414 2 2 8 8 2071 3686 1192
1415 2 2 8 8 986 3512 2394
1416 2 2 8 8 1505 3299 2900
1417 2 2 8 8 4329 5267 961
1418 2 2 8 8 3032 3862 940
1419 2 2 8 8 1582 3382 2369
1420 2 2 8 8 2405 3281 403
1421 2 2 8 8 2757 4183 2015
1422 2 2 8 8 2308 4007 1079
1423 2 2 8 8 2189 5003 2617
1424 2 2 8 8 5374 5907 910
1425 2 2 8 8 86 2253 85
1426 2 2 8 8 1637 3062 3034
1427 2 2 8 8 4895 5204 2253
1428 2 2 8 8 242 4711 241
1429 2 2 8 8 3084 3802 1253
1430 2 2 8 8 2439 2440 1630
1431 2 2 8 8 3047 4847 1074
1432 2 2 8 8 2064 5590 643
1433 2 2 8 8 1912 4712 3247
1434 2 2 8 8 1405 3192 2786
1435 2 2 8 8 2706 2795 1384
1436 2 2 8 8 1873 4028 2708
1437 2 2 8 8 3466 4770 2847
1438 2 2 8 8 2156 5857 4434
1439 2 2 8 8 2883 2898 831
1440 2 2 8 8 124 2139 123
1441 2 2 8 8 2499 4513 1741
1442 2 2 8 8 5203 5812 1793
1443 2 2 8 8 916 4290 2363
1444 2 2 8 8 434 2454 433
1445 2 2 8 8 2250 3507 736
1446 2 2 8 8 1169 2672 2569
1447 2 2 8 8 3220 5932 1144
1448 2 2 8 8 1373 6136 3040
1449 2 2 8 8 871 6116 4009
1450 2 2 8 8 1207 2467 2424
1451 2 2 8 8 2563 3505 1080
1452 2 2 8 8 2816 3196 1390
1453 2 2 8 8 1804 4320 2489
1454 2 2 8 8 2471 4192 563
1455 2 2 8 8 1457 3969 2967
1456 2 2 8 8 946 3143 2274
1457 2 2 8 8 2145 5121 1183
1458 2 2 8 8 594 2987 2671
1459 2 2 8 8 2459 2546 1206
1460 2 2 8 8 951 3530 2407
1461 2 2 8 8 1551 4266 2776
1462 2 2 8 8 894 3715 2478
1463 2 2 8 8 575 4101 574
1464 2 2 8 8 1826 4156 3461
1465 2 2 8 8 1127 6047 2724
1466 2 2 8 8 2494 3758 708
1467 2 2 8 8 623 3830 2295
1468 2 2 8 8 1279 5083 2615
1469 2 2 8 8 3073 3764 1731
1470 2 2 8 8 3073 4787 975
1471 2 2 8 8 1942 4540 3481
1472 2 2 8 8 1225 4913 3155
1473 2 2 8 8 1220 3025 2498
1474 2 2 8 8 657 5268 4019
1475 2 2 8 8 694 4502 2658
1476 2 2 8 8 2511 4603 3625
1477 2 2 8 8 2008 5674 1062
1478 2 2 8 8 954 4368 4252
1479 2 2 8 8 619 4791 3038
1480 2 2 8 8 47 2843 46
1481 2 2 8 8 2939 4118 626
1482 2 2 8 8 1881 3688 2265
1483 2 2 8 8 1086 3426 2067
1484 2 2 8 8 1399 3412 3126
1485 2 2 8 8 626 4118 2796
1486 2 2 8 8 130 3994 1863
1487 2 2 8 8 3044 3297 1607
1488 2 2 8 8 1295 4293 2832
1489 2 2 8 8 2167 3559 1066
1490 2 2 8 8 1560 4191 2413
1491 2 2 8 8 3559 4761 1066
1492 2 2 8 8 3726 4559 1491
1493 2 2 8 8 2273 3998 135
1494 2 2 8 8 3614 4544 2046
1495 2 2 8 8 1419 4340 3645
1496 2 2 8 8 1978 3595 2926
1497 2 2 8 8 2826 3638 734
1498 2 2 8 8 3913 4159 1805
1499 2 2 8 8 604 4255 3437
1500 2 2 8 8 2239 4016 3249
1501 2 2 8 8 1313 3552 3003
1502 2 2 8 8 1948 5511 1240
1503 2 2 8 8 3950 4572 1656
1504 2 2 8 8 2363 3236 684
1505 2 2 8 8 30 3364 2818
1506 2 2 8 8 1086 4607 1995
1507 2 2 8 8 857 3581 1870
1508 2 2 8 8 1949 4050 836
1509 2 2 8 8 510 2831 2322
1510 2 2 8 8 2002 5289 1688
1511 2 2 8 8 1880 4919 2299
1512 2 2 8 8 636 3924 2072
1513 2 2 8 8 2382 3927 1323
1514 2 2 8 8 3314 5440 3545
1515 2 2 8 8 2793 2909 1241
1516 2 2 8 8 1801 5117 4222
1517 2 2 8 8 972 5067 2167
1518 2 2 8 8 2263 5297 1600
1519 2 2 8 8 2040 5852 930
1520 2 2 8 8 1932 3353 717
1521 2 2 8 8 3331 3904 2018
1522 2 2 8 8 1080 3505 3022
1523 2 2 8 8 1568 4493 2125
1524 2 2 8 8 1242 5698 2864
1525 2 2 8 8 2419 5286 1423
1526 2 2 8 8 1890 3033 899
1527 2 2 8 8 2331 3407 565
1528 2 2 8 8 73 2853 2548
1529 2 2 8 8 2734 5147 159
1530 2 2 8 8 3174 3572 759
1531 2 2 8 8 2521 5461 1303
1532 2 2 8 8 184 3678 2076
1533 2 2 8 8 4007 4425 782
1534 2 2 8 8 629 4527 1973
1535 2 2 8 8 2799 4541 2227
1536 2 2 8 8 577 2467 576
1537 2 2 8 8 2994 4811 1616
1538 2 2 8 8 880 4106 2366
1539 2 2 8 8 1706 5467 2339
1540 2 2 8 8 2291 5007 945
1541 2 2 8 8 980 3815 2054
1542 2 2 8 8 2029 3377 1390
1543 2 2 8 8 1438 3049 2116
1544 2 2 8 8 775 3418 2433
1545 2 2 8 8 1616 3604 2994
1546 2 2 8 8 963 5399 3698
1547 2 2 8 8 1978 4909 3595
1548 2 2 8 8 2119 3276 1331
1549 2 2 8 8 2499 4532 997
1550 2 2 8 8 169 3019 168
1551 2 2 8 8 819 4543 4121
1552 2 2 8 8 2708 4028 887
1553 2 2 8 8 2065 4538 816
1554 2 2 8 8 2433 3418 1427
1555 2 2 8 8 135 3668 2273
1556 2 2 8 8 2254 4522 1108
1557 2 2 8 8 2417 4486 1139
1558 2 2 8 8 619 3879 2892
1559 2 2 8 8 1349 5218 1795
1560 2 2 8 8 1126 4409 3041
1561 2 2 8 8 4285 4296 1612
1562 2 2 8 8 2778 2959 1172
1563 2 2 8 8 2344 4730 3043
1564 2 2 8 8 3025 5257 2498
1565 2 2 8 8 2208 2930 827
1566 2 2 8 8 2552 3109 1249
1567 2 2 8 8 882 4595 1872
1568 2 2 8 8 2080 6063 632
1569 2 2 8 8 2647 5990 158
1570 2 2 8 8 772 2649 2296
1571 2 2 8 8 1403 2594 2466
1572 2 2 8 8 2705 3118 1303
1573 2 2 8 8 2534 6109 2388
1574 2 2 8 8 1461 3991 3013
1575 2 2 8 8 1752 4933 3788
1576 2 2 8 8 2314 5673 699
1577 2 2 8 8 2418 5539 1201
1578 2 2 8 8 2959 2987 594
1579 2 2 8 8 2322 3646 509
1580 2 2 8 8 2356 5792 2258
1581 2 2 8 8 2020 4048 515
1582 2 2 8 8 2559 3070 1952
1583 2 2 8 8 465 3018 464
1584 2 2 8 8 542 3383 2371
1585 2 2 8 8 774 3342 2586
1586 2 2 8 8 971 2969 2686
1587 2 2 8 8 3187 3782 2574
1588 2 2 8 8 469 2888 468
1589 2 2 8 8 1007 5700 5111
1590 2 2 8 8 2177 3328 1623
1591 2 2 8 8 425 3090 2485
1592 2 2 8 8 2338 4206 3843
1593 2 2 8 8 1310 3300 2582
1594 2 2 8 8 2081 4893 3279
1595 2 2 8 8 2301 5810 2495
1596 2 2 8 8 2039 3408 1242
1597 2 2 8 8 2067 6152 1405
1598 2 2 8 8 3235 4110 175
1599 2 2 8 8 1744 3870 3296
1600 2 2 8 8 3751 6029 911
1601 2 2 8 8 172 2936 171
1602 2 2 8 8 2956 5091 1930
1603 2 2 8 8 3625 4603 1763
1604 2 2 8 8 955 2755 2002
1605 2 2 8 8 2004 4507 1223
1606 2 2 8 8 3038 4791 1917
1607 2 2 8 8 2130 3942 618
1608 2 2 8 8 3044 4729 1409
1609 2 2 8 8 2767 4608 3486
1610 2 2 8 8 4476 5514 938
1611 2 2 8 8 2267 5550 2402
1612 2 2 8 8 4005 4623 2064
1613 2 2 8 8 3249 4016 1278
1614 2 2 8 8 2666 4889 1663
1615 2 2 8 8 2442 3510 3177
1616 2 2 8 8 1217 2987 2959
1617 2 2 8 8 843 5257 3025
1618 2 2 8 8 4309 5357 1227
1619 2 2 8 8 2350 4198 1489
1620 2 2 8 8 2226 3709 1361
1621 2 2 8 8 3088 3336 1584
1622 2 2 8 8 2123 3671 90
1623 2 2 8 8 1219 2719 2459
1624 2 2 8 8 3579 3719 792
1625 2 2 8 8 715 3028 2249
1626 2 2 8 8 635 3345 2411
1627 2 2 8 8 1901 5481 3319
1628 2 2 8 8 1370 5932 2600
1629 2 2 8 8 1547 5274 2637
1630 2 2 8 8 3337 3641 1269
1631 2 2 8 8 1063 3959 2507
1632 2 2 8 8 2143 3549 597
1633 2 2 8 8 769 4159 3913
1634 2 2 8 8 2109 3842 3198
1635 2 2 8 8 86 4895 2253
1636 2 2 8 8 2041 5146 676
1637 2 2 8 8 3429 5473 2271
1638 2 2 8 8 3401 4161 1227
1639 2 2 8 8 1041 5552 2687
1640 2 2 8 8 747 3098 2153
1641 2 2 8 8 968 3904 3331
1642 2 2 8 8 2689 5284 1017
1643 2 2 8 8 2997 4485 1344
1644 2 2 8 8 5552 6156 2687
1645 2 2 8 8 987 5044 2686
1646 2 2 8 8 2296 2649 1342
1647 2 2 8 8 2064 4237 1162
1648 2 2 8 8 4508 5120 843
1649 2 2 8 8 1574 6125 2306
1650 2 2 8 8 3868 4320 1804
1651 2 2 8 8 5281 5654 1214
1652 2 2 8 8 3197 4233 1121
1653 2 2 8 8 2068 3266 995
1654 2 2 8 8 1275 3499 2146
1655 2 2 8 8 241 4711 240
1656 2 2 8 8 4001 5358 1656
1657 2 2 8 8 2545 3223 1472
1658 2 2 8 8 2465 5649 1743
1659 2 2 8 8 2181 3976 2387
1660 2 2 8 8 1557 5629 2103
1661 2 2 8 8 2314 4841 2434
1662 2 2 8 8 1590 3659 3396
1663 2 2 8 8 3227 4811 2182
1664 2 2 8 8 159 2647 158
1665 2 2 8 8 2315 3261 1256
1666 2 2 8 8 1626 4139 2515
1667 2 2 8 8 2129 3077 1230
1668 2 2 8 8 114 3955 2628
1669 2 2 8 8 4449 5033 1660
1670 2 2 8 8 3026 5703 1371
1671 2 2 8 8 2772 2777 585
1672 2 2 8 8 1565 3810 2416
1673 2 2 8 8 2728 4343 775
1674 2 2 8 8 1275 3344 2720
1675 2 2 8 8 1344 4843 2997
1676 2 2 8 8 2880 3922 1711
1677 2 2 8 8 114 2628 113
1678 2 2 8 8 4254 4934 1229
1679 2 2 8 8 1032 3897 2353
1680 2 2 8 8 2431 5428 1221
1681 2 2 8 8 210 5340 2951
1682 2 2 8 8 3148 4656 669
1683 2 2 8 8 755 3079 2578
1684 2 2 8 8 2027 3533 1119
1685 2 2 8 8 1134 2815 2692
1686 2 2 8 8 1129 5071 2187
1687 2 2 8 8 1106 4169 2952
1688 2 2 8 8 2786 3192 1404
1689 2 2 8 8 4382 5217 1250
1690 2 2 8 8 1092 3228 2554
1691 2 2 8 8 2646 4667 749
1692 2 2 8 8 1360 3070 2559
1693 2 2 8 8 1371 5703 2487
1694 2 2 8 8 3018 5766 464
1695 2 2 8 8 2497 5847 1004
1696 2 2 8 8 3776 4675 1834
1697 2 2 8 8 3197 3763 874
1698 2 2 8 8 1304 3068 2380
1699 2 2 8 8 1752 3788 2995
1700 2 2 8 8 1590 4969 3659
1701 2 2 8 8 1014 1737 1352
1702 2 2 8 8 1357 3175 3045
1703 2 2 8 8 3354 4013 551
1704 2 2 8 8 3820 4691 1989
1705 2 2 8 8 1994 5559 2418
1706 2 2 8 8 2514 3504 716
1707 2 2 8 8 2463 5640 2495
1708 2 2 8 8 2476 2834 1254
1709 2 2 8 8 486 3789 485
1710 2 2 8 8 2127 4746 2623
1711 2 2 8 8 3128 3621 1276
1712 2 2 8 8 2337 3036 1142
1713 2 2 8 8 1507 4173 2503
1714 2 2 8 8 631 3100 2506
1715 2 2 8 8 1334 4634 2309
1716 2 2 8 8 1201 5539 2329
1717 2 2 8 8 1316 2886 2456
1718 2 2 8 8 2134 3978 1003
1719 2 2 8 8 2442 5034 892
1720 2 2 8 8 1248 3174 2492
1721 2 2 8 8 1112 4151 3239
1722 2 2 8 8 2259 3746 736
1723 2 2 8 8 1212 3013 2486
1724 2 2 8 8 1680 3282 2760
1725 2 2 8 8 4238 5459 2026
1726 2 2 8 8 1599 2458 2403
1727 2 2 8 8 2359 2780 831
1728 2 2 8 8 936 3981 2416
1729 2 2 8 8 908 4430 2771
1730 2 2 8 8 3007 5674 2008
1731 2 2 8 8 3911 3940 1668
1732 2 2 8 8 2705 4148 1777
1733 2 2 8 8 2230 2794 795
1734 2 2 8 8 4049 4106 1379
1735 2 2 8 8 2434 4852 1357
1736 2 2 8 8 2916 4362 1265
1737 2 2 8 8 2451 5024 1658
1738 2 2 8 8 812 3855 2068
1739 2 2 8 8 3047 3446 612
1740 2 2 8 8 2742 4062 969
1741 2 2 8 8 2158 4744 740
1742 2 2 8 8 2857 4270 1490
1743 2 2 8 8 3888 5455 2430
1744 2 2 8 8 3124 3533 1274
1745 2 2 8 8 3218 4888 1848
1746 2 2 8 8 1974 3032 2851
1747 2 2 8 8 530 2720 529
1748 2 2 8 8 2757 5644 2516
1749 2 2 8 8 2490 4913 728
1750 2 2 8 8 3466 5950 1859
1751 2 2 8 8 1517 4570 2681
1752 2 2 8 8 1019 4550 2191
1753 2 2 8 8 3219 4006 1732
1754 2 2 8 8 1088 2909 2793
1755 2 2 8 8 38 3214 37
1756 2 2 8 8 1361 3372 2396
1757 2 2 8 8 2823 5303 2662
1758 2 2 8 8 19 2639 18
1759 2 2 8 8 2124 5141 1666
1760 2 2 8 8 1139 4122 2417
1761 2 2 8 8 2847 4770 827
1762 2 2 8 8 3305 5259 483
1763 2 2 8 8 3600 4747 1790
1764 2 2 8 8 740 5066 2246
1765 2 2 8 8 12 4447 3336
1766 2 2 8 8 639 2650 2534
1767 2 2 8 8 3084 5644 4837
1768 2 2 8 8 2686 2969 1761
1769 2 2 8 8 891 3695 2327
1770 2 2 8 8 634 3135 2261
1771 2 2 8 8 1534 3405 2601
1772 2 2 8 8 2045 4980 3218
1773 2 2 8 8 1216 2779 2619
1774 2 2 8 8 1432 4028 3173
1775 2 2 8 8 2079 3492 1394
1776 2 2 8 8 2407 3948 951
1777 2 2 8 8 3525 4521 965
1778 2 2 8 8 1535 3614 3487
1779 2 2 8 8 3145 3470 1474
1780 2 2 8 8 2601 3405 662
1781 2 2 8 8 3406 3737 833
1782 2 2 8 8 3205 6177 14
1783 2 2 8 8 3065 4502 694
1784 2 2 8 8 876 6124 3001
1785 2 2 8 8 2589 5282 784
1786 2 2 8 8 2741 4438 245
1787 2 2 8 8 864 4300 3502
1788 2 2 8 8 662 3405 2387
1789 2 2 8 8 1953 3993 240
1790 2 2 8 8 3002 3519 1067
1791 2 2 8 8 3995 4203 1348
1792 2 2 8 8 167 5445 3161
1793 2 2 8 8 431 4431 2301
1794 2 2 8 8 5008 5264 1806
1795 2 2 8 8 1187 2831 2269
1796 2 2 8 8 55 3596 54
1797 2 2 8 8 930 3515 3070
1798 2 2 8 8 3027 4488 633
1799 2 2 8 8 3130 4432 2048
1800 2 2 8 8 3519 5330 988
1801 2 2 8 8 967 2747 2112
1802 2 2 8 8 2448 3335 1681
1803 2 2 8 8 2483 3229 1305
1804 2 2 8 8 2525 5608 4166
1805 2 2 8 8 2599 3248 1254
1806 2 2 8 8 2114 4615 2999
1807 2 2 8 8 718 5191 2311
1808 2 2 8 8 666 2101 1779
1809 2 2 8 8 3561 4831 928
1810 2 2 8 8 3250 4448 862
1811 2 2 8 8 664 4047 2077
1812 2 2 8 8 730 4865 2127
1813 2 2 8 8 3247 4712 414
1814 2 2 8 8 760 2346 2343
1815 2 2 8 8 878 5055 2911
1816 2 2 8 8 1867 4361 3211
1817 2 2 8 8 3165 3223 593
1818 2 2 8 8 2322 2831 1187
1819 2 2 8 8 1130 3014 2175
1820 2 2 8 8 3556 4383 637
1821 2 2 8 8 1113 5303 3895
1822 2 2 8 8 1681 3638 2826
1823 2 2 8 8 1789 3160 628
1824 2 2 8 8 818 3201 2372
1825 2 2 8 8 4456 5375 700
1826 2 2 8 8 3173 4028 1873
1827 2 2 8 8 1891 3446 3047
1828 2 2 8 8 3222 5419 4851
1829 2 2 8 8 2280 3304 1284
1830 2 2 8 8 695 6117 4074
1831 2 2 8 8 2924 4911 2185
1832 2 2 8 8 2166 4428 2856
1833 2 2 8 8 2644 4380 1710
1834 2 2 8 8 1174 3114 2843
1835 2 2 8 8 36 2552 35
1836 2 2 8 8 1828 4548 3839
1837 2 2 8 8 3428 3934 1970
1838 2 2 8 8 1255 4598 2851
1839 2 2 8 8 961 5763 2344
1840 2 2 8 8 2270 5042 754
1841 2 2 8 8 3411 3456 1347
1842 2 2 8 8 788 5784 2281
1843 2 2 8 8 3338 3402 783
1844 2 2 8 8 663 3733 1866
1845 2 2 8 8 2013 4131 1521
1846 2 2 8 8 753 4212 2099
1847 2 2 8 8 3592 5913 2604
1848 2 2 8 8 3874 4530 2984
1849 2 2 8 8 2826 4682 1777
1850 2 2 8 8 721 5062 2542
1851 2 2 8 8 2629 4233 835
1852 2 2 8 8 2276 5013 3470
1853 2 2 8 8 1119 3048 2027
1854 2 2 8 8 2265 5341 709
1855 2 2 8 8 2689 3046 610
1856 2 2 8 8 2730 3908 700
1857 2 2 8 8 1322 5187 2725
1858 2 2 8 8 1972 3708 3432
1859 2 2 8 8 736 4691 2250
1860 2 2 8 8 2375 4849 1867
1861 2 2 8 8 1712 4009 2695
1862 2 2 8 8 2401 4861 1136
1863 2 2 8 8 2012 4757 4039
1864 2 2 8 8 74 2853 73
1865 2 2 8 8 994 5453 3506
1866 2 2 8 8 2042 5376 780
1867 2 2 8 8 3129 4713 1327
1868 2 2 8 8 3431 5810 4431
1869 2 2 8 8 1307 3016 2151
1870 2 2 8 8 1346 3336 3088
1871 2 2 8 8 1406 2777 2772
1872 2 2 8 8 1893 4695 3584
1873 2 2 8 8 2578 3079 1209
1874 2 2 8 8 1305 4738 2483
1875 2 2 8 8 1543 3504 2514
1876 2 2 8 8 2295 4064 623
1877 2 2 8 8 242 3766 2415
1878 2 2 8 8 2922 5932 1370
1879 2 2 8 8 199 3240 2341
1880 2 2 8 8 1402 5459 4238
1881 2 2 8 8 1620 3786 2288
1882 2 2 8 8 3314 3545 904
1883 2 2 8 8 616 3682 3194
1884 2 2 8 8 2265 3688 1500
1885 2 2 8 8 1775 3099 1422
1886 2 2 8 8 5068 5550 2133
1887 2 2 8 8 552 3354 551
1888 2 2 8 8 539 2625 538
1889 2 2 8 8 2822 3035 1370
1890 2 2 8 8 1091 3145 2235
1891 2 2 8 8 3718 5963 1127
1892 2 2 8 8 516 3333 2020
1893 2 2 8 8 2313 2908 779
1894 2 2 8 8 2887 4516 1315
1895 2 2 8 8 2026 4552 3233
1896 2 2 8 8 2465 2774 201
1897 2 2 8 8 2111 4894 88
1898 2 2 8 8 676 3894 2041
1899 2 2 8 8 734 4682 2826
1900 2 2 8 8 2944 4320 1281
1901 2 2 8 8 1432 3588 2261
1902 2 2 8 8 692 4594 2446
1903 2 2 8 8 2403 2721 678
1904 2 2 8 8 1136 2877 2401
1905 2 2 8 8 1601 3264 2333
1906 2 2 8 8 2753 3823 1363
1907 2 2 8 8 1047 3915 2658
1908 2 2 8 8 2416 3981 1443
1909 2 2 8 8 2580 4342 784
1910 2 2 8 8 79 3434 78
1911 2 2 8 8 3589 5900 3485
1912 2 2 8 8 3820 4357 1228
1913 2 2 8 8 1069 3229 2483
1914 2 2 8 8 2438 2899 728
1915 2 2 8 8 3043 4730 733
1916 2 2 8 8 68 2391 67
1917 2 2 8 8 2398 3308 909
1918 2 2 8 8 2513 4856 847
1919 2 2 8 8 632 6063 3323
1920 2 2 8 8 1906 2708 887
1921 2 2 8 8 2374 3242 1871
1922 2 2 8 8 1218 4603 2511
1923 2 2 8 8 1363 2846 2753
1924 2 2 8 8 1176 3423 2066
1925 2 2 8 8 1183 3103 2429
1926 2 2 8 8 605 3051 2530
1927 2 2 8 8 2760 3282 1195
1928 2 2 8 8 244 3190 243
1929 2 2 8 8 1533 3969 3308
1930 2 2 8 8 555 2361 554
1931 2 2 8 8 1962 2881 1030
1932 2 2 8 8 2159 5018 1223
1933 2 2 8 8 787 5165 3777
1934 2 2 8 8 2771 4430 1846
1935 2 2 8 8 934 5238 3037
1936 2 2 8 8 1146 5400 3474
1937 2 2 8 8 1977 5267 4329
1938 2 2 8 8 580 5209 2098
1939 2 2 8 8 2820 4843 1344
1940 2 2 8 8 4522 4871 1108
1941 2 2 8 8 2907 2909 616
1942 2 2 8 8 2803 5632 4359
1943 2 2 8 8 2166 3682 616
1944 2 2 8 8 3063 4996 1811
1945 2 2 8 8 709 2573 2267
1946 2 2 8 8 824 3920 3818
1947 2 2 8 8 2582 5948 1310
1948 2 2 8 8 2779 2856 766
1949 2 2 8 8 2570 3822 1387
1950 2 2 8 8 3883 3997 810
1951 2 2 8 8 2007 3568 1205
1952 2 2 8 8 1181 3601 2911
1953 2 2 8 8 665 4849 3878
1954 2 2 8 8 1148 4821 2020
1955 2 2 8 8 1090 3368 2551
1956 2 2 8 8 233 3077 232
1957 2 2 8 8 1091 3470 3145
1958 2 2 8 8 2235 6150 1004
1959 2 2 8 8 2492 3174 759
1960 2 2 8 8 2393 3585 1118
1961 2 2 8 8 1743 2774 2465
1962 2 2 8 8 1631 4892 3003
1963 2 2 8 8 2503 4617 1507
1964 2 2 8 8 990 4215 2708
1965 2 2 8 8 717 3800 1932
1966 2 2 8 8 664 4330 1434
1967 2 2 8 8 248 2840 247
1968 2 2 8 8 2480 5201 1769
1969 2 2 8 8 4060 4238 2703
1970 2 2 8 8 2318 3954 1289
1971 2 2 8 8 2380 3068 711
1972 2 2 8 8 518 4828 2348
1973 2 2 8 8 2864 2886 1408
1974 2 2 8 8 4160 5808 898
1975 2 2 8 8 2532 5050 1290
1976 2 2 8 8 2130 3110 1185
1977 2 2 8 8 1348 3562 2568
1978 2 2 8 8 1415 4102 3890
1979 2 2 8 8 995 3712 2068
1980 2 2 8 8 3373 5232 1166
1981 2 2 8 8 829 4696 4474
1982 2 2 8 8 911 3306 2214
1983 2 2 8 8 3779 5055 878
1984 2 2 8 8 3295 5540 2094
1985 2 2 8 8 995 3266 2373
1986 2 2 8 8 2506 5475 631
1987 2 2 8 8 2639 3276 18
1988 2 2 8 8 2809 3191 867
1989 2 2 8 8 1333 3187 2574
1990 2 2 8 8 2522 2995 1436
1991 2 2 8 8 3434 5617 78
1992 2 2 8 8 2077 5742 2390
1993 2 2 8 8 83 4203 82
1994 2 2 8 8 1093 4083 2300
1995 2 2 8 8 1341 3655 2510
1996 2 2 8 8 593 3783 2352
1997 2 2 8 8 3581 4525 2195
1998 2 2 8 8 1992 2291 741
1999 2 2 8 8 2404 6082 4659
2000 2 2 8 8 2952 3613 821
2001 2 2 8 8 2498 5549 1585
2002 2 2 8 8 2471 3919 1024
2003 2 2 8 8 4647 5047 1966
2004 2 2 8 8 2420 5395 1273
2005 2 2 8 8 2435 3387 1376
2006 2 2 8 8 1937 4785 1283
2007 2 2 8 8 1515 3443 2447
2008 2 2 8 8 2686 3542 987
2009 2 2 8 8 2303 5615 990
2010 2 2 8 8 4027 4283 1188
2011 2 2 8 8 3028 3790 1171
2012 2 2 8 8 2387 3405 1787
2013 2 2 8 8 1344 4485 2769
2014 2 2 8 8 2702 4943 2023
2015 2 2 8 8 1859 4786 3466
2016 2 2 8 8 1248 3093 2827
2017 2 2 8 8 2141 2838 1164
2018 2 2 8 8 1839 3519 3002
2019 2 2 8 8 2188 4521 3525
2020 2 2 8 8 2671 2987 1616
2021 2 2 8 8 2248 5254 3237
2022 2 2 8 8 2670 3534 1669
2023 2 2 8 8 988 5561 3519
2024 2 2 8 8 1516 3761 3410
2025 2 2 8 8 2526 5988 608
2026 2 2 8 8 3999 5033 1480
2027 2 2 8 8 2808 4418 1211
2028 2 2 8 8 1018 4450 2615
2029 2 2 8 8 1393 6074 1981
2030 2 2 8 8 4409 5472 1321
2031 2 2 8 8 2576 3148 1071
2032 2 2 8 8 1316 3885 2886
2033 2 2 8 8 594 3123 3029
2034 2 2 8 8 1240 5511 2736
2035 2 2 8 8 3345 5606 1907
2036 2 2 8 8 2243 4592 1716
2037 2 2 8 8 17 4936 16
2038 2 2 8 8 3296 3870 800
2039 2 2 8 8 586 4225 2772
2040 2 2 8 8 2766 4149 2132
2041 2 2 8 8 674 5435 3700
2042 2 2 8 8 761 3564 2284
2043 2 2 8 8 1310 3306 3300
2044 2 2 8 8 2147 5148 4323
2045 2 2 8 8 1189 3299 2572
2046 2 2 8 8 2651 4924 960
2047 2 2 8 8 3182 4243 2219
2048 2 2 8 8 2429 3178 1183
2049 2 2 8 8 2658 3915 3637
2050 2 2 8 8 2454 3431 433
2051 2 2 8 8 2152 3085 595
2052 2 2 8 8 994 5141 2124
2053 2 2 8 8 2702 3261 1537
2054 2 2 8 8 597 4665 2143
2055 2 2 8 8 3204 4671 2306
2056 2 2 8 8 1167 5250 2733
2057 2 2 8 8 2455 2919 726
2058 2 2 8 8 1279 4412 2200
2059 2 2 8 8 1587 3260 2229
2060 2 2 8 8 1111 4592 2243
2061 2 2 8 8 910 5907 3199
2062 2 2 8 8 736 3746 1989
2063 2 2 8 8 1867 4643 4361
2064 2 2 8 8 1719 3030 2783
2065 2 2 8 8 126 5570 125
2066 2 2 8 8 3954 4900 1289
2067 2 2 8 8 2329 5539 3094
2068 2 2 8 8 2684 3533 2027
2069 2 2 8 8 3489 3613 1272
2070 2 2 8 8 1048 5753 2516
2071 2 2 8 8 1060 3806 2547
2072 2 2 8 8 1691 4161 3401
2073 2 2 8 8 795 2794 2476
2074 2 2 8 8 2733 5898 2983
2075 2 2 8 8 1428 2961 2729
2076 2 2 8 8 2124 4907 719
2077 2 2 8 8 3289 3810 1299
2078 2 2 8 8 2733 5250 2172
2079 2 2 8 8 246 2741 245
2080 2 2 8 8 2399 3448 1345
2081 2 2 8 8 1872 2989 882
2082 2 2 8 8 1230 3455 2065
2083 2 2 8 8 2207 3373 99
2084 2 2 8 8 1136 4861 2492
2085 2 2 8 8 4212 4398 2099
2086 2 2 8 8 618 3110 2130
2087 2 2 8 8 1628 4623 4005
2088 2 2 8 8 2328 4883 1775
2089 2 2 8 8 776 3762 3229
2090 2 2 8 8 2120 4783 4075
2091 2 2 8 8 2996 4179 1350
2092 2 2 8 8 1427 4206 2433
2093 2 2 8 8 2372 4337 818
2094 2 2 8 8 2600 5932 3220
2095 2 2 8 8 2072 5184 636
2096 2 2 8 8 3437 4255 1773
2097 2 2 8 8 1591 3074 2231
2098 2 2 8 8 2014 3430 1168
2099 2 2 8 8 2306 5073 1200
2100 2 2 8 8 958 4999 2128
2101 2 2 8 8 3262 4771 1036
2102 2 2 8 8 1236 3210 2334
2103 2 2 8 8 911 4199 3751
2104 2 2 8 8 1286 3826 2513
2105 2 2 8 8 3878 5313 2255
2106 2 2 8 8 1963 3929 954
2107 2 2 8 8 1842 3343 1208
2108 2 2 8 8 2395 3065 694
2109 2 2 8 8 1060 2965 2422
2110 2 2 8 8 1055 4226 2479
2111 2 2 8 8 2488 2884 1165
2112 2 2 8 8 1768 4378 2824
2113 2 2 8 8 2619 3139 1216
2114 2 2 8 8 2738 5033 1054
2115 2 2 8 8 2518 4086 2043
2116 2 2 8 8 3606 5068 2133
2117 2 2 8 8 3289 5025 3810
2118 2 2 8 8 1091 2784 2199
2119 2 2 8 8 2686 5044 1832
2120 2 2 8 8 1952 4705 2559
2121 2 2 8 8 3185 3651 1695
2122 2 2 8 8 3056 3562 1348
2123 2 2 8 8 3132 3177 1501
2124 2 2 8 8 1579 3277 3172
2125 2 2 8 8 883 5148 2716
2126 2 2 8 8 2020 3333 1148
2127 2 2 8 8 1300 4780 2187
2128 2 2 8 8 1200 3204 2306
2129 2 2 8 8 2111 4386 1503
2130 2 2 8 8 3056 3069 1550
2131 2 2 8 8 2581 3229 1069
2132 2 2 8 8 2290 3527 1454
2133 2 2 8 8 2557 5430 1197
2134 2 2 8 8 3325 6019 1336
2135 2 2 8 8 3437 4095 604
2136 2 2 8 8 740 3270 2158
2137 2 2 8 8 603 3911 3200
2138 2 2 8 8 4527 6147 1240
2139 2 2 8 8 2725 3176 1322
2140 2 2 8 8 1066 3464 2506
2141 2 2 8 8 3698 5317 963
2142 2 2 8 8 2078 5132 4981
2143 2 2 8 8 128 2675 127
2144 2 2 8 8 954 3929 2444
2145 2 2 8 8 2833 2834 1298
2146 2 2 8 8 913 4494 2945
2147 2 2 8 8 1948 5360 2335
2148 2 2 8 8 2362 5690 1296
2149 2 2 8 8 234 4278 2610
2150 2 2 8 8 2196 6145 1417
2151 2 2 8 8 178 2606 177
2152 2 2 8 8 747 3300 3098
2153 2 2 8 8 3038 3076 619
2154 2 2 8 8 2193 3107 180
2155 2 2 8 8 1007 5111 2153
2156 2 2 8 8 723 5951 5930
2157 2 2 8 8 882 5182 2785
2158 2 2 8 8 64 4180 2191
2159 2 2 8 8 979 5265 2278
2160 2 2 8 8 733 4695 2266
2161 2 2 8 8 1342 3525 2296
2162 2 2 8 8 1019 5976 4550
2163 2 2 8 8 1599 4576 630
2164 2 2 8 8 1259 4600 3159
2165 2 2 8 8 870 3793 3367
2166 2 2 8 8 2429 4774 681
2167 2 2 8 8 2589 5700 1007
2168 2 2 8 8 2176 4875 1639
2169 2 2 8 8 2186 4096 3739
2170 2 2 8 8 41 3365 2173
2171 2 2 8 8 769 3395 2299
2172 2 2 8 8 567 3061 566
2173 2 2 8 8 2411 3345 1258
2174 2 2 8 8 2802 4006 794
2175 2 2 8 8 2652 5063 812
2176 2 2 8 8 1720 4363 3524
2177 2 2 8 8 2120 3283 1784
2178 2 2 8 8 4330 4490 3146
2179 2 2 8 8 1245 4779 2432
2180 2 2 8 8 2220 5366 4101
2181 2 2 8 8 1812 3893 3394
2182 2 2 8 8 54 3596 3209
2183 2 2 8 8 740 2995 2522
2184 2 2 8 8 2510 3655 854
2185 2 2 8 8 2222 3995 1023
2186 2 2 8 8 2720 3344 1445
2187 2 2 8 8 2081 3279 1414
2188 2 2 8 8 2327 3695 1400
2189 2 2 8 8 2282 3862 1418
2190 2 2 8 8 2903 5848 1950
2191 2 2 8 8 633 3142 2906
2192 2 2 8 8 2303 2708 1906
2193 2 2 8 8 2063 4928 3212
2194 2 2 8 8 890 3287 2473
2195 2 2 8 8 1174 3567 2338
2196 2 2 8 8 2096 4469 1149
2197 2 2 8 8 2461 5989 4247
2198 2 2 8 8 1252 2632 2429
2199 2 2 8 8 2182 4811 2994
2200 2 2 8 8 1919 5066 2522
2201 2 2 8 8 3112 5110 1045
2202 2 2 8 8 732 3127 2617
2203 2 2 8 8 90 4426 2123
2204 2 2 8 8 1223 2915 2004
2205 2 2 8 8 2882 3051 1263
2206 2 2 8 8 2036 4078 1350
2207 2 2 8 8 2743 4824 1072
2208 2 2 8 8 3928 4437 1739
2209 2 2 8 8 4799 5007 2325
2210 2 2 8 8 2231 5144 1591
2211 2 2 8 8 2235 2784 1091
2212 2 2 8 8 2639 5622 1331
2213 2 2 8 8 970 4693 2047
2214 2 2 8 8 2402 5550 1149
2215 2 2 8 8 2257 4517 705
2216 2 2 8 8 864 5881 2286
2217 2 2 8 8 1231 4539 2251
2218 2 2 8 8 2323 2972 682
2219 2 2 8 8 3410 3761 1955
2220 2 2 8 8 1331 3276 2639
2221 2 2 8 8 1091 5385 2276
2222 2 2 8 8 1491 2985 2390
2223 2 2 8 8 1194 4432 3130
2224 2 2 8 8 2230 4950 1722
2225 2 2 8 8 2139 3823 2753
2226 2 2 8 8 2348 3333 517
2227 2 2 8 8 1242 4904 3365
2228 2 2 8 8 2381 3447 97
2229 2 2 8 8 2430 5376 1001
2230 2 2 8 8 3014 3933 2175
2231 2 2 8 8 4021 5531 1795
2232 2 2 8 8 2648 2978 1232
2233 2 2 8 8 2163 4733 1154
2234 2 2 8 8 1439 3579 2201
2235 2 2 8 8 1006 4950 2230
2236 2 2 8 8 2408 4495 3356
2237 2 2 8 8 2213 2852 855
2238 2 2 8 8 5054 5751 2066
2239 2 2 8 8 3022 3505 1611
2240 2 2 8 8 563 4546 2471
2241 2 2 8 8 623 4064 3726
2242 2 2 8 8 2220 6156 5552
2243 2 2 8 8 1420 3855 2318
2244 2 2 8 8 490 2618 489
2245 2 2 8 8 3158 4225 587
2246 2 2 8 8 738 5394 2061
2247 2 2 8 8 1327 4713 3071
2248 2 2 8 8 1203 3206 1893
2249 2 2 8 8 2601 2961 1428
2250 2 2 8 8 3487 3614 2046
2251 2 2 8 8 1332 4742 2148
2252 2 2 8 8 2571 4300 864
2253 2 2 8 8 4475 5248 805
2254 2 2 8 8 770 4994 3951
2255 2 2 8 8 687 5296 2164
2256 2 2 8 8 991 3937 3245
2257 2 2 8 8 1711 4694 4381
2258 2 2 8 8 2352 5242 593
2259 2 2 8 8 2444 3363 1330
2260 2 2 8 8 1875 2984 2587
2261 2 2 8 8 2596 4417 1591
2262 2 2 8 8 1088 4428 2166
2263 2 2 8 8 2564 4648 653
2264 2 2 8 8 1682 4726 2772
2265 2 2 8 8 1463 3965 2319
2266 2 2 8 8 2179 4025 164
2267 2 2 8 8 1867 4849 4628
2268 2 2 8 8 1466 3496 1981
2269 2 2 8 8 3523 3618 1921
2270 2 2 8 8 2376 4825 888
2271 2 2 8 8 816 3742 2065
2272 2 2 8 8 2148 4411 1332
2273 2 2 8 8 1000 4832 2466
2274 2 2 8 8 1560 3752 2482
2275 2 2 8 8 2047 4063 2445
2276 2 2 8 8 3476 3589 1369
2277 2 2 8 8 2082 4362 2916
2278 2 2 8 8 2028 4473 1655
2279 2 2 8 8 1405 4537 2067
2280 2 2 8 8 2190 5390 651
2281 2 2 8 8 2814 5484 1988
2282 2 2 8 8 2593 3574 1747
2283 2 2 8 8 1154 4195 2163
2284 2 2 8 8 4379 4522 2254
2285 2 2 8 8 2585 4209 1222
2286 2 2 8 8 1463 3757 2264
2287 2 2 8 8 2334 2561 1236
2288 2 2 8 8 3224 3926 2063
2289 2 2 8 8 1973 4593 629
2290 2 2 8 8 1034 4874 3801
2291 2 2 8 8 1314 3925 2082
2292 2 2 8 8 662 5089 2961
2293 2 2 8 8 593 3223 2545
2294 2 2 8 8 1541 3163 2622
2295 2 2 8 8 1716 3302 2243
2296 2 2 8 8 752 2784 2783
2297 2 2 8 8 791 2900 2631
2298 2 2 8 8 3475 3680 2393
2299 2 2 8 8 885 3551 2189
2300 2 2 8 8 17 3276 2119
2301 2 2 8 8 2933 4990 2083
2302 2 2 8 8 2369 3527 61
2303 2 2 8 8 2705 5835 3118
2304 2 2 8 8 996 3686 2071
2305 2 2 8 8 2669 3072 856
2306 2 2 8 8 1644 4221 2087
2307 2 2 8 8 1606 5322 3541
2308 2 2 8 8 2433 6059 775
2309 2 2 8 8 2694 3162 1105
2310 2 2 8 8 2424 5421 1207
2311 2 2 8 8 1591 3472 2596
2312 2 2 8 8 3376 5577 872
2313 2 2 8 8 848 4574 2400
2314 2 2 8 8 1803 5256 2538
2315 2 2 8 8 2663 3463 1519
2316 2 2 8 8 1796 3607 2681
2317 2 2 8 8 836 6066 1949
2318 2 2 8 8 2944 3341 1832
2319 2 2 8 8 1468 4103 2420
2320 2 2 8 8 3921 5903 705
2321 2 2 8 8 4331 5444 3230
2322 2 2 8 8 2138 2852 1035
2323 2 2 8 8 1655 4935 2028
2324 2 2 8 8 391 2832 390
2325 2 2 8 8 708 3615 1757
2326 2 2 8 8 2379 4516 2887
2327 2 2 8 8 2875 3955 115
2328 2 2 8 8 3858 4426 1367
2329 2 2 8 8 2243 3302 1287
2330 2 2 8 8 1468 4601 2337
2331 2 2 8 8 508 3646 2684
2332 2 2 8 8 2027 3048 2762
2333 2 2 8 8 1221 3361 2298
2334 2 2 8 8 4659 6082 1819
2335 2 2 8 8 2679 5773 807
2336 2 2 8 8 2424 3989 1525
2337 2 2 8 8 1547 3431 2454
2338 2 2 8 8 2991 4012 2279
2339 2 2 8 8 1484 2919 2455
2340 2 2 8 8 1221 5428 2357
2341 2 2 8 8 1268 2902 2103
2342 2 2 8 8 3490 3752 1939
2343 2 2 8 8 731 2800 2204
2344 2 2 8 8 4465 5837 2272
2345 2 2 8 8 3111 3666 1624
2346 2 2 8 8 3839 4573 1990
2347 2 2 8 8 2817 4436 1464
2348 2 2 8 8 2474 4083 1093
2349 2 2 8 8 2372 3201 1224
2350 2 2 8 8 1149 4469 2402
2351 2 2 8 8 2667 4854 1780
2352 2 2 8 8 2851 5180 1974
2353 2 2 8 8 1021 3528 2870
2354 2 2 8 8 674 4561 2389
2355 2 2 8 8 1716 4698 2090
2356 2 2 8 8 2076 4287 184
2357 2 2 8 8 217 2678 216
2358 2 2 8 8 1141 5102 3062
2359 2 2 8 8 632 4339 2080
2360 2 2 8 8 744 4362 3925
2361 2 2 8 8 1290 5050 2310
2362 2 2 8 8 3534 4421 915
2363 2 2 8 8 2729 2961 1150
2364 2 2 8 8 3780 3885 1316
2365 2 2 8 8 1262 3381 2404
2366 2 2 8 8 2389 3113 1519
2367 2 2 8 8 2287 3457 1159
2368 2 2 8 8 1048 5644 3084
2369 2 2 8 8 1521 4714 2013
2370 2 2 8 8 1600 4645 2263
2371 2 2 8 8 1656 3087 2906
2372 2 2 8 8 2056 6115 5388
2373 2 2 8 8 3945 5005 2631
2374 2 2 8 8 1012 4483 3765
2375 2 2 8 8 1039 4031 3442
2376 2 2 8 8 2286 4289 1156
2377 2 2 8 8 1654 5172 2414
2378 2 2 8 8 1871 4993 2374
2379 2 2 8 8 2131 4416 2899
2380 2 2 8 8 762 4686 2724
2381 2 2 8 8 3140 5918 4463
2382 2 2 8 8 2231 3074 1139
2383 2 2 8 8 938 5540 3295
2384 2 2 8 8 2499 4144 1869
2385 2 2 8 8 1950 3243 2845
2386 2 2 8 8 2302 4272 1203
2387 2 2 8 8 3718 4021 1128
2388 2 2 8 8 1472 5524 2545
2389 2 2 8 8 2166 2909 1088
2390 2 2 8 8 3801 5949 1034
2391 2 2 8 8 1222 4209 2655
2392 2 2 8 8 2095 5082 1061
2393 2 2 8 8 3245 4593 1580
2394 2 2 8 8 2607 5921 762
2395 2 2 8 8 1072 4824 3975
2396 2 2 8 8 2966 5122 1199
2397 2 2 8 8 3739 5968 2186
2398 2 2 8 8 1203 4732 2302
2399 2 2 8 8 2574 4099 658
2400 2 2 8 8 2241 4652 3864
2401 2 2 8 8 1050 5649 2465
2402 2 2 8 8 2086 4488 3027
2403 2 2 8 8 1985 5309 1837
2404 2 2 8 8 1708 4706 1229
2405 2 2 8 8 617 2812 1909
2406 2 2 8 8 1100 3387 2435
2407 2 2 8 8 2174 5374 1280
2408 2 2 8 8 1507 4617 2837
2409 2 2 8 8 647 3128 2793
2410 2 2 8 8 1354 4231 2788
2411 2 2 8 8 2309 5424 3315
2412 2 2 8 8 2614 4041 639
2413 2 2 8 8 2650 4617 2503
2414 2 2 8 8 2724 6047 4138
2415 2 2 8 8 868 3775 3267
2416 2 2 8 8 889 3956 2528
2417 2 2 8 8 1715 3968 3037
2418 2 2 8 8 671 3752 3490
2419 2 2 8 8 1056 3168 2613
2420 2 2 8 8 3777 5165 1598
2421 2 2 8 8 755 6012 2011
2422 2 2 8 8 2936 3195 171
2423 2 2 8 8 3665 3733 663
2424 2 2 8 8 843 5120 3578
2425 2 2 8 8 2301 3723 431
2426 2 2 8 8 3464 4761 1902
2427 2 2 8 8 691 3105 2821
2428 2 2 8 8 3599 3834 2114
2429 2 2 8 8 1309 3226 2196
2430 2 2 8 8 3324 3352 1709
2431 2 2 8 8 2812 5403 1909
2432 2 2 8 8 1934 3477 840
2433 2 2 8 8 3404 4257 1442
2434 2 2 8 8 3154 4184 216
2435 2 2 8 8 1381 3833 3771
2436 2 2 8 8 2486 3013 640
2437 2 2 8 8 2736 4527 1240
2438 2 2 8 8 610 3662 2262
2439 2 2 8 8 3279 5985 3638
2440 2 2 8 8 1002 3934 3428
2441 2 2 8 8 3155 4913 2490
2442 2 2 8 8 3395 4923 2299
2443 2 2 8 8 1870 5727 3282
2444 2 2 8 8 4494 6016 2945
2445 2 2 8 8 2492 4861 1248
2446 2 2 8 8 1785 3437 1152
2447 2 2 8 8 1214 5654 2926
2448 2 2 8 8 1192 4311 3672
2449 2 2 8 8 3411 5060 716
2450 2 2 8 8 3116 4032 1575
2451 2 2 8 8 3239 4151 2194
2452 2 2 8 8 3389 4334 657
2453 2 2 8 8 3279 4893 1078
2454 2 2 8 8 1236 3342 3210
2455 2 2 8 8 3514 4989 2527
2456 2 2 8 8 2312 5157 1350
2457 2 2 8 8 2863 3190 1294
2458 2 2 8 8 2588 3237 966
2459 2 2 8 8 983 5701 2227
2460 2 2 8 8 2125 3856 3561
2461 2 2 8 8 1119 3533 3124
2462 2 2 8 8 2791 3210 774
2463 2 2 8 8 1274 3646 2322
2464 2 2 8 8 932 5040 3857
2465 2 2 8 8 1537 4943 2702
2466 2 2 8 8 1219 3532 2350
2467 2 2 8 8 2363 4202 916
2468 2 2 8 8 1324 2986 2706
2469 2 2 8 8 3246 5708 2171
2470 2 2 8 8 961 5953 4329
2471 2 2 8 8 2265 5363 1881
2472 2 2 8 8 2478 4962 894
2473 2 2 8 8 1884 3747 227
2474 2 2 8 8 711 4577 2380
2475 2 2 8 8 738 4038 1679
2476 2 2 8 8 1229 3521 1708
2477 2 2 8 8 1292 3427 2356
2478 2 2 8 8 3725 5266 1455
2479 2 2 8 8 1855 5228 4942
2480 2 2 8 8 3225 6131 1228
2481 2 2 8 8 4166 5608 1131
2482 2 2 8 8 1593 3497 2616
2483 2 2 8 8 2327 3293 891
2484 2 2 8 8 1054 3560 2738
2485 2 2 8 8 627 4219 2748
2486 2 2 8 8 4381 4694 2321
2487 2 2 8 8 2873 2943 1444
2488 2 2 8 8 2646 5038 1222
2489 2 2 8 8 2338 3567 974
2490 2 2 8 8 2706 2828 1324
2491 2 2 8 8 841 4674 4256
2492 2 2 8 8 2103 4869 1268
2493 2 2 8 8 725 3453 1903
2494 2 2 8 8 544 2417 543
2495 2 2 8 8 1761 3542 2686
2496 2 2 8 8 3483 4040 1903
2497 2 2 8 8 408 2711 407
2498 2 2 8 8 2952 4169 1791
2499 2 2 8 8 3102 3157 1096
2500 2 2 8 8 1489 3697 2350
2501 2 2 8 8 2320 4934 4254
2502 2 2 8 8 1785 4095 3437
2503 2 2 8 8 3670 3732 1967
2504 2 2 8 8 1035 3242 2374
2505 2 2 8 8 872 4851 1983
2506 2 2 8 8 404 3096 2405
2507 2 2 8 8 698 3690 1994
2508 2 2 8 8 112 5347 2
2509 2 2 8 8 2605 5400 1146
2510 2 2 8 8 2240 4360 39
2511 2 2 8 8 2935 3369 1602
2512 2 2 8 8 2294 3024 595
2513 2 2 8 8 1172 3477 1934
2514 2 2 8 8 2651 3335 1343
2515 2 2 8 8 1135 5571 2367
2516 2 2 8 8 1206 2546 2320
2517 2 2 8 8 3600 4023 680
2518 2 2 8 8 3242 4280 1871
2519 2 2 8 8 718 4516 2379
2520 2 2 8 8 182 4096 2186
2521 2 2 8 8 2386 5284 1694
2522 2 2 8 8 1344 5661 2820
2523 2 2 8 8 728 4913 2438
2524 2 2 8 8 1658 4261 2710
2525 2 2 8 8 2246 3270 740
2526 2 2 8 8 3402 5427 783
2527 2 2 8 8 3066 3398 1659
2528 2 2 8 8 3890 4102 1717
2529 2 2 8 8 1254 3248 2476
2530 2 2 8 8 1960 4373 3501
2531 2 2 8 8 2561 5828 1602
2532 2 2 8 8 1145 5648 2449
2533 2 2 8 8 2283 3459 892
2534 2 2 8 8 1334 4568 4452
2535 2 2 8 8 2429 3103 1252
2536 2 2 8 8 1719 5298 2818
2537 2 2 8 8 2302 2744 726
2538 2 2 8 8 2832 3202 1295
2539 2 2 8 8 4090 5038 2646
2540 2 2 8 8 3650 4413 1928
2541 2 2 8 8 1131 4433 2044
2542 2 2 8 8 892 3497 3277
2543 2 2 8 8 4874 5923 3298
2544 2 2 8 8 2808 3235 175
2545 2 2 8 8 1853 5406 3605
2546 2 2 8 8 520 3026 519
2547 2 2 8 8 842 4489 2568
2548 2 2 8 8 2619 2778 761
2549 2 2 8 8 1163 2854 2623
2550 2 2 8 8 1181 5055 2259
2551 2 2 8 8 2531 4233 3197
2552 2 2 8 8 3120 3771 1669
2553 2 2 8 8 2147 2554 767
2554 2 2 8 8 805 3591 2360
2555 2 2 8 8 3155 4130 1225
2556 2 2 8 8 1285 2972 2323
2557 2 2 8 8 3648 4873 495
2558 2 2 8 8 2708 4215 1873
2559 2 2 8 8 2865 6102 1353
2560 2 2 8 8 1220 3636 2502
2561 2 2 8 8 2843 3114 46
2562 2 2 8 8 2036 3563 1380
2563 2 2 8 8 872 4823 2653
2564 2 2 8 8 5621 5643 1886
2565 2 2 8 8 450 2980 449
2566 2 2 8 8 930 4896 2040
2567 2 2 8 8 3440 5073 2306
2568 2 2 8 8 2747 3785 2112
2569 2 2 8 8 2449 4547 1145
2570 2 2 8 8 2840 4625 1346
2571 2 2 8 8 2862 3489 1290
2572 2 2 8 8 2759 6083 1233
2573 2 2 8 8 687 5724 2481
2574 2 2 8 8 2499 3770 214
2575 2 2 8 8 64 3986 63
2576 2 2 8 8 2984 4530 902
2577 2 2 8 8 2027 5197 2684
2578 2 2 8 8 2216 4368 1330
2579 2 2 8 8 1849 5446 2701
2580 2 2 8 8 2526 2986 1645
2581 2 2 8 8 3037 3968 934
2582 2 2 8 8 1093 4058 2474
2583 2 2 8 8 2772 4726 1406
2584 2 2 8 8 2654 2755 1109
2585 2 2 8 8 2818 5298 30
2586 2 2 8 8 1237 4823 2758
2587 2 2 8 8 2211 3122 939
2588 2 2 8 8 1645 4215 2526
2589 2 2 8 8 4226 5920 2479
2590 2 2 8 8 2226 3750 971
2591 2 2 8 8 1258 4586 2411
2592 2 2 8 8 823 4876 2300
2593 2 2 8 8 4048 5468 515
2594 2 2 8 8 2655 4209 1594
2595 2 2 8 8 2704 2745 1481
2596 2 2 8 8 2097 6171 4523
2597 2 2 8 8 2344 4781 961
2598 2 2 8 8 2661 4340 1419
2599 2 2 8 8 3857 5040 2425
2600 2 2 8 8 854 3113 2510
2601 2 2 8 8 1648 4998 3480
2602 2 2 8 8 1594 4209 4177
2603 2 2 8 8 1920 3793 3105
2604 2 2 8 8 3003 4458 1631
2605 2 2 8 8 2369 3382 1454
2606 2 2 8 8 2967 3969 1533
2607 2 2 8 8 1346 4625 2988
2608 2 2 8 8 962 4040 3483
2609 2 2 8 8 3500 3798 1483
2610 2 2 8 8 2615 5083 1018
2611 2 2 8 8 2173 5546 40
2612 2 2 8 8 2298 4076 1221
2613 2 2 8 8 2884 4310 1165
2614 2 2 8 8 2328 4549 835
2615 2 2 8 8 2237 2558 1767
2616 2 2 8 8 1666 4907 2124
2617 2 2 8 8 1476 5393 3120
2618 2 2 8 8 3239 3710 1112
2619 2 2 8 8 2502 4344 1742
2620 2 2 8 8 2565 5812 5203
2621 2 2 8 8 2253 3069 85
2622 2 2 8 8 1104 5170 2697
2623 2 2 8 8 498 3130 497
2624 2 2 8 8 2407 4123 806
2625 2 2 8 8 2116 4268 1438
2626 2 2 8 8 2659 5378 1153
2627 2 2 8 8 2737 4130 153
2628 2 2 8 8 1903 5447 725
2629 2 2 8 8 2202 2675 128
2630 2 2 8 8 944 4294 3453
2631 2 2 8 8 4836 5467 1706
2632 2 2 8 8 1317 5555 1995
2633 2 2 8 8 2446 4594 1692
2634 2 2 8 8 1608 3223 3165
2635 2 2 8 8 847 3035 2822
2636 2 2 8 8 2579 4051 1062
2637 2 2 8 8 4002 4645 686
2638 2 2 8 8 1353 6102 2922
2639 2 2 8 8 2599 5335 237
2640 2 2 8 8 3124 3125 1119
2641 2 2 8 8 84 3056 83
2642 2 2 8 8 578 3989 2424
2643 2 2 8 8 1061 5578 2095
2644 2 2 8 8 1245 5030 2968
2645 2 2 8 8 1063 4193 2890
2646 2 2 8 8 1347 5712 2282
2647 2 2 8 8 690 4631 2364
2648 2 2 8 8 2741 6090 4438
2649 2 2 8 8 167 3161 166
2650 2 2 8 8 2972 3238 682
2651 2 2 8 8 1099 2612 2565
2652 2 2 8 8 622 3939 2120
2653 2 2 8 8 2771 3104 1456
2654 2 2 8 8 641 3728 2781
2655 2 2 8 8 1384 2828 2706
2656 2 2 8 8 1369 3589 3485
2657 2 2 8 8 3315 5424 1413
2658 2 2 8 8 2592 3256 1145
2659 2 2 8 8 4045 4637 605
2660 2 2 8 8 2017 5138 3127
2661 2 2 8 8 1153 6071 3274
2662 2 2 8 8 2702 3189 1256
2663 2 2 8 8 2544 5322 1396
2664 2 2 8 8 635 5606 3345
2665 2 2 8 8 998 3232 2181
2666 2 2 8 8 3355 4899 1152
2667 2 2 8 8 2573 5270 2267
2668 2 2 8 8 1312 3221 2641
2669 2 2 8 8 1006 5295 2481
2670 2 2 8 8 2348 4828 1810
2671 2 2 8 8 1954 5973 3557
2672 2 2 8 8 1082 4432 2739
2673 2 2 8 8 713 2356 2258
2674 2 2 8 8 2637 5274 1264
2675 2 2 8 8 886 4757 3192
2676 2 2 8 8 1399 5921 2022
2677 2 2 8 8 1357 3045 2434
2678 2 2 8 8 1470 4830 3961
2679 2 2 8 8 1209 3493 2578
2680 2 2 8 8 2875 4570 1517
2681 2 2 8 8 1981 6036 4525
2682 2 2 8 8 2600 3220 746
2683 2 2 8 8 2261 4028 1432
2684 2 2 8 8 1025 4862 2340
2685 2 2 8 8 5092 5172 440
2686 2 2 8 8 1154 4733 2629
2687 2 2 8 8 186 4504 185
2688 2 2 8 8 2360 4194 3949
2689 2 2 8 8 2094 4023 3600
2690 2 2 8 8 3357 3633 1920
2691 2 2 8 8 2090 4992 1716
2692 2 2 8 8 2906 3142 1504
2693 2 2 8 8 2949 4645 3721
2694 2 2 8 8 1490 2912 2857
2695 2 2 8 8 1148 3333 2348
2696 2 2 8 8 944 3453 3285
2697 2 2 8 8 2316 5230 683
2698 2 2 8 8 2287 4703 2061
2699 2 2 8 8 801 4364 4231
2700 2 2 8 8 855 6055 2213
2701 2 2 8 8 2107 4763 2527
2702 2 2 8 8 2043 4086 825
2703 2 2 8 8 1973 4968 2960
2704 2 2 8 8 2513 2786 1404
2705 2 2 8 8 833 5291 3867
2706 2 2 8 8 1330 3596 2216
2707 2 2 8 8 1053 4669 3434
2708 2 2 8 8 1152 2722 1595
2709 2 2 8 8 2103 4670 1557
2710 2 2 8 8 2199 5385 1091
2711 2 2 8 8 3116 5388 2734
2712 2 2 8 8 484 3305 483
2713 2 2 8 8 2386 3258 1017
2714 2 2 8 8 3193 5455 3307
2715 2 2 8 8 3591 4422 2360
2716 2 2 8 8 675 5662 2274
2717 2 2 8 8 2839 5133 756
2718 2 2 8 8 1270 4548 2807
2719 2 2 8 8 2641 3221 1151
2720 2 2 8 8 2399 4738 1305
2721 2 2 8 8 173 4109 2583
2722 2 2 8 8 210 2951 209
2723 2 2 8 8 2325 6110 4799
2724 2 2 8 8 1866 3733 1276
2725 2 2 8 8 617 2981 2248
2726 2 2 8 8 3365 4904 2173
2727 2 2 8 8 2324 3112 1045
2728 2 2 8 8 2943 3860 1444
2729 2 2 8 8 2587 2984 902
2730 2 2 8 8 849 4437 3928
2731 2 2 8 8 1251 5062 2393
2732 2 2 8 8 2529 3377 1167
2733 2 2 8 8 2420 3865 1468
2734 2 2 8 8 3278 4283 2021
2735 2 2 8 8 2436 3778 694
2736 2 2 8 8 729 4271 2695
2737 2 2 8 8 2760 4582 1680
2738 2 2 8 8 135 3998 134
2739 2 2 8 8 2350 3532 602
2740 2 2 8 8 2422 4886 1060
2741 2 2 8 8 2224 5669 968
2742 2 2 8 8 711 4973 2489
2743 2 2 8 8 31 3364 30
2744 2 2 8 8 1180 3884 3126
2745 2 2 8 8 2796 2797 1338
2746 2 2 8 8 3619 5756 5716
2747 2 2 8 8 865 4060 2703
2748 2 2 8 8 3150 5528 950
2749 2 2 8 8 1199 4380 2644
2750 2 2 8 8 1845 5018 2159
2751 2 2 8 8 812 4642 2652
2752 2 2 8 8 26 4763 3772
2753 2 2 8 8 1280 2859 2623
2754 2 2 8 8 3213 3735 1175
2755 2 2 8 8 1885 4605 832
2756 2 2 8 8 1190 5887 2495
2757 2 2 8 8 1562 5179 2324
2758 2 2 8 8 3975 4824 2091
2759 2 2 8 8 1705 2868 1186
2760 2 2 8 8 2315 4004 768
2761 2 2 8 8 1769 4042 2480
2762 2 2 8 8 1028 4258 2352
2763 2 2 8 8 1988 5477 2814
2764 2 2 8 8 845 3841 2503
2765 2 2 8 8 1175 4125 3213
2766 2 2 8 8 115 3955 114
2767 2 2 8 8 1032 4124 2627
2768 2 2 8 8 1674 3157 3102
2769 2 2 8 8 1940 4628 2735
2770 2 2 8 8 5388 6115 2734
2771 2 2 8 8 1845 5171 1614
2772 2 2 8 8 686 4645 2949
2773 2 2 8 8 178 5739 2606
2774 2 2 8 8 1915 5994 3817
2775 2 2 8 8 2411 3796 635
2776 2 2 8 8 1309 2947 2113
2777 2 2 8 8 741 4073 1996
2778 2 2 8 8 2588 3922 1334
2779 2 2 8 8 1038 4975 4361
2780 2 2 8 8 4359 6027 937
2781 2 2 8 8 1520 3148 2576
2782 2 2 8 8 2339 5467 1362
2783 2 2 8 8 2001 5970 3293
2784 2 2 8 8 3016 4107 2151
2785 2 2 8 8 1140 3158 2419
2786 2 2 8 8 2047 3181 1289
2787 2 2 8 8 1947 4920 3196
2788 2 2 8 8 779 3670 2313
2789 2 2 8 8 2210 5427 3402
2790 2 2 8 8 643 3748 3705
2791 2 2 8 8 1459 4280 3242
2792 2 2 8 8 2535 5252 1262
2793 2 2 8 8 2631 5005 791
2794 2 2 8 8 912 5263 3694
2795 2 2 8 8 1321 5472 3144
2796 2 2 8 8 3172 3277 1593
2797 2 2 8 8 4140 4531 2455
2798 2 2 8 8 635 5906 4384
2799 2 2 8 8 73 2548 72
2800 2 2 8 8 2238 4334 3118
2801 2 2 8 8 813 3773 1946
2802 2 2 8 8 2201 3579 792
2803 2 2 8 8 834 4163 3284
2804 2 2 8 8 3625 6029 2511
2805 2 2 8 8 3811 5504 2043
2806 2 2 8 8 1132 2767 2731
2807 2 2 8 8 1262 5252 2663
2808 2 2 8 8 2272 5662 675
2809 2 2 8 8 2744 2759 1233
2810 2 2 8 8 1080 5896 2563
2811 2 2 8 8 3466 4786 1570
2812 2 2 8 8 2106 4900 3954
2813 2 2 8 8 2448 5089 3976
2814 2 2 8 8 3355 3830 623
2815 2 2 8 8 2632 4774 2429
2816 2 2 8 8 710 5360 1948
2817 2 2 8 8 1598 3101 3091
2818 2 2 8 8 5662 5837 1103
2819 2 2 8 8 3029 3123 1664
2820 2 2 8 8 3698 5399 1921
2821 2 2 8 8 1162 3243 2775
2822 2 2 8 8 1503 3671 2123
2823 2 2 8 8 772 5180 2851
2824 2 2 8 8 1153 3274 2659
2825 2 2 8 8 3332 3870 1744
2826 2 2 8 8 2730 5874 3908
2827 2 2 8 8 2627 4124 1618
2828 2 2 8 8 2764 4588 1368
2829 2 2 8 8 2811 4337 1335
2830 2 2 8 8 3127 5138 1448
2831 2 2 8 8 1297 3683 3480
2832 2 2 8 8 4456 5753 2441
2833 2 2 8 8 1685 4549 1388
2834 2 2 8 8 1156 4289 2462
2835 2 2 8 8 1976 3230 677
2836 2 2 8 8 1068 3362 2617
2837 2 2 8 8 160 2734 159
2838 2 2 8 8 1177 2874 2414
2839 2 2 8 8 2449 4504 186
2840 2 2 8 8 3836 5265 979
2841 2 2 8 8 880 3280 3086
2842 2 2 8 8 1419 4840 3815
2843 2 2 8 8 1217 3604 2987
2844 2 2 8 8 1284 3746 2259
2845 2 2 8 8 4133 4903 967
2846 2 2 8 8 1454 3527 2369
2847 2 2 8 8 2448 3976 1343
2848 2 2 8 8 714 4333 2767
2849 2 2 8 8 1738 3710 3239
2850 2 2 8 8 5181 5981 2910
2851 2 2 8 8 2087 3320 641
2852 2 2 8 8 2222 4203 3995
2853 2 2 8 8 2159 4717 782
2854 2 2 8 8 657 4334 2238
2855 2 2 8 8 2233 5822 3895
2856 2 2 8 8 2630 6143 2475
2857 2 2 8 8 1837 5773 2679
2858 2 2 8 8 3274 6071 2595
2859 2 2 8 8 798 3837 2101
2860 2 2 8 8 1159 4270 2857
2861 2 2 8 8 1328 3385 2480
2862 2 2 8 8 1108 4649 2254
2863 2 2 8 8 2340 6023 1025
2864 2 2 8 8 3541 5322 2544
2865 2 2 8 8 2426 4408 1071
2866 2 2 8 8 2320 6050 2319
2867 2 2 8 8 2713 5911 1824
2868 2 2 8 8 236 5335 235
2869 2 2 8 8 2373 4948 669
2870 2 2 8 8 1867 5160 2375
2871 2 2 8 8 1017 3629 2689
2872 2 2 8 8 2583 6113 4302
2873 2 2 8 8 2043 5776 2518
2874 2 2 8 8 2835 4816 1825
2875 2 2 8 8 1155 3177 3132
2876 2 2 8 8 749 4667 2040
2877 2 2 8 8 1761 5192 2951
2878 2 2 8 8 2237 4304 1641
2879 2 2 8 8 3453 4294 1903
2880 2 2 8 8 413 2584 412
2881 2 2 8 8 1854 5345 3200
2882 2 2 8 8 2496 4737 1808
2883 2 2 8 8 782 4717 2524
2884 2 2 8 8 2489 4973 1638
2885 2 2 8 8 5930 5951 2654
2886 2 2 8 8 452 3273 451
2887 2 2 8 8 868 3267 2491
2888 2 2 8 8 147 2835 146
2889 2 2 8 8 3442 4031 2232
2890 2 2 8 8 605 5774 3051
2891 2 2 8 8 3346 4369 946
2892 2 2 8 8 1451 4227 2472
2893 2 2 8 8 2065 4298 1230
2894 2 2 8 8 2400 4574 1381
2895 2 2 8 8 2655 4399 930
2896 2 2 8 8 2366 4106 1749
2897 2 2 8 8 2185 4911 3669
2898 2 2 8 8 1368 3447 2381
2899 2 2 8 8 893 3393 2976
2900 2 2 8 8 1444 3537 2873
2901 2 2 8 8 2114 5850 1011
2902 2 2 8 8 2218 3703 1358
2903 2 2 8 8 1890 5461 2521
2904 2 2 8 8 2151 2982 1307
2905 2 2 8 8 1476 6042 5393
2906 2 2 8 8 1998 3256 2592
2907 2 2 8 8 2619 2779 1217
2908 2 2 8 8 746 3220 2241
2909 2 2 8 8 1027 4394 2327
2910 2 2 8 8 1124 4436 2817
2911 2 2 8 8 1698 4636 2958
2912 2 2 8 8 709 5363 2265
2913 2 2 8 8 2154 3602 1533
2914 2 2 8 8 2481 5295 1425
2915 2 2 8 8 2051 6003 835
2916 2 2 8 8 1981 3496 1393
2917 2 2 8 8 2783 3030 752
2918 2 2 8 8 1031 3052 2264
2919 2 2 8 8 2340 4862 1655
2920 2 2 8 8 734 2745 2704
2921 2 2 8 8 2645 3168 1056
2922 2 2 8 8 2432 5030 1245
2923 2 2 8 8 2240 4616 1751
2924 2 2 8 8 3267 3775 1638
2925 2 2 8 8 1810 5623 2348
2926 2 2 8 8 658 5256 2574
2927 2 2 8 8 1166 4503 2381
2928 2 2 8 8 1910 3735 3213
2929 2 2 8 8 1202 5731 3318
2930 2 2 8 8 397 2819 2336
2931 2 2 8 8 859 5431 2569
2932 2 2 8 8 2791 4169 1106
2933 2 2 8 8 1527 3620 2362
2934 2 2 8 8 3345 3639 1258
2935 2 2 8 8 159 5147 2647
2936 2 2 8 8 2435 3406 833
2937 2 2 8 8 2471 4546 1536
2938 2 2 8 8 396 2814 395
2939 2 2 8 8 2567 4196 1265
2940 2 2 8 8 2787 3795 1178
2941 2 2 8 8 1515 3380 3086
2942 2 2 8 8 2767 4333 1745
2943 2 2 8 8 2506 3100 1118
2944 2 2 8 8 2406 2717 1010
2945 2 2 8 8 1140 5310 3158
2946 2 2 8 8 2338 3317 1174
2947 2 2 8 8 826 4036 2723
2948 2 2 8 8 2230 5295 1006
2949 2 2 8 8 1791 3613 2952
2950 2 2 8 8 1458 4112 3897
2951 2 2 8 8 2456 5643 5621
2952 2 2 8 8 2564 5572 3368
2953 2 2 8 8 202 2465 201
2954 2 2 8 8 1280 4475 2174
2955 2 2 8 8 909 3457 2287
2956 2 2 8 8 1428 3609 2601
2957 2 2 8 8 2353 4257 3404
2958 2 2 8 8 4095 5711 1885
2959 2 2 8 8 1073 4544 3614
2960 2 2 8 8 1350 5157 2627
2961 2 2 8 8 914 4344 2502
2962 2 2 8 8 3031 5293 701
2963 2 2 8 8 2697 5170 1918
2964 2 2 8 8 2682 5442 1843
2965 2 2 8 8 3815 4840 2054
2966 2 2 8 8 2656 3478 952
2967 2 2 8 8 3266 4948 2373
2968 2 2 8 8 1541 3352 3324
2969 2 2 8 8 3334 5191 1472
2970 2 2 8 8 1488 4041 2614
2971 2 2 8 8 920 2657 2372
2972 2 2 8 8 2257 4917 1045
2973 2 2 8 8 2363 4718 4202
2974 2 2 8 8 2893 3131 767
2975 2 2 8 8 803 5473 3429
2976 2 2 8 8 2851 3032 1255
2977 2 2 8 8 3501 5846 1960
2978 2 2 8 8 4262 4327 2929
2979 2 2 8 8 845 4173 2838
2980 2 2 8 8 2788 4231 1699
2981 2 2 8 8 3170 4372 1087
2982 2 2 8 8 2382 3829 803
2983 2 2 8 8 3283 3939 1471
2984 2 2 8 8 962 3483 1964
2985 2 2 8 8 1656 4572 2090
2986 2 2 8 8 3330 3827 1359
2987 2 2 8 8 2610 4278 1609
2988 2 2 8 8 1054 4647 3560
2989 2 2 8 8 1638 3580 2489
2990 2 2 8 8 779 3732 3670
2991 2 2 8 8 2623 2859 730
2992 2 2 8 8 2577 3724 1452
2993 2 2 8 8 2774 5924 201
2994 2 2 8 8 2722 5383 1595
2995 2 2 8 8 2365 4253 1548
2996 2 2 8 8 511 2831 510
2997 2 2 8 8 3618 3698 1921
2998 2 2 8 8 3842 4432 1194
2999 2 2 8 8 2526 4215 990
3000 2 2 8 8 3231 5274 2454
3001 2 2 8 8 1082 4704 4432
3002 2 2 8 8 1720 3524 2978
3003 2 2 8 8 941 3264 2896
3004 2 2 8 8 162 4621 2144
3005 2 2 8 8 2663 5252 765
3006 2 2 8 8 2881 3257 1030
3007 2 2 8 8 3481 4540 1079
3008 2 2 8 8 1351 3991 3275
3009 2 2 8 8 2587 5457 1875
3010 2 2 8 8 4256 4674 1962
3011 2 2 8 8 2348 3222 1148
3012 2 2 8 8 1957 5120 4508
3013 2 2 8 8 2182 4545 889
3014 2 2 8 8 1458 3897 2312
3015 2 2 8 8 2390 3141 1491
3016 2 2 8 8 2537 2625 539
3017 2 2 8 8 1072 2824 2098
3018 2 2 8 8 3513 4789 952
3019 2 2 8 8 3043 4781 2344
3020 2 2 8 8 2521 4684 1286
3021 2 2 8 8 669 5702 2426
3022 2 2 8 8 1607 3297 2872
3023 2 2 8 8 1277 3857 2425
3024 2 2 8 8 846 5269 4497
3025 2 2 8 8 3940 4132 1668
3026 2 2 8 8 2859 2946 1273
3027 2 2 8 8 1817 5851 2523
3028 2 2 8 8 1500 5253 2668
3029 2 2 8 8 3318 5731 1946
3030 2 2 8 8 1036 3005 2106
3031 2 2 8 8 751 3363 2444
3032 2 2 8 8 2921 4116 1267
3033 2 2 8 8 1362 5467 3137
3034 2 2 8 8 2735 4628 665
3035 2 2 8 8 915 5105 1932
3036 2 2 8 8 2695 4131 2013
3037 2 2 8 8 3255 4845 642
3038 2 2 8 8 1787 3553 2505
3039 2 2 8 8 3394 3893 1813
3040 2 2 8 8 933 4630 3674
3041 2 2 8 8 1754 4418 2808
3042 2 2 8 8 3538 4021 1795
3043 2 2 8 8 1398 3951 2749
3044 2 2 8 8 3086 3280 1515
3045 2 2 8 8 3092 5884 2236
3046 2 2 8 8 2038 4776 3704
3047 2 2 8 8 1194 3130 2577
3048 2 2 8 8 2672 5218 1349
3049 2 2 8 8 1313 3870 3332
3050 2 2 8 8 2812 4409 1126
3051 2 2 8 8 1425 3618 3523
3052 2 2 8 8 3759 4337 2811
3053 2 2 8 8 887 4367 3493
3054 2 2 8 8 1523 4398 4212
3055 2 2 8 8 4957 5437 3205
3056 2 2 8 8 3513 6035 2206
3057 2 2 8 8 1571 3375 2862
3058 2 2 8 8 1345 5056 2399
3059 2 2 8 8 2654 3818 1783
3060 2 2 8 8 1633 4003 3684
3061 2 2 8 8 2087 4688 1644
3062 2 2 8 8 3585 3930 1118
3063 2 2 8 8 2565 3010 1099
3064 2 2 8 8 2146 4640 1275
3065 2 2 8 8 590 5708 3246
3066 2 2 8 8 1096 5294 2290
3067 2 2 8 8 1286 3540 1890
3068 2 2 8 8 3253 3775 868
3069 2 2 8 8 2803 5079 732
3070 2 2 8 8 3694 5263 2218
3071 2 2 8 8 1544 4181 2751
3072 2 2 8 8 62 3985 2369
3073 2 2 8 8 1506 4925 4178
3074 2 2 8 8 1296 5690 2520
3075 2 2 8 8 3897 4112 2353
3076 2 2 8 8 2456 5621 1021
3077 2 2 8 8 554 2977 553
3078 2 2 8 8 3250 3667 1549
3079 2 2 8 8 587 4225 586
3080 2 2 8 8 2666 4341 679
3081 2 2 8 8 1058 4679 2368
3082 2 2 8 8 2349 5070 907
3083 2 2 8 8 2628 3955 1312
3084 2 2 8 8 1355 4123 2407
3085 2 2 8 8 3603 3812 1535
3086 2 2 8 8 1379 4106 3086
3087 2 2 8 8 2059 3623 1168
3088 2 2 8 8 2414 5172 5092
3089 2 2 8 8 905 4970 3448
3090 2 2 8 8 1208 3343 2714
3091 2 2 8 8 602 4198 2350
3092 2 2 8 8 2309 4568 1334
3093 2 2 8 8 1481 4663 2704
3094 2 2 8 8 1253 5438 2730
3095 2 2 8 8 2266 3206 1013
3096 2 2 8 8 1161 5534 3899
3097 2 2 8 8 1775 4685 3099
3098 2 2 8 8 2084 4984 4580
3099 2 2 8 8 4438 6090 1294
3100 2 2 8 8 506 5197 2762
3101 2 2 8 8 3222 4851 1148
3102 2 2 8 8 1543 4552 3504
3103 2 2 8 8 3117 4158 797
3104 2 2 8 8 2282 3411 1347
3105 2 2 8 8 3949 4194 1293
3106 2 2 8 8 803 3419 2382
3107 2 2 8 8 3200 5345 4844
3108 2 2 8 8 1525 5421 2424
3109 2 2 8 8 3571 3739 2075
3110 2 2 8 8 820 3178 1945
3111 2 2 8 8 1892 4310 2884
3112 2 2 8 8 3877 4457 919
3113 2 2 8 8 1064 2558 2237
3114 2 2 8 8 2694 3854 1697
3115 2 2 8 8 2473 4188 890
3116 2 2 8 8 2835 5642 2383
3117 2 2 8 8 237 5335 236
3118 2 2 8 8 786 5643 2456
3119 2 2 8 8 1614 3847 2228
3120 2 2 8 8 1827 5700 2589
3121 2 2 8 8 2762 3048 1590
3122 2 2 8 8 1186 3179 1705
3123 2 2 8 8 3054 3914 2060
3124 2 2 8 8 2356 2974 1292
3125 2 2 8 8 2292 5259 3305
3126 2 2 8 8 2757 3135 634
3127 2 2 8 8 2089 4210 1651
3128 2 2 8 8 605 4637 3377
3129 2 2 8 8 1264 3231 2083
3130 2 2 8 8 4014 5074 2308
3131 2 2 8 8 2272 5837 5662
3132 2 2 8 8 1044 3104 2771
3133 2 2 8 8 1881 4116 2921
3134 2 2 8 8 892 5691 2442
3135 2 2 8 8 1734 3827 3330
3136 2 2 8 8 4025 4619 1686
3137 2 2 8 8 3667 4831 1938
3138 2 2 8 8 1214 2885 2630
3139 2 2 8 8 1966 5047 3685
3140 2 2 8 8 2360 3949 805
3141 2 2 8 8 2696 4606 840
3142 2 2 8 8 3677 4499 582
3143 2 2 8 8 2447 3443 975
3144 2 2 8 8 2363 4311 3236
3145 2 2 8 8 1860 5528 3338
3146 2 2 8 8 2580 5027 4342
3147 2 2 8 8 2355 4150 904
3148 2 2 8 8 1227 5357 3401
3149 2 2 8 8 2296 4808 772
3150 2 2 8 8 2565 5203 3010
3151 2 2 8 8 3350 4858 1927
3152 2 2 8 8 193 3756 3217
3153 2 2 8 8 1754 5154 2124
3154 2 2 8 8 1622 4169 2791
3155 2 2 8 8 1334 4452 2588
3156 2 2 8 8 1171 5831 2249
3157 2 2 8 8 2098 4766 580
3158 2 2 8 8 3262 5063 2652
3159 2 2 8 8 3835 4303 1429
3160 2 2 8 8 2390 2985 2077
3161 2 2 8 8 2889 6136 1373
3162 2 2 8 8 3049 3528 1460
3163 2 2 8 8 3906 4542 1849
3164 2 2 8 8 3524 4363 982
3165 2 2 8 8 3374 5712 1347
3166 2 2 8 8 4608 6064 2218
3167 2 2 8 8 1905 5401 2584
3168 2 2 8 8 423 3708 422
3169 2 2 8 8 1539 3633 3357
3170 2 2 8 8 2665 5718 1667
3171 2 2 8 8 2594 4931 1000
3172 2 2 8 8 1152 4899 2722
3173 2 2 8 8 2485 3432 424
3174 2 2 8 8 76 2665 75
3175 2 2 8 8 2511 3785 1218
3176 2 2 8 8 1117 4867 2518
3177 2 2 8 8 180 5782 2193
3178 2 2 8 8 1396 3018 2544
3179 2 2 8 8 1289 5746 2318
3180 2 2 8 8 2311 5191 3334
3181 2 2 8 8 1312 2849 2628
3182 2 2 8 8 2057 5036 4553
3183 2 2 8 8 561 2948 560
3184 2 2 8 8 838 5127 3083
3185 2 2 8 8 2444 4368 954
3186 2 2 8 8 3024 6002 2798
3187 2 2 8 8 1958 3884 895
3188 2 2 8 8 1204 3698 3618
3189 2 2 8 8 2512 6124 876
3190 2 2 8 8 1545 3262 2652
3191 2 2 8 8 2634 4885 1569
3192 2 2 8 8 1057 3822 2570
3193 2 2 8 8 2545 4881 593
3194 2 2 8 8 778 4462 3053
3195 2 2 8 8 744 5406 1853
3196 2 2 8 8 4523 6171 1297
3197 2 2 8 8 1831 4937 3456
3198 2 2 8 8 806 5258 3071
3199 2 2 8 8 1167 5503 2529
3200 2 2 8 8 1727 3326 2789
3201 2 2 8 8 2896 3264 1467
3202 2 2 8 8 1887 5331 2851
3203 2 2 8 8 1764 5519 2128
3204 2 2 8 8 1211 3235 2808
3205 2 2 8 8 1162 4005 2064
3206 2 2 8 8 1253 5375 2441
3207 2 2 8 8 2443 2888 1311
3208 2 2 8 8 2257 5328 4517
3209 2 2 8 8 2821 3105 1430
3210 2 2 8 8 2307 4721 827
3211 2 2 8 8 3543 5024 2451
3212 2 2 8 8 1045 5328 2257
3213 2 2 8 8 2227 3654 983
3214 2 2 8 8 2160 3725 2693
3215 2 2 8 8 2976 3393 1581
3216 2 2 8 8 1545 6020 2500
3217 2 2 8 8 1145 3755 2592
3218 2 2 8 8 2417 4122 1259
3219 2 2 8 8 2395 4027 1188
3220 2 2 8 8 2613 5816 1056
3221 2 2 8 8 827 5076 2307
3222 2 2 8 8 39 5546 2240
3223 2 2 8 8 1614 5919 3847
3224 2 2 8 8 1569 4947 2634
3225 2 2 8 8 631 3101 3100
3226 2 2 8 8 699 4841 2314
3227 2 2 8 8 2700 3744 922
3228 2 2 8 8 2431 4832 1000
3229 2 2 8 8 1017 5284 2386
3230 2 2 8 8 1021 5384 2412
3231 2 2 8 8 3561 4108 2125
3232 2 2 8 8 1719 4989 3514
3233 2 2 8 8 942 4132 2638
3234 2 2 8 8 3747 4853 226
3235 2 2 8 8 521 3701 2487
3236 2 2 8 8 4068 5751 1605
3237 2 2 8 8 1259 3383 2417
3238 2 2 8 8 1206 4500 2459
3239 2 2 8 8 1533 4710 2154
3240 2 2 8 8 1522 4750 2553
3241 2 2 8 8 2913 3741 764
3242 2 2 8 8 2538 5256 658
3243 2 2 8 8 2806 3147 1257
3244 2 2 8 8 2480 4326 1328
3245 2 2 8 8 3033 3400 899
3246 2 2 8 8 3481 4717 1137
3247 2 2 8 8 1646 6128 2185
3248 2 2 8 8 3379 4059 1093
3249 2 2 8 8 1394 3980 2079
3250 2 2 8 8 3347 3653 1410
3251 2 2 8 8 1830 4069 2268
3252 2 2 8 8 1361 3750 2226
3253 2 2 8 8 2321 2981 1246
3254 2 2 8 8 2425 4737 1146
3255 2 2 8 8 1431 3046 2689
3256 2 2 8 8 849 5496 2470
3257 2 2 8 8 3245 3937 1707
3258 2 2 8 8 1001 5376 3080
3259 2 2 8 8 1125 4689 3436
3260 2 2 8 8 2979 3903 794
3261 2 2 8 8 3085 5794 595
3262 2 2 8 8 2208 4982 991
3263 2 2 8 8 583 3677 582
3264 2 2 8 8 985 4097 2330
3265 2 2 8 8 2351 5845 3424
3266 2 2 8 8 148 4884 4043
3267 2 2 8 8 1280 2946 2859
3268 2 2 8 8 1074 5495 3047
3269 2 2 8 8 2452 4108 3250
3270 2 2 8 8 2404 3381 854
3271 2 2 8 8 932 3857 3808
3272 2 2 8 8 3550 5782 181
3273 2 2 8 8 775 4343 4084
3274 2 2 8 8 2958 4636 1241
3275 2 2 8 8 229 4838 3982
3276 2 2 8 8 4164 5478 409
3277 2 2 8 8 2396 3372 207
3278 2 2 8 8 839 3953 2823
3279 2 2 8 8 1502 3909 3742
3280 2 2 8 8 683 5230 2469
3281 2 2 8 8 1111 4389 2740
3282 2 2 8 8 2369 3985 1582
3283 2 2 8 8 1967 4748 3670
3284 2 2 8 8 634 3588 2804
3285 2 2 8 8 766 3604 2779
3286 2 2 8 8 2663 3381 1262
3287 2 2 8 8 2695 4271 1712
3288 2 2 8 8 1550 3562 3056
3289 2 2 8 8 1935 3951 3792
3290 2 2 8 8 187 4675 3776
3291 2 2 8 8 653 4729 3044
3292 2 2 8 8 3683 3903 2126
3293 2 2 8 8 2161 4202 1564
3294 2 2 8 8 3674 4630 2707
3295 2 2 8 8 3194 3682 1724
3296 2 2 8 8 648 4444 3055
3297 2 2 8 8 1688 5289 3142
3298 2 2 8 8 2482 3752 671
3299 2 2 8 8 150 5489 149
3300 2 2 8 8 1551 3248 2599
3301 2 2 8 8 743 4585 3901
3302 2 2 8 8 2142 5964 2792
3303 2 2 8 8 3948 4609 1732
3304 2 2 8 8 15 3205 14
3305 2 2 8 8 1376 3406 2435
3306 2 2 8 8 1447 4768 2392
3307 2 2 8 8 2451 4157 903
3308 2 2 8 8 2802 5785 951
3309 2 2 8 8 3353 5105 1185
3310 2 2 8 8 1698 3078 647
3311 2 2 8 8 939 4944 2211
3312 2 2 8 8 2522 5066 740
3313 2 2 8 8 2605 5875 2129
3314 2 2 8 8 2011 3887 755
3315 2 2 8 8 581 4499 2743
3316 2 2 8 8 2247 4372 3170
3317 2 2 8 8 1387 3822 3642
3318 2 2 8 8 2415 3766 1365
3319 2 2 8 8 523 4195 2591
3320 2 2 8 8 4398 5530 2674
3321 2 2 8 8 3694 4650 912
3322 2 2 8 8 3411 3727 1831
3323 2 2 8 8 2604 5836 1544
3324 2 2 8 8 1122 6109 4131
3325 2 2 8 8 2740 4389 1696
3326 2 2 8 8 4910 6083 982
3327 2 2 8 8 950 4033 2749
3328 2 2 8 8 3737 5291 833
3329 2 2 8 8 1822 5671 3135
3330 2 2 8 8 1007 4586 2589
3331 2 2 8 8 951 3948 2802
3332 2 2 8 8 614 4582 2760
3333 2 2 8 8 3679 4596 2016
3334 2 2 8 8 853 4078 2036
3335 2 2 8 8 1602 3369 2561
3336 2 2 8 8 1331 4642 3712
3337 2 2 8 8 2988 5536 1346
3338 2 2 8 8 1237 4498 2590
3339 2 2 8 8 2543 3991 1351
3340 2 2 8 8 1224 5043 2556
3341 2 2 8 8 934 5520 4798
3342 2 2 8 8 2773 4579 1961
3343 2 2 8 8 1102 4253 2365
3344 2 2 8 8 2505 3553 1762
3345 2 2 8 8 2124 5154 994
3346 2 2 8 8 761 3139 2619
3347 2 2 8 8 4247 5989 1212
3348 2 2 8 8 2337 4601 3036
3349 2 2 8 8 2091 4335 3975
3350 2 2 8 8 3193 3307 1073
3351 2 2 8 8 2745 3279 1078
3352 2 2 8 8 1779 2858 666
3353 2 2 8 8 638 2978 2648
3354 2 2 8 8 555 4197 2361
3355 2 2 8 8 1065 3392 2404
3356 2 2 8 8 2385 4825 1605
3357 2 2 8 8 2429 4496 3178
3358 2 2 8 8 1045 4917 2324
3359 2 2 8 8 3735 5132 2078
3360 2 2 8 8 2366 4210 880
3361 2 2 8 8 4218 5182 1804
3362 2 2 8 8 74 5049 2853
3363 2 2 8 8 166 3017 165
3364 2 2 8 8 2902 4914 923
3365 2 2 8 8 1934 4606 3564
3366 2 2 8 8 1825 4735 2835
3367 2 2 8 8 675 4940 2112
3368 2 2 8 8 2179 4619 4025
3369 2 2 8 8 1259 3159 2371
3370 2 2 8 8 3538 5656 1128
3371 2 2 8 8 2036 4179 979
3372 2 2 8 8 1641 5302 2237
3373 2 2 8 8 1270 4573 3839
3374 2 2 8 8 1772 4934 2546
3375 2 2 8 8 3460 5631 1971
3376 2 2 8 8 2917 3314 1886
3377 2 2 8 8 3564 4859 1934
3378 2 2 8 8 3713 4544 2242
3379 2 2 8 8 1709 3691 2678
3380 2 2 8 8 1050 4027 2395
3381 2 2 8 8 3142 5289 3875
3382 2 2 8 8 2730 5375 1253
3383 2 2 8 8 3456 4937 931
3384 2 2 8 8 434 3231 2454
3385 2 2 8 8 2776 5516 1204
3386 2 2 8 8 5117 5663 2938
3387 2 2 8 8 3071 3905 806
3388 2 2 8 8 2853 4745 1247
3389 2 2 8 8 5438 5865 2262
3390 2 2 8 8 1273 5395 2428
3391 2 2 8 8 1795 5531 1349
3392 2 2 8 8 2819 6054 5598
3393 2 2 8 8 1165 3154 2678
3394 2 2 8 8 227 3747 226
3395 2 2 8 8 2264 4440 1463
3396 2 2 8 8 1529 4086 2518
3397 2 2 8 8 2335 5804 1948
3398 2 2 8 8 1217 2959 2778
3399 2 2 8 8 1188 4283 2908
3400 2 2 8 8 3245 5163 4593
3401 2 2 8 8 2394 5176 986
3402 2 2 8 8 3259 3937 991
3403 2 2 8 8 4107 5833 1850
3404 2 2 8 8 2350 3697 1572
3405 2 2 8 8 637 3612 2866
3406 2 2 8 8 2123 4127 1503
3407 2 2 8 8 4257 4422 1442
3408 2 2 8 8 2206 6035 5787
3409 2 2 8 8 1464 3183 2817
3410 2 2 8 8 2196 3409 659
3411 2 2 8 8 738 5300 2228
3412 2 2 8 8 1966 5473 3829
3413 2 2 8 8 4998 5105 915
3414 2 2 8 8 3062 5149 1141
3415 2 2 8 8 2274 4940 675
3416 2 2 8 8 3026 4828 519
3417 2 2 8 8 3436 4689 2057
3418 2 2 8 8 4233 4883 835
3419 2 2 8 8 2654 5951 2755
3420 2 2 8 8 3826 4684 1353
3421 2 2 8 8 615 3838 3151
3422 2 2 8 8 2368 3923 1492
3423 2 2 8 8 2502 3316 1220
3424 2 2 8 8 2684 3646 1274
3425 2 2 8 8 1386 4502 2313
3426 2 2 8 8 2683 3320 1843
3427 2 2 8 8 3313 3652 1574
3428 2 2 8 8 2751 5997 1544
3429 2 2 8 8 2445 4063 688
3430 2 2 8 8 3149 5152 753
3431 2 2 8 8 3033 3449 1552
3432 2 2 8 8 2795 3203 1384
3433 2 2 8 8 2511 6029 1855
3434 2 2 8 8 2484 5354 1894
3435 2 2 8 8 225 4853 2769
3436 2 2 8 8 2700 3473 1260
3437 2 2 8 8 1185 5105 2130
3438 2 2 8 8 2693 5681 2160
3439 2 2 8 8 2641 2849 1312
3440 2 2 8 8 197 3050 196
3441 2 2 8 8 406 4953 2593
3442 2 2 8 8 1377 4150 2355
3443 2 2 8 8 2681 3607 1517
3444 2 2 8 8 1487 4406 3503
3445 2 2 8 8 3492 4046 1987
3446 2 2 8 8 2411 4586 1007
3447 2 2 8 8 3351 6125 1574
3448 2 2 8 8 2440 3938 1630
3449 2 2 8 8 2462 3565 1116
3450 2 2 8 8 597 3549 3535
3451 2 2 8 8 4565 5630 2538
3452 2 2 8 8 2945 3572 1588
3453 2 2 8 8 2987 3604 1616
3454 2 2 8 8 3024 3057 595
3455 2 2 8 8 1681 4788 2448
3456 2 2 8 8 2164 4067 687
3457 2 2 8 8 4463 5918 1077
3458 2 2 8 8 2676 4781 1168
3459 2 2 8 8 3021 4866 3149
3460 2 2 8 8 2011 6012 4143
3461 2 2 8 8 2292 5506 1457
3462 2 2 8 8 2024 4873 3648
3463 2 2 8 8 1291 4038 2726
3464 2 2 8 8 1458 5130 4112
3465 2 2 8 8 3741 3791 764
3466 2 2 8 8 2212 4808 1759
3467 2 2 8 8 2071 4554 996
3468 2 2 8 8 193 6107 3756
3469 2 2 8 8 1184 4095 1785
3470 2 2 8 8 2549 4627 1584
3471 2 2 8 8 1151 6134 2345
3472 2 2 8 8 2551 5386 1925
3473 2 2 8 8 2834 3488 1254
3474 2 2 8 8 3300 4578 2582
3475 2 2 8 8 3900 4539 1231
3476 2 2 8 8 1807 3653 3347
3477 2 2 8 8 1853 4846 744
3478 2 2 8 8 642 3547 2661
3479 2 2 8 8 1248 5543 3093
3480 2 2 8 8 2653 4821 1148
3481 2 2 8 8 3188 4467 1530
3482 2 2 8 8 832 3923 1885
3483 2 2 8 8 4165 5919 1723
3484 2 2 8 8 3851 4181 2122
3485 2 2 8 8 2474 5010 550
3486 2 2 8 8 2578 4797 755
3487 2 2 8 8 1013 4539 2266
3488 2 2 8 8 2661 3547 1483
3489 2 2 8 8 852 5373 3821
3490 2 2 8 8 3482 4496 681
3491 2 2 8 8 1069 5487 2376
3492 2 2 8 8 3126 3412 1180
3493 2 2 8 8 2175 5323 1130
3494 2 2 8 8 1233 6083 2436
3495 2 2 8 8 4063 4900 688
3496 2 2 8 8 3549 5783 1111
3497 2 2 8 8 2450 3441 1160
3498 2 2 8 8 1189 5391 4004
3499 2 2 8 8 982 6083 3524
3500 2 2 8 8 1336 6019 5409
3501 2 2 8 8 2569 6172 2223
3502 2 2 8 8 2404 3392 1262
3503 2 2 8 8 2693 3725 830
3504 2 2 8 8 1246 5173 1883
3505 2 2 8 8 1743 3719 3579
3506 2 2 8 8 2584 5656 1905
3507 2 2 8 8 2482 4191 1560
3508 2 2 8 8 1650 4083 2474
3509 2 2 8 8 3781 5604 2764
3510 2 2 8 8 1825 4043 3425
3511 2 2 8 8 2822 4537 847
3512 2 2 8 8 67 5485 4082
3513 2 2 8 8 4019 5268 1746
3514 2 2 8 8 896 4743 2285
3515 2 2 8 8 2593 4953 1413
3516 2 2 8 8 1819 3655 3635
3517 2 2 8 8 1000 3583 2431
3518 2 2 8 8 1118 3930 2506
3519 2 2 8 8 3475 5165 787
3520 2 2 8 8 1173 3135 2757
3521 2 2 8 8 1862 3994 3941
3522 2 2 8 8 2992 3301 1453
3523 2 2 8 8 3376 4778 2275
3524 2 2 8 8 1027 5457 2587
3525 2 2 8 8 2840 4484 247
3526 2 2 8 8 2130 4998 1648
3527 2 2 8 8 2494 5657 3758
3528 2 2 8 8 1605 5751 5054
3529 2 2 8 8 790 4461 2358
3530 2 2 8 8 658 5077 2538
3531 2 2 8 8 2376 5487 1936
3532 2 2 8 8 421 3850 420
3533 2 2 8 8 418 4414 2692
3534 2 2 8 8 2299 4923 1880
3535 2 2 8 8 2192 5314 4468
3536 2 2 8 8 1341 3274 2595
3537 2 2 8 8 2261 5671 4028
3538 2 2 8 8 683 4412 2316
3539 2 2 8 8 2507 4569 798
3540 2 2 8 8 2916 5451 2082
3541 2 2 8 8 108 2869 107
3542 2 2 8 8 643 5590 3748
3543 2 2 8 8 1814 6151 5381
3544 2 2 8 8 206 2993 205
3545 2 2 8 8 3200 3911 1854
3546 2 2 8 8 1732 4006 2802
3547 2 2 8 8 2209 5221 3589
3548 2 2 8 8 1775 4420 2328
3549 2 2 8 8 897 4969 2464
3550 2 2 8 8 670 3736 2621
3551 2 2 8 8 2633 5645 1994
3552 2 2 8 8 2128 5519 95
3553 2 2 8 8 643 4237 2064
3554 2 2 8 8 129 5821 128
3555 2 2 8 8 1008 6021 2701
3556 2 2 8 8 3424 5845 1879
3557 2 2 8 8 2877 4269 822
3558 2 2 8 8 3157 4251 714
3559 2 2 8 8 3150 3301 1326
3560 2 2 8 8 1820 3812 3603
3561 2 2 8 8 2051 4549 1685
3562 2 2 8 8 543 3383 542
3563 2 2 8 8 2351 4314 766
3564 2 2 8 8 2566 3321 1382
3565 2 2 8 8 2364 3412 690
3566 2 2 8 8 2518 5776 1117
3567 2 2 8 8 4232 4789 2206
3568 2 2 8 8 2617 3127 1068
3569 2 2 8 8 2282 5060 3411
3570 2 2 8 8 2388 5884 2614
3571 2 2 8 8 1860 4529 3039
3572 2 2 8 8 1481 3191 2809
3573 2 2 8 8 2464 5954 5777
3574 2 2 8 8 1852 5476 2693
3575 2 2 8 8 1615 5047 4647
3576 2 2 8 8 2710 4261 715
3577 2 2 8 8 3458 4619 2179
3578 2 2 8 8 985 4260 2361
3579 2 2 8 8 2880 4634 1334
3580 2 2 8 8 2878 4230 1022
3581 2 2 8 8 229 3982 228
3582 2 2 8 8 2614 5504 1488
3583 2 2 8 8 742 5631 3460
3584 2 2 8 8 1284 5784 2280
3585 2 2 8 8 2752 5796 861
3586 2 2 8 8 2533 4424 70
3587 2 2 8 8 1059 3272 2798
3588 2 2 8 8 1313 3332 2093
3589 2 2 8 8 3461 5933 1826
3590 2 2 8 8 1133 5835 4663
3591 2 2 8 8 2338 3843 683
3592 2 2 8 8 794 3903 3683
3593 2 2 8 8 2034 5697 1053
3594 2 2 8 8 186 3776 2449
3595 2 2 8 8 1144 5866 3220
3596 2 2 8 8 658 6011 2714
3597 2 2 8 8 68 3649 2391
3598 2 2 8 8 4629 5941 1407
3599 2 2 8 8 3134 4551 2190
3600 2 2 8 8 1709 5006 3324
3601 2 2 8 8 2839 3029 1664
3602 2 2 8 8 1327 5258 3320
3603 2 2 8 8 2981 3711 1246
3604 2 2 8 8 1051 5913 3592
3605 2 2 8 8 2516 5644 1048
3606 2 2 8 8 702 4993 2612
3607 2 2 8 8 2340 5682 401
3608 2 2 8 8 2844 4726 1682
3609 2 2 8 8 2358 4877 790
3610 2 2 8 8 2764 5604 731
3611 2 2 8 8 2488 4530 1646
3612 2 2 8 8 3139 5998 1216
3613 2 2 8 8 1749 4106 4049
3614 2 2 8 8 1443 3924 2416
3615 2 2 8 8 4361 4975 2144
3616 2 2 8 8 1139 4486 2231
3617 2 2 8 8 2262 4072 610
3618 2 2 8 8 3704 4776 1670
3619 2 2 8 8 720 5898 2733
3620 2 2 8 8 1682 3138 2844
3621 2 2 8 8 2455 5597 1484
3622 2 2 8 8 1289 4063 2047
3623 2 2 8 8 833 3867 2435
3624 2 2 8 8 3308 4649 1108
3625 2 2 8 8 2275 5577 3376
3626 2 2 8 8 1118 3475 2393
3627 2 2 8 8 3144 4888 4554
3628 2 2 8 8 2446 5962 1877
3629 2 2 8 8 954 4252 3471
3630 2 2 8 8 563 4192 562
3631 2 2 8 8 3999 4647 1054
3632 2 2 8 8 25 3008 24
3633 2 2 8 8 2564 3368 1090
3634 2 2 8 8 2109 3469 807
3635 2 2 8 8 1221 4832 2431
3636 2 2 8 8 2489 4218 1804
3637 2 2 8 8 2780 4857 1485
3638 2 2 8 8 2354 3734 822
3639 2 2 8 8 725 3433 3292
3640 2 2 8 8 567 3722 3061
3641 2 2 8 8 1837 5309 4528
3642 2 2 8 8 2900 5408 2631
3643 2 2 8 8 1158 4688 2087
3644 2 2 8 8 3136 5446 1835
3645 2 2 8 8 1302 3051 2882
3646 2 2 8 8 2361 4197 1546
3647 2 2 8 8 3109 3572 1249
3648 2 2 8 8 1278 4016 2472
3649 2 2 8 8 1911 5816 2613
3650 2 2 8 8 2748 4219 1634
3651 2 2 8 8 5755 6114 3169
3652 2 2 8 8 1813 4018 3394
3653 2 2 8 8 1418 5060 2282
3654 2 2 8 8 3610 4962 1736
3655 2 2 8 8 793 5386 2551
3656 2 2 8 8 1633 3076 3038
3657 2 2 8 8 1142 6079 2337
3658 2 2 8 8 3025 4098 843
3659 2 2 8 8 430 3723 2609
3660 2 2 8 8 1348 4203 3056
3661 2 2 8 8 3092 4867 1117
3662 2 2 8 8 3838 4725 3151
3663 2 2 8 8 3298 5923 1933
3664 2 2 8 8 2753 5856 2139
3665 2 2 8 8 1009 5123 2683
3666 2 2 8 8 3806 4427 745
3667 2 2 8 8 838 5261 5127
3668 2 2 8 8 2185 3669 1646
3669 2 2 8 8 93 3831 3
3670 2 2 8 8 3136 3310 1910
3671 2 2 8 8 922 3886 3473
3672 2 2 8 8 2491 3267 1304
3673 2 2 8 8 2333 4723 1601
3674 2 2 8 8 1779 3901 2457
3675 2 2 8 8 1053 5729 2034
3676 2 2 8 8 88 4894 87
3677 2 2 8 8 1254 3488 2950
3678 2 2 8 8 1084 3916 2379
3679 2 2 8 8 3320 5258 1843
3680 2 2 8 8 179 5739 178
3681 2 2 8 8 3409 3612 1440
3682 2 2 8 8 1418 5397 3963
3683 2 2 8 8 2089 4332 2263
3684 2 2 8 8 1739 5591 2252
3685 2 2 8 8 3175 5605 3045
3686 2 2 8 8 1417 6145 3720
3687 2 2 8 8 800 5553 3296
3688 2 2 8 8 1253 5865 5438
3689 2 2 8 8 4344 4761 1742
3690 2 2 8 8 4663 5835 2704
3691 2 2 8 8 1914 5093 3328
3692 2 2 8 8 1089 3970 3550
3693 2 2 8 8 1864 3737 3406
3694 2 2 8 8 2058 5829 1692
3695 2 2 8 8 2820 5661 2001
3696 2 2 8 8 1008 5446 3136
3697 2 2 8 8 2040 3787 749
3698 2 2 8 8 922 3473 2700
3699 2 2 8 8 694 3778 2395
3700 2 2 8 8 1595 3556 1152
3701 2 2 8 8 860 5554 4599
3702 2 2 8 8 2765 4365 1929
3703 2 2 8 8 3121 4252 2216
3704 2 2 8 8 2223 5761 3108
3705 2 2 8 8 2444 3703 751
3706 2 2 8 8 1217 2778 2619
3707 2 2 8 8 2640 3284 1586
3708 2 2 8 8 4222 5117 1540
3709 2 2 8 8 4792 5921 2607
3710 2 2 8 8 1661 5441 3565
3711 2 2 8 8 2829 2860 1324
3712 2 2 8 8 2191 6142 1019
3713 2 2 8 8 3611 4113 2956
3714 2 2 8 8 1967 5182 4748
3715 2 2 8 8 3464 5475 2506
3716 2 2 8 8 1263 4651 3428
3717 2 2 8 8 4009 6116 2236
3718 2 2 8 8 2319 6050 3931
3719 2 2 8 8 5152 5749 1833
3720 2 2 8 8 651 3528 3049
3721 2 2 8 8 2762 3396 505
3722 2 2 8 8 888 4825 2385
3723 2 2 8 8 3134 5287 2877
3724 2 2 8 8 1048 3084 2441
3725 2 2 8 8 1364 3346 2638
3726 2 2 8 8 2529 5774 605
3727 2 2 8 8 2830 3088 1584
3728 2 2 8 8 3672 4311 1821
3729 2 2 8 8 4432 4704 2048
3730 2 2 8 8 2576 5994 1915
3731 2 2 8 8 3081 3944 852
3732 2 2 8 8 1532 3748 2901
3733 2 2 8 8 2910 4373 598
3734 2 2 8 8 2650 4534 2534
3735 2 2 8 8 2341 4279 199
3736 2 2 8 8 1973 4527 2736
3737 2 2 8 8 2557 5380 1687
3738 2 2 8 8 1486 3755 2855
3739 2 2 8 8 2959 3029 1172
3740 2 2 8 8 2268 4490 1471
3741 2 2 8 8 2472 5233 1278
3742 2 2 8 8 4033 5718 2665
3743 2 2 8 8 1858 4871 4522
3744 2 2 8 8 1995 3479 1086
3745 2 2 8 8 1987 3501 3492
3746 2 2 8 8 775 6059 2728
3747 2 2 8 8 2204 5859 731
3748 2 2 8 8 1299 5647 2949
3749 2 2 8 8 3642 3822 1852
3750 2 2 8 8 2968 4331 1245
3751 2 2 8 8 1124 4073 1857
3752 2 2 8 8 2492 5512 1136
3753 2 2 8 8 1815 3901 3837
3754 2 2 8 8 3860 5195 1444
3755 2 2 8 8 873 5237 2721
3756 2 2 8 8 3042 5817 2030
3757 2 2 8 8 106 4326 2480
3758 2 2 8 8 4032 4975 1575
3759 2 2 8 8 2324 6153 1562
3760 2 2 8 8 679 4928 3926
3761 2 2 8 8 3233 4552 839
3762 2 2 8 8 3926 4928 2063
3763 2 2 8 8 771 4088 2860
3764 2 2 8 8 2384 3997 3883
3765 2 2 8 8 2175 3733 3665
3766 2 2 8 8 1065 3958 3584
3767 2 2 8 8 2536 3184 1205
3768 2 2 8 8 1102 5792 3427
3769 2 2 8 8 2392 3889 863
3770 2 2 8 8 799 4833 3462
3771 2 2 8 8 1340 3491 3152
3772 2 2 8 8 1273 3445 2859
3773 2 2 8 8 3062 5102 1901
3774 2 2 8 8 2950 3488 1609
3775 2 2 8 8 3863 4597 1349
3776 2 2 8 8 1710 5350 2644
3777 2 2 8 8 1381 5081 2400
3778 2 2 8 8 530 3499 2720
3779 2 2 8 8 3425 4043 1725
3780 2 2 8 8 2627 5157 1032
3781 2 2 8 8 1368 4588 3067
3782 2 2 8 8 2541 6147 4527
3783 2 2 8 8 98 3373 2381
3784 2 2 8 8 656 3189 2702
3785 2 2 8 8 1462 4434 2790
3786 2 2 8 8 2538 5630 1803
3787 2 2 8 8 2550 3904 968
3788 2 2 8 8 3105 3793 1430
3789 2 2 8 8 1130 5857 3014
3790 2 2 8 8 2792 4071 600
3791 2 2 8 8 2469 3577 953
3792 2 2 8 8 2967 3845 1457
3793 2 2 8 8 3247 4505 1969
3794 2 2 8 8 207 4297 2396
3795 2 2 8 8 3469 5247 2679
3796 2 2 8 8 2316 4412 1279
3797 2 2 8 8 1403 4753 2550
3798 2 2 8 8 1554 3621 647
3799 2 2 8 8 3308 3969 909
3800 2 2 8 8 683 5342 2338
3801 2 2 8 8 492 6106 491
3802 2 2 8 8 693 3141 2390
3803 2 2 8 8 1456 4752 2771
3804 2 2 8 8 2123 4426 3858
3805 2 2 8 8 2476 3248 795
3806 2 2 8 8 743 3901 1815
3807 2 2 8 8 2758 4498 1237
3808 2 2 8 8 899 3400 2729
3809 2 2 8 8 2278 3563 979
3810 2 2 8 8 2386 5652 1818
3811 2 2 8 8 4533 4753 742
3812 2 2 8 8 2124 4418 1754
3813 2 2 8 8 2259 3779 1284
3814 2 2 8 8 1246 5249 2321
3815 2 2 8 8 2509 5246 1914
3816 2 2 8 8 3264 6174 2333
3817 2 2 8 8 3006 4999 2171
3818 2 2 8 8 655 3947 2572
3819 2 2 8 8 1654 5112 2260
3820 2 2 8 8 1464 5897 2609
3821 2 2 8 8 1473 4594 3498
3822 2 2 8 8 5075 5185 151
3823 2 2 8 8 1436 5721 2522
3824 2 2 8 8 3570 5413 2069
3825 2 2 8 8 2503 5156 1020
3826 2 2 8 8 401 3622 2340
3827 2 2 8 8 1419 3815 2664
3828 2 2 8 8 801 2849 2641
3829 2 2 8 8 2540 4932 1876
3830 2 2 8 8 1446 5378 2659
3831 2 2 8 8 1950 5848 3243
3832 2 2 8 8 610 4072 2689
3833 2 2 8 8 1517 5620 2875
3834 2 2 8 8 494 2918 493
3835 2 2 8 8 925 4001 2195
3836 2 2 8 8 2915 5356 1999
3837 2 2 8 8 2873 3537 1602
3838 2 2 8 8 2024 4704 3244
3839 2 2 8 8 2300 4083 3526
3840 2 2 8 8 2615 4450 1680
3841 2 2 8 8 761 4859 3564
3842 2 2 8 8 2901 3863 760
3843 2 2 8 8 904 3545 2355
3844 2 2 8 8 2107 5847 3772
3845 2 2 8 8 1244 3661 3109
3846 2 2 8 8 1126 5403 2812
3847 2 2 8 8 1721 3468 2838
3848 2 2 8 8 1489 4198 2560
3849 2 2 8 8 1343 3335 2448
3850 2 2 8 8 2128 5100 958
3851 2 2 8 8 1633 3684 3076
3852 2 2 8 8 1550 4924 2651
3853 2 2 8 8 2519 5575 1875
3854 2 2 8 8 727 3856 2125
3855 2 2 8 8 1346 4474 2840
3856 2 2 8 8 949 5595 3260
3857 2 2 8 8 2480 4042 106
3858 2 2 8 8 2500 4771 1545
3859 2 2 8 8 2153 3835 1007
3860 2 2 8 8 4231 4364 1699
3861 2 2 8 8 2917 5698 2025
3862 2 2 8 8 2330 4097 1412
3863 2 2 8 8 701 5240 3031
3864 2 2 8 8 1290 4408 3647
3865 2 2 8 8 3434 4669 1935
3866 2 2 8 8 2581 6131 3225
3867 2 2 8 8 1322 3866 2305
3868 2 2 8 8 2483 5487 1069
3869 2 2 8 8 2350 4814 1219
3870 2 2 8 8 1079 4007 2524
3871 2 2 8 8 671 5996 2827
3872 2 2 8 8 3024 4584 3057
3873 2 2 8 8 2584 5401 412
3874 2 2 8 8 2252 2948 1191
3875 2 2 8 8 3356 4495 913
3876 2 2 8 8 3717 5494 157
3877 2 2 8 8 1172 4859 2778
3878 2 2 8 8 2979 4006 1260
3879 2 2 8 8 1230 3077 2610
3880 2 2 8 8 2609 5897 430
3881 2 2 8 8 2679 5247 660
3882 2 2 8 8 3349 5921 1399
3883 2 2 8 8 1216 6160 2856
3884 2 2 8 8 1150 5089 2448
3885 2 2 8 8 557 3009 2620
3886 2 2 8 8 1722 4482 2794
3887 2 2 8 8 153 4810 152
3888 2 2 8 8 2623 2854 1280
3889 2 2 8 8 3214 4360 1751
3890 2 2 8 8 2550 5909 1403
3891 2 2 8 8 2379 3916 718
3892 2 2 8 8 3310 6150 739
3893 2 2 8 8 2313 3670 1386
3894 2 2 8 8 2591 5235 523
3895 2 2 8 8 1275 4640 2810
3896 2 2 8 8 2823 3953 1693
3897 2 2 8 8 2461 4247 857
3898 2 2 8 8 2001 3824 2820
3899 2 2 8 8 4468 5314 957
3900 2 2 8 8 67 4082 66
3901 2 2 8 8 1474 3470 2616
3902 2 2 8 8 4776 5434 1670
3903 2 2 8 8 1423 4464 2419
3904 2 2 8 8 2681 5407 1796
3905 2 2 8 8 2506 3930 1066
3906 2 2 8 8 1750 3478 3402
3907 2 2 8 8 1017 3258 2508
3908 2 2 8 8 1495 3113 2389
3909 2 2 8 8 647 3078 1554
3910 2 2 8 8 1364 3940 2305
3911 2 2 8 8 2300 3526 823
3912 2 2 8 8 4131 6109 2534
3913 2 2 8 8 2572 3947 1412
3914 2 2 8 8 59 5969 3673
3915 2 2 8 8 557 2620 556
3916 2 2 8 8 142 4858 3350
3917 2 2 8 8 973 2893 2554
3918 2 2 8 8 888 6087 2376
3919 2 2 8 8 2621 4706 670
3920 2 2 8 8 3504 4552 2026
3921 2 2 8 8 1531 3542 2951
3922 2 2 8 8 526 4477 2673
3923 2 2 8 8 2501 5014 1375
3924 2 2 8 8 2652 5622 1545
3925 2 2 8 8 2936 4302 1380
3926 2 2 8 8 448 3064 447
3927 2 2 8 8 2846 4365 1362
3928 2 2 8 8 2501 3458 1556
3929 2 2 8 8 2600 2861 1370
3930 2 2 8 8 1403 2970 2594
3931 2 2 8 8 2552 4842 1244
3932 2 2 8 8 3577 5230 1282
3933 2 2 8 8 1556 5014 2501
3934 2 2 8 8 1078 4893 2111
3935 2 2 8 8 2253 5039 4924
3936 2 2 8 8 1595 4383 3556
3937 2 2 8 8 2554 3228 973
3938 2 2 8 8 4217 5749 5152
3939 2 2 8 8 2992 3689 636
3940 2 2 8 8 981 4510 3203
3941 2 2 8 8 2574 3782 1585
3942 2 2 8 8 57 3121 56
3943 2 2 8 8 2821 5387 1397
3944 2 2 8 8 810 5050 3883
3945 2 2 8 8 560 2948 2252
3946 2 2 8 8 2328 4420 654
3947 2 2 8 8 1164 4118 2141
3948 2 2 8 8 1246 4331 2968
3949 2 2 8 8 3817 6090 1915
3950 2 2 8 8 746 2861 2600
3951 2 2 8 8 661 4175 3347
3952 2 2 8 8 1997 5658 4479
3953 2 2 8 8 1037 3458 2501
3954 2 2 8 8 3318 5147 1202
3955 2 2 8 8 2993 3372 1361
3956 2 2 8 8 397 5946 396
3957 2 2 8 8 1776 4839 4284
3958 2 2 8 8 3498 5955 1473
3959 2 2 8 8 2233 4793 3631
3960 2 2 8 8 2680 5570 126
3961 2 2 8 8 2739 4432 3842
3962 2 2 8 8 1725 4884 4317
3963 2 2 8 8 2657 4337 2372
3964 2 2 8 8 2151 4230 2982
3965 2 2 8 8 2620 3009 1269
3966 2 2 8 8 1232 3524 2759
3967 2 2 8 8 1548 4391 2365
3968 2 2 8 8 712 5575 2519
3969 2 2 8 8 1296 3450 2362
3970 2 2 8 8 1431 4163 2878
3971 2 2 8 8 4040 5447 1903
3972 2 2 8 8 3619 5716 2052
3973 2 2 8 8 3014 5857 2156
3974 2 2 8 8 2334 5216 1106
3975 2 2 8 8 1755 4611 2923
3976 2 2 8 8 697 5757 4289
3977 2 2 8 8 768 3641 3261
3978 2 2 8 8 1161 5379 2391
3979 2 2 8 8 2591 4195 1154
3980 2 2 8 8 2662 5303 1113
3981 2 2 8 8 5224 5817 3042
3982 2 2 8 8 2114 3834 804
3983 2 2 8 8 2077 2985 664
3984 2 2 8 8 4241 5289 2002
3985 2 2 8 8 647 4636 1698
3986 2 2 8 8 4562 4970 905
3987 2 2 8 8 3767 4296 2140
3988 2 2 8 8 3560 4647 1966
3989 2 2 8 8 2729 3400 1428
3990 2 2 8 8 738 4128 4038
3991 2 2 8 8 1519 5479 2663
3992 2 2 8 8 3434 5729 1053
3993 2 2 8 8 2202 3313 2675
3994 2 2 8 8 3564 4606 1261
3995 2 2 8 8 3306 5797 2214
3996 2 2 8 8 1146 5875 2605
3997 2 2 8 8 3712 4642 2068
3998 2 2 8 8 841 4256 2659
3999 2 2 8 8 110 2788 109
4000 2 2 8 8 1506 4158 3117
4001 2 2 8 8 2057 4553 3436
4002 2 2 8 8 1639 4658 2176
4003 2 2 8 8 2612 5343 702
4004 2 2 8 8 2444 5806 3703
4005 2 2 8 8 2951 3542 1761
4006 2 2 8 8 1916 4249 2721
4007 2 2 8 8 1400 4965 2519
4008 2 2 8 8 1365 4535 2415
4009 2 2 8 8 1168 3043 2059
4010 2 2 8 8 2117 4124 3404
4011 2 2 8 8 3268 3421 1604
4012 2 2 8 8 59 3673 58
4013 2 2 8 8 2809 3769 1383
4014 2 2 8 8 1247 4591 2548
4015 2 2 8 8 1136 4551 3134
4016 2 2 8 8 4359 5131 1738
4017 2 2 8 8 953 3317 2469
4018 2 2 8 8 3853 4637 1986
4019 2 2 8 8 3833 5582 644
4020 2 2 8 8 3285 3858 1367
4021 2 2 8 8 398 2819 397
4022 2 2 8 8 2534 4534 1521
4023 2 2 8 8 2428 3445 1273
4024 2 2 8 8 2964 5934 838
4025 2 2 8 8 235 5335 2950
4026 2 2 8 8 2615 3696 1279
4027 2 2 8 8 2337 4103 1468
4028 2 2 8 8 4573 5668 1907
4029 2 2 8 8 1682 4225 3158
4030 2 2 8 8 1710 4380 3554
4031 2 2 8 8 3284 4163 1586
4032 2 2 8 8 4529 4591 1247
4033 2 2 8 8 716 3727 3411
4034 2 2 8 8 2458 5811 802
4035 2 2 8 8 1310 5797 3306
4036 2 2 8 8 2790 4434 977
4037 2 2 8 8 937 6027 3875
4038 2 2 8 8 212 3803 2394
4039 2 2 8 8 3861 4011 1029
4040 2 2 8 8 2207 5232 3373
4041 2 2 8 8 781 5225 1985
4042 2 2 8 8 3272 3830 1773
4043 2 2 8 8 2992 3133 1224
4044 2 2 8 8 2436 4910 3778
4045 2 2 8 8 1323 3829 2382
4046 2 2 8 8 2263 4645 4002
4047 2 2 8 8 130 3484 129
4048 2 2 8 8 2720 4350 529
4049 2 2 8 8 2113 2679 660
4050 2 2 8 8 1785 3556 2866
4051 2 2 8 8 2310 4408 1290
4052 2 2 8 8 1876 3699 3507
4053 2 2 8 8 1539 3583 2586
4054 2 2 8 8 2709 4482 1722
4055 2 2 8 8 2264 5762 1031
4056 2 2 8 8 3316 4295 1220
4057 2 2 8 8 2725 5187 603
4058 2 2 8 8 2510 3832 1341
4059 2 2 8 8 1609 3455 2610
4060 2 2 8 8 2054 4641 980
4061 2 2 8 8 3141 3627 1389
4062 2 2 8 8 2157 5791 977
4063 2 2 8 8 1392 4545 2994
4064 2 2 8 8 2311 4690 1315
4065 2 2 8 8 3285 3453 1874
4066 2 2 8 8 2371 4974 542
4067 2 2 8 8 2628 2849 1354
4068 2 2 8 8 2648 5765 2184
4069 2 2 8 8 1273 5099 2420
4070 2 2 8 8 2707 4630 1449
4071 2 2 8 8 2792 5964 1421
4072 2 2 8 8 2772 4225 1682
4073 2 2 8 8 3070 4896 930
4074 2 2 8 8 2980 5223 449
4075 2 2 8 8 545 5144 2231
4076 2 2 8 8 2845 3243 1162
4077 2 2 8 8 934 4798 3275
4078 2 2 8 8 1004 5686 2235
4079 2 2 8 8 1890 3540 3033
4080 2 2 8 8 636 3301 2992
4081 2 2 8 8 1010 5548 4665
4082 2 2 8 8 121 4017 120
4083 2 2 8 8 2215 5790 2806
4084 2 2 8 8 1690 5472 4409
4085 2 2 8 8 1627 5876 3329
4086 2 2 8 8 886 4145 3386
4087 2 2 8 8 2189 5677 885
4088 2 2 8 8 2932 5081 811
4089 2 2 8 8 2638 3346 1103
4090 2 2 8 8 2590 4048 1237
4091 2 2 8 8 3203 4510 1965
4092 2 2 8 8 2887 6063 5871
4093 2 2 8 8 705 4354 2257
4094 2 2 8 8 2572 3299 655
4095 2 2 8 8 102 2867 101
4096 2 2 8 8 1264 5274 3231
4097 2 2 8 8 1229 4934 3521
4098 2 2 8 8 1882 3535 3362
4099 2 2 8 8 2284 4765 3139
4100 2 2 8 8 2841 4102 1415
4101 2 2 8 8 1655 5682 2340
4102 2 2 8 8 2460 5071 1129
4103 2 2 8 8 991 3245 2927
4104 2 2 8 8 2321 5249 4381
4105 2 2 8 8 1279 3545 2316
4106 2 2 8 8 1599 2494 2458
4107 2 2 8 8 759 3572 3109
4108 2 2 8 8 2543 3399 1393
4109 2 2 8 8 4237 6034 1162
4110 2 2 8 8 4206 4406 2433
4111 2 2 8 8 2217 5494 3717
4112 2 2 8 8 781 5460 2947
4113 2 2 8 8 3328 4677 1914
4114 2 2 8 8 944 3714 1782
4115 2 2 8 8 1374 3844 3743
4116 2 2 8 8 3480 4998 4421
4117 2 2 8 8 1215 5847 3310
4118 2 2 8 8 4302 6113 1380
4119 2 2 8 8 3038 4483 1633
4120 2 2 8 8 1405 6152 4480
4121 2 2 8 8 1378 3674 2707
4122 2 2 8 8 137 4518 136
4123 2 2 8 8 547 4370 2596
4124 2 2 8 8 718 3916 3632
4125 2 2 8 8 2878 4163 834
4126 2 2 8 8 2513 2895 1286
4127 2 2 8 8 859 4568 2309
4128 2 2 8 8 874 4685 2531
4129 2 2 8 8 1365 3766 3190
4130 2 2 8 8 1441 3905 3693
4131 2 2 8 8 660 5247 4683
4132 2 2 8 8 919 5451 2916
4133 2 2 8 8 1684 3666 3111
4134 2 2 8 8 2252 3928 1739
4135 2 2 8 8 1450 5647 2942
4136 2 2 8 8 1836 3706 3419
4137 2 2 8 8 2281 4232 788
4138 2 2 8 8 1528 3478 2656
4139 2 2 8 8 1519 4702 2389
4140 2 2 8 8 2423 3724 500
4141 2 2 8 8 1393 6046 2543
4142 2 2 8 8 737 4548 3034
4143 2 2 8 8 2755 4749 1109
4144 2 2 8 8 409 5478 408
4145 2 2 8 8 1441 4609 3948
4146 2 2 8 8 2609 5887 1190
4147 2 2 8 8 1282 3314 2917
4148 2 2 8 8 773 3802 3084
4149 2 2 8 8 2876 4676 104
4150 2 2 8 8 550 4013 2474
4151 2 2 8 8 88 4386 2111
4152 2 2 8 8 909 3969 3457
4153 2 2 8 8 1465 3904 2550
4154 2 2 8 8 2205 5949 3801
4155 2 2 8 8 3669 4911 1908
4156 2 2 8 8 2743 5209 581
4157 2 2 8 8 594 3029 2959
4158 2 2 8 8 2409 5737 973
4159 2 2 8 8 1511 6165 2333
4160 2 2 8 8 2357 4930 1397
4161 2 2 8 8 2469 5342 683
4162 2 2 8 8 641 5231 3728
4163 2 2 8 8 3963 5397 2212
4164 2 2 8 8 2663 5479 3381
4165 2 2 8 8 1116 3565 2611
4166 2 2 8 8 1406 4726 2844
4167 2 2 8 8 2843 3567 1174
4168 2 2 8 8 1134 5150 4138
4169 2 2 8 8 4551 5573 2190
4170 2 2 8 8 2500 6020 21
4171 2 2 8 8 1617 4602 2590
4172 2 2 8 8 3237 5505 2248
4173 2 2 8 8 2828 2829 1324
4174 2 2 8 8 2371 3383 1259
4175 2 2 8 8 3514 5298 1719
4176 2 2 8 8 1815 4379 2254
4177 2 2 8 8 2192 6175 3675
4178 2 2 8 8 1040 5333 2736
4179 2 2 8 8 2754 5283 1311
4180 2 2 8 8 3507 3699 736
4181 2 2 8 8 2590 4498 1617
4182 2 2 8 8 206 3372 2993
4183 2 2 8 8 1168 3430 2676
4184 2 2 8 8 3428 5509 1263
4185 2 2 8 8 797 5663 5117
4186 2 2 8 8 4358 5199 2022
4187 2 2 8 8 3260 5595 2121
4188 2 2 8 8 71 4348 2533
4189 2 2 8 8 2856 6160 2166
4190 2 2 8 8 3117 5117 1801
4191 2 2 8 8 2910 5981 1109
4192 2 2 8 8 810 3997 2863
4193 2 2 8 8 1098 5952 4443
4194 2 2 8 8 3199 3598 1538
4195 2 2 8 8 1928 5181 3650
4196 2 2 8 8 3693 3905 1671
4197 2 2 8 8 749 4677 2177
4198 2 2 8 8 3115 5719 1421
4199 2 2 8 8 1306 3571 2382
4200 2 2 8 8 1338 4531 4140
4201 2 2 8 8 1172 3029 2839
4202 2 2 8 8 1243 3790 3028
4203 2 2 8 8 690 4358 2325
4204 2 2 8 8 1739 4437 3009
4205 2 2 8 8 1885 6127 4095
4206 2 2 8 8 1204 3618 2691
4207 2 2 8 8 1002 4080 2837
4208 2 2 8 8 1699 4364 2869
4209 2 2 8 8 907 5070 3965
4210 2 2 8 8 3620 5697 2034
4211 2 2 8 8 2914 4481 3938
4212 2 2 8 8 120 5943 119
4213 2 2 8 8 2710 3890 1717
4214 2 2 8 8 1433 4046 3288
4215 2 2 8 8 2318 4188 1420
4216 2 2 8 8 5376 6130 3080
4217 2 2 8 8 609 5667 3219
4218 2 2 8 8 2536 4702 3463
4219 2 2 8 8 3119 4420 1422
4220 2 2 8 8 1571 4353 2473
4221 2 2 8 8 2955 3249 1278
4222 2 2 8 8 2942 5647 1299
4223 2 2 8 8 2877 5287 1438
4224 2 2 8 8 590 3246 589
4225 2 2 8 8 46 3114 45
4226 2 2 8 8 4177 4209 652
4227 2 2 8 8 690 5199 4358
4228 2 2 8 8 1407 4349 2756
4229 2 2 8 8 3743 3844 1818
4230 2 2 8 8 4028 5671 887
4231 2 2 8 8 2551 4325 793
4232 2 2 8 8 2460 4877 1196
4233 2 2 8 8 2919 5655 726
4234 2 2 8 8 1120 5024 3543
4235 2 2 8 8 2869 4364 1328
4236 2 2 8 8 1740 5358 3403
4237 2 2 8 8 2522 5140 1919
4238 2 2 8 8 3126 3705 1399
4239 2 2 8 8 2546 4934 2320
4240 2 2 8 8 2505 5618 1787
4241 2 2 8 8 1223 5356 2915
4242 2 2 8 8 1187 4249 2894
4243 2 2 8 8 2116 5057 4268
4244 2 2 8 8 2555 5751 645
4245 2 2 8 8 1983 3610 1735
4246 2 2 8 8 3441 5583 644
4247 2 2 8 8 2552 3590 35
4248 2 2 8 8 1014 5280 4393
4249 2 2 8 8 1639 6143 4658
4250 2 2 8 8 1559 3421 3268
4251 2 2 8 8 511 5236 2831
4252 2 2 8 8 2357 3361 1221
4253 2 2 8 8 226 4853 225
4254 2 2 8 8 2438 4996 2899
4255 2 2 8 8 2053 5748 1143
4256 2 2 8 8 669 4656 2373
4257 2 2 8 8 558 3009 557
4258 2 2 8 8 3101 4978 3091
4259 2 2 8 8 2423 3813 1452
4260 2 2 8 8 1432 3173 2905
4261 2 2 8 8 1069 5009 2250
4262 2 2 8 8 1117 5884 3092
4263 2 2 8 8 2244 3952 1465
4264 2 2 8 8 2560 3852 1314
4265 2 2 8 8 2507 4193 1063
4266 2 2 8 8 1279 3696 2355
4267 2 2 8 8 2254 4649 743
4268 2 2 8 8 2486 4247 1212
4269 2 2 8 8 1650 4013 3354
4270 2 2 8 8 852 3821 3081
4271 2 2 8 8 4468 4978 1774
4272 2 2 8 8 1669 5902 2670
4273 2 2 8 8 3196 5551 763
4274 2 2 8 8 3135 5671 2261
4275 2 2 8 8 2968 5249 1246
4276 2 2 8 8 3956 5869 2528
4277 2 2 8 8 1362 4365 2765
4278 2 2 8 8 3212 4928 1798
4279 2 2 8 8 2018 3952 3151
4280 2 2 8 8 2769 6014 1344
4281 2 2 8 8 2812 4338 1690
4282 2 2 8 8 1652 5972 4631
4283 2 2 8 8 4096 4287 2075
4284 2 2 8 8 3635 3655 1341
4285 2 2 8 8 2352 3783 1288
4286 2 2 8 8 2023 5999 2702
4287 2 2 8 8 481 2967 480
4288 2 2 8 8 2174 5907 5374
4289 2 2 8 8 2462 4207 1156
4290 2 2 8 8 2417 3383 543
4291 2 2 8 8 2374 5602 1035
4292 2 2 8 8 4924 5039 960
4293 2 2 8 8 957 4978 4468
4294 2 2 8 8 2637 5207 1547
4295 2 2 8 8 4092 5018 1845
4296 2 2 8 8 942 5125 3361
4297 2 2 8 8 1311 5283 2443
4298 2 2 8 8 2293 4939 2694
4299 2 2 8 8 798 4569 2579
4300 2 2 8 8 1364 4132 3940
4301 2 2 8 8 728 4618 2490
4302 2 2 8 8 3679 5749 4596
4303 2 2 8 8 4341 4352 2019
4304 2 2 8 8 3670 4748 1386
4305 2 2 8 8 1262 5398 2535
4306 2 2 8 8 2033 5980 3032
4307 2 2 8 8 765 4918 3463
4308 2 2 8 8 2510 3113 1495
4309 2 2 8 8 1486 5382 3414
4310 2 2 8 8 2289 5469 2580
4311 2 2 8 8 1099 6144 2470
4312 2 2 8 8 2975 5523 1308
4313 2 2 8 8 4199 4264 1922
4314 2 2 8 8 1994 3690 2633
4315 2 2 8 8 2788 5106 1354
4316 2 2 8 8 2355 3545 1279
4317 2 2 8 8 671 3093 2482
4318 2 2 8 8 1119 5954 3048
4319 2 2 8 8 585 2777 584
4320 2 2 8 8 1306 3739 3571
4321 2 2 8 8 3089 3728 1657
4322 2 2 8 8 2689 4072 1694
4323 2 2 8 8 1366 3889 2392
4324 2 2 8 8 715 3890 2710
4325 2 2 8 8 2448 4788 1150
4326 2 2 8 8 1907 3639 3345
4327 2 2 8 8 145 2897 144
4328 2 2 8 8 1722 4720 2709
4329 2 2 8 8 3732 3868 1967
4330 2 2 8 8 968 5909 2550
4331 2 2 8 8 981 5413 3570
4332 2 2 8 8 2260 3576 1654
4333 2 2 8 8 1792 4425 4007
4334 2 2 8 8 2672 4220 859
4335 2 2 8 8 2949 5647 3764
4336 2 2 8 8 1694 5284 2689
4337 2 2 8 8 1351 5405 2543
4338 2 2 8 8 1578 3744 2700
4339 2 2 8 8 1483 3569 3500
4340 2 2 8 8 2212 5180 4808
4341 2 2 8 8 176 2808 175
4342 2 2 8 8 4535 5317 2415
4343 2 2 8 8 2035 3146 707
4344 2 2 8 8 1129 3327 2460
4345 2 2 8 8 1304 3267 3068
4346 2 2 8 8 1183 5121 3103
4347 2 2 8 8 2180 4518 137
4348 2 2 8 8 2872 4325 1607
4349 2 2 8 8 533 3004 532
4350 2 2 8 8 1184 3720 2712
4351 2 2 8 8 1545 5622 2639
4352 2 2 8 8 2380 3687 1304
4353 2 2 8 8 2423 4248 1482
4354 2 2 8 8 2084 5210 4847
4355 2 2 8 8 1413 3574 2593
4356 2 2 8 8 3117 4925 1506
4357 2 2 8 8 784 5558 2589
4358 2 2 8 8 2508 3258 1336
4359 2 2 8 8 217 5006 2678
4360 2 2 8 8 1713 5561 4087
4361 2 2 8 8 830 3725 3015
4362 2 2 8 8 1453 3301 3150
4363 2 2 8 8 4384 5906 2110
4364 2 2 8 8 2514 5060 1418
4365 2 2 8 8 1281 3868 3732
4366 2 2 8 8 1800 3937 3259
4367 2 2 8 8 3565 5441 2611
4368 2 2 8 8 3460 4533 742
4369 2 2 8 8 2392 3754 1366
4370 2 2 8 8 403 3281 402
4371 2 2 8 8 3323 3370 1631
4372 2 2 8 8 1771 4113 3611
4373 2 2 8 8 4308 4931 2594
4374 2 2 8 8 4631 5972 2364
4375 2 2 8 8 1232 4732 2648
4376 2 2 8 8 1068 4329 3362
4377 2 2 8 8 2568 3995 1348
4378 2 2 8 8 885 3950 3551
4379 2 2 8 8 415 4505 3247
4380 2 2 8 8 1409 4555 3044
4381 2 2 8 8 2206 4789 3513
4382 2 2 8 8 1329 4196 3854
4383 2 2 8 8 1736 5565 3610
4384 2 2 8 8 4666 5156 3034
4385 2 2 8 8 2566 6170 1325
4386 2 2 8 8 1224 3689 2992
4387 2 2 8 8 1930 5091 4833
4388 2 2 8 8 4121 4543 1674
4389 2 2 8 8 928 4831 3667
4390 2 2 8 8 1594 4399 2655
4391 2 2 8 8 1413 4953 2711
4392 2 2 8 8 3166 3312 1416
4393 2 2 8 8 3047 3797 1944
4394 2 2 8 8 2434 3045 1074
4395 2 2 8 8 435 3231 434
4396 2 2 8 8 1530 4467 2394
4397 2 2 8 8 2616 4796 1593
4398 2 2 8 8 1339 5505 3237
4399 2 2 8 8 4119 5219 1677
4400 2 2 8 8 3337 4437 849
4401 2 2 8 8 2402 5363 709
4402 2 2 8 8 3048 5954 2464
4403 2 2 8 8 767 4581 2716
4404 2 2 8 8 2447 5721 1436
4405 2 2 8 8 1932 5706 915
4406 2 2 8 8 3202 6057 1295
4407 2 2 8 8 802 3125 3124
4408 2 2 8 8 961 4781 2676
4409 2 2 8 8 2872 3297 1083
4410 2 2 8 8 2732 4463 1077
4411 2 2 8 8 2094 5571 3295
4412 2 2 8 8 759 4589 2492
4413 2 2 8 8 3498 4594 692
4414 2 2 8 8 211 3188 210
4415 2 2 8 8 4317 4884 2727
4416 2 2 8 8 3196 5396 1947
4417 2 2 8 8 1136 3134 2877
4418 2 2 8 8 2087 4472 1158
4419 2 2 8 8 3850 5710 420
4420 2 2 8 8 2539 4529 783
4421 2 2 8 8 509 3646 508
4422 2 2 8 8 1945 4496 3482
4423 2 2 8 8 3279 3638 1414
4424 2 2 8 8 2735 5380 2557
4425 2 2 8 8 2961 5089 1150
4426 2 2 8 8 1564 3632 2161
4427 2 2 8 8 1241 2909 2907
4428 2 2 8 8 2638 4132 1364
4429 2 2 8 8 3491 4364 801
4430 2 2 8 8 419 4414 418
4431 2 2 8 8 2130 5105 4998
4432 2 2 8 8 2956 4113 876
4433 2 2 8 8 1164 3468 2155
4434 2 2 8 8 1526 3312 3166
4435 2 2 8 8 819 5136 2715
4436 2 2 8 8 2390 5741 693
4437 2 2 8 8 745 5449 2547
4438 2 2 8 8 726 4140 2455
4439 2 2 8 8 1651 4210 2366
4440 2 2 8 8 689 4850 1998
4441 2 2 8 8 2365 4115 1102
4442 2 2 8 8 4289 5757 2462
4443 2 2 8 8 956 5789 3212
4444 2 2 8 8 2097 5785 2802
4445 2 2 8 8 3341 5307 1832
4446 2 2 8 8 5111 5700 2149
4447 2 2 8 8 3386 4322 1477
4448 2 2 8 8 2795 5357 2069
4449 2 2 8 8 4837 5644 2015
4450 2 2 8 8 1196 4877 2358
4451 2 2 8 8 1918 5599 2697
4452 2 2 8 8 2827 3093 671
4453 2 2 8 8 4227 5233 2472
4454 2 2 8 8 760 5531 4021
4455 2 2 8 8 3424 4314 2351
4456 2 2 8 8 1157 4300 2571
4457 2 2 8 8 3229 3762 1305
4458 2 2 8 8 1184 5711 4095
4459 2 2 8 8 1814 3798 3500
4460 2 2 8 8 3081 3821 1567
4461 2 2 8 8 2251 4539 1013
4462 2 2 8 8 1109 4749 3980
4463 2 2 8 8 617 3711 2981
4464 2 2 8 8 1182 3563 2278
4465 2 2 8 8 1840 6037 2304
4466 2 2 8 8 2610 3455 1230
4467 2 2 8 8 48 3503 2225
4468 2 2 8 8 2674 6140 4398
4469 2 2 8 8 643 3705 3126
4470 2 2 8 8 580 4766 579
4471 2 2 8 8 2673 4626 526
4472 2 2 8 8 3469 5448 2768
4473 2 2 8 8 2783 4989 1719
4474 2 2 8 8 4829 5679 836
4475 2 2 8 8 2899 4996 1110
4476 2 2 8 8 169 4487 3019
4477 2 2 8 8 2677 4159 769
4478 2 2 8 8 3108 5761 410
4479 2 2 8 8 1205 4702 2536
4480 2 2 8 8 3189 3945 1256
4481 2 2 8 8 23 4542 22
4482 2 2 8 8 3 3831 592
4483 2 2 8 8 142 3350 141
4484 2 2 8 8 3829 5473 803
4485 2 2 8 8 3958 4659 2184
4486 2 2 8 8 2701 6021 2074
4487 2 2 8 8 3951 4669 770
4488 2 2 8 8 645 5056 2555
4489 2 2 8 8 1383 3869 2809
4490 2 2 8 8 3883 5050 2532
4491 2 2 8 8 1521 4131 2534
4492 2 2 8 8 2603 3529 1227
4493 2 2 8 8 997 4079 2582
4494 2 2 8 8 792 4946 2201
4495 2 2 8 8 1094 5518 4143
4496 2 2 8 8 3327 4877 2460
4497 2 2 8 8 4175 5113 3347
4498 2 2 8 8 3416 5276 1023
4499 2 2 8 8 3144 4554 1321
4500 2 2 8 8 1663 4352 4341
4501 2 2 8 8 1863 4914 2902
4502 2 2 8 8 709 5651 2573
4503 2 2 8 8 2505 6061 998
4504 2 2 8 8 1057 5681 2693
4505 2 2 8 8 531 3499 530
4506 2 2 8 8 4981 5132 739
4507 2 2 8 8 2581 3225 776
4508 2 2 8 8 920 6155 2657
4509 2 2 8 8 4077 4380 1199
4510 2 2 8 8 2649 3329 1342
4511 2 2 8 8 828 4785 2891
4512 2 2 8 8 2867 6089 2096
4513 2 2 8 8 138 3961 137
4514 2 2 8 8 770 4669 3294
4515 2 2 8 8 2647 5147 3318
4516 2 2 8 8 3014 5193 606
4517 2 2 8 8 2491 3639 868
4518 2 2 8 8 2786 4537 1405
4519 2 2 8 8 1182 3195 2936
4520 2 2 8 8 3218 4053 2045
4521 2 2 8 8 1059 3830 3272
4522 2 2 8 8 2391 5534 1161
4523 2 2 8 8 3152 3491 801
4524 2 2 8 8 2555 5056 1345
4525 2 2 8 8 2797 6151 984
4526 2 2 8 8 3854 4196 2567
4527 2 2 8 8 3207 3298 905
4528 2 2 8 8 1607 4325 3368
4529 2 2 8 8 4026 5102 1563
4530 2 2 8 8 2515 4307 814
4531 2 2 8 8 3899 5534 1956
4532 2 2 8 8 640 3991 2543
4533 2 2 8 8 1382 3740 2566
4534 2 2 8 8 1420 4188 2473
4535 2 2 8 8 163 4621 162
4536 2 2 8 8 1353 4684 3389
4537 2 2 8 8 3244 4704 1082
4538 2 2 8 8 1266 4722 2685
4539 2 2 8 8 3582 6066 836
4540 2 2 8 8 748 3271 3166
4541 2 2 8 8 471 4819 4750
4542 2 2 8 8 1751 4360 2240
4543 2 2 8 8 2631 5408 2315
4544 2 2 8 8 741 5016 1992
4545 2 2 8 8 1931 4862 4779
4546 2 2 8 8 3628 4448 1748
4547 2 2 8 8 2712 3720 628
4548 2 2 8 8 2139 5856 3137
4549 2 2 8 8 3715 5127 2478
4550 2 2 8 8 2516 4171 1173
4551 2 2 8 8 2266 4539 3900
4552 2 2 8 8 1037 4619 3458
4553 2 2 8 8 2427 5901 1560
4554 2 2 8 8 1538 3597 3393
4555 2 2 8 8 1538 3393 2963
4556 2 2 8 8 4200 6053 2131
4557 2 2 8 8 1415 3890 3451
4558 2 2 8 8 1264 4323 2637
4559 2 2 8 8 3213 4125 2074
4560 2 2 8 8 1597 5215 2490
4561 2 2 8 8 1465 3460 2244
4562 2 2 8 8 3019 3873 168
4563 2 2 8 8 1085 5297 2263
4564 2 2 8 8 3140 4463 1529
4565 2 2 8 8 3190 4438 1294
4566 2 2 8 8 2375 5747 5743
4567 2 2 8 8 2563 5243 3505
4568 2 2 8 8 104 4676 103
4569 2 2 8 8 1271 5685 3508
4570 2 2 8 8 2382 3419 1306
4571 2 2 8 8 3925 5406 744
4572 2 2 8 8 1571 5412 3375
4573 2 2 8 8 1453 3133 2992
4574 2 2 8 8 3975 4335 703
4575 2 2 8 8 2219 4243 1412
4576 2 2 8 8 2738 3560 1323
4577 2 2 8 8 3201 3689 1224
4578 2 2 8 8 3090 3704 1670
4579 2 2 8 8 2697 5599 822
4580 2 2 8 8 85 3069 84
4581 2 2 8 8 3485 4246 1369
4582 2 2 8 8 2489 3580 1026
4583 2 2 8 8 219 3324 218
4584 2 2 8 8 3091 3777 1598
4585 2 2 8 8 2554 5914 1092
4586 2 2 8 8 2583 4302 173
4587 2 2 8 8 2806 5855 3147
4588 2 2 8 8 2472 4016 1042
4589 2 2 8 8 1471 4490 4330
4590 2 2 8 8 966 3922 2588
4591 2 2 8 8 2832 4301 390
4592 2 2 8 8 1449 3838 2707
4593 2 2 8 8 2934 3516 1421
4594 2 2 8 8 2221 4130 3155
4595 2 2 8 8 700 5375 2730
4596 2 2 8 8 147 4816 2835
4597 2 2 8 8 2626 5191 718
4598 2 2 8 8 3647 4408 2426
4599 2 2 8 8 2469 5230 3577
4600 2 2 8 8 1191 5496 2252
4601 2 2 8 8 1447 3438 3391
4602 2 2 8 8 139 2973 138
4603 2 2 8 8 693 4057 1771
4604 2 2 8 8 4087 5561 988
4605 2 2 8 8 3592 3679 1051
4606 2 2 8 8 1489 4457 2279
4607 2 2 8 8 1766 4957 3205
4608 2 2 8 8 1651 4332 2089
4609 2 2 8 8 5002 5033 2738
4610 2 2 8 8 962 4512 3864
4611 2 2 8 8 5743 5747 1375
4612 2 2 8 8 1153 5378 2713
4613 2 2 8 8 1757 4734 708
4614 2 2 8 8 426 3704 3090
4615 2 2 8 8 219 5771 3324
4616 2 2 8 8 3343 4029 2714
4617 2 2 8 8 990 4922 2526
4618 2 2 8 8 3457 3969 1457
4619 2 2 8 8 2000 5085 2445
4620 2 2 8 8 791 5005 2603
4621 2 2 8 8 437 2933 436
4622 2 2 8 8 902 5426 2587
4623 2 2 8 8 3325 3844 764
4624 2 2 8 8 36 4842 2552
4625 2 2 8 8 3009 4437 1269
4626 2 2 8 8 1370 3035 2922
4627 2 2 8 8 1502 3742 2224
4628 2 2 8 8 2377 3106 1101
4629 2 2 8 8 2387 3976 662
4630 2 2 8 8 137 3961 2180
4631 2 2 8 8 4185 5454 2039
4632 2 2 8 8 1161 3466 2847
4633 2 2 8 8 1412 3947 2219
4634 2 2 8 8 4126 6105 870
4635 2 2 8 8 3059 3586 609
4636 2 2 8 8 2479 3445 1055
4637 2 2 8 8 3729 4066 1852
4638 2 2 8 8 4143 5518 2011
4639 2 2 8 8 1325 3321 2566
4640 2 2 8 8 744 4983 2567
4641 2 2 8 8 3675 6175 5133
4642 2 2 8 8 2428 5588 3445
4643 2 2 8 8 1925 3908 2551
4644 2 2 8 8 161 3116 160
4645 2 2 8 8 1390 3196 2029
4646 2 2 8 8 656 3322 3189
4647 2 2 8 8 2853 5049 1667
4648 2 2 8 8 612 3797 3047
4649 2 2 8 8 1170 4181 3851
4650 2 2 8 8 953 3577 3408
4651 2 2 8 8 2118 5701 2801
4652 2 2 8 8 1954 4463 2732
4653 2 2 8 8 2285 5029 896
4654 2 2 8 8 967 4903 2747
4655 2 2 8 8 466 3541 2544
4656 2 2 8 8 1549 3667 2980
4657 2 2 8 8 440 5172 439
4658 2 2 8 8 3928 5496 849
4659 2 2 8 8 2742 4555 4062
4660 2 2 8 8 977 4639 2790
4661 2 2 8 8 1430 3634 2821
4662 2 2 8 8 3185 3440 796
4663 2 2 8 8 1396 6124 3539
4664 2 2 8 8 4574 5582 1381
4665 2 2 8 8 3941 3994 131
4666 2 2 8 8 1877 6118 2446
4667 2 2 8 8 2459 3532 1219
4668 2 2 8 8 3660 4910 982
4669 2 2 8 8 1146 3474 2425
4670 2 2 8 8 1070 4090 2646
4671 2 2 8 8 1092 3658 2083
4672 2 2 8 8 4076 4832 1221
4673 2 2 8 8 1166 3781 2764
4674 2 2 8 8 2336 5946 397
4675 2 2 8 8 3938 4481 1630
4676 2 2 8 8 829 3088 2830
4677 2 2 8 8 1742 4761 3559
4678 2 2 8 8 2641 3152 801
4679 2 2 8 8 2857 4703 1159
4680 2 2 8 8 2537 4141 1700
4681 2 2 8 8 3473 3886 1683
4682 2 2 8 8 2474 4013 1650
4683 2 2 8 8 4435 4640 2146
4684 2 2 8 8 2590 4602 514
4685 2 2 8 8 2751 4181 1170
4686 2 2 8 8 3086 3380 1379
4687 2 2 8 8 3166 3271 1526
4688 2 2 8 8 2239 4620 4016
4689 2 2 8 8 2810 4640 969
4690 2 2 8 8 2817 3183 809
4691 2 2 8 8 3036 5864 1142
4692 2 2 8 8 2831 5236 2269
4693 2 2 8 8 3133 5043 1224
4694 2 2 8 8 3292 3433 1746
4695 2 2 8 8 2685 3971 1266
4696 2 2 8 8 2905 3173 771
4697 2 2 8 8 800 4892 3370
4698 2 2 8 8 1308 4967 2871
4699 2 2 8 8 2914 4949 4017
4700 2 2 8 8 802 2894 1916
4701 2 2 8 8 1312 3955 2875
4702 2 2 8 8 1459 5178 4280
4703 2 2 8 8 3517 3518 1534
4704 2 2 8 8 716 5060 2514
4705 2 2 8 8 4729 5490 1409
4706 2 2 8 8 1792 5225 4661
4707 2 2 8 8 2085 5237 873
4708 2 2 8 8 3659 4969 1765
4709 2 2 8 8 3811 3934 1488
4710 2 2 8 8 1590 3396 2762
4711 2 2 8 8 2920 4534 1020
4712 2 2 8 8 1392 4314 3424
4713 2 2 8 8 2521 4334 3389
4714 2 2 8 8 426 3090 425
4715 2 2 8 8 5777 5954 1757
4716 2 2 8 8 867 3769 2809
4717 2 2 8 8 4378 5942 2635
4718 2 2 8 8 969 4393 2742
4719 2 2 8 8 708 5167 2005
4720 2 2 8 8 1330 4368 2444
4721 2 2 8 8 2658 3637 694
4722 2 2 8 8 1452 3724 2423
4723 2 2 8 8 1932 5105 3353
4724 2 2 8 8 2963 3393 893
4725 2 2 8 8 2481 4657 1006
4726 2 2 8 8 1799 4405 3966
4727 2 2 8 8 1477 5255 3386
4728 2 2 8 8 3742 3909 2065
4729 2 2 8 8 2891 6134 1151
4730 2 2 8 8 1426 5791 2157
4731 2 2 8 8 2346 4021 3718
4732 2 2 8 8 3868 5182 1967
4733 2 2 8 8 4580 4984 850
4734 2 2 8 8 3522 4905 860
4735 2 2 8 8 4208 4381 2247
4736 2 2 8 8 1762 4791 2892
4737 2 2 8 8 1236 3633 3342
4738 2 2 8 8 2410 5719 3115
4739 2 2 8 8 3498 4660 1714
4740 2 2 8 8 1771 3611 693
4741 2 2 8 8 1787 3617 3553
4742 2 2 8 8 773 5652 2386
4743 2 2 8 8 1252 4413 3650
4744 2 2 8 8 4277 5389 2656
4745 2 2 8 8 2098 5209 2743
4746 2 2 8 8 2285 4556 897
4747 2 2 8 8 3318 5990 2647
4748 2 2 8 8 3949 4475 805
4749 2 2 8 8 116 5407 2681
4750 2 2 8 8 1019 4889 2666
4751 2 2 8 8 1332 3860 2943
4752 2 2 8 8 524 4195 523
4753 2 2 8 8 522 3701 521
4754 2 2 8 8 771 4806 4088
4755 2 2 8 8 4205 5667 609
4756 2 2 8 8 1397 4930 2821
4757 2 2 8 8 95 4526 2128
4758 2 2 8 8 793 4325 2872
4759 2 2 8 8 2676 3430 597
4760 2 2 8 8 2800 4986 2204
4761 2 2 8 8 3486 4608 1358
4762 2 2 8 8 2827 6033 1248
4763 2 2 8 8 2216 5334 3121
4764 2 2 8 8 2781 3728 1250
4765 2 2 8 8 1790 4299 3439
4766 2 2 8 8 1265 4362 2567
4767 2 2 8 8 647 3621 3128
4768 2 2 8 8 644 5582 3441
4769 2 2 8 8 2361 2977 554
4770 2 2 8 8 816 3488 2834
4771 2 2 8 8 1257 5455 3888
4772 2 2 8 8 2416 5507 1565
4773 2 2 8 8 862 3676 2452
4774 2 2 8 8 2568 4489 1576
4775 2 2 8 8 780 5563 2042
4776 2 2 8 8 3423 5054 2066
4777 2 2 8 8 1197 5087 2735
4778 2 2 8 8 2762 5197 2027
4779 2 2 8 8 2693 3729 1852
4780 2 2 8 8 2899 4416 728
4781 2 2 8 8 2802 3948 1732
4782 2 2 8 8 439 3576 438
4783 2 2 8 8 2385 3208 888
4784 2 2 8 8 1509 4441 2427
4785 2 2 8 8 1325 2860 2829
4786 2 2 8 8 969 4640 4435
4787 2 2 8 8 2239 4653 3216
4788 2 2 8 8 3446 5178 1459
4789 2 2 8 8 136 3668 135
4790 2 2 8 8 1318 4755 3864
4791 2 2 8 8 1036 5508 2701
4792 2 2 8 8 974 4406 4206
4793 2 2 8 8 1741 3770 2499
4794 2 2 8 8 3155 4945 2221
4795 2 2 8 8 2939 4638 3774
4796 2 2 8 8 3017 3458 2179
4797 2 2 8 8 3074 4392 1139
4798 2 2 8 8 2871 6044 2975
4799 2 2 8 8 3121 5334 56
4800 2 2 8 8 3599 4402 2092
4801 2 2 8 8 1026 4218 2489
4802 2 2 8 8 3828 4214 1301
4803 2 2 8 8 2846 4415 754
4804 2 2 8 8 1937 6134 2891
4805 2 2 8 8 1298 4120 2833
4806 2 2 8 8 2691 3618 1425
4807 2 2 8 8 2752 5361 3628
4808 2 2 8 8 703 5493 4699
4809 2 2 8 8 2174 4475 3949
4810 2 2 8 8 646 4400 2709
4811 2 2 8 8 4452 4568 2317
4812 2 2 8 8 2354 5463 5410
4813 2 2 8 8 3459 4882 892
4814 2 2 8 8 2279 4012 1489
4815 2 2 8 8 786 5698 2917
4816 2 2 8 8 1354 5106 3156
4817 2 2 8 8 1388 4351 1685
4818 2 2 8 8 617 5793 3711
4819 2 2 8 8 2195 4525 925
4820 2 2 8 8 2353 4112 719
4821 2 2 8 8 3632 3916 2161
4822 2 2 8 8 3295 5571 1135
4823 2 2 8 8 974 3567 2225
4824 2 2 8 8 638 3635 2595
4825 2 2 8 8 1285 4623 2972
4826 2 2 8 8 2614 5884 1117
4827 2 2 8 8 3789 5316 1999
4828 2 2 8 8 1970 5509 3428
4829 2 2 8 8 1274 3533 2684
4830 2 2 8 8 1087 3987 2405
4831 2 2 8 8 1206 5070 2349
4832 2 2 8 8 2384 5432 2164
4833 2 2 8 8 2140 4285 3046
4834 2 2 8 8 3340 4785 828
4835 2 2 8 8 411 3108 410
4836 2 2 8 8 1250 3728 3089
4837 2 2 8 8 2531 4883 4233
4838 2 2 8 8 4075 4783 1426
4839 2 2 8 8 688 4900 3005
4840 2 2 8 8 804 5764 3089
4841 2 2 8 8 1272 3883 2532
4842 2 2 8 8 674 5723 2188
4843 2 2 8 8 1396 5322 3001
4844 2 2 8 8 2501 5747 1037
4845 2 2 8 8 3286 5253 1500
4846 2 2 8 8 854 6082 2404
4847 2 2 8 8 3003 4049 1379
4848 2 2 8 8 1575 5388 3116
4849 2 2 8 8 2575 5280 1014
4850 2 2 8 8 648 3666 2996
4851 2 2 8 8 3589 5221 2332
4852 2 2 8 8 1776 4284 3254
4853 2 2 8 8 1146 4737 2496
4854 2 2 8 8 3268 5881 864
4855 2 2 8 8 3773 6070 1411
4856 2 2 8 8 2625 2990 538
4857 2 2 8 8 2153 4303 3835
4858 2 2 8 8 2504 5933 3461
4859 2 2 8 8 3212 3859 1526
4860 2 2 8 8 2028 6054 4473
4861 2 2 8 8 2761 3914 1201
4862 2 2 8 8 2329 5168 750
4863 2 2 8 8 2542 5862 1182
4864 2 2 8 8 1447 4156 3094
4865 2 2 8 8 3382 4121 1454
4866 2 2 8 8 1354 3898 2628
4867 2 2 8 8 1256 3945 2631
4868 2 2 8 8 1007 3835 2411
4869 2 2 8 8 4461 5586 2358
4870 2 2 8 8 2588 3238 3237
4871 2 2 8 8 2789 5142 1727
4872 2 2 8 8 1422 4420 1775
4873 2 2 8 8 2929 4327 756
4874 2 2 8 8 3792 3951 1398
4875 2 2 8 8 149 4884 148
4876 2 2 8 8 1181 4932 2540
4877 2 2 8 8 441 4182 2850
4878 2 2 8 8 4630 5118 2660
4879 2 2 8 8 502 4248 501
4880 2 2 8 8 2748 4501 1198
4881 2 2 8 8 2983 4080 1002
4882 2 2 8 8 1436 4339 2447
4883 2 2 8 8 2814 5477 395
4884 2 2 8 8 1189 5408 2900
4885 2 2 8 8 3665 5323 2175
4886 2 2 8 8 2046 4544 3713
4887 2 2 8 8 646 4308 2594
4888 2 2 8 8 2413 5251 777
4889 2 2 8 8 2633 3690 1559
4890 2 2 8 8 161 4032 3116
4891 2 2 8 8 2821 4930 691
4892 2 2 8 8 2157 4075 1426
4893 2 2 8 8 2528 4897 889
4894 2 2 8 8 4683 5247 1319
4895 2 2 8 8 1059 6002 2294
4896 2 2 8 8 3895 5303 1924
4897 2 2 8 8 3751 4199 1922
4898 2 2 8 8 490 3960 2618
4899 2 2 8 8 3171 5989 2170
4900 2 2 8 8 1303 4334 2521
4901 2 2 8 8 2435 4135 1100
4902 2 2 8 8 2635 5582 4574
4903 2 2 8 8 3015 3892 1601
4904 2 2 8 8 681 4496 2429
4905 2 2 8 8 595 5581 2152
4906 2 2 8 8 2756 4349 4244
4907 2 2 8 8 2709 4120 1298
4908 2 2 8 8 1500 4407 2265
4909 2 2 8 8 2655 5852 1222
4910 2 2 8 8 2556 5260 920
4911 2 2 8 8 1784 4559 3726
4912 2 2 8 8 941 6174 3264
4913 2 2 8 8 1039 3896 3097
4914 2 2 8 8 1254 5335 2599
4915 2 2 8 8 1466 4525 3581
4916 2 2 8 8 3448 4680 905
4917 2 2 8 8 3681 4566 931
4918 2 2 8 8 3417 4462 778
4919 2 2 8 8 2153 5111 747
4920 2 2 8 8 1353 3389 2865
4921 2 2 8 8 3768 4047 780
4922 2 2 8 8 2991 3923 832
4923 2 2 8 8 1492 3923 2991
4924 2 2 8 8 3293 5970 891
4925 2 2 8 8 1065 3584 3392
4926 2 2 8 8 3138 4986 2183
4927 2 2 8 8 1964 4512 962
4928 2 2 8 8 1152 3437 3355
4929 2 2 8 8 3094 5168 2329
4930 2 2 8 8 2785 4026 1563
4931 2 2 8 8 774 4885 2634
4932 2 2 8 8 2280 5636 3304
4933 2 2 8 8 2796 4557 626
4934 2 2 8 8 2586 3583 1000
4935 2 2 8 8 1162 6034 2845
4936 2 2 8 8 3445 5616 2859
4937 2 2 8 8 1512 4394 2622
4938 2 2 8 8 3089 5764 2183
4939 2 2 8 8 1721 5898 3468
4940 2 2 8 8 2279 4457 3877
4941 2 2 8 8 2470 6144 5177
4942 2 2 8 8 626 4638 2939
4943 2 2 8 8 4014 4540 2032
4944 2 2 8 8 4268 5057 1016
4945 2 2 8 8 2290 5969 3527
4946 2 2 8 8 2370 5965 2813
4947 2 2 8 8 2916 4735 1825
4948 2 2 8 8 529 4350 528
4949 2 2 8 8 63 3985 62
4950 2 2 8 8 415 3247 414
4951 2 2 8 8 1292 4725 3427
4952 2 2 8 8 1003 3252 2134
4953 2 2 8 8 3153 3763 1678
4954 2 2 8 8 822 4269 2354
4955 2 2 8 8 1861 3808 3695
4956 2 2 8 8 4202 4718 1564
4957 2 2 8 8 474 2879 473
4958 2 2 8 8 1970 3934 3811
4959 2 2 8 8 1742 4773 2502
4960 2 2 8 8 2144 4032 162
4961 2 2 8 8 3060 3403 789
4962 2 2 8 8 2093 3552 1313
4963 2 2 8 8 1876 4460 2540
4964 2 2 8 8 3095 4449 1660
4965 2 2 8 8 679 6073 2666
4966 2 2 8 8 1618 4444 2627
4967 2 2 8 8 5196 5639 1439
4968 2 2 8 8 2087 6025 3320
4969 2 2 8 8 883 2848 2463
4970 2 2 8 8 2546 4576 1772
4971 2 2 8 8 2543 5405 1756
4972 2 2 8 8 3628 5361 862
4973 2 2 8 8 4556 4743 1482
4974 2 2 8 8 452 5332 3273
4975 2 2 8 8 2496 4838 230
4976 2 2 8 8 2687 5817 1041
4977 2 2 8 8 1215 3310 3136
4978 2 2 8 8 682 4597 2323
4979 2 2 8 8 1107 3970 2446
4980 2 2 8 8 90 3671 89
4981 2 2 8 8 3098 4303 2153
4982 2 2 8 8 2865 3389 657
4983 2 2 8 8 407 4953 406
4984 2 2 8 8 598 3984 2453
4985 2 2 8 8 4365 5042 1929
4986 2 2 8 8 4041 4617 639
4987 2 2 8 8 2731 2937 1132
4988 2 2 8 8 2994 4314 1392
4989 2 2 8 8 2136 4835 3814
4990 2 2 8 8 1324 4088 2986
4991 2 2 8 8 1839 5330 3519
4992 2 2 8 8 2453 3650 598
4993 2 2 8 8 2643 3653 1198
4994 2 2 8 8 4175 4635 1566
4995 2 2 8 8 1023 5019 2222
4996 2 2 8 8 1845 3946 785
4997 2 2 8 8 2927 3245 1580
4998 2 2 8 8 2090 4001 1656
4999 2 2 8 8 2215 3888 1001
5000 2 2 8 8 2659 4256 1446
5001 2 2 8 8 1644 4430 3129
5002 2 2 8 8 2524 4717 3481
5003 2 2 8 8 3626 6043 663
5004 2 2 8 8 862 4448 3628
5005 2 2 8 8 3362 3535 1287
5006 2 2 8 8 528 4350 3153
5007 2 2 8 8 2739 4528 1082
5008 2 2 8 8 3404 4124 1032
5009 2 2 8 8 2410 4794 4564
5010 2 2 8 8 3362 4329 1882
5011 2 2 8 8 2312 4030 1458
5012 2 2 8 8 3899 5950 1161
5013 2 2 8 8 1065 4659 3958
5014 2 2 8 8 889 4897 3227
5015 2 2 8 8 2527 5992 3514
5016 2 2 8 8 2494 4734 2458
5017 2 2 8 8 2667 3941 132
5018 2 2 8 8 1184 5501 3720
5019 2 2 8 8 2986 4088 1645
5020 2 2 8 8 1679 6052 4034
5021 2 2 8 8 718 3632 2626
5022 2 2 8 8 2595 3635 1341
5023 2 2 8 8 1899 4357 3820
5024 2 2 8 8 1896 3257 2881
5025 2 2 8 8 927 5051 4804
5026 2 2 8 8 3420 4886 2422
5027 2 2 8 8 2750 3193 1073
5028 2 2 8 8 1726 3930 3585
5029 2 2 8 8 857 4834 2461
5030 2 2 8 8 1359 3360 3330
5031 2 2 8 8 1756 3399 2543
5032 2 2 8 8 3870 4892 800
5033 2 2 8 8 715 4261 3028
5034 2 2 8 8 3524 6083 2759
5035 2 2 8 8 1642 4831 3561
5036 2 2 8 8 1085 4332 4071
5037 2 2 8 8 2707 4264 1378
5038 2 2 8 8 2923 3582 1755
5039 2 2 8 8 2719 5657 630
5040 2 2 8 8 1624 4015 3111
5041 2 2 8 8 2770 4105 1185
5042 2 2 8 8 2949 3721 1299
5043 2 2 8 8 1372 5190 4345
5044 2 2 8 8 2238 5268 657
5045 2 2 8 8 171 3195 170
5046 2 2 8 8 3393 3597 1581
5047 2 2 8 8 2251 4845 3255
5048 2 2 8 8 694 3637 2436
5049 2 2 8 8 4665 6081 1010
5050 2 2 8 8 1728 3131 2893
5051 2 2 8 8 1870 5293 3031
5052 2 2 8 8 1825 3425 2916
5053 2 2 8 8 2079 5096 3492
5054 2 2 8 8 1610 5242 4258
5055 2 2 8 8 1104 4191 2482
5056 2 2 8 8 2988 4625 249
5057 2 2 8 8 608 5357 2795
5058 2 2 8 8 3704 5725 2038
5059 2 2 8 8 1769 5201 2921
5060 2 2 8 8 820 6141 4449
5061 2 2 8 8 1602 5537 2935
5062 2 2 8 8 2881 4087 988
5063 2 2 8 8 2699 4423 1620
5064 2 2 8 8 1156 4822 2571
5065 2 2 8 8 2781 5217 1701
5066 2 2 8 8 4254 6050 2320
5067 2 2 8 8 2804 4183 634
5068 2 2 8 8 1093 5417 3379
5069 2 2 8 8 2806 3888 2215
5070 2 2 8 8 1677 3892 3015
5071 2 2 8 8 2720 3499 1275
5072 2 2 8 8 4804 5051 2475
5073 2 2 8 8 2144 4975 4032
5074 2 2 8 8 213 3803 212
5075 2 2 8 8 2837 4080 1507
5076 2 2 8 8 3595 4909 921
5077 2 2 8 8 735 4046 3492
5078 2 2 8 8 2596 3472 547
5079 2 2 8 8 2660 5151 1449
5080 2 2 8 8 1010 6081 2406
5081 2 2 8 8 2855 3755 1145
5082 2 2 8 8 3239 5685 1271
5083 2 2 8 8 2255 4478 3878
5084 2 2 8 8 2287 4034 909
5085 2 2 8 8 2841 4553 826
5086 2 2 8 8 180 3107 179
5087 2 2 8 8 1141 6103 3774
5088 2 2 8 8 1920 3633 3367
5089 2 2 8 8 2595 5273 638
5090 2 2 8 8 2794 4482 1298
5091 2 2 8 8 1378 4264 4199
5092 2 2 8 8 1875 5457 2519
5093 2 2 8 8 3400 3608 1428
5094 2 2 8 8 641 3320 2683
5095 2 2 8 8 3397 3476 1369
5096 2 2 8 8 3584 4730 1625
5097 2 2 8 8 2621 3736 1307
5098 2 2 8 8 2892 4791 619
5099 2 2 8 8 2970 4400 646
5100 2 2 8 8 2450 5583 3441
5101 2 2 8 8 2603 5161 3529
5102 2 2 8 8 4599 5554 2073
5103 2 2 8 8 678 3521 3359
5104 2 2 8 8 1630 3495 2439
5105 2 2 8 8 2376 5009 1069
5106 2 2 8 8 743 4649 2398
5107 2 2 8 8 2381 4503 1368
5108 2 2 8 8 1658 4897 2528
5109 2 2 8 8 2612 4993 1871
5110 2 2 8 8 952 4789 2656
5111 2 2 8 8 3788 5871 2080
5112 2 2 8 8 719 4257 2353
5113 2 2 8 8 1759 5306 2212
5114 2 2 8 8 125 4870 124
5115 2 2 8 8 540 4141 2537
5116 2 2 8 8 707 4490 4069
5117 2 2 8 8 958 5100 3067
5118 2 2 8 8 3799 4556 1482
5119 2 2 8 8 2811 3881 1450
5120 2 2 8 8 755 3887 3079
5121 2 2 8 8 3380 4458 1379
5122 2 2 8 8 4425 5171 782
5123 2 2 8 8 4644 5832 2234
5124 2 2 8 8 1067 5139 3002
5125 2 2 8 8 4112 5130 2562
5126 2 2 8 8 1602 5828 2873
5127 2 2 8 8 1530 4997 3188
5128 2 2 8 8 3063 5842 156
5129 2 2 8 8 870 3369 2935
5130 2 2 8 8 1375 3777 3091
5131 2 2 8 8 10 2842 92
5132 2 2 8 8 2616 3497 1474
5133 2 2 8 8 907 3605 2349
5134 2 2 8 8 724 5797 3082
5135 2 2 8 8 2199 6136 2889
5136 2 2 8 8 1071 4408 2310
5137 2 2 8 8 3483 4294 1295
5138 2 2 8 8 2718 3661 1244
5139 2 2 8 8 2805 4720 1722
5140 2 2 8 8 1546 4316 2361
5141 2 2 8 8 2866 3612 1417
5142 2 2 8 8 3391 3438 1706
5143 2 2 8 8 2863 4142 810
5144 2 2 8 8 2447 4673 1515
5145 2 2 8 8 816 2834 2833
5146 2 2 8 8 1140 4986 3138
5147 2 2 8 8 2485 4061 1123
5148 2 2 8 8 2807 3253 1270
5149 2 2 8 8 2575 3297 757
5150 2 2 8 8 517 3333 516
5151 2 2 8 8 802 3124 2894
5152 2 2 8 8 5681 5754 2104
5153 2 2 8 8 976 3840 2210
5154 2 2 8 8 1315 6063 2887
5155 2 2 8 8 5066 5371 2246
5156 2 2 8 8 1329 3854 2694
5157 2 2 8 8 3346 5662 1103
5158 2 2 8 8 1584 4447 2549
5159 2 2 8 8 1113 3707 2662
5160 2 2 8 8 4258 5242 2352
5161 2 2 8 8 2862 3375 821
5162 2 2 8 8 1151 4614 2891
5163 2 2 8 8 1274 4739 2894
5164 2 2 8 8 3000 4324 848
5165 2 2 8 8 29 3514 28
5166 2 2 8 8 2837 4041 1488
5167 2 2 8 8 2598 4422 4257
5168 2 2 8 8 535 3390 534
5169 2 2 8 8 65 4180 64
5170 2 2 8 8 432 4431 431
5171 2 2 8 8 2966 5904 1961
5172 2 2 8 8 2519 4965 712
5173 2 2 8 8 1249 3572 2945
5174 2 2 8 8 2989 5522 1047
5175 2 2 8 8 2360 4422 1046
5176 2 2 8 8 2576 4506 1520
5177 2 2 8 8 696 5931 3316
5178 2 2 8 8 1277 4115 2365
5179 2 2 8 8 4678 5658 2408
5180 2 2 8 8 2996 3666 1684
5181 2 2 8 8 573 5366 2763
5182 2 2 8 8 1197 4102 2841
5183 2 2 8 8 2582 4578 1704
5184 2 2 8 8 1513 4484 2840
5185 2 2 8 8 825 3557 2882
5186 2 2 8 8 3684 4003 906
5187 2 2 8 8 1180 3412 2364
5188 2 2 8 8 821 3489 2862
5189 2 2 8 8 3428 4651 1838
5190 2 2 8 8 1810 4828 3026
5191 2 2 8 8 2678 3691 1165
5192 2 2 8 8 2870 6112 1021
5193 2 2 8 8 1395 6043 1778
5194 2 2 8 8 3553 3617 918
5195 2 2 8 8 1616 4811 2671
5196 2 2 8 8 1495 5767 2510
5197 2 2 8 8 4750 4819 2553
5198 2 2 8 8 2138 5219 4119
5199 2 2 8 8 1375 5014 3777
5200 2 2 8 8 3281 3622 402
5201 2 2 8 8 2796 4118 1164
5202 2 2 8 8 1319 3469 2768
5203 2 2 8 8 3459 5728 2078
5204 2 2 8 8 1665 3931 2982
5205 2 2 8 8 1672 3661 2718
5206 2 2 8 8 2263 6099 2089
5207 2 2 8 8 1298 4482 2709
5208 2 2 8 8 2468 5889 881
5209 2 2 8 8 2036 4604 853
5210 2 2 8 8 4343 4967 1308
5211 2 2 8 8 938 5514 3917
5212 2 2 8 8 3388 4997 1530
5213 2 2 8 8 1302 5973 3876
5214 2 2 8 8 3328 3978 1623
5215 2 2 8 8 3137 3520 2139
5216 2 2 8 8 220 3163 219
5217 2 2 8 8 1917 4791 4583
5218 2 2 8 8 1750 4346 3478
5219 2 2 8 8 2713 5378 1446
5220 2 2 8 8 2711 4953 407
5221 2 2 8 8 1783 5930 2654
5222 2 2 8 8 933 5118 4630
5223 2 2 8 8 2210 4769 976
5224 2 2 8 8 1020 4666 2920
5225 2 2 8 8 3241 3326 1727
5226 2 2 8 8 3976 5089 662
5227 2 2 8 8 3196 4920 2029
5228 2 2 8 8 2629 6003 1154
5229 2 2 8 8 2466 4832 4076
5230 2 2 8 8 1591 5144 3472
5231 2 2 8 8 2597 4965 1400
5232 2 2 8 8 1058 4945 3155
5233 2 2 8 8 2406 6100 2717
5234 2 2 8 8 1160 5580 2450
5235 2 2 8 8 1085 4071 2792
5236 2 2 8 8 2263 4332 1085
5237 2 2 8 8 1024 5813 2471
5238 2 2 8 8 2630 5065 704
5239 2 2 8 8 3957 4862 1931
5240 2 2 8 8 3365 5786 2039
5241 2 2 8 8 1389 4687 3141
5242 2 2 8 8 2714 4273 1208
5243 2 2 8 8 2662 3707 1356
5244 2 2 8 8 2172 5337 2733
5245 2 2 8 8 1512 4267 3824
5246 2 2 8 8 2897 5720 144
5247 2 2 8 8 811 5081 3771
5248 2 2 8 8 3172 5325 948
5249 2 2 8 8 906 3881 2811
5250 2 2 8 8 3033 5418 3449
5251 2 2 8 8 1098 4443 2453
5252 2 2 8 8 3630 6106 492
5253 2 2 8 8 4665 5548 2143
5254 2 2 8 8 1281 3341 2944
5255 2 2 8 8 4443 5952 2632
5256 2 2 8 8 827 4770 2208
5257 2 2 8 8 3849 5594 850
5258 2 2 8 8 613 5828 2561
5259 2 2 8 8 4605 6122 832
5260 2 2 8 8 1343 3807 2651
5261 2 2 8 8 185 3678 184
5262 2 2 8 8 794 4006 2979
5263 2 2 8 8 1114 2750 2690
5264 2 2 8 8 2811 3684 906
5265 2 2 8 8 3550 3970 2193
5266 2 2 8 8 760 4021 2346
5267 2 2 8 8 2564 3662 1612
5268 2 2 8 8 1116 4207 2462
5269 2 2 8 8 1029 4011 3555
5270 2 2 8 8 2622 4394 1027
5271 2 2 8 8 969 4062 2810
5272 2 2 8 8 3487 5584 1535
5273 2 2 8 8 1371 5127 3715
5274 2 2 8 8 4479 5658 3364
5275 2 2 8 8 1260 4375 2979
5276 2 2 8 8 169 5886 4487
5277 2 2 8 8 3764 5647 1450
5278 2 2 8 8 1365 3190 2863
5279 2 2 8 8 722 5346 3140
5280 2 2 8 8 1203 4272 3206
5281 2 2 8 8 1291 6030 4038
5282 2 2 8 8 928 3667 3250
5283 2 2 8 8 3634 5387 2821
5284 2 2 8 8 3040 6067 1373
5285 2 2 8 8 1165 3691 2488
5286 2 2 8 8 3176 3910 1322
5287 2 2 8 8 3081 5232 3944
5288 2 2 8 8 2164 5432 4067
5289 2 2 8 8 3861 5048 1647
5290 2 2 8 8 4261 5883 3028
5291 2 2 8 8 1605 3654 2385
5292 2 2 8 8 3135 5625 1822
5293 2 2 8 8 892 4882 3497
5294 2 2 8 8 3774 6103 2939
5295 2 2 8 8 3068 3267 1638
5296 2 2 8 8 2613 3168 1635
5297 2 2 8 8 2871 5349 50
5298 2 2 8 8 2960 4593 1973
5299 2 2 8 8 1767 5676 2237
5300 2 2 8 8 719 4112 2562
5301 2 2 8 8 1822 4797 2578
5302 2 2 8 8 3408 3577 2025
5303 2 2 8 8 1083 4010 2872
5304 2 2 8 8 2973 5465 1470
5305 2 2 8 8 1290 3647 2862
5306 2 2 8 8 2310 3817 1071
5307 2 2 8 8 1555 5824 3701
5308 2 2 8 8 4441 5901 2427
5309 2 2 8 8 1499 4053 2903
5310 2 2 8 8 2038 5725 3644
5311 2 2 8 8 2717 4891 676
5312 2 2 8 8 237 4266 2599
5313 2 2 8 8 4193 5290 2890
5314 2 2 8 8 1738 5131 3710
5315 2 2 8 8 4133 4349 2110
5316 2 2 8 8 3277 5691 892
5317 2 2 8 8 3508 5685 2304
5318 2 2 8 8 1817 4110 3235
5319 2 2 8 8 1042 4328 2472
5320 2 2 8 8 2572 5391 1189
5321 2 2 8 8 1350 4078 2312
5322 2 2 8 8 2346 4898 2343
5323 2 2 8 8 2679 5460 1837
5324 2 2 8 8 1731 4787 3073
5325 2 2 8 8 794 6171 2802
5326 2 2 8 8 4044 5555 1317
5327 2 2 8 8 2715 5136 1844
5328 2 2 8 8 2358 4886 1196
5329 2 2 8 8 3521 4934 1772
5330 2 2 8 8 1612 4648 2564
5331 2 2 8 8 3149 5664 1200
5332 2 2 8 8 3901 4585 2457
5333 2 2 8 8 3055 4444 1618
5334 2 2 8 8 168 3873 167
5335 2 2 8 8 1770 6148 3624
5336 2 2 8 8 1671 3905 3071
5337 2 2 8 8 3257 4279 2341
5338 2 2 8 8 2599 4266 1551
5339 2 2 8 8 1056 4146 2645
5340 2 2 8 8 4074 5690 695
5341 2 2 8 8 1204 4459 2776
5342 2 2 8 8 216 4184 215
5343 2 2 8 8 2395 4956 1050
5344 2 2 8 8 2470 5177 849
5345 2 2 8 8 1546 4197 2620
5346 2 2 8 8 2445 5085 3132
5347 2 2 8 8 1227 4161 2603
5348 2 2 8 8 2237 5302 1064
5349 2 2 8 8 405 3096 404
5350 2 2 8 8 963 5317 4535
5351 2 2 8 8 609 3693 3059
5352 2 2 8 8 1335 3879 3076
5353 2 2 8 8 808 3552 3066
5354 2 2 8 8 2592 6004 689
5355 2 2 8 8 3639 6094 1258
5356 2 2 8 8 1385 4789 4232
5357 2 2 8 8 1099 3943 2612
5358 2 2 8 8 2838 4173 1721
5359 2 2 8 8 966 4694 3922
5360 2 2 8 8 1518 3903 2979
5361 2 2 8 8 3413 5763 961
5362 2 2 8 8 1077 4149 2766
5363 2 2 8 8 1368 4503 2764
5364 2 2 8 8 2873 5828 613
5365 2 2 8 8 969 4435 4393
5366 2 2 8 8 2348 5623 3222
5367 2 2 8 8 4851 5419 1983
5368 2 2 8 8 2126 3784 3480
5369 2 2 8 8 565 3407 564
5370 2 2 8 8 2456 6112 1316
5371 2 2 8 8 1090 4801 2564
5372 2 2 8 8 895 5799 2845
5373 2 2 8 8 424 3432 423
5374 2 2 8 8 2782 5328 1045
5375 2 2 8 8 3184 4664 2007
5376 2 2 8 8 2530 4045 605
5377 2 2 8 8 2493 5238 1461
5378 2 2 8 8 3167 5641 3911
5379 2 2 8 8 2394 4467 212
5380 2 2 8 8 3141 4687 1491
5381 2 2 8 8 1736 4962 2478
5382 2 2 8 8 4270 5506 2292
5383 2 2 8 8 797 2829 2828
5384 2 2 8 8 2412 3737 1460
5385 2 2 8 8 3273 4448 1549
5386 2 2 8 8 1906 6114 5755
5387 2 2 8 8 2749 4033 1398
5388 2 2 8 8 1187 4739 2322
5389 2 2 8 8 2241 4755 746
5390 2 2 8 8 2668 4407 1500
5391 2 2 8 8 3505 4650 1611
5392 2 2 8 8 799 4784 3179
5393 2 2 8 8 1784 4064 993
5394 2 2 8 8 1026 4026 2785
5395 2 2 8 8 2845 5799 1950
5396 2 2 8 8 63 3986 3985
5397 2 2 8 8 1222 5038 2585
5398 2 2 8 8 2282 5712 3862
5399 2 2 8 8 1687 4971 2557
5400 2 2 8 8 3757 3931 1665
5401 2 2 8 8 1553 4089 2993
5402 2 2 8 8 777 5973 2732
5403 2 2 8 8 1990 5229 3663
5404 2 2 8 8 2005 3615 708
5405 2 2 8 8 2084 4580 3805
5406 2 2 8 8 3387 3566 1376
5407 2 2 8 8 1346 5536 3336
5408 2 2 8 8 1572 4814 2350
5409 2 2 8 8 815 4392 3074
5410 2 2 8 8 2918 5211 493
5411 2 2 8 8 813 5752 3773
5412 2 2 8 8 1603 4536 4174
5413 2 2 8 8 2763 4356 573
5414 2 2 8 8 1375 5747 2501
5415 2 2 8 8 3306 3625 1763
5416 2 2 8 8 2887 5871 989
5417 2 2 8 8 108 4655 2869
5418 2 2 8 8 1636 3518 3517
5419 2 2 8 8 1488 3934 2837
5420 2 2 8 8 2817 5012 1124
5421 2 2 8 8 5716 5756 999
5422 2 2 8 8 3658 4323 1264
5423 2 2 8 8 2813 3641 768
5424 2 2 8 8 2598 6138 1046
5425 2 2 8 8 2022 5199 1399
5426 2 2 8 8 3584 3958 1893
5427 2 2 8 8 1380 4604 2036
5428 2 2 8 8 625 3598 3012
5429 2 2 8 8 1483 4340 2661
5430 2 2 8 8 2845 6034 1958
5431 2 2 8 8 822 3734 2697
5432 2 2 8 8 3872 5014 1556
5433 2 2 8 8 3395 4501 1634
5434 2 2 8 8 152 5075 151
5435 2 2 8 8 2847 5379 1161
5436 2 2 8 8 713 2974 2356
5437 2 2 8 8 5358 6036 3403
5438 2 2 8 8 2634 4657 1622
5439 2 2 8 8 1986 5463 3853
5440 2 2 8 8 4016 4620 1042
5441 2 2 8 8 2716 4581 1554
5442 2 2 8 8 1938 4831 3064
5443 2 2 8 8 2673 5633 1121
5444 2 2 8 8 3243 4668 2775
5445 2 2 8 8 3683 6171 794
5446 2 2 8 8 4067 5432 1272
5447 2 2 8 8 1926 5551 2816
5448 2 2 8 8 21 3906 2500
5449 2 2 8 8 2664 5607 642
5450 2 2 8 8 2570 5754 1057
5451 2 2 8 8 4347 6074 1393
5452 2 2 8 8 2601 5638 1534
5453 2 2 8 8 1328 4326 2869
5454 2 2 8 8 2281 3371 1385
5455 2 2 8 8 2788 4655 109
5456 2 2 8 8 5589 6004 2592
5457 2 2 8 8 1680 4582 2615
5458 2 2 8 8 2361 4316 985
5459 2 2 8 8 3520 3882 123
5460 2 2 8 8 2465 5915 1050
5461 2 2 8 8 1260 5667 2700
5462 2 2 8 8 1494 5109 2467
5463 2 2 8 8 2067 4537 2822
5464 2 2 8 8 215 4144 214
5465 2 2 8 8 2472 4328 1451
5466 2 2 8 8 4497 4594 1473
5467 2 2 8 8 2635 5942 1160
5468 2 2 8 8 2675 6140 2674
5469 2 2 8 8 243 3766 242
5470 2 2 8 8 2317 4597 682
5471 2 2 8 8 3982 4838 1808
5472 2 2 8 8 2412 5291 3737
5473 2 2 8 8 1821 4311 2363
5474 2 2 8 8 1491 4559 2985
5475 2 2 8 8 2603 4161 791
5476 2 2 8 8 3010 5203 656
5477 2 2 8 8 1592 4137 3692
5478 2 2 8 8 2355 5095 1377
5479 2 2 8 8 3519 5561 1627
5480 2 2 8 8 3619 4397 1357
5481 2 2 8 8 3451 5000 1125
5482 2 2 8 8 2666 5976 1019
5483 2 2 8 8 3686 4455 1192
5484 2 2 8 8 707 3676 2035
5485 2 2 8 8 1802 4954 4867
5486 2 2 8 8 1621 4348 2548
5487 2 2 8 8 572 3216 571
5488 2 2 8 8 2718 5870 1751
5489 2 2 8 8 3573 5090 1972
5490 2 2 8 8 3580 3775 1632
5491 2 2 8 8 2606 5174 177
5492 2 2 8 8 2253 4924 3069
5493 2 2 8 8 3105 3357 1920
5494 2 2 8 8 2276 5385 4441
5495 2 2 8 8 1168 4781 3043
5496 2 2 8 8 2789 3326 704
5497 2 2 8 8 3656 5699 191
5498 2 2 8 8 1816 4660 3498
5499 2 2 8 8 3064 4831 1642
5500 2 2 8 8 3585 5344 1726
5501 2 2 8 8 548 4370 547
5502 2 2 8 8 3851 5570 1170
5503 2 2 8 8 847 4537 2786
5504 2 2 8 8 1103 3575 2638
5505 2 2 8 8 2559 4705 140
5506 2 2 8 8 2665 5049 75
5507 2 2 8 8 4142 5050 810
5508 2 2 8 8 5410 5463 1986
5509 2 2 8 8 2697 3734 1401
5510 2 2 8 8 2497 6150 3310
5511 2 2 8 8 597 5986 2676
5512 2 2 8 8 2840 4474 1513
5513 2 2 8 8 3335 4167 1681
5514 2 2 8 8 1046 4422 2598
5515 2 2 8 8 1238 4569 3959
5516 2 2 8 8 2671 4811 1120
5517 2 2 8 8 3961 4830 2180
5518 2 2 8 8 2760 5429 614
5519 2 2 8 8 2639 3871 1545
5520 2 2 8 8 1398 4033 2665
5521 2 2 8 8 3170 4213 1747
5522 2 2 8 8 1388 4549 2328
5523 2 2 8 8 1524 3849 3797
5524 2 2 8 8 1226 3874 2984
5525 2 2 8 8 4564 4794 936
5526 2 2 8 8 3486 3929 1963
5527 2 2 8 8 1385 4277 2656
5528 2 2 8 8 3342 3633 1539
5529 2 2 8 8 527 4477 526
5530 2 2 8 8 2352 4134 1028
5531 2 2 8 8 2502 6093 914
5532 2 2 8 8 963 4535 2384
5533 2 2 8 8 734 5985 2745
5534 2 2 8 8 1740 3403 3060
5535 2 2 8 8 3109 3661 759
5536 2 2 8 8 2487 5824 1371
5537 2 2 8 8 4148 5541 1777
5538 2 2 8 8 998 6061 6056
5539 2 2 8 8 3059 3693 1671
5540 2 2 8 8 2604 5913 2270
5541 2 2 8 8 1027 4387 2622
5542 2 2 8 8 4094 4321 2342
5543 2 2 8 8 2517 6157 699
5544 2 2 8 8 1953 5317 3698
5545 2 2 8 8 3695 3935 1861
5546 2 2 8 8 983 3423 2801
5547 2 2 8 8 2701 3005 1036
5548 2 2 8 8 1406 3834 3599
5549 2 2 8 8 3241 3518 1636
5550 2 2 8 8 3455 4538 2065
5551 2 2 8 8 2839 5630 3477
5552 2 2 8 8 564 4546 563
5553 2 2 8 8 3631 4793 723
5554 2 2 8 8 967 4349 4133
5555 2 2 8 8 3797 3849 1944
5556 2 2 8 8 2922 3035 1353
5557 2 2 8 8 629 3601 2541
5558 2 2 8 8 1923 4098 3783
5559 2 2 8 8 708 4734 2494
5560 2 2 8 8 3183 5640 809
5561 2 2 8 8 1560 5901 4152
5562 2 2 8 8 2696 5103 1261
5563 2 2 8 8 2844 3834 1406
5564 2 2 8 8 1213 3558 2991
5565 2 2 8 8 2709 4720 646
5566 2 2 8 8 2801 4919 1880
5567 2 2 8 8 1732 4609 3219
5568 2 2 8 8 765 5452 3452
5569 2 2 8 8 3093 5543 1918
5570 2 2 8 8 2993 4089 205
5571 2 2 8 8 4658 6143 2630
5572 2 2 8 8 3290 5750 917
5573 2 2 8 8 2938 4610 1540
5574 2 2 8 8 4211 5205 923
5575 2 2 8 8 2676 5953 961
5576 2 2 8 8 2957 4641 1391
5577 2 2 8 8 682 3238 2588
5578 2 2 8 8 1641 5338 2698
5579 2 2 8 8 1502 4201 2974
5580 2 2 8 8 4262 5466 1475
5581 2 2 8 8 3022 3643 1080
5582 2 2 8 8 3009 4646 1739
5583 2 2 8 8 3673 5969 2290
5584 2 2 8 8 3336 4447 1584
5585 2 2 8 8 3926 6073 679
5586 2 2 8 8 667 5713 2923
5587 2 2 8 8 900 5846 3501
5588 2 2 8 8 3546 5420 5405
5589 2 2 8 8 2908 4283 1553
5590 2 2 8 8 2624 5499 1317
5591 2 2 8 8 2869 4655 1699
5592 2 2 8 8 1160 3441 2635
5593 2 2 8 8 1156 5450 4822
5594 2 2 8 8 4116 4469 1267
5595 2 2 8 8 3912 6141 820
5596 2 2 8 8 2231 4486 545
5597 2 2 8 8 156 5842 155
5598 2 2 8 8 1811 5842 3063
5599 2 2 8 8 1552 3400 3033
5600 2 2 8 8 2266 4695 3206
5601 2 2 8 8 1454 4121 3102
5602 2 2 8 8 2803 5080 1271
5603 2 2 8 8 1503 4386 3671
5604 2 2 8 8 3310 5847 2497
5605 2 2 8 8 1360 4896 3070
5606 2 2 8 8 2170 4286 3594
5607 2 2 8 8 2857 2912 785
5608 2 2 8 8 2467 4081 1494
5609 2 2 8 8 1749 5482 2782
5610 2 2 8 8 2750 3768 3193
5611 2 2 8 8 427 3704 426
5612 2 2 8 8 2885 5065 2630
5613 2 2 8 8 2942 3759 1450
5614 2 2 8 8 1123 5542 3573
5615 2 2 8 8 799 3462 2890
5616 2 2 8 8 3480 3784 1648
5617 2 2 8 8 2367 5205 4211
5618 2 2 8 8 160 3116 2734
5619 2 2 8 8 1011 4402 3599
5620 2 2 8 8 1079 4540 4014
5621 2 2 8 8 3526 4083 1650
5622 2 2 8 8 1673 4812 3543
5623 2 2 8 8 1315 3370 3323
5624 2 2 8 8 918 3518 3241
5625 2 2 8 8 1699 4655 2788
5626 2 2 8 8 2735 5087 1940
5627 2 2 8 8 1265 4735 2916
5628 2 2 8 8 2319 5070 1206
5629 2 2 8 8 3081 3781 1166
5630 2 2 8 8 1412 4243 2330
5631 2 2 8 8 1700 4010 2537
5632 2 2 8 8 1211 4418 2562
5633 2 2 8 8 4821 4823 1237
5634 2 2 8 8 2903 4053 599
5635 2 2 8 8 1387 3914 2761
5636 2 2 8 8 1390 3853 2816
5637 2 2 8 8 1312 5620 3221
5638 2 2 8 8 2504 5159 1052
5639 2 2 8 8 879 4664 3184
5640 2 2 8 8 588 5286 2419
5641 2 2 8 8 2248 4338 617
5642 2 2 8 8 2766 3731 1509
5643 2 2 8 8 965 4470 3525
5644 2 2 8 8 200 3240 199
5645 2 2 8 8 2926 3595 1214
5646 2 2 8 8 164 4025 163
5647 2 2 8 8 1667 4745 2853
5648 2 2 8 8 2916 3425 919
5649 2 2 8 8 2330 4260 985
5650 2 2 8 8 3034 4548 1828
5651 2 2 8 8 818 4085 3201
5652 2 2 8 8 3664 4991 1391
5653 2 2 8 8 4233 4733 1121
5654 2 2 8 8 1063 5982 3959
5655 2 2 8 8 2949 3764 686
5656 2 2 8 8 1523 5530 4398
5657 2 2 8 8 1201 3914 3054
5658 2 2 8 8 30 5298 29
5659 2 2 8 8 829 4506 2576
5660 2 2 8 8 2622 4387 1541
5661 2 2 8 8 2875 5620 1312
5662 2 2 8 8 596 5654 5535
5663 2 2 8 8 4342 4997 3388
5664 2 2 8 8 1196 4336 2460
5665 2 2 8 8 776 6101 2685
5666 2 2 8 8 1738 5080 2803
5667 2 2 8 8 2365 5305 1277
5668 2 2 8 8 3597 3598 625
5669 2 2 8 8 2313 4502 3065
5670 2 2 8 8 902 4530 4355
5671 2 2 8 8 3303 6057 3202
5672 2 2 8 8 1743 5245 2774
5673 2 2 8 8 2918 5849 5211
5674 2 2 8 8 4159 5560 1345
5675 2 2 8 8 767 2716 2147
5676 2 2 8 8 3247 4176 1912
5677 2 2 8 8 2378 4380 4077
5678 2 2 8 8 1397 3988 2357
5679 2 2 8 8 4384 5229 1990
5680 2 2 8 8 2547 5449 1821
5681 2 2 8 8 2886 3885 1408
5682 2 2 8 8 2550 4533 1465
5683 2 2 8 8 3838 4264 2707
5684 2 2 8 8 107 4326 106
5685 2 2 8 8 25 3772 3008
5686 2 2 8 8 2765 5815 947
5687 2 2 8 8 1352 4692 2575
5688 2 2 8 8 2978 3524 1232
5689 2 2 8 8 2782 5110 1749
5690 2 2 8 8 2785 4218 1026
5691 2 2 8 8 1636 3326 3241
5692 2 2 8 8 3156 5106 111
5693 2 2 8 8 4876 5603 1493
5694 2 2 8 8 123 3882 122
5695 2 2 8 8 2288 6072 2699
5696 2 2 8 8 2902 4670 2103
5697 2 2 8 8 2548 4591 1621
5698 2 2 8 8 1855 4942 2511
5699 2 2 8 8 842 5521 3807
5700 2 2 8 8 988 6017 2881
5701 2 2 8 8 1563 5102 3774
5702 2 2 8 8 1560 4152 3752
5703 2 2 8 8 2593 4313 406
5704 2 2 8 8 566 4654 565
5705 2 2 8 8 2947 4661 781
5706 2 2 8 8 1305 4680 2399
5707 2 2 8 8 1637 3841 3023
5708 2 2 8 8 1335 3684 2811
5709 2 2 8 8 1035 4223 3242
5710 2 2 8 8 2743 4499 1733
5711 2 2 8 8 1794 3643 3022
5712 2 2 8 8 3147 5855 459
5713 2 2 8 8 3019 5483 4395
5714 2 2 8 8 2901 3748 1285
5715 2 2 8 8 1391 4991 3936
5716 2 2 8 8 3695 3808 1400
5717 2 2 8 8 3221 4614 1151
5718 2 2 8 8 1263 5509 2882
5719 2 2 8 8 1778 3825 1395
5720 2 2 8 8 628 4319 2712
5721 2 2 8 8 2714 5077 658
5722 2 2 8 8 514 5468 2590
5723 2 2 8 8 2327 4394 3293
5724 2 2 8 8 4287 4817 2075
5725 2 2 8 8 2135 4494 3640
5726 2 2 8 8 3801 6158 2685
5727 2 2 8 8 4174 4271 729
5728 2 2 8 8 2669 5411 1558
5729 2 2 8 8 1261 4606 2696
5730 2 2 8 8 4017 4949 2088
5731 2 2 8 8 1823 5621 4240
5732 2 2 8 8 1417 3612 3409
5733 2 2 8 8 124 4870 3823
5734 2 2 8 8 2716 5148 2147
5735 2 2 8 8 2801 5701 983
5736 2 2 8 8 187 3776 186
5737 2 2 8 8 5592 5803 3159
5738 2 2 8 8 2083 3658 1264
5739 2 2 8 8 3217 3756 1255
5740 2 2 8 8 1062 4379 2579
5741 2 2 8 8 2842 3714 3422
5742 2 2 8 8 2703 4238 1193
5743 2 2 8 8 3419 3706 1306
5744 2 2 8 8 1335 6154 3879
5745 2 2 8 8 2155 6151 2797
5746 2 2 8 8 3043 3900 2059
5747 2 2 8 8 239 3993 2776
5748 2 2 8 8 3799 4248 502
5749 2 2 8 8 433 3431 432
5750 2 2 8 8 3240 5196 2341
5751 2 2 8 8 2628 3898 113
5752 2 2 8 8 1614 3946 1845
5753 2 2 8 8 2605 4298 713
5754 2 2 8 8 5615 6159 1505
5755 2 2 8 8 2477 5752 2131
5756 2 2 8 8 2804 4868 1147
5757 2 2 8 8 1492 6126 4305
5758 2 2 8 8 1434 4330 3146
5759 2 2 8 8 193 3217 192
5760 2 2 8 8 1374 4183 2804
5761 2 2 8 8 1553 5707 2908
5762 2 2 8 8 1830 4493 4069
5763 2 2 8 8 1212 5989 3171
5764 2 2 8 8 2664 4139 1626
5765 2 2 8 8 3195 5886 170
5766 2 2 8 8 230 4741 2496
5767 2 2 8 8 1397 5680 3988
5768 2 2 8 8 4138 5150 2724
5769 2 2 8 8 4224 4750 1522
5770 2 2 8 8 4909 6009 921
5771 2 2 8 8 5787 6035 1975
5772 2 2 8 8 2723 4236 2437
5773 2 2 8 8 27 4763 26
5774 2 2 8 8 2698 5338 1193
5775 2 2 8 8 2943 4742 1332
5776 2 2 8 8 3181 5746 1289
5777 2 2 8 8 1411 5990 3318
5778 2 2 8 8 1488 5504 3811
5779 2 2 8 8 2941 4699 1355
5780 2 2 8 8 652 4209 2585
5781 2 2 8 8 1500 3415 3286
5782 2 2 8 8 673 6045 3332
5783 2 2 8 8 1534 3617 3405
5784 2 2 8 8 3871 6020 1545
5785 2 2 8 8 2982 4230 1665
5786 2 2 8 8 5029 5448 896
5787 2 2 8 8 5602 6168 1516
5788 2 2 8 8 2799 5801 2245
5789 2 2 8 8 1021 6112 2456
5790 2 2 8 8 2910 3980 1394
5791 2 2 8 8 1727 4189 3241
5792 2 2 8 8 4631 5016 1652
5793 2 2 8 8 1178 4957 2787
5794 2 2 8 8 3210 3342 774
5795 2 2 8 8 5598 6054 2028
5796 2 2 8 8 1149 5550 5068
5797 2 2 8 8 3208 5585 4460
5798 2 2 8 8 2073 3846 2953
5799 2 2 8 8 791 3990 2900
5800 2 2 8 8 4051 4569 1238
5801 2 2 8 8 641 5377 2087
5802 2 2 8 8 1278 5233 3053
5803 2 2 8 8 2398 4649 3308
5804 2 2 8 8 491 3960 490
5805 2 2 8 8 2573 4688 1158
5806 2 2 8 8 1877 4214 3828
5807 2 2 8 8 1193 5338 2703
5808 2 2 8 8 1837 5460 781
5809 2 2 8 8 49 3503 48
5810 2 2 8 8 2361 4260 2977
5811 2 2 8 8 4274 5028 2468
5812 2 2 8 8 248 4625 2840
5813 2 2 8 8 175 4110 174
5814 2 2 8 8 582 4499 581
5815 2 2 8 8 2560 4457 1489
5816 2 2 8 8 2018 4201 3331
5817 2 2 8 8 3309 4249 1187
5818 2 2 8 8 1966 3829 3560
5819 2 2 8 8 2487 5703 521
5820 2 2 8 8 5046 6148 1770
5821 2 2 8 8 2703 5338 1641
5822 2 2 8 8 691 3357 3105
5823 2 2 8 8 3479 4890 1976
5824 2 2 8 8 2701 5508 1849
5825 2 2 8 8 908 4713 3129
5826 2 2 8 8 1511 4066 3729
5827 2 2 8 8 97 3447 96
5828 2 2 8 8 2911 3601 1707
5829 2 2 8 8 2710 4157 2451
5830 2 2 8 8 2982 3931 611
5831 2 2 8 8 874 5557 4685
5832 2 2 8 8 3106 4648 1612
5833 2 2 8 8 1402 4238 4060
5834 2 2 8 8 1846 5341 2771
5835 2 2 8 8 1624 4037 3555
5836 2 2 8 8 2035 3358 3146
5837 2 2 8 8 1535 5584 3603
5838 2 2 8 8 3287 3860 1332
5839 2 2 8 8 1449 4630 2660
5840 2 2 8 8 2726 4239 1291
5841 2 2 8 8 552 4250 3354
5842 2 2 8 8 3348 4178 943
5843 2 2 8 8 1989 3746 3304
5844 2 2 8 8 1325 6170 2860
5845 2 2 8 8 789 5243 2563
5846 2 2 8 8 1946 3773 3318
5847 2 2 8 8 1796 4759 2962
5848 2 2 8 8 1293 3598 3199
5849 2 2 8 8 1314 3852 3605
5850 2 2 8 8 772 5331 2649
5851 2 2 8 8 2692 4754 1134
5852 2 2 8 8 3507 6087 1876
5853 2 2 8 8 2558 6004 1767
5854 2 2 8 8 3003 3552 808
5855 2 2 8 8 2403 3359 1599
5856 2 2 8 8 2092 5532 2777
5857 2 2 8 8 1796 5059 3607
5858 2 2 8 8 4191 5214 2413
5859 2 2 8 8 2391 5485 67
5860 2 2 8 8 19 3871 2639
5861 2 2 8 8 3640 4494 1997
5862 2 2 8 8 2818 5488 1719
5863 2 2 8 8 1667 5049 2665
5864 2 2 8 8 3386 4145 2053
5865 2 2 8 8 2724 4898 1127
5866 2 2 8 8 3895 4263 2233
5867 2 2 8 8 1405 4480 4145
5868 2 2 8 8 872 5577 2085
5869 2 2 8 8 1345 5560 2555
5870 2 2 8 8 2890 3462 1522
5871 2 2 8 8 2773 4672 446
5872 2 2 8 8 1198 5023 2748
5873 2 2 8 8 1799 3966 3593
5874 2 2 8 8 4556 4969 897
5875 2 2 8 8 2977 4250 553
5876 2 2 8 8 1404 2895 2513
5877 2 2 8 8 614 5429 2688
5878 2 2 8 8 2839 3477 1172
5879 2 2 8 8 230 4838 229
5880 2 2 8 8 1841 5028 4274
5881 2 2 8 8 1106 5216 2791
5882 2 2 8 8 2924 6128 1226
5883 2 2 8 8 861 3827 3080
5884 2 2 8 8 1610 5920 4226
5885 2 2 8 8 2651 5521 1550
5886 2 2 8 8 3608 3609 1428
5887 2 2 8 8 891 3935 3695
5888 2 2 8 8 2289 6094 2491
5889 2 2 8 8 2396 4297 2969
5890 2 2 8 8 1623 3978 3974
5891 2 2 8 8 1460 3528 2412
5892 2 2 8 8 1445 3763 3153
5893 2 2 8 8 1123 4442 2485
5894 2 2 8 8 4046 6091 3288
5895 2 2 8 8 2185 6128 2924
5896 2 2 8 8 91 4426 90
5897 2 2 8 8 1798 3859 3212
5898 2 2 8 8 840 4439 2696
5899 2 2 8 8 1471 3939 2268
5900 2 2 8 8 1626 5607 2664
5901 2 2 8 8 1762 5026 2505
5902 2 2 8 8 1672 4589 3661
5903 2 2 8 8 1919 4787 3819
5904 2 2 8 8 4025 4621 163
5905 2 2 8 8 3509 6161 2169
5906 2 2 8 8 3194 4782 616
5907 2 2 8 8 2518 5370 1529
5908 2 2 8 8 998 5618 2505
5909 2 2 8 8 3353 4105 2031
5910 2 2 8 8 870 6105 3793
5911 2 2 8 8 2854 4475 1280
5912 2 2 8 8 2349 4500 1206
5913 2 2 8 8 1638 3775 3580
5914 2 2 8 8 3128 4815 2793
5915 2 2 8 8 1412 5844 2572
5916 2 2 8 8 1504 3950 2906
5917 2 2 8 8 1693 5308 4385
5918 2 2 8 8 927 5071 4336
5919 2 2 8 8 2156 5193 3014
5920 2 2 8 8 1900 4295 3316
5921 2 2 8 8 504 3659 503
5922 2 2 8 8 876 4113 2512
5923 2 2 8 8 9 3384 536
5924 2 2 8 8 1948 5917 710
5925 2 2 8 8 2862 3647 1571
5926 2 2 8 8 3290 4875 2176
5927 2 2 8 8 547 3472 546
5928 2 2 8 8 2201 4170 3011
5929 2 2 8 8 3137 5856 1362
5930 2 2 8 8 1013 4272 2919
5931 2 2 8 8 1917 3765 3038
5932 2 2 8 8 3864 4512 1988
5933 2 2 8 8 2969 5758 2396
5934 2 2 8 8 3357 4906 1539
5935 2 2 8 8 2436 3637 1233
5936 2 2 8 8 1928 4413 3818
5937 2 2 8 8 1508 3440 3185
5938 2 2 8 8 3264 3716 1467
5939 2 2 8 8 1563 4638 4595
5940 2 2 8 8 3313 6140 2675
5941 2 2 8 8 1207 4081 2467
5942 2 2 8 8 1833 3679 3592
5943 2 2 8 8 1444 4693 3537
5944 2 2 8 8 1690 4409 2812
5945 2 2 8 8 207 3372 206
5946 2 2 8 8 2727 4884 149
5947 2 2 8 8 2694 5547 2293
5948 2 2 8 8 538 2990 537
5949 2 2 8 8 1838 5503 2733
5950 2 2 8 8 2405 4213 1087
5951 2 2 8 8 2771 5341 1044
5952 2 2 8 8 188 4675 187
5953 2 2 8 8 3392 3584 1625
5954 2 2 8 8 2587 4387 1027
5955 2 2 8 8 1983 4964 872
5956 2 2 8 8 2013 5941 4629
5957 2 2 8 8 526 4626 525
5958 2 2 8 8 3058 3851 1363
5959 2 2 8 8 4260 4848 1337
5960 2 2 8 8 1163 4746 3055
5961 2 2 8 8 2389 4702 1205
5962 2 2 8 8 3823 4870 1363
5963 2 2 8 8 2553 4790 1522
5964 2 2 8 8 861 5796 3827
5965 2 2 8 8 2805 4308 646
5966 2 2 8 8 211 4467 3188
5967 2 2 8 8 1836 4880 3706
5968 2 2 8 8 3177 3510 668
5969 2 2 8 8 3425 3877 919
5970 2 2 8 8 1363 4415 2846
5971 2 2 8 8 4595 4638 1872
5972 2 2 8 8 1558 5023 3072
5973 2 2 8 8 4348 5717 2533
5974 2 2 8 8 2545 5524 1015
5975 2 2 8 8 2527 4989 1004
5976 2 2 8 8 4038 4128 2726
5977 2 2 8 8 1277 5305 2597
5978 2 2 8 8 1112 4263 3895
5979 2 2 8 8 3057 5129 1171
5980 2 2 8 8 2967 3602 480
5981 2 2 8 8 1421 5964 2934
5982 2 2 8 8 3218 4668 599
5983 2 2 8 8 2826 5541 1150
5984 2 2 8 8 2878 5775 4230
5985 2 2 8 8 1640 3622 3281
5986 2 2 8 8 2627 6149 1350
5987 2 2 8 8 910 5099 2946
5988 2 2 8 8 793 5592 3159
5989 2 2 8 8 1075 6140 3313
5990 2 2 8 8 5135 5797 724
5991 2 2 8 8 35 3590 34
5992 2 2 8 8 2620 4197 556
5993 2 2 8 8 442 4182 441
5994 2 2 8 8 1178 3795 2830
5995 2 2 8 8 861 5169 5158
5996 2 2 8 8 2141 4118 2939
5997 2 2 8 8 1521 4534 2920
5998 2 2 8 8 1498 4307 2515
5999 2 2 8 8 2121 4908 3260
6000 2 2 8 8 5813 5910 3702
6001 2 2 8 8 601 5627 2508
6002 2 2 8 8 4517 5328 1659
6003 2 2 8 8 2016 4596 4291
6004 2 2 8 8 672 4786 2940
6005 2 2 8 8 3232 5769 2181
6006 2 2 8 8 481 3845 2967
6007 2 2 8 8 2560 4198 3852
6008 2 2 8 8 726 5655 2302
6009 2 2 8 8 1170 4070 2751
6010 2 2 8 8 3338 5528 1326
6011 2 2 8 8 2653 4851 872
6012 2 2 8 8 3394 4018 189
6013 2 2 8 8 42 3365 41
6014 2 2 8 8 1808 4838 2496
6015 2 2 8 8 2305 4369 1364
6016 2 2 8 8 3388 3512 1827
6017 2 2 8 8 4155 4242 949
6018 2 2 8 8 2936 5827 1182
6019 2 2 8 8 2252 5591 560
6020 2 2 8 8 2818 3364 1239
6021 2 2 8 8 5188 5753 1589
6022 2 2 8 8 1745 5198 2731
6023 2 2 8 8 3095 6121 1064
6024 2 2 8 8 3529 5161 999
6025 2 2 8 8 749 3787 2509
6026 2 2 8 8 1478 6010 3984
6027 2 2 8 8 2597 3857 1277
6028 2 2 8 8 1382 3741 3740
6029 2 2 8 8 2202 3652 3313
6030 2 2 8 8 811 4724 2932
6031 2 2 8 8 2541 4527 629
6032 2 2 8 8 610 4285 3662
6033 2 2 8 8 5384 5621 1823
6034 2 2 8 8 2618 4863 1137
6035 2 2 8 8 420 5710 419
6036 2 2 8 8 1658 5024 3227
6037 2 2 8 8 1332 4411 3375
6038 2 2 8 8 3405 3617 1787
6039 2 2 8 8 808 4049 3003
6040 2 2 8 8 4378 4574 848
6041 2 2 8 8 2629 4733 4233
6042 2 2 8 8 3662 4285 1612
6043 2 2 8 8 2622 4772 1512
6044 2 2 8 8 860 4905 3444
6045 2 2 8 8 1416 3809 3166
6046 2 2 8 8 2947 4165 1723
6047 2 2 8 8 4145 4480 2053
6048 2 2 8 8 3758 5167 708
6049 2 2 8 8 1462 5193 4434
6050 2 2 8 8 4553 5036 826
6051 2 2 8 8 654 5510 2328
6052 2 2 8 8 553 4250 552
6053 2 2 8 8 1672 5573 4551
6054 2 2 8 8 1821 4290 2547
6055 2 2 8 8 5271 5737 2409
6056 2 2 8 8 1701 5377 2781
6057 2 2 8 8 1347 3893 3374
6058 2 2 8 8 437 5805 2933
6059 2 2 8 8 3023 3841 845
6060 2 2 8 8 927 4804 3020
6061 2 2 8 8 2951 5340 1531
6062 2 2 8 8 2207 4800 3944
6063 2 2 8 8 2611 5052 1116
6064 2 2 8 8 1140 4464 2204
6065 2 2 8 8 1792 4007 2308
6066 2 2 8 8 3772 4763 2107
6067 2 2 8 8 621 3731 2766
6068 2 2 8 8 2690 4057 1114
6069 2 2 8 8 2441 5753 1048
6070 2 2 8 8 5127 5261 2478
6071 2 2 8 8 2528 4261 1658
6072 2 2 8 8 1678 5633 2673
6073 2 2 8 8 3310 5132 1910
6074 2 2 8 8 3097 3896 1592
6075 2 2 8 8 456 3435 455
6076 2 2 8 8 2970 5909 3794
6077 2 2 8 8 2643 3913 1410
6078 2 2 8 8 2076 4817 4287
6079 2 2 8 8 170 5886 169
6080 2 2 8 8 2068 3855 3266
6081 2 2 8 8 4293 4294 944
6082 2 2 8 8 3642 4066 618
6083 2 2 8 8 2077 4047 3768
6084 2 2 8 8 99 3373 98
6085 2 2 8 8 1737 3384 1352
6086 2 2 8 8 2125 4108 1568
6087 2 2 8 8 2557 4971 4795
6088 2 2 8 8 3430 4665 597
6089 2 2 8 8 2274 5662 3346
6090 2 2 8 8 2779 3604 1217
6091 2 2 8 8 224 5977 1
6092 2 2 8 8 611 6050 4254
6093 2 2 8 8 1848 4668 3218
6094 2 2 8 8 1556 3458 3017
6095 2 2 8 8 3002 5220 4419
6096 2 2 8 8 764 3844 2913
6097 2 2 8 8 1192 4455 3236
6098 2 2 8 8 3002 5139 2050
6099 2 2 8 8 631 4963 3101
6100 2 2 8 8 1510 3891 3224
6101 2 2 8 8 1516 6168 3846
6102 2 2 8 8 2787 5944 3795
6103 2 2 8 8 1421 3516 3115
6104 2 2 8 8 1969 4176 3247
6105 2 2 8 8 191 5699 190
6106 2 2 8 8 2732 5973 1954
6107 2 2 8 8 1765 4556 3799
6108 2 2 8 8 1748 4448 3273
6109 2 2 8 8 2105 5129 3057
6110 2 2 8 8 3818 4413 824
6111 2 2 8 8 2548 4348 72
6112 2 2 8 8 4882 4981 1474
6113 2 2 8 8 3219 4609 609
6114 2 2 8 8 806 4123 2682
6115 2 2 8 8 2268 6060 1830
6116 2 2 8 8 1803 5630 2839
6117 2 2 8 8 3316 5931 1900
6118 2 2 8 8 4284 5908 1510
6119 2 2 8 8 2589 5558 1827
6120 2 2 8 8 1410 3653 2643
6121 2 2 8 8 2290 5294 3673
6122 2 2 8 8 3719 5649 1469
6123 2 2 8 8 1460 4160 3049
6124 2 2 8 8 3433 4019 1746
6125 2 2 8 8 1852 4066 3642
6126 2 2 8 8 2585 4229 652
6127 2 2 8 8 4514 4697 1884
6128 2 2 8 8 850 5594 4866
6129 2 2 8 8 654 4420 3119
6130 2 2 8 8 2011 4059 3379
6131 2 2 8 8 1280 5374 2946
6132 2 2 8 8 1458 4030 2523
6133 2 2 8 8 4867 4954 722
6134 2 2 8 8 3331 4201 1502
6135 2 2 8 8 4808 5180 772
6136 2 2 8 8 2850 5092 441
6137 2 2 8 8 884 4890 3479
6138 2 2 8 8 2942 4085 818
6139 2 2 8 8 1730 4356 2763
6140 2 2 8 8 4809 5023 1198
6141 2 2 8 8 2723 4036 1575
6142 2 2 8 8 394 5772 393
6143 2 2 8 8 2031 5464 3353
6144 2 2 8 8 4565 5077 1496
6145 2 2 8 8 1006 4657 2634
6146 2 2 8 8 721 5344 3585
6147 2 2 8 8 2520 6061 1296
6148 2 2 8 8 3814 4374 1422
6149 2 2 8 8 3176 5041 3910
6150 2 2 8 8 2446 6118 692
6151 2 2 8 8 2939 6103 2141
6152 2 2 8 8 2830 4506 829
6153 2 2 8 8 1047 5415 2989
6154 2 2 8 8 2930 5076 827
6155 2 2 8 8 1100 5275 2883
6156 2 2 8 8 2101 4864 1577
6157 2 2 8 8 1538 3598 3597
6158 2 2 8 8 3374 3893 1812
6159 2 2 8 8 2736 5333 1973
6160 2 2 8 8 3421 3886 922
6161 2 2 8 8 1356 6135 2662
6162 2 2 8 8 3551 3950 1504
6163 2 2 8 8 2921 5201 866
6164 2 2 8 8 2642 4417 1094
6165 2 2 8 8 2222 3880 81
6166 2 2 8 8 670 4706 4104
6167 2 2 8 8 1155 5034 2442
6168 2 2 8 8 2758 4823 2085
6169 2 2 8 8 3323 4458 632
6170 2 2 8 8 2051 5934 2964
6171 2 2 8 8 861 5158 2752
6172 2 2 8 8 2733 5503 1167
6173 2 2 8 8 2940 4786 1859
6174 2 2 8 8 1222 4667 2646
6175 2 2 8 8 402 3622 401
6176 2 2 8 8 2948 5502 2062
6177 2 2 8 8 1418 3963 2514
6178 2 2 8 8 2555 5560 1176
6179 2 2 8 8 3397 5692 3476
6180 2 2 8 8 1183 4826 2931
6181 2 2 8 8 40 5546 39
6182 2 2 8 8 4109 4110 1817
6183 2 2 8 8 1992 5016 4631
6184 2 2 8 8 1477 4321 4094
6185 2 2 8 8 1968 4536 3866
6186 2 2 8 8 2387 5618 998
6187 2 2 8 8 3385 5201 2480
6188 2 2 8 8 3100 3101 1598
6189 2 2 8 8 971 5758 2969
6190 2 2 8 8 3911 5641 1854
6191 2 2 8 8 2409 4966 817
6192 2 2 8 8 1722 4950 2805
6193 2 2 8 8 1959 6027 4359
6194 2 2 8 8 2830 4627 1178
6195 2 2 8 8 2932 4724 4081
6196 2 2 8 8 3011 4170 1030
6197 2 2 8 8 3492 5096 735
6198 2 2 8 8 613 4742 2943
6199 2 2 8 8 2733 5337 720
6200 2 2 8 8 2751 4070 1523
6201 2 2 8 8 1846 5651 5341
6202 2 2 8 8 3745 4414 419
6203 2 2 8 8 1574 4869 3351
6204 2 2 8 8 1087 4213 3170
6205 2 2 8 8 1790 4938 4299
6206 2 2 8 8 3645 4920 1947
6207 2 2 8 8 2837 3934 1002
6208 2 2 8 8 4095 6127 604
6209 2 2 8 8 3420 6169 596
6210 2 2 8 8 1414 5204 2081
6211 2 2 8 8 3478 4346 952
6212 2 2 8 8 1283 3582 2923
6213 2 2 8 8 2514 5995 1543
6214 2 2 8 8 1664 5133 2839
6215 2 2 8 8 742 4076 2298
6216 2 2 8 8 18 3276 17
6217 2 2 8 8 1338 4557 2796
6218 2 2 8 8 3943 4560 1788
6219 2 2 8 8 1415 3451 3436
6220 2 2 8 8 3786 6005 668
6221 2 2 8 8 2430 5455 3193
6222 2 2 8 8 513 3311 512
6223 2 2 8 8 596 5535 3420
6224 2 2 8 8 3402 3478 1528
6225 2 2 8 8 3339 4077 1199
6226 2 2 8 8 1071 5994 2576
6227 2 2 8 8 1780 6024 2667
6228 2 2 8 8 2892 5026 1762
6229 2 2 8 8 3427 5792 2356
6230 2 2 8 8 2377 5490 4729
6231 2 2 8 8 1818 3844 3325
6232 2 2 8 8 3156 3898 1354
6233 2 2 8 8 3044 4555 757
6234 2 2 8 8 1523 4212 2751
6235 2 2 8 8 1385 4232 2281
6236 2 2 8 8 1193 5226 2698
6237 2 2 8 8 4558 5364 2277
6238 2 2 8 8 2668 4611 1755
6239 2 2 8 8 37 4842 36
6240 2 2 8 8 4381 5241 2247
6241 2 2 8 8 4259 4466 1661
6242 2 2 8 8 1214 3595 2885
6243 2 2 8 8 131 3994 130
6244 2 2 8 8 1629 3945 3189
6245 2 2 8 8 208 4297 207
6246 2 2 8 8 3338 4388 1750
6247 2 2 8 8 2520 5690 4074
6248 2 2 8 8 3046 5587 2140
6249 2 2 8 8 1919 5140 4787
6250 2 2 8 8 4355 4530 2488
6251 2 2 8 8 1353 4856 3826
6252 2 2 8 8 3187 4262 1475
6253 2 2 8 8 1408 4904 2864
6254 2 2 8 8 680 4747 3600
6255 2 2 8 8 1689 4024 3570
6256 2 2 8 8 1373 5736 2889
6257 2 2 8 8 2673 4477 1678
6258 2 2 8 8 3758 5657 1320
6259 2 2 8 8 1470 3961 2973
6260 2 2 8 8 2882 5966 825
6261 2 2 8 8 2598 4257 719
6262 2 2 8 8 3321 4229 1382
6263 2 2 8 8 132 3941 131
6264 2 2 8 8 975 5721 2447
6265 2 2 8 8 713 5400 2605
6266 2 2 8 8 3554 4380 2378
6267 2 2 8 8 2495 5207 883
6268 2 2 8 8 989 5871 3788
6269 2 2 8 8 1100 4135 2688
6270 2 2 8 8 656 5999 3010
6271 2 2 8 8 1466 5722 3496
6272 2 2 8 8 1401 4154 2697
6273 2 2 8 8 1203 5765 2648
6274 2 2 8 8 4434 5193 2156
6275 2 2 8 8 3931 6050 611
6276 2 2 8 8 763 5396 3196
6277 2 2 8 8 1257 3888 2806
6278 2 2 8 8 2882 3557 1302
6279 2 2 8 8 621 4796 2616
6280 2 2 8 8 2322 4739 1274
6281 2 2 8 8 2970 3794 1424
6282 2 2 8 8 1244 4842 3214
6283 2 2 8 8 1787 5618 2387
6284 2 2 8 8 128 5821 2202
6285 2 2 8 8 3796 5906 635
6286 2 2 8 8 174 4109 173
6287 2 2 8 8 3352 5426 902
6288 2 2 8 8 1592 3692 3271
6289 2 2 8 8 2801 5500 2118
6290 2 2 8 8 1777 5541 2826
6291 2 2 8 8 1417 3409 2196
6292 2 2 8 8 3594 4286 1018
6293 2 2 8 8 790 4877 3327
6294 2 2 8 8 2134 5983 1031
6295 2 2 8 8 5315 5743 1375
6296 2 2 8 8 4577 5044 2380
6297 2 2 8 8 1497 5379 2847
6298 2 2 8 8 4045 5947 1401
6299 2 2 8 8 3186 5278 1423
6300 2 2 8 8 2478 5261 1736
6301 2 2 8 8 1539 4906 3583
6302 2 2 8 8 5297 5719 2410
6303 2 2 8 8 3027 5608 2086
6304 2 2 8 8 2586 4885 774
6305 2 2 8 8 1530 3512 3388
6306 2 2 8 8 1097 5705 5153
6307 2 2 8 8 3408 5454 953
6308 2 2 8 8 2933 5805 2260
6309 2 2 8 8 1448 4961 3127
6310 2 2 8 8 3445 5588 1055
6311 2 2 8 8 2359 5548 2780
6312 2 2 8 8 3111 3836 1684
6313 2 2 8 8 2944 4577 711
6314 2 2 8 8 3588 4868 2804
6315 2 2 8 8 1603 4174 2756
6316 2 2 8 8 876 5279 2754
6317 2 2 8 8 2763 6088 1730
6318 2 2 8 8 3166 3809 748
6319 2 2 8 8 1138 5411 2669
6320 2 2 8 8 3644 5897 1464
6321 2 2 8 8 3209 3596 1330
6322 2 2 8 8 622 4075 3378
6323 2 2 8 8 3097 4736 1635
6324 2 2 8 8 1083 3297 2575
6325 2 2 8 8 2756 4174 729
6326 2 2 8 8 3283 4330 664
6327 2 2 8 8 2780 5548 1010
6328 2 2 8 8 4644 5367 698
6329 2 2 8 8 3114 3918 45
6330 2 2 8 8 2685 6158 776
6331 2 2 8 8 3099 5557 2136
6332 2 2 8 8 2973 3961 138
6333 2 2 8 8 4441 5385 959
6334 2 2 8 8 2475 5281 1214
6335 2 2 8 8 3702 4560 1191
6336 2 2 8 8 3974 3978 1943
6337 2 2 8 8 3285 3714 944
6338 2 2 8 8 2533 5879 4424
6339 2 2 8 8 2798 4416 1234
6340 2 2 8 8 4136 5239 1794
6341 2 2 8 8 739 5132 3310
6342 2 2 8 8 728 4416 2798
6343 2 2 8 8 1565 5695 3810
6344 2 2 8 8 2963 4065 1538
6345 2 2 8 8 1641 4304 2703
6346 2 2 8 8 1480 5107 3269
6347 2 2 8 8 3500 3569 984
6348 2 2 8 8 1583 3298 3207
6349 2 2 8 8 2523 5130 1458
6350 2 2 8 8 621 5013 3731
6351 2 2 8 8 1361 5707 2993
6352 2 2 8 8 467 5868 3541
6353 2 2 8 8 2980 3667 1938
6354 2 2 8 8 1676 5152 3149
6355 2 2 8 8 2039 5786 4185
6356 2 2 8 8 190 3394 189
6357 2 2 8 8 1104 5214 4191
6358 2 2 8 8 3878 4478 1687
6359 2 2 8 8 818 3759 2942
6360 2 2 8 8 983 5054 3423
6361 2 2 8 8 2069 5413 2795
6362 2 2 8 8 2955 5693 569
6363 2 2 8 8 5083 5984 1018
6364 2 2 8 8 1715 4813 3251
6365 2 2 8 8 2807 4548 737
6366 2 2 8 8 5074 5225 2308
6367 2 2 8 8 837 4029 3343
6368 2 2 8 8 2905 4868 1432
6369 2 2 8 8 391 3202 2832
6370 2 2 8 8 3837 3901 1779
6371 2 2 8 8 1474 4981 3145
6372 2 2 8 8 202 4216 2465
6373 2 2 8 8 1905 5656 3538
6374 2 2 8 8 550 5010 549
6375 2 2 8 8 2921 6104 1881
6376 2 2 8 8 2697 4154 1104
6377 2 2 8 8 2477 6070 3773
6378 2 2 8 8 505 3396 504
6379 2 2 8 8 2169 4954 3509
6380 2 2 8 8 4345 5190 1955
6381 2 2 8 8 3902 4401 1011
6382 2 2 8 8 1612 4296 3106
6383 2 2 8 8 2242 4708 3713
6384 2 2 8 8 1355 5580 2941
6385 2 2 8 8 3481 4863 1942
6386 2 2 8 8 1046 4194 2360
6387 2 2 8 8 3131 4581 767
6388 2 2 8 8 2880 4208 858
6389 2 2 8 8 2115 4455 3686
6390 2 2 8 8 3091 5315 1375
6391 2 2 8 8 3042 5834 2010
6392 2 2 8 8 1185 4105 3353
6393 2 2 8 8 914 3782 3187
6394 2 2 8 8 3885 4616 1408
6395 2 2 8 8 3520 5436 3882
6396 2 2 8 8 745 4728 3672
6397 2 2 8 8 2033 6015 3217
6398 2 2 8 8 1427 5885 3843
6399 2 2 8 8 2915 5316 487
6400 2 2 8 8 1591 5714 3074
6401 2 2 8 8 3140 5346 1806
6402 2 2 8 8 2293 5547 2836
6403 2 2 8 8 2459 4500 3532
6404 2 2 8 8 3396 3659 504
6405 2 2 8 8 646 4720 2805
6406 2 2 8 8 2091 4401 3902
6407 2 2 8 8 2618 4245 489
6408 2 2 8 8 1657 5231 5123
6409 2 2 8 8 2204 4986 1140
6410 2 2 8 8 2648 4732 1203
6411 2 2 8 8 4178 4925 943
6412 2 2 8 8 4786 5939 3259
6413 2 2 8 8 3544 5738 2145
6414 2 2 8 8 2037 4852 4841
6415 2 2 8 8 2342 4461 4094
6416 2 2 8 8 3819 3881 906
6417 2 2 8 8 2787 6123 995
6418 2 2 8 8 3034 5156 1637
6419 2 2 8 8 2863 3997 1365
6420 2 2 8 8 3731 5013 2276
6421 2 2 8 8 769 3913 2643
6422 2 2 8 8 1747 4313 2593
6423 2 2 8 8 2170 3594 3418
6424 2 2 8 8 1685 5934 2051
6425 2 2 8 8 117 5407 116
6426 2 2 8 8 2194 5685 3239
6427 2 2 8 8 3666 4037 1624
6428 2 2 8 8 2108 5278 3186
6429 2 2 8 8 2665 5155 1398
6430 2 2 8 8 50 5349 49
6431 2 2 8 8 2775 4005 1162
6432 2 2 8 8 1601 3716 3264
6433 2 2 8 8 2852 4223 1035
6434 2 2 8 8 3547 3569 1483
6435 2 2 8 8 1247 4745 3039
6436 2 2 8 8 2508 5627 5416
6437 2 2 8 8 2562 5130 1211
6438 2 2 8 8 2066 5751 2555
6439 2 2 8 8 1554 2848 2716
6440 2 2 8 8 2321 5254 2981
6441 2 2 8 8 1243 4639 3790
6442 2 2 8 8 2953 3846 702
6443 2 2 8 8 745 4427 3041
6444 2 2 8 8 3237 3238 1339
6445 2 2 8 8 1570 4786 3259
6446 2 2 8 8 3998 4476 1780
6447 2 2 8 8 1450 3759 2811
6448 2 2 8 8 2913 3844 1374
6449 2 2 8 8 4361 4643 1038
6450 2 2 8 8 2101 3837 1779
6451 2 2 8 8 1913 4650 3505
6452 2 2 8 8 2638 5125 942
6453 2 2 8 8 2956 3179 1186
6454 2 2 8 8 3485 5900 846
6455 2 2 8 8 1169 5218 2672
6456 2 2 8 8 1228 4357 3225
6457 2 2 8 8 2120 3939 3283
6458 2 2 8 8 2636 5569 1933
6459 2 2 8 8 3072 5023 4809
6460 2 2 8 8 3944 4800 1619
6461 2 2 8 8 3189 3322 1629
6462 2 2 8 8 3680 3872 1718
6463 2 2 8 8 1633 4483 4003
6464 2 2 8 8 2855 4547 1834
6465 2 2 8 8 731 4588 2764
6466 2 2 8 8 1478 5905 4146
6467 2 2 8 8 1902 4288 3992
6468 2 2 8 8 220 4772 3163
6469 2 2 8 8 1235 4352 2930
6470 2 2 8 8 727 4493 3825
6471 2 2 8 8 1832 5307 2686
6472 2 2 8 8 1603 5839 3143
6473 2 2 8 8 2790 3956 1462
6474 2 2 8 8 3510 5691 1579
6475 2 2 8 8 542 4974 541
6476 2 2 8 8 45 3918 44
6477 2 2 8 8 1686 4621 4025
6478 2 2 8 8 1935 5617 3434
6479 2 2 8 8 2039 5454 3408
6480 2 2 8 8 905 4680 3207
6481 2 2 8 8 2211 6085 3122
6482 2 2 8 8 871 5041 3176
6483 2 2 8 8 1198 4501 2643
6484 2 2 8 8 5263 5420 2218
6485 2 2 8 8 3485 4497 1473
6486 2 2 8 8 2781 5377 641
6487 2 2 8 8 102 6089 2867
6488 2 2 8 8 2908 5707 3709
6489 2 2 8 8 3007 6146 476
6490 2 2 8 8 2218 6064 3694
6491 2 2 8 8 2703 4304 865
6492 2 2 8 8 2930 4352 1663
6493 2 2 8 8 1438 5287 3049
6494 2 2 8 8 4699 5493 2003
6495 2 2 8 8 2950 5335 1254
6496 2 2 8 8 603 5187 3940
6497 2 2 8 8 1777 4682 2705
6498 2 2 8 8 1961 4672 2773
6499 2 2 8 8 598 5181 2910
6500 2 2 8 8 3444 4345 860
6501 2 2 8 8 602 4500 2349
6502 2 2 8 8 1267 5820 2876
6503 2 2 8 8 3280 3443 1515
6504 2 2 8 8 1694 5865 3802
6505 2 2 8 8 2962 5052 1796
6506 2 2 8 8 1116 5052 2962
6507 2 2 8 8 3798 4340 1483
6508 2 2 8 8 2994 4545 2182
6509 2 2 8 8 1811 5324 2737
6510 2 2 8 8 446 4672 445
6511 2 2 8 8 1463 3931 3757
6512 2 2 8 8 419 5710 3745
6513 2 2 8 8 1788 4560 3702
6514 2 2 8 8 1022 4901 2878
6515 2 2 8 8 1540 5117 2938
6516 2 2 8 8 1861 4697 4514
6517 2 2 8 8 184 4287 183
6518 2 2 8 8 3773 5752 2477
6519 2 2 8 8 2466 4753 1403
6520 2 2 8 8 1514 3443 3280
6521 2 2 8 8 1461 4084 2493
6522 2 2 8 8 3804 4817 2076
6523 2 2 8 8 3864 4755 2241
6524 2 2 8 8 3894 5497 2041
6525 2 2 8 8 1210 3520 3137
6526 2 2 8 8 1302 6167 3051
6527 2 2 8 8 4286 5989 2461
6528 2 2 8 8 1271 5080 3239
6529 2 2 8 8 2716 2848 883
6530 2 2 8 8 1159 5506 4270
6531 2 2 8 8 1309 3511 3226
6532 2 2 8 8 1241 4636 2793
6533 2 2 8 8 3379 3887 2011
6534 2 2 8 8 3167 3911 1668
6535 2 2 8 8 1452 4492 3198
6536 2 2 8 8 1294 4142 2863
6537 2 2 8 8 2482 5170 1104
6538 2 2 8 8 2688 5429 5275
6539 2 2 8 8 1820 5766 3018
6540 2 2 8 8 2343 5735 760
6541 2 2 8 8 4661 5225 781
6542 2 2 8 8 3755 5589 2592
6543 2 2 8 8 678 2721 2275
6544 2 2 8 8 2402 4469 4116
6545 2 2 8 8 2571 4822 1157
6546 2 2 8 8 1505 3990 3962
6547 2 2 8 8 2613 5807 1911
6548 2 2 8 8 3121 5277 1786
6549 2 2 8 8 1149 5068 2867
6550 2 2 8 8 2864 5698 786
6551 2 2 8 8 731 5604 2800
6552 2 2 8 8 2740 4698 1716
6553 2 2 8 8 2962 4759 118
6554 2 2 8 8 3020 4804 1639
6555 2 2 8 8 1066 5108 2167
6556 2 2 8 8 910 4065 3865
6557 2 2 8 8 1985 5225 5074
6558 2 2 8 8 659 5919 4165
6559 2 2 8 8 1147 3741 2913
6560 2 2 8 8 2658 5415 1047
6561 2 2 8 8 992 4920 3645
6562 2 2 8 8 4182 5350 1710
6563 2 2 8 8 2538 5077 4565
6564 2 2 8 8 1195 5610 2760
6565 2 2 8 8 2974 3909 1502
6566 2 2 8 8 3108 5401 1905
6567 2 2 8 8 982 4363 3660
6568 2 2 8 8 678 3359 2403
6569 2 2 8 8 1705 5978 2868
6570 2 2 8 8 639 4617 2650
6571 2 2 8 8 1670 4061 3090
6572 2 2 8 8 2389 5723 674
6573 2 2 8 8 3216 4653 571
6574 2 2 8 8 4134 4295 1900
6575 2 2 8 8 3874 6128 1646
6576 2 2 8 8 2980 4767 1549
6577 2 2 8 8 2228 3946 1614
6578 2 2 8 8 72 4348 71
6579 2 2 8 8 2634 4947 1006
6580 2 2 8 8 2099 5664 3149
6581 2 2 8 8 2691 4459 1204
6582 2 2 8 8 393 3303 392
6583 2 2 8 8 57 5277 3121
6584 2 2 8 8 1288 4295 4134
6585 2 2 8 8 558 4646 3009
6586 2 2 8 8 1749 5110 2366
6587 2 2 8 8 844 6176 5938
6588 2 2 8 8 837 4410 3180
6589 2 2 8 8 3286 3415 1340
6590 2 2 8 8 4171 5188 815
6591 2 2 8 8 3051 6167 2530
6592 2 2 8 8 514 4602 513
6593 2 2 8 8 196 4419 195
6594 2 2 8 8 3367 3369 870
6595 2 2 8 8 2698 5355 650
6596 2 2 8 8 3318 3773 1411
6597 2 2 8 8 2770 6174 5456
6598 2 2 8 8 2894 4739 1187
6599 2 2 8 8 815 5188 4392
6600 2 2 8 8 140 4705 139
6601 2 2 8 8 2147 4323 3658
6602 2 2 8 8 3348 4830 1470
6603 2 2 8 8 500 3724 499
6604 2 2 8 8 1249 3590 2552
6605 2 2 8 8 10 4301 2842
6606 2 2 8 8 2838 3468 1164
6607 2 2 8 8 3252 4983 4846
6608 2 2 8 8 3784 4453 1648
6609 2 2 8 8 3011 5196 1439
6610 2 2 8 8 3539 6124 6040
6611 2 2 8 8 199 4279 198
6612 2 2 8 8 3966 4405 926
6613 2 2 8 8 2225 3567 2843
6614 2 2 8 8 3436 3451 1125
6615 2 2 8 8 682 4452 2317
6616 2 2 8 8 2688 5275 1100
6617 2 2 8 8 398 6054 2819
6618 2 2 8 8 1647 5048 3972
6619 2 2 8 8 5022 5529 601
6620 2 2 8 8 21 6020 20
6621 2 2 8 8 470 4224 469
6622 2 2 8 8 1686 4619 3211
6623 2 2 8 8 2052 4397 3619
6624 2 2 8 8 1767 6004 5589
6625 2 2 8 8 3312 3859 935
6626 2 2 8 8 1378 4818 3674
6627 2 2 8 8 429 3644 428
6628 2 2 8 8 3285 4731 3858
6629 2 2 8 8 4918 5759 2536
6630 2 2 8 8 1002 5867 2983
6631 2 2 8 8 4307 4995 814
6632 2 2 8 8 2900 3990 1505
6633 2 2 8 8 606 3933 3014
6634 2 2 8 8 3650 5181 598
6635 2 2 8 8 3552 5675 3066
6636 2 2 8 8 2453 6010 1098
6637 2 2 8 8 3366 4446 2012
6638 2 2 8 8 1148 4851 2653
6639 2 2 8 8 3943 5343 2612
6640 2 2 8 8 69 3649 68
6641 2 2 8 8 3966 4217 1524
6642 2 2 8 8 3143 4536 1603
6643 2 2 8 8 1371 5824 3083
6644 2 2 8 8 3220 5866 1753
6645 2 2 8 8 1715 5523 2975
6646 2 2 8 8 1996 4760 741
6647 2 2 8 8 1582 4524 3382
6648 2 2 8 8 221 4267 220
6649 2 2 8 8 1708 4778 3376
6650 2 2 8 8 3807 5521 2651
6651 2 2 8 8 2491 6094 3639
6652 2 2 8 8 4286 4450 1018
6653 2 2 8 8 1205 5723 2389
6654 2 2 8 8 1961 5904 4672
6655 2 2 8 8 3077 4590 232
6656 2 2 8 8 2657 6154 1335
6657 2 2 8 8 739 6150 3145
6658 2 2 8 8 1308 5523 3037
6659 2 2 8 8 240 3993 239
6660 2 2 8 8 3030 5814 752
6661 2 2 8 8 791 4161 3990
6662 2 2 8 8 4465 5228 1097
6663 2 2 8 8 561 5502 2948
6664 2 2 8 8 448 5223 3064
6665 2 2 8 8 1349 4597 4220
6666 2 2 8 8 2890 4790 1063
6667 2 2 8 8 3492 3501 1394
6668 2 2 8 8 4170 4946 1446
6669 2 2 8 8 1660 6121 3095
6670 2 2 8 8 1863 6013 3484
6671 2 2 8 8 851 3885 3780
6672 2 2 8 8 1734 4955 3080
6673 2 2 8 8 630 4576 2546
6674 2 2 8 8 1083 2625 2537
6675 2 2 8 8 2883 5967 1100
6676 2 2 8 8 474 5017 2879
6677 2 2 8 8 2700 4205 1578
6678 2 2 8 8 3049 4160 2116
6679 2 2 8 8 3640 4622 2135
6680 2 2 8 8 1186 3627 3611
6681 2 2 8 8 1029 4056 3861
6682 2 2 8 8 3080 3827 1734
6683 2 2 8 8 1919 5371 5066
6684 2 2 8 8 218 5006 217
6685 2 2 8 8 3959 4569 2507
6686 2 2 8 8 3652 4869 1574
6687 2 2 8 8 955 4749 2755
6688 2 2 8 8 5153 5705 2244
6689 2 2 8 8 3574 5424 4634
6690 2 2 8 8 1847 5729 3434
6691 2 2 8 8 3251 3968 1715
6692 2 2 8 8 2984 5486 1226
6693 2 2 8 8 1583 6158 3801
6694 2 2 8 8 4174 4536 1968
6695 2 2 8 8 1218 4303 3098
6696 2 2 8 8 4069 4490 2268
6697 2 2 8 8 1662 5586 4461
6698 2 2 8 8 2972 5311 3238
6699 2 2 8 8 2530 5947 4045
6700 2 2 8 8 2860 4088 1324
6701 2 2 8 8 4678 6067 3040
6702 2 2 8 8 1038 4236 2723
6703 2 2 8 8 2368 6127 3923
6704 2 2 8 8 3161 5445 1718
6705 2 2 8 8 655 5755 3169
6706 2 2 8 8 2430 3193 780
6707 2 2 8 8 2143 5783 3549
6708 2 2 8 8 2490 4618 1597
6709 2 2 8 8 198 5646 197
6710 2 2 8 8 1013 4762 2251
6711 2 2 8 8 3230 6096 1245
6712 2 2 8 8 2397 5439 4328
6713 2 2 8 8 668 6005 5028
6714 2 2 8 8 2825 3935 891
6715 2 2 8 8 993 5628 3234
6716 2 2 8 8 3421 3616 1604
6717 2 2 8 8 3675 4563 2192
6718 2 2 8 8 2250 5009 3507
6719 2 2 8 8 3097 4031 1039
6720 2 2 8 8 3324 5006 218
6721 2 2 8 8 2461 4450 4286
6722 2 2 8 8 4419 5220 195
6723 2 2 8 8 2883 5275 1760
6724 2 2 8 8 92 3422 91
6725 2 2 8 8 1336 5022 2508
6726 2 2 8 8 1540 4610 4023
6727 2 2 8 8 1424 5979 4120
6728 2 2 8 8 5938 6176 2775
6729 2 2 8 8 3214 4842 37
6730 2 2 8 8 414 4712 413
6731 2 2 8 8 1678 6051 3153
6732 2 2 8 8 3094 4156 1826
6733 2 2 8 8 1427 5984 5885
6734 2 2 8 8 4265 5108 1726
6735 2 2 8 8 3251 4813 52
6736 2 2 8 8 1634 5578 3395
6737 2 2 8 8 2078 4981 4882
6738 2 2 8 8 711 4320 2944
6739 2 2 8 8 127 5119 126
6740 2 2 8 8 4014 5849 1179
6741 2 2 8 8 3256 5648 1145
6742 2 2 8 8 2858 5635 4383
6743 2 2 8 8 3076 3879 619
6744 2 2 8 8 3463 4918 2536
6745 2 2 8 8 3540 5418 3033
6746 2 2 8 8 2588 4452 682
6747 2 2 8 8 1674 4251 3157
6748 2 2 8 8 1076 4563 3675
6749 2 2 8 8 3826 4856 2513
6750 2 2 8 8 3180 4029 837
6751 2 2 8 8 4583 4791 1762
6752 2 2 8 8 1696 5240 2740
6753 2 2 8 8 446 4719 2773
6754 2 2 8 8 3574 4634 858
6755 2 2 8 8 33 3640 32
6756 2 2 8 8 4797 5625 3263
6757 2 2 8 8 2419 4464 1140
6758 2 2 8 8 3754 5559 1994
6759 2 2 8 8 2620 4807 1546
6760 2 2 8 8 3361 5125 2298
6761 2 2 8 8 1389 5858 2722
6762 2 2 8 8 3205 5437 2549
6763 2 2 8 8 3518 3617 1534
6764 2 2 8 8 1043 4817 3804
6765 2 2 8 8 825 5104 3557
6766 2 2 8 8 4639 5869 2790
6767 2 2 8 8 1634 4501 2748
6768 2 2 8 8 4381 5249 706
6769 2 2 8 8 2249 5000 3451
6770 2 2 8 8 1728 5737 5271
6771 2 2 8 8 815 5714 2642
6772 2 2 8 8 2983 5867 1838
6773 2 2 8 8 3610 5419 894
6774 2 2 8 8 1528 5389 2940
6775 2 2 8 8 1176 5560 2677
6776 2 2 8 8 802 5811 3125
6777 2 2 8 8 3055 4746 1781
6778 2 2 8 8 2934 5636 2280
6779 2 2 8 8 2991 3558 1492
6780 2 2 8 8 3208 4460 888
6781 2 2 8 8 3288 3643 1433
6782 2 2 8 8 1725 3877 3425
6783 2 2 8 8 2567 4983 3854
6784 2 2 8 8 2457 5635 2858
6785 2 2 8 8 848 4324 2824
6786 2 2 8 8 4107 5032 2151
6787 2 2 8 8 2295 3830 1059
6788 2 2 8 8 101 5545 100
6789 2 2 8 8 1618 5364 4558
6790 2 2 8 8 3302 5677 1287
6791 2 2 8 8 3224 3891 1081
6792 2 2 8 8 2285 4743 4556
6793 2 2 8 8 450 4767 2980
6794 2 2 8 8 1032 5157 3897
6795 2 2 8 8 1036 4771 2500
6796 2 2 8 8 1357 4397 3175
6797 2 2 8 8 3993 5516 2776
6798 2 2 8 8 811 3771 3120
6799 2 2 8 8 2749 4994 1453
6800 2 2 8 8 3925 4362 2082
6801 2 2 8 8 1765 4969 4556
6802 2 2 8 8 1333 4262 3187
6803 2 2 8 8 3482 4923 1061
6804 2 2 8 8 1239 4678 3030
6805 2 2 8 8 2826 4788 1681
6806 2 2 8 8 1567 3781 3081
6807 2 2 8 8 177 5174 176
6808 2 2 8 8 1832 4577 2944
6809 2 2 8 8 496 3648 495
6810 2 2 8 8 1584 4627 2830
6811 2 2 8 8 1369 4246 3397
6812 2 2 8 8 1372 3444 3417
6813 2 2 8 8 945 5090 3573
6814 2 2 8 8 1001 4955 2215
6815 2 2 8 8 1394 4373 2910
6816 2 2 8 8 3198 3842 1194
6817 2 2 8 8 2688 4135 1377
6818 2 2 8 8 3882 5436 3495
6819 2 2 8 8 2764 4503 1166
6820 2 2 8 8 4003 4483 2246
6821 2 2 8 8 3180 4410 1499
6822 2 2 8 8 3350 4952 1360
6823 2 2 8 8 1174 5567 3114
6824 2 2 8 8 809 5640 2463
6825 2 2 8 8 1992 5007 2291
6826 2 2 8 8 2660 5118 4253
6827 2 2 8 8 1880 4923 3482
6828 2 2 8 8 4470 4808 2296
6829 2 2 8 8 2931 5694 2145
6830 2 2 8 8 2908 3709 779
6831 2 2 8 8 1363 4870 3058
6832 2 2 8 8 2911 5055 1181
6833 2 2 8 8 2258 5400 713
6834 2 2 8 8 1719 5488 3030
6835 2 2 8 8 4253 5118 1548
6836 2 2 8 8 3129 4221 1644
6837 2 2 8 8 203 4216 202
6838 2 2 8 8 1586 5627 2640
6839 2 2 8 8 1576 4707 2568
6840 2 2 8 8 478 3548 477
6841 2 2 8 8 2515 4681 1498
6842 2 2 8 8 53 3251 52
6843 2 2 8 8 3873 5445 167
6844 2 2 8 8 3783 4098 1288
6845 2 2 8 8 489 4245 488
6846 2 2 8 8 651 5390 2870
6847 2 2 8 8 3198 4492 2109
6848 2 2 8 8 3265 5826 4971
6849 2 2 8 8 1832 5044 4577
6850 2 2 8 8 194 6107 193
6851 2 2 8 8 1613 3964 3917
6852 2 2 8 8 3328 5093 1003
6853 2 2 8 8 2739 3842 807
6854 2 2 8 8 804 3834 2844
6855 2 2 8 8 4393 4435 1437
6856 2 2 8 8 3010 5999 2023
6857 2 2 8 8 1711 4381 4208
6858 2 2 8 8 1243 5869 4639
6859 2 2 8 8 2714 4029 1496
6860 2 2 8 8 901 3907 3397
6861 2 2 8 8 3499 5208 2146
6862 2 2 8 8 1307 5562 2621
6863 2 2 8 8 703 4699 2941
6864 2 2 8 8 3046 4285 610
6865 2 2 8 8 2905 3740 1147
6866 2 2 8 8 2746 5513 1626
6867 2 2 8 8 1875 5486 2984
6868 2 2 8 8 2923 4611 667
6869 2 2 8 8 2127 5072 4746
6870 2 2 8 8 3514 5992 28
6871 2 2 8 8 877 4491 2690
6872 2 2 8 8 4103 6045 673
6873 2 2 8 8 1509 5194 2732
6874 2 2 8 8 2135 6016 4494
6875 2 2 8 8 480 3602 479
6876 2 2 8 8 1209 6129 3169
6877 2 2 8 8 999 3816 3529
6878 2 2 8 8 832 4012 2991
6879 2 2 8 8 623 4899 3355
6880 2 2 8 8 209 5192 208
6881 2 2 8 8 1538 4065 3199
6882 2 2 8 8 96 4526 95
6883 2 2 8 8 1471 4330 3283
6884 2 2 8 8 3761 5554 860
6885 2 2 8 8 1430 4274 3634
6886 2 2 8 8 1326 4388 3338
6887 2 2 8 8 1711 4208 2880
6888 2 2 8 8 5017 5423 2879
6889 2 2 8 8 1349 4220 2672
6890 2 2 8 8 2271 5974 3429
6891 2 2 8 8 1240 5585 3208
6892 2 2 8 8 4748 5182 882
6893 2 2 8 8 6006 6033 2827
6894 2 2 8 8 5038 5088 2585
6895 2 2 8 8 1692 5829 2446
6896 2 2 8 8 4075 5957 3378
6897 2 2 8 8 2234 5367 4644
6898 2 2 8 8 560 5591 559
6899 2 2 8 8 1368 5100 3447
6900 2 2 8 8 2556 6018 5260
6901 2 2 8 8 1531 5027 3542
6902 2 2 8 8 2054 5396 3664
6903 2 2 8 8 2726 4128 1440
6904 2 2 8 8 1109 3980 2910
6905 2 2 8 8 1466 5688 2486
6906 2 2 8 8 3921 4612 1587
6907 2 2 8 8 3023 6103 1141
6908 2 2 8 8 462 5433 461
6909 2 2 8 8 1649 5088 5038
6910 2 2 8 8 148 4816 147
6911 2 2 8 8 2976 4612 893
6912 2 2 8 8 2785 4595 882
6913 2 2 8 8 967 5839 4244
6914 2 2 8 8 1793 4397 4091
6915 2 2 8 8 2484 5920 4258
6916 2 2 8 8 2719 5660 5657
6917 2 2 8 8 2727 5189 4317
6918 2 2 8 8 1716 4592 2740
6919 2 2 8 8 1244 5870 2718
6920 2 2 8 8 4196 5642 1265
6921 2 2 8 8 3052 4440 2264
6922 2 2 8 8 1196 5535 4336
6923 2 2 8 8 684 4718 2363
6924 2 2 8 8 1407 5941 3663
6925 2 2 8 8 112 3898 3156
6926 2 2 8 8 4069 4493 1568
6927 2 2 8 8 3031 5352 1195
6928 2 2 8 8 3225 4357 1562
6929 2 2 8 8 747 4578 3300
6930 2 2 8 8 1899 5179 4357
6931 2 2 8 8 1137 4863 3481
6932 2 2 8 8 2823 4385 1924
6933 2 2 8 8 3255 5513 1231
6934 2 2 8 8 3080 4955 1001
6935 2 2 8 8 980 4641 2957
6936 2 2 8 8 4130 4810 153
6937 2 2 8 8 1325 3996 3321
6938 2 2 8 8 3228 5112 1654
6939 2 2 8 8 2297 5568 5454
6940 2 2 8 8 1510 5908 2731
6941 2 2 8 8 2740 4592 1111
6942 2 2 8 8 630 5657 2494
6943 2 2 8 8 1697 4983 3252
6944 2 2 8 8 3952 5936 615
6945 2 2 8 8 1487 4967 2728
6946 2 2 8 8 1020 4534 2650
6947 2 2 8 8 2732 5194 777
6948 2 2 8 8 2291 6108 741
6949 2 2 8 8 3701 5824 2487
6950 2 2 8 8 1725 4317 3877
6951 2 2 8 8 3418 3594 1427
6952 2 2 8 8 1949 4466 4259
6953 2 2 8 8 3025 4295 1288
6954 2 2 8 8 1914 5246 3162
6955 2 2 8 8 3649 5534 2391
6956 2 2 8 8 1543 3967 3953
6957 2 2 8 8 212 4467 211
6958 2 2 8 8 2756 4244 1603
6959 2 2 8 8 3182 4876 823
6960 2 2 8 8 2958 5016 741
6961 2 2 8 8 2847 4721 1497
6962 2 2 8 8 3558 6126 1492
6963 2 2 8 8 2176 5750 3290
6964 2 2 8 8 26 3772 25
6965 2 2 8 8 1117 5776 2614
6966 2 2 8 8 1830 5696 3825
6967 2 2 8 8 1689 4519 4024
6968 2 2 8 8 1968 4271 4174
6969 2 2 8 8 162 4032 161
6970 2 2 8 8 3452 4918 765
6971 2 2 8 8 453 5332 452
6972 2 2 8 8 4235 5821 3484
6973 2 2 8 8 3090 4061 2485
6974 2 2 8 8 1883 5444 4331
6975 2 2 8 8 1635 4736 2613
6976 2 2 8 8 4043 4884 1725
6977 2 2 8 8 87 4895 86
6978 2 2 8 8 3487 5433 462
6979 2 2 8 8 1220 4295 3025
6980 2 2 8 8 2354 5410 3734
6981 2 2 8 8 2780 5058 831
6982 2 2 8 8 3706 4880 1089
6983 2 2 8 8 1938 5223 2980
6984 2 2 8 8 618 4066 3110
6985 2 2 8 8 3929 5806 2444
6986 2 2 8 8 1288 4134 2352
6987 2 2 8 8 2190 5573 3780
6988 2 2 8 8 2364 6098 1180
6989 2 2 8 8 2671 4812 594
6990 2 2 8 8 3209 5372 54
6991 2 2 8 8 469 4224 2888
6992 2 2 8 8 2728 4967 4343
6993 2 2 8 8 2100 4716 4333
6994 2 2 8 8 1717 4157 2710
6995 2 2 8 8 3106 4729 653
6996 2 2 8 8 4699 5061 1355
6997 2 2 8 8 1553 4283 3278
6998 2 2 8 8 3278 5730 204
6999 2 2 8 8 746 4755 2624
7000 2 2 8 8 1903 4294 3483
7001 2 2 8 8 4258 5920 1610
7002 2 2 8 8 609 4609 3693
7003 2 2 8 8 3692 4137 956
7004 2 2 8 8 3294 6018 770
7005 2 2 8 8 3167 5387 881
7006 2 2 8 8 4705 5200 139
7007 2 2 8 8 665 5380 2735
7008 2 2 8 8 1252 4443 2632
7009 2 2 8 8 3226 3511 1789
7010 2 2 8 8 1377 5095 2688
7011 2 2 8 8 2937 3694 1132
7012 2 2 8 8 3240 5639 5196
7013 2 2 8 8 3660 4363 1824
7014 2 2 8 8 1588 4451 2945
7015 2 2 8 8 1610 4226 3165
7016 2 2 8 8 3517 5638 917
7017 2 2 8 8 4417 5714 1591
7018 2 2 8 8 1994 5645 3754
7019 2 2 8 8 2957 4891 1498
7020 2 2 8 8 472 4819 471
7021 2 2 8 8 3115 4794 2410
7022 2 2 8 8 617 4338 2812
7023 2 2 8 8 33 4622 3640
7024 2 2 8 8 4660 5327 856
7025 2 2 8 8 3055 4558 1163
7026 2 2 8 8 1647 4011 3861
7027 2 2 8 8 3573 5542 2291
7028 2 2 8 8 2330 4848 4260
7029 2 2 8 8 3776 4547 2449
7030 2 2 8 8 1621 5717 4348
7031 2 2 8 8 3076 3684 1335
7032 2 2 8 8 996 4980 3686
7033 2 2 8 8 856 5327 2669
7034 2 2 8 8 3788 4933 989
7035 2 2 8 8 154 4187 2737
7036 2 2 8 8 1131 5608 3027
7037 2 2 8 8 3325 5094 1818
7038 2 2 8 8 2998 4371 2019
7039 2 2 8 8 1145 4547 2855
7040 2 2 8 8 54 5372 53
7041 2 2 8 8 770 6018 5043
7042 2 2 8 8 2473 4948 1420
7043 2 2 8 8 3442 4129 1433
7044 2 2 8 8 2457 6030 1291
7045 2 2 8 8 2924 5118 933
7046 2 2 8 8 2852 4119 855
7047 2 2 8 8 185 4504 3678
7048 2 2 8 8 2947 5460 2113
7049 2 2 8 8 435 5959 3231
7050 2 2 8 8 3918 4185 44
7051 2 2 8 8 1424 4400 2970
7052 2 2 8 8 4328 5439 1451
7053 2 2 8 8 1229 4706 2621
7054 2 2 8 8 2034 5276 3416
7055 2 2 8 8 1397 5387 3167
7056 2 2 8 8 3054 5832 1201
7057 2 2 8 8 4511 5320 1518
7058 2 2 8 8 1884 4697 3747
7059 2 2 8 8 3962 4922 990
7060 2 2 8 8 2100 4333 4251
7061 2 2 8 8 4498 5745 1617
7062 2 2 8 8 1526 3859 3312
7063 2 2 8 8 2923 5713 1937
7064 2 2 8 8 1915 6090 2741
7065 2 2 8 8 2874 5659 1654
7066 2 2 8 8 705 5903 4354
7067 2 2 8 8 1569 4308 2805
7068 2 2 8 8 3591 5248 2117
7069 2 2 8 8 546 5144 545
7070 2 2 8 8 1044 5336 3104
7071 2 2 8 8 1467 3531 3465
7072 2 2 8 8 3000 5421 1525
7073 2 2 8 8 1533 3602 2967
7074 2 2 8 8 2737 5324 1225
7075 2 2 8 8 1526 3692 3212
7076 2 2 8 8 3095 5809 1897
7077 2 2 8 8 4611 5253 667
7078 2 2 8 8 4628 4849 665
7079 2 2 8 8 3012 3598 1293
7080 2 2 8 8 81 3880 80
7081 2 2 8 8 2341 5196 3011
7082 2 2 8 8 1955 4228 3410
7083 2 2 8 8 795 5353 2230
7084 2 2 8 8 3610 5565 1735
7085 2 2 8 8 4291 4596 1653
7086 2 2 8 8 1588 6033 6006
7087 2 2 8 8 1239 5488 2818
7088 2 2 8 8 2797 4531 1338
7089 2 2 8 8 993 4783 2120
7090 2 2 8 8 2773 4719 1642
7091 2 2 8 8 3616 4093 1604
7092 2 2 8 8 1735 4964 1983
7093 2 2 8 8 4795 4971 903
7094 2 2 8 8 2670 4523 1297
7095 2 2 8 8 2608 4122 1139
7096 2 2 8 8 2879 5318 473
7097 2 2 8 8 2953 5910 1024
7098 2 2 8 8 1064 5809 3095
7099 2 2 8 8 823 4848 4243
7100 2 2 8 8 633 4488 3142
7101 2 2 8 8 2979 5624 1518
7102 2 2 8 8 1380 5827 2936
7103 2 2 8 8 1951 5693 2955
7104 2 2 8 8 2635 4574 4378
7105 2 2 8 8 2741 4484 1513
7106 2 2 8 8 1080 3643 3288
7107 2 2 8 8 2731 5908 2937
7108 2 2 8 8 3401 4922 1691
7109 2 2 8 8 2129 4590 3077
7110 2 2 8 8 51 6044 50
7111 2 2 8 8 2914 4017 121
7112 2 2 8 8 4415 5971 754
7113 2 2 8 8 3304 5636 1115
7114 2 2 8 8 1522 4790 2890
7115 2 2 8 8 1888 5864 3036
7116 2 2 8 8 1712 4271 3910
7117 2 2 8 8 640 5722 2486
7118 2 2 8 8 948 5325 5264
7119 2 2 8 8 778 3465 3417
7120 2 2 8 8 1869 4184 3154
7121 2 2 8 8 2408 6067 4678
7122 2 2 8 8 4393 5280 2742
7123 2 2 8 8 827 4721 2847
7124 2 2 8 8 1020 5156 4666
7125 2 2 8 8 4048 4821 1237
7126 2 2 8 8 2871 4967 1487
7127 2 2 8 8 2308 5225 1792
7128 2 2 8 8 2960 4968 935
7129 2 2 8 8 139 5200 2973
7130 2 2 8 8 1485 5058 2780
7131 2 2 8 8 3086 4106 880
7132 2 2 8 8 3359 4576 1599
7133 2 2 8 8 3031 5240 1696
7134 2 2 8 8 830 3729 2693
7135 2 2 8 8 2406 4995 4307
7136 2 2 8 8 1271 5079 2803
7137 2 2 8 8 1248 6033 3174
7138 2 2 8 8 2995 3788 1436
7139 2 2 8 8 1518 5320 3903
7140 2 2 8 8 1456 3586 3059
7141 2 2 8 8 122 4481 121
7142 2 2 8 8 1327 4221 3129
7143 2 2 8 8 495 4873 494
7144 2 2 8 8 3674 4818 1908
7145 2 2 8 8 1759 4808 4470
7146 2 2 8 8 20 3871 19
7147 2 2 8 8 4616 5899 1408
7148 2 2 8 8 2851 5331 772
7149 2 2 8 8 3139 4765 1724
7150 2 2 8 8 1218 3785 2747
7151 2 2 8 8 3110 4066 1511
7152 2 2 8 8 579 3989 578
7153 2 2 8 8 3008 5609 24
7154 2 2 8 8 4971 5826 903
7155 2 2 8 8 2616 5013 621
7156 2 2 8 8 1721 4080 2983
7157 2 2 8 8 3370 4892 1631
7158 2 2 8 8 1872 5522 2989
7159 2 2 8 8 2793 4636 647
7160 2 2 8 8 172 4302 2936
7161 2 2 8 8 2662 5574 839
7162 2 2 8 8 1666 5269 4509
7163 2 2 8 8 1760 5610 2898
7164 2 2 8 8 917 5638 3609
7165 2 2 8 8 2731 5198 1510
7166 2 2 8 8 1391 3894 2957
7167 2 2 8 8 3433 5866 4019
7168 2 2 8 8 2946 5099 1273
7169 2 2 8 8 751 5420 3546
7170 2 2 8 8 1142 5864 3398
7171 2 2 8 8 2736 5511 1040
7172 2 2 8 8 3140 5370 722
7173 2 2 8 8 2711 5961 1413
7174 2 2 8 8 413 4712 2584
7175 2 2 8 8 551 4013 550
7176 2 2 8 8 3216 4356 1730
7177 2 2 8 8 2974 4201 1292
7178 2 2 8 8 3233 5226 1193
7179 2 2 8 8 3104 5336 1755
7180 2 2 8 8 1034 5923 4874
7181 2 2 8 8 2062 5813 3702
7182 2 2 8 8 3163 4772 2622
7183 2 2 8 8 61 3527 60
7184 2 2 8 8 3697 6122 1572
7185 2 2 8 8 2866 5501 1184
7186 2 2 8 8 1563 4595 2785
7187 2 2 8 8 1195 5352 2898
7188 2 2 8 8 111 5106 110
7189 2 2 8 8 1636 5750 5137
7190 2 2 8 8 2276 4441 3731
7191 2 2 8 8 3231 5959 2083
7192 2 2 8 8 4572 4992 2090
7193 2 2 8 8 2236 6116 3092
7194 2 2 8 8 3360 6028 3330
7195 2 2 8 8 113 3898 112
7196 2 2 8 8 2232 4129 3442
7197 2 2 8 8 2073 5554 3846
7198 2 2 8 8 1334 3922 2880
7199 2 2 8 8 668 4454 3786
7200 2 2 8 8 430 5897 429
7201 2 2 8 8 3271 3692 1526
7202 2 2 8 8 701 5425 4698
7203 2 2 8 8 205 4089 204
7204 2 2 8 8 960 4167 3335
7205 2 2 8 8 455 5614 454
7206 2 2 8 8 2689 3629 1431
7207 2 2 8 8 2074 5299 2701
7208 2 2 8 8 77 5155 76
7209 2 2 8 8 2177 4677 3328
7210 2 2 8 8 2693 5476 1057
7211 2 2 8 8 2201 4946 4170
7212 2 2 8 8 1219 5916 2719
7213 2 2 8 8 2945 4451 913
7214 2 2 8 8 1386 5415 4502
7215 2 2 8 8 3181 5195 890
7216 2 2 8 8 42 5786 3365
7217 2 2 8 8 1782 4301 2832
7218 2 2 8 8 889 4545 3760
7219 2 2 8 8 1299 5695 2942
7220 2 2 8 8 1451 3983 2896
7221 2 2 8 8 106 4042 105
7222 2 2 8 8 1301 5115 3828
7223 2 2 8 8 3939 6060 2268
7224 2 2 8 8 1269 4807 2620
7225 2 2 8 8 1933 5458 2636
7226 2 2 8 8 676 4857 2717
7227 2 2 8 8 741 4760 2958
7228 2 2 8 8 1296 5026 2892
7229 2 2 8 8 3471 4252 1786
7230 2 2 8 8 3051 5774 1263
7231 2 2 8 8 1044 5341 4407
7232 2 2 8 8 660 4445 3511
7233 2 2 8 8 2957 4681 980
7234 2 2 8 8 1862 4985 4211
7235 2 2 8 8 2269 5236 3311
7236 2 2 8 8 3752 4152 1939
7237 2 2 8 8 183 4287 4096
7238 2 2 8 8 2868 3627 1186
7239 2 2 8 8 181 5782 180
7240 2 2 8 8 3555 4011 1624
7241 2 2 8 8 1640 4887 4366
7242 2 2 8 8 1786 4252 3121
7243 2 2 8 8 3290 5515 1300
7244 2 2 8 8 3940 5187 2305
7245 2 2 8 8 917 3609 3608
7246 2 2 8 8 1548 5118 2924
7247 2 2 8 8 1445 4350 2720
7248 2 2 8 8 3045 5495 1074
7249 2 2 8 8 4062 5490 2810
7250 2 2 8 8 2972 4623 1628
7251 2 2 8 8 3154 4310 1869
7252 2 2 8 8 572 4356 3216
7253 2 2 8 8 3447 5100 4526
7254 2 2 8 8 3795 4506 2830
7255 2 2 8 8 2245 4541 2799
7256 2 2 8 8 3501 4373 1394
7257 2 2 8 8 4502 5415 2658
7258 2 2 8 8 1138 5666 3685
7259 2 2 8 8 1693 4385 2823
7260 2 2 8 8 2562 4418 2124
7261 2 2 8 8 3769 4731 1874
7262 2 2 8 8 2539 4591 4529
7263 2 2 8 8 1505 6159 3299
7264 2 2 8 8 3506 5453 1980
7265 2 2 8 8 1987 5126 3501
7266 2 2 8 8 3427 4725 1449
7267 2 2 8 8 1618 4558 3055
7268 2 2 8 8 1522 6065 4224
7269 2 2 8 8 3261 3641 1537
7270 2 2 8 8 1440 6077 2726
7271 2 2 8 8 860 4345 3761
7272 2 2 8 8 2884 5991 1892
7273 2 2 8 8 2362 5260 1527
7274 2 2 8 8 4477 6051 1678
7275 2 2 8 8 3176 4035 871
7276 2 2 8 8 2508 5416 1017
7277 2 2 8 8 249 4625 248
7278 2 2 8 8 2370 5894 4316
7279 2 2 8 8 656 4091 3322
7280 2 2 8 8 1299 3721 3289
7281 2 2 8 8 916 5183 2965
7282 2 2 8 8 568 3722 567
7283 2 2 8 8 3754 4768 1033
7284 2 2 8 8 1040 4803 3730
7285 2 2 8 8 1435 6014 2769
7286 2 2 8 8 921 6009 4571
7287 2 2 8 8 2273 4476 3998
7288 2 2 8 8 1005 4423 2699
7289 2 2 8 8 3825 5422 727
7290 2 2 8 8 717 5834 3042
7291 2 2 8 8 1003 3978 3328
7292 2 2 8 8 1469 5649 4956
7293 2 2 8 8 3494 6138 2598
7294 2 2 8 8 2228 4128 738
7295 2 2 8 8 3170 4208 2247
7296 2 2 8 8 401 5682 400
7297 2 2 8 8 2777 5532 584
7298 2 2 8 8 3353 5464 717
7299 2 2 8 8 3995 4707 1023
7300 2 2 8 8 2748 5362 627
7301 2 2 8 8 2686 5307 971
7302 2 2 8 8 4779 4862 1025
7303 2 2 8 8 44 4185 43
7304 2 2 8 8 820 4826 3178
7305 2 2 8 8 3073 4002 686
7306 2 2 8 8 3292 3973 1383
7307 2 2 8 8 2405 3987 3281
7308 2 2 8 8 1485 3566 3387
7309 2 2 8 8 1092 5112 3228
7310 2 2 8 8 5121 5738 824
7311 2 2 8 8 2694 4939 1329
7312 2 2 8 8 1160 5942 2941
7313 2 2 8 8 447 4719 446
7314 2 2 8 8 1403 5909 2970
7315 2 2 8 8 3992 4288 1475
7316 2 2 8 8 4335 5493 703
7317 2 2 8 8 1566 4635 3848
7318 2 2 8 8 638 5273 2978
7319 2 2 8 8 1552 3608 3400
7320 2 2 8 8 2677 5560 4159
7321 2 2 8 8 2740 5240 4698
7322 2 2 8 8 5237 5577 2275
7323 2 2 8 8 4170 6026 1030
7324 2 2 8 8 3308 4710 1533
7325 2 2 8 8 1015 5524 2626
7326 2 2 8 8 1541 5771 3163
7327 2 2 8 8 4094 4461 790
7328 2 2 8 8 922 3616 3421
7329 2 2 8 8 3028 5883 1243
7330 2 2 8 8 2978 5273 1720
7331 2 2 8 8 797 4158 2829
7332 2 2 8 8 1024 5910 5813
7333 2 2 8 8 4316 5894 985
7334 2 2 8 8 2543 6046 640
7335 2 2 8 8 3865 5099 910
7336 2 2 8 8 1316 6112 2870
7337 2 2 8 8 2958 4760 1698
7338 2 2 8 8 482 3845 481
7339 2 2 8 8 574 5366 573
7340 2 2 8 8 3902 4335 2091
7341 2 2 8 8 858 4634 2880
7342 2 2 8 8 183 4096 182
7343 2 2 8 8 911 3625 3306
7344 2 2 8 8 3355 3437 1773
7345 2 2 8 8 1730 4620 3216
7346 2 2 8 8 569 5693 568
7347 2 2 8 8 1544 5997 3932
7348 2 2 8 8 1997 4479 3640
7349 2 2 8 8 2669 5327 2421
7350 2 2 8 8 2323 5893 1285
7351 2 2 8 8 158 3717 157
7352 2 2 8 8 1050 5915 4027
7353 2 2 8 8 3193 3768 780
7354 2 2 8 8 4084 4343 2493
7355 2 2 8 8 3744 4050 1702
7356 2 2 8 8 2896 3983 941
7357 2 2 8 8 4091 4397 2052
7358 2 2 8 8 3220 4652 2241
7359 2 2 8 8 3429 5974 1301
7360 2 2 8 8 3088 4474 1346
7361 2 2 8 8 1370 4607 2822
7362 2 2 8 8 1154 6003 2964
7363 2 2 8 8 1802 4867 3092
7364 2 2 8 8 2808 5891 1754
7365 2 2 8 8 4777 6058 3937
7366 2 2 8 8 925 5358 4001
7367 2 2 8 8 2310 5050 4142
7368 2 2 8 8 593 5242 3165
7369 2 2 8 8 5260 6018 1527
7370 2 2 8 8 2188 5723 3568
7371 2 2 8 8 606 3749 3424
7372 2 2 8 8 476 4715 3007
7373 2 2 8 8 2376 6087 3507
7374 2 2 8 8 1850 5032 4107
7375 2 2 8 8 459 5855 458
7376 2 2 8 8 760 5735 2901
7377 2 2 8 8 719 4907 2598
7378 2 2 8 8 3506 5829 2058
7379 2 2 8 8 3005 4900 2106
7380 2 2 8 8 1435 3935 2825
7381 2 2 8 8 1888 4612 3921
7382 2 2 8 8 1336 5409 5022
7383 2 2 8 8 2244 5936 3952
7384 2 2 8 8 4086 5104 825
7385 2 2 8 8 3367 3633 1236
7386 2 2 8 8 1509 5823 2766
7387 2 2 8 8 2896 4227 1451
7388 2 2 8 8 1924 5303 2823
7389 2 2 8 8 2170 6048 3171
7390 2 2 8 8 2537 4010 1083
7391 2 2 8 8 3356 4451 2168
7392 2 2 8 8 3006 5556 1764
7393 2 2 8 8 3749 3760 1392
7394 2 2 8 8 1862 4914 3994
7395 2 2 8 8 461 3713 460
7396 2 2 8 8 2832 4293 1782
7397 2 2 8 8 3132 4306 970
7398 2 2 8 8 3397 3907 1703
7399 2 2 8 8 1233 6075 2744
7400 2 2 8 8 894 4962 3610
7401 2 2 8 8 3311 5236 512
7402 2 2 8 8 1122 4131 2695
7403 2 2 8 8 2683 5231 641
7404 2 2 8 8 69 4424 3649
7405 2 2 8 8 2392 4768 3754
7406 2 2 8 8 3201 4085 1565
7407 2 2 8 8 3162 5246 1105
7408 2 2 8 8 3133 4994 770
7409 2 2 8 8 3266 3855 1420
7410 2 2 8 8 2870 3528 651
7411 2 2 8 8 520 5703 3026
7412 2 2 8 8 2941 5020 703
7413 2 2 8 8 408 5478 2711
7414 2 2 8 8 3530 5580 1355
7415 2 2 8 8 3182 5603 4876
7416 2 2 8 8 111 5347 3156
7417 2 2 8 8 3175 4397 1793
7418 2 2 8 8 3292 6007 725
7419 2 2 8 8 3236 4455 1842
7420 2 2 8 8 3143 4940 2274
7421 2 2 8 8 1755 5336 2668
7422 2 2 8 8 3473 4375 1260
7423 2 2 8 8 118 4759 117
7424 2 2 8 8 441 5092 440
7425 2 2 8 8 3647 5702 1571
7426 2 2 8 8 4974 5803 1700
7427 2 2 8 8 3932 5152 1833
7428 2 2 8 8 1078 4633 2745
7429 2 2 8 8 4560 5496 1191
7430 2 2 8 8 3322 5716 1629
7431 2 2 8 8 1517 6095 4614
7432 2 2 8 8 1537 3641 3337
7433 2 2 8 8 978 5890 3054
7434 2 2 8 8 2971 4972 1564
7435 2 2 8 8 467 3541 466
7436 2 2 8 8 3199 4065 910
7437 2 2 8 8 2993 5707 1553
7438 2 2 8 8 1165 4310 3154
7439 2 2 8 8 684 5402 2971
7440 2 2 8 8 1337 4250 2977
7441 2 2 8 8 3082 4079 1892
7442 2 2 8 8 2971 4718 684
7443 2 2 8 8 4798 5520 2102
7444 2 2 8 8 3935 4697 1861
7445 2 2 8 8 1723 4661 2947
7446 2 2 8 8 4267 4772 220
7447 2 2 8 8 3510 4454 668
7448 2 2 8 8 4224 6065 2888
7449 2 2 8 8 3349 3705 1532
7450 2 2 8 8 156 5494 3063
7451 2 2 8 8 4456 5670 2608
7452 2 2 8 8 2778 4859 761
7453 2 2 8 8 2568 4707 3995
7454 2 2 8 8 757 5280 2575
7455 2 2 8 8 1480 6141 5107
7456 2 2 8 8 2732 5823 1509
7457 2 2 8 8 203 5730 4216
7458 2 2 8 8 2535 5398 3413
7459 2 2 8 8 1585 6093 3636
7460 2 2 8 8 1639 4875 3020
7461 2 2 8 8 824 5738 3920
7462 2 2 8 8 5174 5891 176
7463 2 2 8 8 1844 5404 2715
7464 2 2 8 8 3227 5024 1120
7465 2 2 8 8 5279 5322 1606
7466 2 2 8 8 3401 5988 4922
7467 2 2 8 8 406 4313 405
7468 2 2 8 8 3912 5082 2095
7469 2 2 8 8 3859 4371 935
7470 2 2 8 8 3977 5767 1495
7471 2 2 8 8 918 3617 3518
7472 2 2 8 8 2138 4119 2852
7473 2 2 8 8 1544 3932 3592
7474 2 2 8 8 1231 5513 2746
7475 2 2 8 8 3145 4981 739
7476 2 2 8 8 3645 4840 1419
7477 2 2 8 8 2941 5942 5020
7478 2 2 8 8 2212 5306 3963
7479 2 2 8 8 1018 5984 3594
7480 2 2 8 8 3917 3964 1801
7481 2 2 8 8 1578 4050 3744
7482 2 2 8 8 1929 5815 2765
7483 2 2 8 8 2496 5875 1146
7484 2 2 8 8 2768 5448 5029
7485 2 2 8 8 3280 4988 1514
7486 2 2 8 8 1565 3689 3201
7487 2 2 8 8 3848 4022 1566
7488 2 2 8 8 3295 4476 938
7489 2 2 8 8 1171 5581 3057
7490 2 2 8 8 2771 4752 908
7491 2 2 8 8 2926 5654 596
7492 2 2 8 8 2828 5663 797
7493 2 2 8 8 3234 5794 1426
7494 2 2 8 8 411 5401 3108
7495 2 2 8 8 4638 5683 1872
7496 2 2 8 8 4236 5087 2437
7497 2 2 8 8 2726 6077 4239
7498 2 2 8 8 1015 5576 2545
7499 2 2 8 8 3590 4622 34
7500 2 2 8 8 3062 6097 737
7501 2 2 8 8 1045 5110 2782
7502 2 2 8 8 3817 5994 1071
7503 2 2 8 8 2579 5665 798
7504 2 2 8 8 4357 5179 1562
7505 2 2 8 8 3522 4599 1536
7506 2 2 8 8 3194 3884 1180
7507 2 2 8 8 3986 4550 1582
7508 2 2 8 8 3071 5258 1327
7509 2 2 8 8 2933 5959 436
7510 2 2 8 8 3794 5909 968
7511 2 2 8 8 3037 5523 1715
7512 2 2 8 8 3120 5393 811
7513 2 2 8 8 816 4538 3488
7514 2 2 8 8 487 5316 486
7515 2 2 8 8 4284 4839 620
7516 2 2 8 8 4085 5695 1565
7517 2 2 8 8 3217 6015 192
7518 2 2 8 8 838 5934 5261
7519 2 2 8 8 3278 4089 1553
7520 2 2 8 8 907 4440 3052
7521 2 2 8 8 1416 5333 3730
7522 2 2 8 8 3094 4768 1447
7523 2 2 8 8 1834 4566 2855
7524 2 2 8 8 2246 5371 4003
7525 2 2 8 8 533 3587 3004
7526 2 2 8 8 247 4484 246
7527 2 2 8 8 231 4741 230
7528 2 2 8 8 3816 4519 1689
7529 2 2 8 8 896 4492 3813
7530 2 2 8 8 1433 4129 4046
7531 2 2 8 8 4491 6040 2512
7532 2 2 8 8 2976 4155 1587
7533 2 2 8 8 1775 4883 2531
7534 2 2 8 8 5393 6042 2030
7535 2 2 8 8 3422 3714 1367
7536 2 2 8 8 1449 5151 3427
7537 2 2 8 8 1763 4603 3098
7538 2 2 8 8 3558 5189 2602
7539 2 2 8 8 1085 5719 5297
7540 2 2 8 8 2523 4030 853
7541 2 2 8 8 2813 4807 1269
7542 2 2 8 8 3592 3932 1833
7543 2 2 8 8 476 6146 475
7544 2 2 8 8 3360 5332 453
7545 2 2 8 8 2867 5545 101
7546 2 2 8 8 104 5359 2876
7547 2 2 8 8 2649 5331 1887
7548 2 2 8 8 3529 3816 1689
7549 2 2 8 8 3917 4222 938
7550 2 2 8 8 668 4281 3177
7551 2 2 8 8 3672 4728 2071
7552 2 2 8 8 1405 4145 3192
7553 2 2 8 8 616 4782 2907
7554 2 2 8 8 1706 5222 4836
7555 2 2 8 8 2578 4367 1822
7556 2 2 8 8 2714 6011 4273
7557 2 2 8 8 2668 5253 4611
7558 2 2 8 8 1586 4163 3629
7559 2 2 8 8 245 4438 244
7560 2 2 8 8 1619 5545 2867
7561 2 2 8 8 4457 5451 919
7562 2 2 8 8 3243 5848 599
7563 2 2 8 8 2323 4597 3863
7564 2 2 8 8 2030 6042 3042
7565 2 2 8 8 3079 3887 1493
7566 2 2 8 8 2860 6170 771
7567 2 2 8 8 4342 5027 1531
7568 2 2 8 8 2674 5119 127
7569 2 2 8 8 2889 5736 1939
7570 2 2 8 8 3207 3762 1583
7571 2 2 8 8 2995 4744 1752
7572 2 2 8 8 3989 4766 1525
7573 2 2 8 8 729 4629 2756
7574 2 2 8 8 814 5958 2746
7575 2 2 8 8 3125 5954 1119
7576 2 2 8 8 2864 4904 1242
7577 2 2 8 8 3352 4355 1709
7578 2 2 8 8 1710 6062 4182
7579 2 2 8 8 4554 4728 1321
7580 2 2 8 8 396 5946 2814
7581 2 2 8 8 1493 3887 3379
7582 2 2 8 8 3188 5340 210
7583 2 2 8 8 4150 4240 904
7584 2 2 8 8 1150 4788 2826
7585 2 2 8 8 1731 3881 3819
7586 2 2 8 8 3730 3809 1416
7587 2 2 8 8 2999 5538 2114
7588 2 2 8 8 2932 4081 1207
7589 2 2 8 8 1004 4989 2783
7590 2 2 8 8 654 4107 3016
7591 2 2 8 8 5434 5542 1123
7592 2 2 8 8 3061 4654 566
7593 2 2 8 8 627 5164 3269
7594 2 2 8 8 2898 5610 1195
7595 2 2 8 8 1918 5170 3093
7596 2 2 8 8 867 4731 3769
7597 2 2 8 8 2551 5874 1090
7598 2 2 8 8 2964 6003 2051
7599 2 2 8 8 978 4453 3784
7600 2 2 8 8 3814 5928 4374
7601 2 2 8 8 1335 4337 2657
7602 2 2 8 8 890 3860 3287
7603 2 2 8 8 1141 5149 3023
7604 2 2 8 8 3129 4430 908
7605 2 2 8 8 1049 5210 3805
7606 2 2 8 8 872 4964 3376
7607 2 2 8 8 3450 5260 2362
7608 2 2 8 8 1134 5778 2815
7609 2 2 8 8 3985 3986 1582
7610 2 2 8 8 2920 4666 1828
7611 2 2 8 8 2580 3687 987
7612 2 2 8 8 4318 4736 3097
7613 2 2 8 8 1778 5422 3825
7614 2 2 8 8 1367 3714 3285
7615 2 2 8 8 3897 5157 2312
7616 2 2 8 8 1620 4423 3075
7617 2 2 8 8 3255 5607 1626
7618 2 2 8 8 4001 5425 2195
7619 2 2 8 8 1520 4656 3148
7620 2 2 8 8 2776 4459 1551
7621 2 2 8 8 3682 6160 1216
7622 2 2 8 8 2999 4615 1657
7623 2 2 8 8 1993 5185 5075
7624 2 2 8 8 1328 4364 3491
7625 2 2 8 8 3174 6033 1588
7626 2 2 8 8 3305 5593 1490
7627 2 2 8 8 3293 4394 1512
7628 2 2 8 8 1642 4719 3064
7629 2 2 8 8 3177 4281 1501
7630 2 2 8 8 1771 4491 2512
7631 2 2 8 8 3607 6095 1517
7632 2 2 8 8 2656 4789 1385
7633 2 2 8 8 4144 4184 1869
7634 2 2 8 8 2508 5022 601
7635 2 2 8 8 784 4342 3388
7636 2 2 8 8 792 5911 2713
7637 2 2 8 8 204 5730 203
7638 2 2 8 8 4799 6085 1675
7639 2 2 8 8 2917 5643 786
7640 2 2 8 8 459 4708 3147
7641 2 2 8 8 2008 6146 3007
7642 2 2 8 8 2981 5254 2248
7643 2 2 8 8 1594 4178 3348
7644 2 2 8 8 4141 4974 1700
7645 2 2 8 8 2053 4480 3738
7646 2 2 8 8 2681 4570 116
7647 2 2 8 8 3593 3966 1524
7648 2 2 8 8 3899 4769 1859
7649 2 2 8 8 3023 5149 1637
7650 2 2 8 8 573 4356 572
7651 2 2 8 8 3504 5459 716
7652 2 2 8 8 3284 5762 2264
7653 2 2 8 8 2337 6045 4103
7654 2 2 8 8 2791 5216 3210
7655 2 2 8 8 3609 5638 2601
7656 2 2 8 8 1808 4000 3982
7657 2 2 8 8 2560 5451 4457
7658 2 2 8 8 1340 5162 3286
7659 2 2 8 8 3036 4601 893
7660 2 2 8 8 599 4053 3218
7661 2 2 8 8 3970 5962 2446
7662 2 2 8 8 3508 5079 1271
7663 2 2 8 8 2891 4785 1937
7664 2 2 8 8 3013 3991 640
7665 2 2 8 8 3142 3875 1504
7666 2 2 8 8 3409 3847 659
7667 2 2 8 8 427 5725 3704
7668 2 2 8 8 487 5470 2915
7669 2 2 8 8 1422 4374 3119
7670 2 2 8 8 1961 5122 2966
7671 2 2 8 8 541 4141 540
7672 2 2 8 8 2784 5686 2783
7673 2 2 8 8 3111 4015 972
7674 2 2 8 8 2713 4946 792
7675 2 2 8 8 1940 5087 4236
7676 2 2 8 8 208 5192 4912
7677 2 2 8 8 3545 5440 2316
7678 2 2 8 8 2502 4773 3316
7679 2 2 8 8 3984 6010 2453
7680 2 2 8 8 1652 5016 2958
7681 2 2 8 8 2810 5490 758
7682 2 2 8 8 5456 6174 941
7683 2 2 8 8 78 5617 77
7684 2 2 8 8 948 5264 5008
7685 2 2 8 8 3817 4142 1294
7686 2 2 8 8 5169 5563 3358
7687 2 2 8 8 4223 5227 1459
7688 2 2 8 8 1467 3716 3531
7689 2 2 8 8 2748 5023 1558
7690 2 2 8 8 1336 5094 3325
7691 2 2 8 8 2755 5951 2002
7692 2 2 8 8 2867 5068 1619
7693 2 2 8 8 614 5095 3696
7694 2 2 8 8 3016 5510 654
7695 2 2 8 8 4698 5240 701
7696 2 2 8 8 1000 4931 2586
7697 2 2 8 8 1154 5045 2591
7698 2 2 8 8 5141 5269 1666
7699 2 2 8 8 3685 5666 2271
7700 2 2 8 8 390 4301 10
7701 2 2 8 8 3063 5494 2217
7702 2 2 8 8 3546 4798 2102
7703 2 2 8 8 1225 4130 2737
7704 2 2 8 8 2758 5745 4498
7705 2 2 8 8 2219 3947 3169
7706 2 2 8 8 704 4658 2630
7707 2 2 8 8 730 5912 4865
7708 2 2 8 8 770 5043 3133
7709 2 2 8 8 821 4411 2952
7710 2 2 8 8 1773 4255 3272
7711 2 2 8 8 4489 5769 3232
7712 2 2 8 8 814 4995 3623
7713 2 2 8 8 700 5670 4456
7714 2 2 8 8 667 5253 5162
7715 2 2 8 8 1524 3797 3593
7716 2 2 8 8 2809 4663 1481
7717 2 2 8 8 1057 5754 5681
7718 2 2 8 8 2446 5829 1107
7719 2 2 8 8 702 5343 2953
7720 2 2 8 8 3041 4409 1321
7721 2 2 8 8 1514 4002 3073
7722 2 2 8 8 3512 5781 1827
7723 2 2 8 8 3531 5190 1372
7724 2 2 8 8 3763 4701 874
7725 2 2 8 8 1015 4972 2971
7726 2 2 8 8 3366 4780 607
7727 2 2 8 8 2903 5103 1499
7728 2 2 8 8 2861 5940 1995
7729 2 2 8 8 2206 5787 4232
7730 2 2 8 8 2869 4326 107
7731 2 2 8 8 1318 5499 4755
7732 2 2 8 8 885 4572 3950
7733 2 2 8 8 3321 3996 652
7734 2 2 8 8 4624 5519 1764
7735 2 2 8 8 3440 6125 796
7736 2 2 8 8 4068 4825 1936
7737 2 2 8 8 1559 3886 3421
7738 2 2 8 8 3640 4479 32
7739 2 2 8 8 1536 4546 3407
7740 2 2 8 8 1501 4126 2935
7741 2 2 8 8 1758 4635 4175
7742 2 2 8 8 1529 5370 3140
7743 2 2 8 8 3716 3892 649
7744 2 2 8 8 4103 5395 2420
7745 2 2 8 8 1886 5643 2917
7746 2 2 8 8 1182 5827 3563
7747 2 2 8 8 95 5519 94
7748 2 2 8 8 1147 4868 2905
7749 2 2 8 8 1325 4158 3996
7750 2 2 8 8 392 3202 391
7751 2 2 8 8 451 4767 450
7752 2 2 8 8 673 5395 4103
7753 2 2 8 8 3738 5748 2053
7754 2 2 8 8 3866 4536 946
7755 2 2 8 8 2377 4729 3106
7756 2 2 8 8 3316 4773 696
7757 2 2 8 8 1093 4059 4058
7758 2 2 8 8 494 4873 2918
7759 2 2 8 8 1319 5247 3469
7760 2 2 8 8 3169 6129 2219
7761 2 2 8 8 3593 3797 612
7762 2 2 8 8 1822 5625 4797
7763 2 2 8 8 4120 5979 2833
7764 2 2 8 8 3439 4299 1557
7765 2 2 8 8 1425 5353 2691
7766 2 2 8 8 3792 5155 77
7767 2 2 8 8 1383 4613 3292
7768 2 2 8 8 931 4937 3681
7769 2 2 8 8 1536 4599 3919
7770 2 2 8 8 456 5790 3435
7771 2 2 8 8 3417 3444 1095
7772 2 2 8 8 2717 6100 4891
7773 2 2 8 8 1917 4583 4189
7774 2 2 8 8 947 4156 3391
7775 2 2 8 8 3021 5073 1508
7776 2 2 8 8 4230 5032 1022
7777 2 2 8 8 1109 5981 2654
7778 2 2 8 8 105 5359 104
7779 2 2 8 8 1101 4374 2377
7780 2 2 8 8 2531 4685 1775
7781 2 2 8 8 4431 5810 2301
7782 2 2 8 8 3495 4836 2439
7783 2 2 8 8 3269 5164 1615
7784 2 2 8 8 783 5427 2539
7785 2 2 8 8 4698 5425 2090
7786 2 2 8 8 2702 5999 656
7787 2 2 8 8 3184 5759 879
7788 2 2 8 8 3192 4145 886
7789 2 2 8 8 821 3613 3489
7790 2 2 8 8 1984 5257 3578
7791 2 2 8 8 2954 4391 1548
7792 2 2 8 8 503 5863 502
7793 2 2 8 8 1575 4975 2723
7794 2 2 8 8 1501 4306 3132
7795 2 2 8 8 2904 4018 1813
7796 2 2 8 8 1657 5123 2999
7797 2 2 8 8 1196 4886 3420
7798 2 2 8 8 571 4653 570
7799 2 2 8 8 1446 4946 2713
7800 2 2 8 8 464 5766 463
7801 2 2 8 8 2756 4629 1407
7802 2 2 8 8 4146 5905 2645
7803 2 2 8 8 612 4390 3593
7804 2 2 8 8 2579 4569 4051
7805 2 2 8 8 173 4302 172
7806 2 2 8 8 2427 5194 1509
7807 2 2 8 8 879 5138 3508
7808 2 2 8 8 5328 5368 1659
7809 2 2 8 8 4207 5450 1156
7810 2 2 8 8 2373 5944 2787
7811 2 2 8 8 431 3723 430
7812 2 2 8 8 3311 4602 1617
7813 2 2 8 8 1498 4681 2957
7814 2 2 8 8 1621 4591 2539
7815 2 2 8 8 1927 4952 3350
7816 2 2 8 8 2946 5374 910
7817 2 2 8 8 1901 5102 4026
7818 2 2 8 8 1635 4031 3097
7819 2 2 8 8 1077 5823 2732
7820 2 2 8 8 2911 6058 878
7821 2 2 8 8 2467 5109 576
7822 2 2 8 8 755 4797 3263
7823 2 2 8 8 3344 4701 1445
7824 2 2 8 8 3089 4615 804
7825 2 2 8 8 3696 5095 2355
7826 2 2 8 8 2929 5466 4262
7827 2 2 8 8 3740 3741 1147
7828 2 2 8 8 3937 6058 1707
7829 2 2 8 8 3394 5699 1812
7830 2 2 8 8 1499 5689 3180
7831 2 2 8 8 3739 4096 2075
7832 2 2 8 8 3502 4300 2150
7833 2 2 8 8 1500 3688 3415
7834 2 2 8 8 4071 4332 1651
7835 2 2 8 8 2746 6069 1231
7836 2 2 8 8 3147 4708 2242
7837 2 2 8 8 2952 4411 2148
7838 2 2 8 8 607 4780 3449
7839 2 2 8 8 1928 5981 5181
7840 2 2 8 8 937 5131 4359
7841 2 2 8 8 1009 5538 2999
7842 2 2 8 8 891 5970 2825
7843 2 2 8 8 1016 5463 4268
7844 2 2 8 8 1897 5414 2931
7845 2 2 8 8 1223 5018 4092
7846 2 2 8 8 2260 4990 2933
7847 2 2 8 8 1415 4553 2841
7848 2 2 8 8 100 5545 4800
7849 2 2 8 8 1179 5637 3244
7850 2 2 8 8 1702 4093 3616
7851 2 2 8 8 3561 4579 1642
7852 2 2 8 8 1561 3968 3251
7853 2 2 8 8 2766 5823 1077
7854 2 2 8 8 201 5924 200
7855 2 2 8 8 4149 5264 2132
7856 2 2 8 8 1283 4785 3340
7857 2 2 8 8 2126 5320 3784
7858 2 2 8 8 1493 5603 3079
7859 2 2 8 8 545 4486 544
7860 2 2 8 8 893 4601 2963
7861 2 2 8 8 722 5370 4867
7862 2 2 8 8 1696 5352 3031
7863 2 2 8 8 2442 5691 3510
7864 2 2 8 8 3002 4419 1839
7865 2 2 8 8 1495 4561 3977
7866 2 2 8 8 2962 4587 1116
7867 2 2 8 8 1701 5217 3821
7868 2 2 8 8 3847 5919 659
7869 2 2 8 8 2935 4126 870
7870 2 2 8 8 1689 4309 3529
7871 2 2 8 8 3531 3716 649
7872 2 2 8 8 1957 6076 2971
7873 2 2 8 8 3349 4686 762
7874 2 2 8 8 5211 5849 2032
7875 2 2 8 8 22 3906 21
7876 2 2 8 8 2815 4505 416
7877 2 2 8 8 952 4756 3513
7878 2 2 8 8 1211 5130 2523
7879 2 2 8 8 2965 4290 916
7880 2 2 8 8 1947 4840 3645
7881 2 2 8 8 507 5197 506
7882 2 2 8 8 3390 6000 1437
7883 2 2 8 8 594 4812 3123
7884 2 2 8 8 1269 4437 3337
7885 2 2 8 8 1629 5716 5161
7886 2 2 8 8 2782 5368 5328
7887 2 2 8 8 2795 5413 3203
7888 2 2 8 8 1484 4762 2919
7889 2 2 8 8 1727 5142 3765
7890 2 2 8 8 4766 5533 1525
7891 2 2 8 8 1774 5466 2929
7892 2 2 8 8 3664 5396 763
7893 2 2 8 8 3305 4270 2292
7894 2 2 8 8 2737 4187 1811
7895 2 2 8 8 1750 4388 4346
7896 2 2 8 8 1589 5753 4456
7897 2 2 8 8 1714 4022 3848
7898 2 2 8 8 2547 4290 2965
7899 2 2 8 8 3713 4708 460
7900 2 2 8 8 2071 4728 4554
7901 2 2 8 8 984 4531 2797
7902 2 2 8 8 2921 5134 1769
7903 2 2 8 8 3241 4189 918
7904 2 2 8 8 214 3770 213
7905 2 2 8 8 1525 4324 3000
7906 2 2 8 8 2969 4912 1761
7907 2 2 8 8 1386 4748 2989
7908 2 2 8 8 2940 4769 2210
7909 2 2 8 8 3269 5107 627
7910 2 2 8 8 2539 3840 1621
7911 2 2 8 8 3379 5417 1493
7912 2 2 8 8 2644 5443 2966
7913 2 2 8 8 2951 5192 209
7914 2 2 8 8 3203 5413 981
7915 2 2 8 8 2422 6169 3420
7916 2 2 8 8 1597 4618 3272
7917 2 2 8 8 2061 5394 2287
7918 2 2 8 8 2770 5456 4105
7919 2 2 8 8 2232 5126 4129
7920 2 2 8 8 642 5607 3255
7921 2 2 8 8 1137 5064 2618
7922 2 2 8 8 885 5677 3302
7923 2 2 8 8 1791 4067 3613
7924 2 2 8 8 1359 5796 3628
7925 2 2 8 8 3611 3627 693
7926 2 2 8 8 3896 4137 1592
7927 2 2 8 8 3391 4156 1447
7928 2 2 8 8 817 5271 2409
7929 2 2 8 8 3814 4835 758
7930 2 2 8 8 4210 4988 880
7931 2 2 8 8 1450 3881 3764
7932 2 2 8 8 5454 5568 953
7933 2 2 8 8 3100 5165 1118
7934 2 2 8 8 2971 6076 1015
7935 2 2 8 8 3861 4056 1895
7936 2 2 8 8 4359 5632 1959
7937 2 2 8 8 875 5605 3175
7938 2 2 8 8 1508 4580 3021
7939 2 2 8 8 2879 5892 5318
7940 2 2 8 8 5381 6151 2155
7941 2 2 8 8 1305 3762 3207
7942 2 2 8 8 2919 4762 1013
7943 2 2 8 8 3515 5465 1952
7944 2 2 8 8 3424 3749 1392
7945 2 2 8 8 2685 6101 3971
7946 2 2 8 8 3523 5296 687
7947 2 2 8 8 4235 6013 1268
7948 2 2 8 8 1267 5134 2921
7949 2 2 8 8 1600 4564 3289
7950 2 2 8 8 2754 5091 876
7951 2 2 8 8 1554 4581 3621
7952 2 2 8 8 249 5491 2988
7953 2 2 8 8 1417 5501 2866
7954 2 2 8 8 4541 5854 2227
7955 2 2 8 8 1965 4610 2938
7956 2 2 8 8 1801 4222 3917
7957 2 2 8 8 3621 4581 1866
7958 2 2 8 8 2154 6022 3602
7959 2 2 8 8 3629 4163 1431
7960 2 2 8 8 4234 4376 698
7961 2 2 8 8 2889 5339 2199
7962 2 2 8 8 3959 5982 1979
7963 2 2 8 8 3244 5637 2024
7964 2 2 8 8 3289 3721 1600
7965 2 2 8 8 1341 3832 3274
7966 2 2 8 8 110 5106 2788
7967 2 2 8 8 3796 3835 1429
7968 2 2 8 8 1776 4137 3896
7969 2 2 8 8 5183 6169 2422
7970 2 2 8 8 3539 3812 1820
7971 2 2 8 8 4220 4568 859
7972 2 2 8 8 3573 4442 1123
7973 2 2 8 8 2975 4813 1715
7974 2 2 8 8 3841 5156 2503
7975 2 2 8 8 1031 5983 3052
7976 2 2 8 8 2825 6014 1435
7977 2 2 8 8 2904 4566 1834
7978 2 2 8 8 3686 4980 2115
7979 2 2 8 8 4710 4871 2154
7980 2 2 8 8 1003 5802 3252
7981 2 2 8 8 2104 5754 2925
7982 2 2 8 8 3779 5975 1284
7983 2 2 8 8 2341 5860 3257
7984 2 2 8 8 2963 4601 1468
7985 2 2 8 8 2563 5896 4433
7986 2 2 8 8 1039 4136 3896
7987 2 2 8 8 3398 5864 1888
7988 2 2 8 8 1284 5975 5784
7989 2 2 8 8 676 5146 3566
7990 2 2 8 8 1823 4240 4150
7991 2 2 8 8 2136 3814 3099
7992 2 2 8 8 741 6108 4073
7993 2 2 8 8 3994 4914 1863
7994 2 2 8 8 3240 5924 5639
7995 2 2 8 8 3525 4470 2296
7996 2 2 8 8 1601 3892 3716
7997 2 2 8 8 2901 5893 3863
7998 2 2 8 8 4251 4333 714
7999 2 2 8 8 576 5109 575
8000 2 2 8 8 3057 5581 595
8001 2 2 8 8 1356 5738 3544
8002 2 2 8 8 39 4360 38
8003 2 2 8 8 3058 5570 3851
8004 2 2 8 8 1780 4476 3295
8005 2 2 8 8 2876 5134 1267
8006 2 2 8 8 3206 4695 1893
8007 2 2 8 8 4199 4818 1378
8008 2 2 8 8 1423 5278 4464
8009 2 2 8 8 1756 5420 5263
8010 2 2 8 8 1871 4927 2612
8011 2 2 8 8 620 4926 2937
8012 2 2 8 8 1629 5161 5005
8013 2 2 8 8 3593 4390 1799
8014 2 2 8 8 1496 5077 2714
8015 2 2 8 8 3613 4067 1272
8016 2 2 8 8 1061 5082 3482
8017 2 2 8 8 1426 4783 3234
8018 2 2 8 8 798 5086 2507
8019 2 2 8 8 716 5459 3727
8020 2 2 8 8 4268 5463 2354
8021 2 2 8 8 1399 3705 3349
8022 2 2 8 8 1108 4710 3308
8023 2 2 8 8 970 5537 3537
8024 2 2 8 8 1489 4012 3697
8025 2 2 8 8 1293 4194 3012
8026 2 2 8 8 3668 5514 2273
8027 2 2 8 8 3035 4856 1353
8028 2 2 8 8 4024 5526 3570
8029 2 2 8 8 913 4451 3356
8030 2 2 8 8 1289 4900 4063
8031 2 2 8 8 5339 5385 2199
8032 2 2 8 8 2303 6159 5615
8033 2 2 8 8 2928 5302 1641
8034 2 2 8 8 3132 5085 1155
8035 2 2 8 8 3143 5839 2112
8036 2 2 8 8 689 6004 2558
8037 2 2 8 8 4333 4716 1745
8038 2 2 8 8 660 4683 4445
8039 2 2 8 8 2374 6168 5602
8040 2 2 8 8 1487 5349 2871
8041 2 2 8 8 3191 4632 1503
8042 2 2 8 8 3053 4462 1951
8043 2 2 8 8 2836 5001 2293
8044 2 2 8 8 2878 4901 1431
8045 2 2 8 8 4008 4054 1829
8046 2 2 8 8 1707 6058 2911
8047 2 2 8 8 1587 4612 2976
8048 2 2 8 8 3644 5725 428
8049 2 2 8 8 3007 4715 1858
8050 2 2 8 8 3030 5488 1239
8051 2 2 8 8 3339 5122 1961
8052 2 2 8 8 11 5491 4
8053 2 2 8 8 3332 6045 2093
8054 2 2 8 8 2668 5336 4407
8055 2 2 8 8 740 4744 2995
8056 2 2 8 8 1448 5759 4918
8057 2 2 8 8 964 4054 4008
8058 2 2 8 8 1515 4673 3380
8059 2 2 8 8 3337 4943 1537
8060 2 2 8 8 3142 4488 1688
8061 2 2 8 8 4371 5301 2019
8062 2 2 8 8 3559 4773 1742
8063 2 2 8 8 521 5703 520
8064 2 2 8 8 3223 4396 1472
8065 2 2 8 8 5123 5231 2683
8066 2 2 8 8 2272 5228 4465
8067 2 2 8 8 762 5921 3349
8068 2 2 8 8 2194 5960 5272
8069 2 2 8 8 3578 4273 1984
8070 2 2 8 8 754 4365 2846
8071 2 2 8 8 3689 5507 636
8072 2 2 8 8 1517 4614 3221
8073 2 2 8 8 1627 4190 3700
8074 2 2 8 8 1475 5466 3992
8075 2 2 8 8 881 5889 3075
8076 2 2 8 8 1764 4999 3006
8077 2 2 8 8 3020 4875 1300
8078 2 2 8 8 2722 4899 1389
8079 2 2 8 8 488 5470 487
8080 2 2 8 8 1268 6013 2902
8081 2 2 8 8 3847 4128 2228
8082 2 2 8 8 1908 5135 3669
8083 2 2 8 8 3415 3688 866
8084 2 2 8 8 1999 5316 2915
8085 2 2 8 8 544 4486 2417
8086 2 2 8 8 4011 4015 1624
8087 2 2 8 8 2400 5081 2932
8088 2 2 8 8 4424 5879 1956
8089 2 2 8 8 4271 5732 3910
8090 2 2 8 8 2133 5270 3536
8091 2 2 8 8 4407 5341 2265
8092 2 2 8 8 1238 5892 5423
8093 2 2 8 8 2927 4820 1235
8094 2 2 8 8 2849 4231 1354
8095 2 2 8 8 2398 6052 743
8096 2 2 8 8 1900 4860 4134
8097 2 2 8 8 4079 4532 1892
8098 2 2 8 8 3825 4493 1830
8099 2 2 8 8 4642 5622 2652
8100 2 2 8 8 3192 4757 1404
8101 2 2 8 8 2940 5389 672
8102 2 2 8 8 4020 5673 1049
8103 2 2 8 8 2912 4092 785
8104 2 2 8 8 3538 5348 1905
8105 2 2 8 8 897 5770 2285
8106 2 2 8 8 877 4764 3812
8107 2 2 8 8 3843 4206 1427
8108 2 2 8 8 3397 4246 901
8109 2 2 8 8 1023 4707 3416
8110 2 2 8 8 2744 4959 726
8111 2 2 8 8 2145 5694 3544
8112 2 2 8 8 1005 6161 3509
8113 2 2 8 8 3923 6127 1885
8114 2 2 8 8 2141 6103 3023
8115 2 2 8 8 778 5612 3465
8116 2 2 8 8 3234 4783 993
8117 2 2 8 8 1793 5812 3175
8118 2 2 8 8 3736 4351 1388
8119 2 2 8 8 1105 5547 2694
8120 2 2 8 8 4067 4168 687
8121 2 2 8 8 3275 5238 934
8122 2 2 8 8 2819 5598 1317
8123 2 2 8 8 3254 4284 1510
8124 2 2 8 8 3187 4288 914
8125 2 2 8 8 3972 5067 1647
8126 2 2 8 8 1226 5486 2954
8127 2 2 8 8 1806 5264 4149
8128 2 2 8 8 1150 5541 2729
8129 2 2 8 8 151 5704 150
8130 2 2 8 8 645 4827 4738
8131 2 2 8 8 883 5207 2637
8132 2 2 8 8 2621 4254 1229
8133 2 2 8 8 3465 3531 1372
8134 2 2 8 8 1733 4499 3677
8135 2 2 8 8 2814 5945 5484
8136 2 2 8 8 3536 5270 1158
8137 2 2 8 8 5576 6076 1923
8138 2 2 8 8 1592 4318 3097
8139 2 2 8 8 820 4449 3095
8140 2 2 8 8 1580 4593 2960
8141 2 2 8 8 2612 4927 2565
8142 2 2 8 8 3351 5629 796
8143 2 2 8 8 976 4769 3899
8144 2 2 8 8 3172 5262 1579
8145 2 2 8 8 2213 5227 4223
8146 2 2 8 8 4072 5865 1694
8147 2 2 8 8 3273 4767 451
8148 2 2 8 8 224 4485 2997
8149 2 2 8 8 1806 5918 3140
8150 2 2 8 8 935 4371 2998
8151 2 2 8 8 2721 5237 2275
8152 2 2 8 8 3093 5170 2482
8153 2 2 8 8 1391 4641 3664
8154 2 2 8 8 3122 6085 4799
8155 2 2 8 8 3964 5927 943
8156 2 2 8 8 1297 6171 3683
8157 2 2 8 8 3992 5466 4963
8158 2 2 8 8 3700 5435 1342
8159 2 2 8 8 4433 5896 2044
8160 2 2 8 8 2203 5529 5022
8161 2 2 8 8 997 4532 4079
8162 2 2 8 8 4046 4129 1987
8163 2 2 8 8 2464 5777 897
8164 2 2 8 8 3047 5495 1891
8165 2 2 8 8 3194 6098 4782
8166 2 2 8 8 3234 5628 2294
8167 2 2 8 8 3059 4752 1456
8168 2 2 8 8 986 5781 3512
8169 2 2 8 8 2095 5578 4219
8170 2 2 8 8 1683 4376 4234
8171 2 2 8 8 3427 5151 1102
8172 2 2 8 8 1558 5362 2748
8173 2 2 8 8 3623 5958 814
8174 2 2 8 8 1382 3791 3741
8175 2 2 8 8 1723 5919 3454
8176 2 2 8 8 1579 5691 3277
8177 2 2 8 8 3165 6032 1608
8178 2 2 8 8 1812 4282 3374
8179 2 2 8 8 16 5212 15
8180 2 2 8 8 1549 4767 3273
8181 2 2 8 8 3312 4968 1416
8182 2 2 8 8 1910 5760 3136
8183 2 2 8 8 3730 4803 1911
8184 2 2 8 8 3678 4504 1542
8185 2 2 8 8 3307 6163 2242
8186 2 2 8 8 1033 5559 3754
8187 2 2 8 8 923 4670 2902
8188 2 2 8 8 650 5355 3544
8189 2 2 8 8 3979 5072 2127
8190 2 2 8 8 3505 5243 1913
8191 2 2 8 8 758 4835 2810
8192 2 2 8 8 2297 5454 4185
8193 2 2 8 8 3648 5035 2048
8194 2 2 8 8 2656 5389 1528
8195 2 2 8 8 3417 3465 1372
8196 2 2 8 8 523 5235 522
8197 2 2 8 8 1049 6038 4960
8198 2 2 8 8 1753 4652 3220
8199 2 2 8 8 3281 3987 1640
8200 2 2 8 8 4 5491 249
8201 2 2 8 8 29 5298 3514
8202 2 2 8 8 2931 4826 1897
8203 2 2 8 8 4182 6062 2850
8204 2 2 8 8 3197 5633 1678
8205 2 2 8 8 460 4708 459
8206 2 2 8 8 2925 5754 2570
8207 2 2 8 8 2023 6144 3010
8208 2 2 8 8 1282 5440 3314
8209 2 2 8 8 2907 5579 1241
8210 2 2 8 8 1470 5465 3515
8211 2 2 8 8 1426 5794 3085
8212 2 2 8 8 2894 4249 1916
8213 2 2 8 8 693 3627 3141
8214 2 2 8 8 3805 5210 2084
8215 2 2 8 8 1490 5593 3789
8216 2 2 8 8 3747 4697 1435
8217 2 2 8 8 2147 5914 2554
8218 2 2 8 8 3171 6048 775
8219 2 2 8 8 706 5241 4381
8220 2 2 8 8 4058 5011 5010
8221 2 2 8 8 1542 5648 3256
8222 2 2 8 8 1657 4615 3089
8223 2 2 8 8 2692 4414 1596
8224 2 2 8 8 1887 5517 2649
8225 2 2 8 8 1609 4278 2950
8226 2 2 8 8 4505 5778 1969
8227 2 2 8 8 1923 4508 4098
8228 2 2 8 8 3227 4897 1658
8229 2 2 8 8 2010 5224 3042
8230 2 2 8 8 2287 5394 4034
8231 2 2 8 8 4867 5370 2518
8232 2 2 8 8 1587 4155 3260
8233 2 2 8 8 753 5152 3932
8234 2 2 8 8 2136 4701 3344
8235 2 2 8 8 869 4714 2920
8236 2 2 8 8 3042 3800 717
8237 2 2 8 8 2523 5851 1211
8238 2 2 8 8 1642 4579 2773
8239 2 2 8 8 2688 5095 614
8240 2 2 8 8 77 5617 3792
8241 2 2 8 8 1406 6173 2777
8242 2 2 8 8 3102 4121 1674
8243 2 2 8 8 3548 4715 477
8244 2 2 8 8 1889 5226 3233
8245 2 2 8 8 4162 4242 1581
8246 2 2 8 8 2938 5663 1384
8247 2 2 8 8 3370 4690 800
8248 2 2 8 8 3508 5138 2017
8249 2 2 8 8 2769 4853 1435
8250 2 2 8 8 6056 6061 2520
8251 2 2 8 8 1683 4375 3473
8252 2 2 8 8 3101 4963 1774
8253 2 2 8 8 3846 5554 1516
8254 2 2 8 8 534 3587 533
8255 2 2 8 8 3638 4167 1414
8256 2 2 8 8 1408 5899 4904
8257 2 2 8 8 5275 5429 1760
8258 2 2 8 8 948 6072 5262
8259 2 2 8 8 1239 5658 4678
8260 2 2 8 8 948 5262 3172
8261 2 2 8 8 612 5227 4390
8262 2 2 8 8 2162 5601 2892
8263 2 2 8 8 2033 4282 3656
8264 2 2 8 8 698 5367 4234
8265 2 2 8 8 2183 4986 2800
8266 2 2 8 8 4138 6047 1969
8267 2 2 8 8 1331 5622 4642
8268 2 2 8 8 1582 4550 4524
8269 2 2 8 8 3244 5309 5074
8270 2 2 8 8 3332 5116 673
8271 2 2 8 8 1631 4458 3323
8272 2 2 8 8 1105 5292 2836
8273 2 2 8 8 878 4777 3371
8274 2 2 8 8 2937 4926 1611
8275 2 2 8 8 1455 5266 3657
8276 2 2 8 8 116 4570 115
8277 2 2 8 8 2897 5114 4939
8278 2 2 8 8 2989 4748 882
8279 2 2 8 8 400 4473 399
8280 2 2 8 8 4395 5483 1251
8281 2 2 8 8 3098 4603 1218
8282 2 2 8 8 5257 5549 2498
8283 2 2 8 8 1169 5348 3538
8284 2 2 8 8 849 4943 3337
8285 2 2 8 8 3020 5795 927
8286 2 2 8 8 115 4570 2875
8287 2 2 8 8 712 4391 2954
8288 2 2 8 8 1834 4675 2904
8289 2 2 8 8 463 5766 3603
8290 2 2 8 8 4300 5634 2150
8291 2 2 8 8 873 5745 2758
8292 2 2 8 8 1056 5492 4146
8293 2 2 8 8 1988 5484 3864
8294 2 2 8 8 4186 4689 1125
8295 2 2 8 8 3805 6038 1049
8296 2 2 8 8 2872 5592 793
8297 2 2 8 8 599 5848 2903
8298 2 2 8 8 1297 4421 2670
8299 2 2 8 8 2691 5353 795
8300 2 2 8 8 3555 4037 1781
8301 2 2 8 8 1195 5727 3031
8302 2 2 8 8 1535 4764 3614
8303 2 2 8 8 1033 4768 3094
8304 2 2 8 8 3767 5021 1850
8305 2 2 8 8 3282 5727 1195
8306 2 2 8 8 5657 5660 1320
8307 2 2 8 8 3159 5803 2371
8308 2 2 8 8 3164 5861 1842
8309 2 2 8 8 1432 4868 3588
8310 2 2 8 8 732 5632 2803
8311 2 2 8 8 3414 5589 1486
8312 2 2 8 8 1501 4281 4126
8313 2 2 8 8 746 5940 2861
8314 2 2 8 8 4841 4852 2434
8315 2 2 8 8 5005 5161 2603
8316 2 2 8 8 1213 5189 3558
8317 2 2 8 8 636 5184 3301
8318 2 2 8 8 3265 4478 1076
8319 2 2 8 8 4668 5938 2775
8320 2 2 8 8 1435 4697 3935
8321 2 2 8 8 1435 4853 3747
8322 2 2 8 8 1332 5412 3287
8323 2 2 8 8 126 5119 2680
8324 2 2 8 8 2015 5644 2757
8325 2 2 8 8 3344 4835 2136
8326 2 2 8 8 1475 4288 3187
8327 2 2 8 8 1207 5421 3000
8328 2 2 8 8 244 4438 3190
8329 2 2 8 8 851 5573 2718
8330 2 2 8 8 2611 5441 5059
8331 2 2 8 8 3517 5750 1636
8332 2 2 8 8 3568 5723 1205
8333 2 2 8 8 1440 4128 3847
8334 2 2 8 8 3320 6025 1327
8335 2 2 8 8 3866 4369 2305
8336 2 2 8 8 1200 5073 3021
8337 2 2 8 8 3866 5732 1968
8338 2 2 8 8 1902 4344 4288
8339 2 2 8 8 946 4536 3143
8340 2 2 8 8 1574 4671 3313
8341 2 2 8 8 1716 4992 3302
8342 2 2 8 8 3001 5279 876
8343 2 2 8 8 2898 5097 831
8344 2 2 8 8 890 5746 3181
8345 2 2 8 8 2411 3835 3796
8346 2 2 8 8 4822 5450 2088
8347 2 2 8 8 3454 5171 4425
8348 2 2 8 8 2050 4598 3756
8349 2 2 8 8 766 4314 2994
8350 2 2 8 8 2516 5188 4171
8351 2 2 8 8 1261 5103 2903
8352 2 2 8 8 89 4386 88
8353 2 2 8 8 2842 3422 92
8354 2 2 8 8 3254 4137 1776
8355 2 2 8 8 1983 5419 3610
8356 2 2 8 8 454 5614 3330
8357 2 2 8 8 1437 3587 3390
8358 2 2 8 8 3119 4374 1101
8359 2 2 8 8 800 4690 3334
8360 2 2 8 8 2953 5343 1788
8361 2 2 8 8 3790 4639 2152
8362 2 2 8 8 1859 4769 2940
8363 2 2 8 8 1962 4087 2881
8364 2 2 8 8 920 5260 3450
8365 2 2 8 8 3239 5080 1738
8366 2 2 8 8 838 5925 2964
8367 2 2 8 8 3242 4223 1459
8368 2 2 8 8 4317 5189 1213
8369 2 2 8 8 405 4313 3096
8370 2 2 8 8 3151 3952 615
8371 2 2 8 8 1861 4514 3808
8372 2 2 8 8 3053 5878 1278
8373 2 2 8 8 3553 4583 1762
8374 2 2 8 8 902 4355 3352
8375 2 2 8 8 1805 4970 4562
8376 2 2 8 8 1301 4214 3429
8377 2 2 8 8 1626 5513 3255
8378 2 2 8 8 3825 5696 1395
8379 2 2 8 8 3602 6022 479
8380 2 2 8 8 3636 6093 2502
8381 2 2 8 8 2777 6173 2092
8382 2 2 8 8 1230 4298 2605
8383 2 2 8 8 103 6089 102
8384 2 2 8 8 3074 5714 815
8385 2 2 8 8 3236 4311 1192
8386 2 2 8 8 189 4018 188
8387 2 2 8 8 3211 4619 1037
8388 2 2 8 8 1911 3809 3730
8389 2 2 8 8 14 6177 13
8390 2 2 8 8 3710 4263 1112
8391 2 2 8 8 1826 5168 3094
8392 2 2 8 8 3039 4745 1667
8393 2 2 8 8 3272 4255 1597
8394 2 2 8 8 3347 5935 661
8395 2 2 8 8 1661 4466 3340
8396 2 2 8 8 3064 4719 447
8397 2 2 8 8 2615 4582 3696
8398 2 2 8 8 2325 5619 690
8399 2 2 8 8 4596 5749 926
8400 2 2 8 8 3719 4172 792
8401 2 2 8 8 601 5529 3974
8402 2 2 8 8 1255 5980 3217
8403 2 2 8 8 2500 5508 1036
8404 2 2 8 8 3351 4869 2103
8405 2 2 8 8 696 4773 3559
8406 2 2 8 8 2824 5533 2098
8407 2 2 8 8 1276 6092 3128
8408 2 2 8 8 5443 5904 2966
8409 2 2 8 8 2997 4843 223
8410 2 2 8 8 3381 5479 854
8411 2 2 8 8 1796 5407 4759
8412 2 2 8 8 4226 6032 3165
8413 2 2 8 8 1440 3847 3409
8414 2 2 8 8 935 4968 3312
8415 2 2 8 8 1393 5186 4347
8416 2 2 8 8 1663 5076 2930
8417 2 2 8 8 4646 5591 1739
8418 2 2 8 8 2954 5575 712
8419 2 2 8 8 3378 5323 1395
8420 2 2 8 8 599 4668 3243
8421 2 2 8 8 3216 4620 2239
8422 2 2 8 8 4047 5563 780
8423 2 2 8 8 935 4805 2960
8424 2 2 8 8 2085 5577 5237
8425 2 2 8 8 3232 4074 1576
8426 2 2 8 8 943 5927 4830
8427 2 2 8 8 3645 4340 992
8428 2 2 8 8 3616 3744 1702
8429 2 2 8 8 3452 5452 1977
8430 2 2 8 8 3301 5184 1326
8431 2 2 8 8 650 5414 2928
8432 2 2 8 8 2343 4686 1532
8433 2 2 8 8 1647 4015 4011
8434 2 2 8 8 3304 3746 1284
8435 2 2 8 8 2769 4485 225
8436 2 2 8 8 28 5992 27
8437 2 2 8 8 2793 4815 1088
8438 2 2 8 8 1991 4429 4060
8439 2 2 8 8 2306 6125 3440
8440 2 2 8 8 70 4424 69
8441 2 2 8 8 3470 5013 2616
8442 2 2 8 8 3962 3990 1691
8443 2 2 8 8 1660 5033 5002
8444 2 2 8 8 1285 5893 2901
8445 2 2 8 8 1376 5145 3406
8446 2 2 8 8 3760 3956 889
8447 2 2 8 8 1671 4751 3059
8448 2 2 8 8 3210 5216 2334
8449 2 2 8 8 3083 5127 1371
8450 2 2 8 8 2895 3540 1286
8451 2 2 8 8 1330 5069 3209
8452 2 2 8 8 4116 5363 2402
8453 2 2 8 8 1848 4888 3144
8454 2 2 8 8 748 4318 3271
8455 2 2 8 8 1121 5633 3197
8456 2 2 8 8 4685 5557 3099
8457 2 2 8 8 496 5035 3648
8458 2 2 8 8 4571 4744 2158
8459 2 2 8 8 157 5494 156
8460 2 2 8 8 5059 5441 828
8461 2 2 8 8 653 4648 3106
8462 2 2 8 8 482 5259 3845
8463 2 2 8 8 144 5001 143
8464 2 2 8 8 1848 5938 4668
8465 2 2 8 8 2829 4158 1325
8466 2 2 8 8 898 5808 5497
8467 2 2 8 8 1490 4270 3305
8468 2 2 8 8 4587 5943 1878
8469 2 2 8 8 478 6022 3548
8470 2 2 8 8 1782 3714 2842
8471 2 2 8 8 931 4566 2904
8472 2 2 8 8 3649 4424 1956
8473 2 2 8 8 3494 4509 2332
8474 2 2 8 8 1199 5122 3339
8475 2 2 8 8 3211 4361 1686
8476 2 2 8 8 1770 6169 5183
8477 2 2 8 8 3548 6022 2154
8478 2 2 8 8 5162 5253 3286
8479 2 2 8 8 856 5780 4022
8480 2 2 8 8 4336 5071 2460
8481 2 2 8 8 787 3680 3475
8482 2 2 8 8 3212 3692 956
8483 2 2 8 8 591 5708 590
8484 2 2 8 8 3460 5153 2244
8485 2 2 8 8 1568 4108 2452
8486 2 2 8 8 866 6104 2921
8487 2 2 8 8 4679 5215 1597
8488 2 2 8 8 24 5609 23
8489 2 2 8 8 785 5300 4872
8490 2 2 8 8 3448 4970 1345
8491 2 2 8 8 3041 4728 745
8492 2 2 8 8 3082 5991 724
8493 2 2 8 8 5265 6039 2278
8494 2 2 8 8 908 4751 4713
8495 2 2 8 8 1972 4442 3573
8496 2 2 8 8 3608 5515 917
8497 2 2 8 8 3867 4135 2435
8498 2 2 8 8 3462 4833 1311
8499 2 2 8 8 3869 4663 2809
8500 2 2 8 8 4738 4827 2483
8501 2 2 8 8 4134 4860 1028
8502 2 2 8 8 3446 5227 612
8503 2 2 8 8 3158 5310 1682
8504 2 2 8 8 3340 4466 1283
8505 2 2 8 8 2040 4896 3787
8506 2 2 8 8 4523 5902 644
8507 2 2 8 8 2783 5686 1004
8508 2 2 8 8 795 4709 2691
8509 2 2 8 8 4031 4951 2232
8510 2 2 8 8 2728 6059 1487
8511 2 2 8 8 3103 5121 824
8512 2 2 8 8 1758 5462 3907
8513 2 2 8 8 2383 5642 4196
8514 2 2 8 8 2920 4714 1521
8515 2 2 8 8 3696 4582 614
8516 2 2 8 8 2151 5032 4230
8517 2 2 8 8 1469 4172 3719
8518 2 2 8 8 235 4278 234
8519 2 2 8 8 3597 4162 1581
8520 2 2 8 8 1905 5348 3108
8521 2 2 8 8 443 5443 5350
8522 2 2 8 8 3626 5271 817
8523 2 2 8 8 3064 5223 1938
8524 2 2 8 8 685 4291 3657
8525 2 2 8 8 1462 3760 3749
8526 2 2 8 8 4879 5780 856
8527 2 2 8 8 1200 5664 3204
8528 2 2 8 8 4129 5126 1987
8529 2 2 8 8 3263 6012 755
8530 2 2 8 8 1858 4715 3548
8531 2 2 8 8 1288 4098 3025
8532 2 2 8 8 4474 4696 1513
8533 2 2 8 8 1703 4242 4162
8534 2 2 8 8 4385 5308 624
8535 2 2 8 8 881 5641 3167
8536 2 2 8 8 787 3872 3680
8537 2 2 8 8 4587 6120 5943
8538 2 2 8 8 3322 4091 2052
8539 2 2 8 8 2955 5878 1951
8540 2 2 8 8 672 5389 4277
8541 2 2 8 8 932 4514 4000
8542 2 2 8 8 1367 4426 3422
8543 2 2 8 8 3153 4350 1445
8544 2 2 8 8 2975 6044 51
8545 2 2 8 8 1278 5878 2955
8546 2 2 8 8 798 5665 3837
8547 2 2 8 8 1467 5612 2896
8548 2 2 8 8 2213 4223 2852
8549 2 2 8 8 1792 4661 4425
8550 2 2 8 8 4232 5787 788
8551 2 2 8 8 3066 5675 1142
8552 2 2 8 8 2218 5420 3703
8553 2 2 8 8 3168 4951 1635
8554 2 2 8 8 3712 4987 2119
8555 2 2 8 8 4997 5340 3188
8556 2 2 8 8 2836 5547 1105
8557 2 2 8 8 1834 4547 3776
8558 2 2 8 8 395 5477 394
8559 2 2 8 8 4965 5305 712
8560 2 2 8 8 2140 5021 3767
8561 2 2 8 8 1561 6133 5520
8562 2 2 8 8 2380 5044 3687
8563 2 2 8 8 3630 4540 1942
8564 2 2 8 8 4264 5936 1922
8565 2 2 8 8 3530 5785 2450
8566 2 2 8 8 3169 3947 655
8567 2 2 8 8 1449 4725 3838
8568 2 2 8 8 3529 4309 1227
8569 2 2 8 8 1690 5505 4052
8570 2 2 8 8 1389 3627 2868
8571 2 2 8 8 2032 5849 4014
8572 2 2 8 8 2950 4278 235
8573 2 2 8 8 2035 5158 3358
8574 2 2 8 8 3269 3999 1480
8575 2 2 8 8 2844 5764 804
8576 2 2 8 8 2642 5714 4417
8577 2 2 8 8 2742 5280 757
8578 2 2 8 8 5262 6072 2288
8579 2 2 8 8 1735 4104 3376
8580 2 2 8 8 2221 5075 4810
8581 2 2 8 8 1801 4925 3117
8582 2 2 8 8 3165 5242 1610
8583 2 2 8 8 1828 4666 3034
8584 2 2 8 8 2723 4975 1038
8585 2 2 8 8 880 4988 3280
8586 2 2 8 8 3001 5322 5279
8587 2 2 8 8 3987 4887 1640
8588 2 2 8 8 2168 5996 3490
8589 2 2 8 8 444 5904 5443
8590 2 2 8 8 2016 5498 3679
8591 2 2 8 8 1752 4744 4571
8592 2 2 8 8 2486 5722 1466
8593 2 2 8 8 1580 4820 2927
8594 2 2 8 8 3565 5757 1661
8595 2 2 8 8 76 5155 2665
8596 2 2 8 8 956 4137 3254
8597 2 2 8 8 52 4813 51
8598 2 2 8 8 238 4266 237
8599 2 2 8 8 898 5497 3936
8600 2 2 8 8 1266 4917 4354
8601 2 2 8 8 2747 4903 1218
8602 2 2 8 8 1758 5595 5462
8603 2 2 8 8 2937 5908 620
8604 2 2 8 8 3160 4319 628
8605 2 2 8 8 3560 3829 1323
8606 2 2 8 8 2958 5579 1652
8607 2 2 8 8 2977 4260 1337
8608 2 2 8 8 824 4413 3103
8609 2 2 8 8 796 5629 3651
8610 2 2 8 8 3339 5166 4077
8611 2 2 8 8 2712 4319 1572
8612 2 2 8 8 3665 6043 1395
8613 2 2 8 8 3178 4496 1945
8614 2 2 8 8 923 5205 3439
8615 2 2 8 8 3138 5764 2844
8616 2 2 8 8 5350 5443 2644
8617 2 2 8 8 3060 4433 1131
8618 2 2 8 8 4524 4550 2006
8619 2 2 8 8 392 3303 3202
8620 2 2 8 8 1824 4172 3660
8621 2 2 8 8 852 3944 3606
8622 2 2 8 8 4389 5097 1696
8623 2 2 8 8 2048 5035 3130
8624 2 2 8 8 4347 5186 1913
8625 2 2 8 8 5538 5850 2114
8626 2 2 8 8 493 5211 492
8627 2 2 8 8 1064 6121 2558
8628 2 2 8 8 922 3744 3616
8629 2 2 8 8 1473 4246 3485
8630 2 2 8 8 537 4153 9
8631 2 2 8 8 3068 4973 711
8632 2 2 8 8 1854 5641 3075
8633 2 2 8 8 4146 5492 2245
8634 2 2 8 8 4562 5569 2636
8635 2 2 8 8 4147 4933 1982
8636 2 2 8 8 3258 5094 1336
8637 2 2 8 8 1741 3803 3770
8638 2 2 8 8 3324 5771 1541
8639 2 2 8 8 1411 6070 3717
8640 2 2 8 8 3289 4564 936
8641 2 2 8 8 2490 5215 3155
8642 2 2 8 8 2712 5711 1184
8643 2 2 8 8 4160 5734 2116
8644 2 2 8 8 2242 6163 3147
8645 2 2 8 8 818 4337 3759
8646 2 2 8 8 1321 4728 3041
8647 2 2 8 8 1709 4355 3691
8648 2 2 8 8 1132 4608 2767
8649 2 2 8 8 2935 4306 1501
8650 2 2 8 8 3146 3358 1434
8651 2 2 8 8 2003 5442 5061
8652 2 2 8 8 4217 5594 1524
8653 2 2 8 8 3106 4296 1101
8654 2 2 8 8 5137 5750 2176
8655 2 2 8 8 678 4778 3521
8656 2 2 8 8 2999 5123 1009
8657 2 2 8 8 1438 4269 2877
8658 2 2 8 8 50 6044 2871
8659 2 2 8 8 973 5737 2893
8660 2 2 8 8 1798 4371 3859
8661 2 2 8 8 1319 5167 3758
8662 2 2 8 8 4299 5779 4977
8663 2 2 8 8 3004 5208 532
8664 2 2 8 8 4168 5724 687
8665 2 2 8 8 144 5720 5001
8666 2 2 8 8 3015 4723 830
8667 2 2 8 8 4239 4383 1291
8668 2 2 8 8 1208 5120 3164
8669 2 2 8 8 1951 5878 3053
8670 2 2 8 8 3235 5851 1817
8671 2 2 8 8 2929 4468 1774
8672 2 2 8 8 1342 5876 3700
8673 2 2 8 8 704 5065 2789
8674 2 2 8 8 5093 5802 1003
8675 2 2 8 8 844 5938 3144
8676 2 2 8 8 531 5208 3499
8677 2 2 8 8 3069 4924 1550
8678 2 2 8 8 4126 4281 1841
8679 2 2 8 8 3115 5788 1975
8680 2 2 8 8 1789 5916 3160
8681 2 2 8 8 2245 5360 4541
8682 2 2 8 8 593 4881 3783
8683 2 2 8 8 3022 5830 1794
8684 2 2 8 8 2718 5573 1672
8685 2 2 8 8 3784 5320 978
8686 2 2 8 8 3275 4798 1351
8687 2 2 8 8 1681 4167 3638
8688 2 2 8 8 34 4622 33
8689 2 2 8 8 850 4866 3021
8690 2 2 8 8 4216 5730 2021
8691 2 2 8 8 3661 4589 759
8692 2 2 8 8 4060 4429 1402
8693 2 2 8 8 2005 5029 2285
8694 2 2 8 8 1841 6105 4126
8695 2 2 8 8 1139 5818 2608
8696 2 2 8 8 4754 5150 1134
8697 2 2 8 8 1323 4850 2738
8698 2 2 8 8 637 4383 4239
8699 2 2 8 8 2436 6083 4910
8700 2 2 8 8 1984 5549 5257
8701 2 2 8 8 2789 5065 1809
8702 2 2 8 8 4846 4983 744
8703 2 2 8 8 1764 5556 3831
8704 2 2 8 8 1503 4127 3191
8705 2 2 8 8 4952 5292 2509
8706 2 2 8 8 2081 5204 4895
8707 2 2 8 8 754 5042 4365
8708 2 2 8 8 1364 4369 3346
8709 2 2 8 8 1316 5390 3780
8710 2 2 8 8 3581 5688 1466
8711 2 2 8 8 1614 5171 3454
8712 2 2 8 8 416 4505 415
8713 2 2 8 8 2037 4519 3816
8714 2 2 8 8 1070 5800 5626
8715 2 2 8 8 3103 4413 1252
8716 2 2 8 8 1662 5285 4427
8717 2 2 8 8 2645 5846 3168
8718 2 2 8 8 3471 5294 1096
8719 2 2 8 8 995 4987 3712
8720 2 2 8 8 917 5515 3290
8721 2 2 8 8 3145 6150 2235
8722 2 2 8 8 1211 5851 3235
8723 2 2 8 8 155 4187 154
8724 2 2 8 8 858 4208 3170
8725 2 2 8 8 2800 4382 1250
8726 2 2 8 8 3217 5980 2033
8727 2 2 8 8 3052 5983 1853
8728 2 2 8 8 854 5479 3113
8729 2 2 8 8 3361 3988 942
8730 2 2 8 8 3423 4919 2801
8731 2 2 8 8 1351 4798 3546
8732 2 2 8 8 2745 4633 1481
8733 2 2 8 8 584 5532 583
8734 2 2 8 8 559 4646 558
8735 2 2 8 8 1571 5702 4353
8736 2 2 8 8 3490 5996 671
8737 2 2 8 8 4068 4827 645
8738 2 2 8 8 1101 5833 3119
8739 2 2 8 8 3858 4127 2123
8740 2 2 8 8 1654 5659 3228
8741 2 2 8 8 3195 5862 2197
8742 2 2 8 8 1372 4345 3444
8743 2 2 8 8 225 4485 224
8744 2 2 8 8 4436 4776 2038
8745 2 2 8 8 1098 6010 2799
8746 2 2 8 8 1561 5520 3968
8747 2 2 8 8 4036 5036 2056
8748 2 2 8 8 1576 4489 3232
8749 2 2 8 8 3079 5603 1209
8750 2 2 8 8 143 4858 142
8751 2 2 8 8 3894 4891 2957
8752 2 2 8 8 2842 4301 1782
8753 2 2 8 8 3544 5694 650
8754 2 2 8 8 4746 5072 1781
8755 2 2 8 8 2293 5720 4939
8756 2 2 8 8 3057 4584 2105
8757 2 2 8 8 3075 5641 881
8758 2 2 8 8 1712 5041 4009
8759 2 2 8 8 2021 5730 3278
8760 2 2 8 8 1939 5339 2889
8761 2 2 8 8 2470 5496 4560
8762 2 2 8 8 3288 5896 1080
8763 2 2 8 8 2891 6095 828
8764 2 2 8 8 2850 6062 1177
8765 2 2 8 8 3162 5093 1914
8766 2 2 8 8 1638 4973 3068
8767 2 2 8 8 1066 4761 3464
8768 2 2 8 8 32 4479 31
8769 2 2 8 8 1572 4605 2712
8770 2 2 8 8 246 4484 2741
8771 2 2 8 8 1901 6097 3062
8772 2 2 8 8 3256 5600 1542
8773 2 2 8 8 109 4655 108
8774 2 2 8 8 3399 5263 912
8775 2 2 8 8 2822 4607 1086
8776 2 2 8 8 3782 6093 1585
8777 2 2 8 8 2653 4823 4821
8778 2 2 8 8 1596 4754 2692
8779 2 2 8 8 3501 5126 900
8780 2 2 8 8 1746 3973 3292
8781 2 2 8 8 1999 5356 2912
8782 2 2 8 8 1115 4916 3820
8783 2 2 8 8 43 5786 42
8784 2 2 8 8 3436 4553 1415
8785 2 2 8 8 1472 4396 3334
8786 2 2 8 8 5405 5420 1756
8787 2 2 8 8 4354 5903 2205
8788 2 2 8 8 3957 4890 884
8789 2 2 8 8 684 5861 5402
8790 2 2 8 8 3559 3972 696
8791 2 2 8 8 1484 3569 3547
8792 2 2 8 8 4688 5650 1644
8793 2 2 8 8 3156 5347 112
8794 2 2 8 8 1687 4478 3265
8795 2 2 8 8 3815 4139 2664
8796 2 2 8 8 2674 5530 5119
8797 2 2 8 8 1680 4834 3282
8798 2 2 8 8 2171 6049 3246
8799 2 2 8 8 3756 4598 1255
8800 2 2 8 8 2990 4153 537
8801 2 2 8 8 1685 4515 3467
8802 2 2 8 8 2815 5778 4505
8803 2 2 8 8 2558 5002 689
8804 2 2 8 8 3323 6063 1315
8805 2 2 8 8 2255 4563 4478
8806 2 2 8 8 3246 6049 1423
8807 2 2 8 8 3435 5790 2215
8808 2 2 8 8 1542 6008 3678
8809 2 2 8 8 1692 4594 4497
8810 2 2 8 8 1559 4376 3886
8811 2 2 8 8 3271 4318 1592
8812 2 2 8 8 2113 5460 2679
8813 2 2 8 8 2133 5373 3606
8814 2 2 8 8 943 4830 3348
8815 2 2 8 8 2408 5658 4495
8816 2 2 8 8 4020 5596 2517
8817 2 2 8 8 1783 3920 3707
8818 2 2 8 8 549 5011 548
8819 2 2 8 8 4550 5976 2006
8820 2 2 8 8 2399 4680 3448
8821 2 2 8 8 1601 4723 3015
8822 2 2 8 8 4251 4543 2100
8823 2 2 8 8 713 3909 2974
8824 2 2 8 8 562 5502 561
8825 2 2 8 8 1561 5372 3209
8826 2 2 8 8 3566 4857 676
8827 2 2 8 8 831 5058 2883
8828 2 2 8 8 3376 4964 1735
8829 2 2 8 8 3656 4282 1812
8830 2 2 8 8 4288 4344 914
8831 2 2 8 8 3856 5166 929
8832 2 2 8 8 3754 5645 1366
8833 2 2 8 8 556 4197 555
8834 2 2 8 8 4061 5434 1123
8835 2 2 8 8 1216 5998 3682
8836 2 2 8 8 3638 5985 734
8837 2 2 8 8 4562 5611 1805
8838 2 2 8 8 1923 6076 4508
8839 2 2 8 8 1851 4263 3710
8840 2 2 8 8 3208 5917 1948
8841 2 2 8 8 3123 6111 1664
8842 2 2 8 8 2888 6065 1311
8843 2 2 8 8 805 5248 3591
8844 2 2 8 8 463 5584 462
8845 2 2 8 8 1084 5046 3916
8846 2 2 8 8 1727 6068 4189
8847 2 2 8 8 1892 5991 3082
8848 2 2 8 8 3537 5537 1602
8849 2 2 8 8 2945 6016 1249
8850 2 2 8 8 1874 4613 3769
8851 2 2 8 8 1338 5525 4557
8852 2 2 8 8 3544 5355 1889
8853 2 2 8 8 3953 4552 1543
8854 2 2 8 8 3001 6124 1396
8855 2 2 8 8 4241 4929 1851
8856 2 2 8 8 1564 4718 2971
8857 2 2 8 8 176 5891 2808
8858 2 2 8 8 1437 4435 3004
8859 2 2 8 8 2298 5631 742
8860 2 2 8 8 3021 4580 850
8861 2 2 8 8 4588 5859 2108
8862 2 2 8 8 1666 4509 3494
8863 2 2 8 8 3407 4546 564
8864 2 2 8 8 4020 5779 5596
8865 2 2 8 8 4009 5733 1122
8866 2 2 8 8 3538 5218 1169
8867 2 2 8 8 1476 5706 3800
8868 2 2 8 8 1661 5757 4259
8869 2 2 8 8 2121 5923 4908
8870 2 2 8 8 773 4837 3743
8871 2 2 8 8 1210 4836 3495
8872 2 2 8 8 2690 4491 4057
8873 2 2 8 8 929 4579 3561
8874 2 2 8 8 3130 5035 497
8875 2 2 8 8 3012 5926 625
8876 2 2 8 8 3697 4012 832
8877 2 2 8 8 964 5995 3963
8878 2 2 8 8 1421 5719 2792
8879 2 2 8 8 1744 5588 5116
8880 2 2 8 8 1729 4335 3902
8881 2 2 8 8 5267 5452 2535
8882 2 2 8 8 1326 5528 3150
8883 2 2 8 8 964 4008 3967
8884 2 2 8 8 2083 5959 2933
8885 2 2 8 8 1695 4960 3185
8886 2 2 8 8 3050 5330 1839
8887 2 2 8 8 2242 4544 3307
8888 2 2 8 8 1755 5679 3104
8889 2 2 8 8 977 5791 3085
8890 2 2 8 8 3449 4780 1300
8891 2 2 8 8 4847 4984 2084
8892 2 2 8 8 3371 4777 1800
8893 2 2 8 8 1605 4825 4068
8894 2 2 8 8 4417 5819 1094
8895 2 2 8 8 4227 5612 778
8896 2 2 8 8 846 4497 3485
8897 2 2 8 8 1037 5160 3211
8898 2 2 8 8 1613 5514 3668
8899 2 2 8 8 4220 4597 2317
8900 2 2 8 8 3058 4870 125
8901 2 2 8 8 1939 5736 3490
8902 2 2 8 8 4567 4620 1730
8903 2 2 8 8 3856 5422 1479
8904 2 2 8 8 223 4843 222
8905 2 2 8 8 3707 3920 1356
8906 2 2 8 8 3075 5889 1620
8907 2 2 8 8 3163 5771 219
8908 2 2 8 8 2162 6155 3450
8909 2 2 8 8 2115 5329 4700
8910 2 2 8 8 1570 4770 3466
8911 2 2 8 8 951 5785 3530
8912 2 2 8 8 796 6125 3351
8913 2 2 8 8 3765 6068 1727
8914 2 2 8 8 3083 5925 838
8915 2 2 8 8 5431 5961 1643
8916 2 2 8 8 1952 5465 5200
8917 2 2 8 8 2859 5616 730
8918 2 2 8 8 1769 5134 2876
8919 2 2 8 8 4543 5244 2100
8920 2 2 8 8 3637 3915 1233
8921 2 2 8 8 4738 5056 645
8922 2 2 8 8 2440 5634 3938
8923 2 2 8 8 3669 5135 724
8924 2 2 8 8 775 4084 3171
8925 2 2 8 8 648 4037 3666
8926 2 2 8 8 926 5749 4217
8927 2 2 8 8 4008 5308 1693
8928 2 2 8 8 661 5935 5458
8929 2 2 8 8 4613 6007 3292
8930 2 2 8 8 3700 4190 674
8931 2 2 8 8 689 5002 2738
8932 2 2 8 8 896 5448 4492
8933 2 2 8 8 2802 6171 2097
8934 2 2 8 8 2260 5805 3576
8935 2 2 8 8 1395 5696 3378
8936 2 2 8 8 2915 5470 2004
8937 2 2 8 8 515 5468 514
8938 2 2 8 8 1757 5954 3125
8939 2 2 8 8 705 4517 3921
8940 2 2 8 8 1532 5735 2343
8941 2 2 8 8 2020 4821 4048
8942 2 2 8 8 5409 6019 2347
8943 2 2 8 8 1404 4446 2895
8944 2 2 8 8 3769 4613 1383
8945 2 2 8 8 1944 4984 4847
8946 2 2 8 8 1128 5101 3718
8947 2 2 8 8 607 4446 3366
8948 2 2 8 8 5158 5169 3358
8949 2 2 8 8 3375 5412 1332
8950 2 2 8 8 2529 5503 4651
8951 2 2 8 8 3096 4213 2405
8952 2 2 8 8 1927 5292 4952
8953 2 2 8 8 3513 4756 1443
8954 2 2 8 8 4234 5624 1683
8955 2 2 8 8 2596 5819 4417
8956 2 2 8 8 3679 5498 1051
8957 2 2 8 8 2000 5480 4125
8958 2 2 8 8 2235 5686 2784
8959 2 2 8 8 1677 4204 4119
8960 2 2 8 8 2297 4185 3918
8961 2 2 8 8 1413 5961 3315
8962 2 2 8 8 930 4399 3515
8963 2 2 8 8 94 4624 93
8964 2 2 8 8 1545 4771 3262
8965 2 2 8 8 3521 4778 1708
8966 2 2 8 8 2574 5256 1333
8967 2 2 8 8 4445 4683 1320
8968 2 2 8 8 1682 5310 3138
8969 2 2 8 8 987 5027 2580
8970 2 2 8 8 195 5220 194
8971 2 2 8 8 2960 4805 1580
8972 2 2 8 8 1456 4829 3586
8973 2 2 8 8 3144 5472 844
8974 2 2 8 8 3578 5257 843
8975 2 2 8 8 2092 4402 3677
8976 2 2 8 8 2805 4947 1569
8977 2 2 8 8 1813 5321 2904
8978 2 2 8 8 819 4121 3382
8979 2 2 8 8 2699 6161 1005
8980 2 2 8 8 3209 5069 1561
8981 2 2 8 8 1972 5090 3708
8982 2 2 8 8 3631 5930 1783
8983 2 2 8 8 3282 4834 857
8984 2 2 8 8 4379 5665 2579
8985 2 2 8 8 1486 5589 3755
8986 2 2 8 8 1011 5850 3902
8987 2 2 8 8 1635 4951 4031
8988 2 2 8 8 4346 4756 952
8989 2 2 8 8 1166 5232 3081
8990 2 2 8 8 3909 4298 2065
8991 2 2 8 8 3896 4136 1776
8992 2 2 8 8 3979 4056 1029
8993 2 2 8 8 958 5653 3186
8994 2 2 8 8 3690 4376 1559
8995 2 2 8 8 5022 5409 2203
8996 2 2 8 8 1865 6012 3263
8997 2 2 8 8 873 4249 3309
8998 2 2 8 8 3852 4198 602
8999 2 2 8 8 3011 5860 2341
9000 2 2 8 8 134 4854 133
9001 2 2 8 8 2598 4907 3494
9002 2 2 8 8 3965 4440 907
9003 2 2 8 8 817 3753 3626
9004 2 2 8 8 1798 5301 4371
9005 2 2 8 8 2964 5045 1154
9006 2 2 8 8 894 5419 3222
9007 2 2 8 8 3040 6136 5814
9008 2 2 8 8 1291 5635 2457
9009 2 2 8 8 1235 4820 2998
9010 2 2 8 8 3173 4806 771
9011 2 2 8 8 3374 4282 940
9012 2 2 8 8 801 4231 2849
9013 2 2 8 8 4004 5391 1797
9014 2 2 8 8 2197 5886 3195
9015 2 2 8 8 1894 4056 3979
9016 2 2 8 8 3359 3521 1772
9017 2 2 8 8 3780 5390 2190
9018 2 2 8 8 1125 5000 4186
9019 2 2 8 8 3414 5382 865
9020 2 2 8 8 2870 5390 1316
9021 2 2 8 8 4449 6141 1480
9022 2 2 8 8 2704 4682 734
9023 2 2 8 8 4073 6108 1857
9024 2 2 8 8 992 4340 3798
9025 2 2 8 8 1448 4918 3452
9026 2 2 8 8 3576 5172 1654
9027 2 2 8 8 3468 5898 720
9028 2 2 8 8 1611 4926 3022
9029 2 2 8 8 3273 5332 1748
9030 2 2 8 8 3764 3881 1731
9031 2 2 8 8 1309 4165 2947
9032 2 2 8 8 502 5863 3799
9033 2 2 8 8 3380 4673 632
9034 2 2 8 8 2836 5292 1927
9035 2 2 8 8 80 6119 79
9036 2 2 8 8 3144 5938 1848
9037 2 2 8 8 2006 5136 4524
9038 2 2 8 8 66 5715 65
9039 2 2 8 8 4230 5775 1665
9040 2 2 8 8 1477 4322 4321
9041 2 2 8 8 5200 5465 2973
9042 2 2 8 8 438 5805 437
9043 2 2 8 8 5115 5740 3828
9044 2 2 8 8 1889 6135 3544
9045 2 2 8 8 1373 6067 3356
9046 2 2 8 8 1463 4440 3965
9047 2 2 8 8 1391 5497 3894
9048 2 2 8 8 5207 5810 1547
9049 2 2 8 8 3677 4402 1733
9050 2 2 8 8 706 5249 5030
9051 2 2 8 8 2108 5653 3067
9052 2 2 8 8 3356 6067 2408
9053 2 2 8 8 2512 4113 1771
9054 2 2 8 8 3092 5853 1802
9055 2 2 8 8 2102 6133 3363
9056 2 2 8 8 2549 5437 4627
9057 2 2 8 8 3019 4395 3873
9058 2 2 8 8 4659 4802 2184
9059 2 2 8 8 3224 6139 1510
9060 2 2 8 8 2479 5616 3445
9061 2 2 8 8 3941 4985 1862
9062 2 2 8 8 3996 4177 652
9063 2 2 8 8 3824 4267 221
9064 2 2 8 8 1114 3768 2750
9065 2 2 8 8 4836 5222 2439
9066 2 2 8 8 3657 4740 1455
9067 2 2 8 8 3977 4561 1713
9068 2 2 8 8 2010 4567 4114
9069 2 2 8 8 1684 4179 2996
9070 2 2 8 8 1648 4453 3942
9071 2 2 8 8 2075 4817 3571
9072 2 2 8 8 1286 4684 3826
9073 2 2 8 8 477 4715 476
9074 2 2 8 8 1975 4794 3115
9075 2 2 8 8 4593 5163 629
9076 2 2 8 8 1157 5634 4300
9077 2 2 8 8 3368 5572 1607
9078 2 2 8 8 4346 4388 2072
9079 2 2 8 8 1173 5625 3135
9080 2 2 8 8 1557 4670 3439
9081 2 2 8 8 1835 5609 3008
9082 2 2 8 8 3660 4172 1469
9083 2 2 8 8 1012 5015 3270
9084 2 2 8 8 2384 4535 3997
9085 2 2 8 8 204 4089 3278
9086 2 2 8 8 2637 5148 883
9087 2 2 8 8 3169 6114 1209
9088 2 2 8 8 2971 5402 1957
9089 2 2 8 8 2800 5604 4382
9090 2 2 8 8 3160 5916 1219
9091 2 2 8 8 881 5387 3634
9092 2 2 8 8 2885 5922 1809
9093 2 2 8 8 3628 5796 2752
9094 2 2 8 8 2462 5757 3565
9095 2 2 8 8 968 5669 3794
9096 2 2 8 8 4306 5537 970
9097 2 2 8 8 485 5593 484
9098 2 2 8 8 3990 4161 1691
9099 2 2 8 8 3562 5521 842
9100 2 2 8 8 1108 4871 4710
9101 2 2 8 8 3668 4518 1613
9102 2 2 8 8 3186 6049 2171
9103 2 2 8 8 666 5978 2101
9104 2 2 8 8 3484 6013 4235
9105 2 2 8 8 1333 4327 4262
9106 2 2 8 8 519 4828 518
9107 2 2 8 8 4990 5112 1092
9108 2 2 8 8 4462 5841 1951
9109 2 2 8 8 3800 5706 1932
9110 2 2 8 8 1491 4687 3726
9111 2 2 8 8 898 5734 4160
9112 2 2 8 8 3758 4683 1319
9113 2 2 8 8 936 5025 3289
9114 2 2 8 8 3398 4517 1659
9115 2 2 8 8 3113 5479 1519
9116 2 2 8 8 2485 4442 3432
9117 2 2 8 8 1423 6049 3186
9118 2 2 8 8 2998 4805 935
9119 2 2 8 8 3482 5082 1945
9120 2 2 8 8 959 5385 5339
9121 2 2 8 8 3718 5101 1912
9122 2 2 8 8 1698 4760 1996
9123 2 2 8 8 232 4590 231
9124 2 2 8 8 3566 5146 1376
9125 2 2 8 8 3146 4490 707
9126 2 2 8 8 1534 5638 3517
9127 2 2 8 8 1677 5219 3892
9128 2 2 8 8 2597 5305 4965
9129 2 2 8 8 5116 5588 2428
9130 2 2 8 8 1562 6101 3225
9131 2 2 8 8 1799 4471 4405
9132 2 2 8 8 2069 4309 3570
9133 2 2 8 8 3982 4000 1884
9134 2 2 8 8 3388 5558 784
9135 2 2 8 8 3071 4713 1671
9136 2 2 8 8 3953 3967 1693
9137 2 2 8 8 710 5854 4541
9138 2 2 8 8 2011 5518 4059
9139 2 2 8 8 1778 6043 3626
9140 2 2 8 8 4258 5354 2484
9141 2 2 8 8 4473 6054 399
9142 2 2 8 8 879 5759 5138
9143 2 2 8 8 2902 6013 1863
9144 2 2 8 8 3438 5222 1706
9145 2 2 8 8 1596 5798 4754
9146 2 2 8 8 2709 4400 4120
9147 2 2 8 8 3795 5944 1520
9148 2 2 8 8 3555 5072 1029
9149 2 2 8 8 839 4552 3953
9150 2 2 8 8 3418 6048 2170
9151 2 2 8 8 4111 4292 1840
9152 2 2 8 8 1891 5495 3045
9153 2 2 8 8 3211 5160 1867
9154 2 2 8 8 3708 5090 1675
9155 2 2 8 8 1579 4454 3510
9156 2 2 8 8 3049 5287 651
9157 2 2 8 8 3221 5620 1517
9158 2 2 8 8 436 5959 435
9159 2 2 8 8 1420 4948 3266
9160 2 2 8 8 3620 6117 695
9161 2 2 8 8 3010 6144 1099
9162 2 2 8 8 3977 4674 841
9163 2 2 8 8 3447 4526 96
9164 2 2 8 8 2259 5055 3779
9165 2 2 8 8 652 4229 3321
9166 2 2 8 8 1049 4960 4020
9167 2 2 8 8 3072 4879 856
9168 2 2 8 8 5535 5654 1856
9169 2 2 8 8 4751 4752 3059
9170 2 2 8 8 926 4217 3966
9171 2 2 8 8 2626 4972 1015
9172 2 2 8 8 4886 5586 1060
9173 2 2 8 8 1070 5626 4090
9174 2 2 8 8 4700 5329 837
9175 2 2 8 8 3295 6024 1780
9176 2 2 8 8 1772 4576 3359
9177 2 2 8 8 2904 5321 931
9178 2 2 8 8 4585 6030 2457
9179 2 2 8 8 192 6015 191
9180 2 2 8 8 3919 4599 2073
9181 2 2 8 8 627 5107 4219
9182 2 2 8 8 4185 5786 43
9183 2 2 8 8 1735 5565 4104
9184 2 2 8 8 1322 5732 3866
9185 2 2 8 8 3191 4127 867
9186 2 2 8 8 51 4813 2975
9187 2 2 8 8 4600 5670 1925
9188 2 2 8 8 3329 5876 1342
9189 2 2 8 8 4243 4848 2330
9190 2 2 8 8 3693 4609 1441
9191 2 2 8 8 4272 5655 2919
9192 2 2 8 8 3085 5791 1426
9193 2 2 8 8 1733 4402 4401
9194 2 2 8 8 4906 5428 2431
9195 2 2 8 8 1512 4772 4267
9196 2 2 8 8 1868 5011 4058
9197 2 2 8 8 1674 4543 4251
9198 2 2 8 8 834 5775 2878
9199 2 2 8 8 2026 5459 3504
9200 2 2 8 8 3439 4670 923
9201 2 2 8 8 1208 4273 3578
9202 2 2 8 8 3631 5822 2233
9203 2 2 8 8 1728 5271 3626
9204 2 2 8 8 5365 5636 2934
9205 2 2 8 8 136 4518 3668
9206 2 2 8 8 3429 4214 1836
9207 2 2 8 8 2310 4142 3817
9208 2 2 8 8 2624 5940 746
9209 2 2 8 8 3416 4707 1576
9210 2 2 8 8 443 5350 442
9211 2 2 8 8 3632 4972 2626
9212 2 2 8 8 3257 5860 1030
9213 2 2 8 8 1982 6009 4909
9214 2 2 8 8 3294 4669 1053
9215 2 2 8 8 632 4458 3380
9216 2 2 8 8 3629 5416 1586
9217 2 2 8 8 3386 5255 886
9218 2 2 8 8 2203 5800 4100
9219 2 2 8 8 2876 5820 4676
9220 2 2 8 8 2752 5158 2035
9221 2 2 8 8 56 5334 55
9222 2 2 8 8 3006 5708 591
9223 2 2 8 8 5178 5605 875
9224 2 2 8 8 1935 4669 3951
9225 2 2 8 8 2 5347 111
9226 2 2 8 8 1186 3611 2956
9227 2 2 8 8 4000 5040 932
9228 2 2 8 8 1465 4533 3460
9229 2 2 8 8 2343 4898 4686
9230 2 2 8 8 3727 4429 1831
9231 2 2 8 8 3736 5937 1307
9232 2 2 8 8 2338 5342 3317
9233 2 2 8 8 1637 5149 3062
9234 2 2 8 8 955 5882 4749
9235 2 2 8 8 3722 5693 1951
9236 2 2 8 8 484 5593 3305
9237 2 2 8 8 1809 5143 2789
9238 2 2 8 8 4098 4508 843
9239 2 2 8 8 2089 4988 4210
9240 2 2 8 8 1453 4994 3133
9241 2 2 8 8 3606 5373 852
9242 2 2 8 8 1531 5340 4997
9243 2 2 8 8 3375 4411 821
9244 2 2 8 8 2247 5241 4372
9245 2 2 8 8 1431 4901 3046
9246 2 2 8 8 4000 4514 1884
9247 2 2 8 8 3810 5695 1299
9248 2 2 8 8 731 5859 4588
9249 2 2 8 8 2868 5978 5858
9250 2 2 8 8 626 5683 4638
9251 2 2 8 8 3185 6038 1508
9252 2 2 8 8 1791 4168 4067
9253 2 2 8 8 650 5694 5414
9254 2 2 8 8 58 5277 57
9255 2 2 8 8 3213 5760 1910
9256 2 2 8 8 3726 4064 1784
9257 2 2 8 8 3153 6051 528
9258 2 2 8 8 3612 6077 1440
9259 2 2 8 8 2200 5984 5083
9260 2 2 8 8 4190 5561 1713
9261 2 2 8 8 592 5556 591
9262 2 2 8 8 2775 6176 4005
9263 2 2 8 8 3244 5074 1179
9264 2 2 8 8 2724 5150 762
9265 2 2 8 8 3004 3587 1437
9266 2 2 8 8 3673 5277 58
9267 2 2 8 8 4933 6009 1982
9268 2 2 8 8 3084 4837 773
9269 2 2 8 8 2112 4940 3143
9270 2 2 8 8 1788 5910 2953
9271 2 2 8 8 2453 4443 3650
9272 2 2 8 8 2892 5601 1296
9273 2 2 8 8 158 5990 3717
9274 2 2 8 8 3576 5805 438
9275 2 2 8 8 1697 5802 3162
9276 2 2 8 8 5154 5174 2606
9277 2 2 8 8 3200 4844 1573
9278 2 2 8 8 3527 5969 60
9279 2 2 8 8 5423 5892 2879
9280 2 2 8 8 1111 5783 4389
9281 2 2 8 8 762 5150 2607
9282 2 2 8 8 475 5017 474
9283 2 2 8 8 1876 4932 3699
9284 2 2 8 8 1567 5217 4382
9285 2 2 8 8 3813 4492 1452
9286 2 2 8 8 3260 4155 949
9287 2 2 8 8 512 5236 511
9288 2 2 8 8 3761 4345 1955
9289 2 2 8 8 713 4298 3909
9290 2 2 8 8 3067 4588 2108
9291 2 2 8 8 1921 5296 3523
9292 2 2 8 8 890 5195 3860
9293 2 2 8 8 1176 4919 3423
9294 2 2 8 8 399 6054 398
9295 2 2 8 8 2357 3988 3361
9296 2 2 8 8 3179 4784 1705
9297 2 2 8 8 3401 5357 608
9298 2 2 8 8 525 5929 524
9299 2 2 8 8 826 5036 4036
9300 2 2 8 8 1041 5817 5224
9301 2 2 8 8 1258 5282 4586
9302 2 2 8 8 3431 4431 432
9303 2 2 8 8 3296 5588 1744
9304 2 2 8 8 2687 6156 4724
9305 2 2 8 8 1829 4292 4111
9306 2 2 8 8 1130 5323 3378
9307 2 2 8 8 4336 5535 1856
9308 2 2 8 8 3031 5727 1870
9309 2 2 8 8 1659 5368 3066
9310 2 2 8 8 4057 4491 1771
9311 2 2 8 8 1402 4429 3727
9312 2 2 8 8 651 5287 3134
9313 2 2 8 8 1300 4875 3290
9314 2 2 8 8 1028 5354 4258
9315 2 2 8 8 1496 4029 3180
9316 2 2 8 8 946 4369 3866
9317 2 2 8 8 15 5212 3205
9318 2 2 8 8 3614 4764 2165
9319 2 2 8 8 3760 4545 1392
9320 2 2 8 8 1756 5263 3399
9321 2 2 8 8 3389 4684 2521
9322 2 2 8 8 2088 5392 4017
9323 2 2 8 8 3219 5667 1260
9324 2 2 8 8 4478 4563 1076
9325 2 2 8 8 1175 4758 4125
9326 2 2 8 8 1969 6047 4176
9327 2 2 8 8 2048 4704 3648
9328 2 2 8 8 1998 4850 3927
9329 2 2 8 8 2032 4540 3630
9330 2 2 8 8 1931 4890 3957
9331 2 2 8 8 2281 5975 3371
9332 2 2 8 8 757 4555 2742
9333 2 2 8 8 1896 6017 3050
9334 2 2 8 8 947 5815 3461
9335 2 2 8 8 2988 5491 11
9336 2 2 8 8 4024 4519 699
9337 2 2 8 8 4557 5525 2326
9338 2 2 8 8 3578 5120 1208
9339 2 2 8 8 691 5428 4906
9340 2 2 8 8 3511 4445 1789
9341 2 2 8 8 3790 5581 1171
9342 2 2 8 8 1873 6164 3173
9343 2 2 8 8 2996 6149 648
9344 2 2 8 8 2985 4559 664
9345 2 2 8 8 2227 5854 3654
9346 2 2 8 8 4102 5430 1717
9347 2 2 8 8 2876 5359 1769
9348 2 2 8 8 2342 5285 4461
9349 2 2 8 8 1640 6023 3622
9350 2 2 8 8 439 5172 3576
9351 2 2 8 8 877 3812 3539
9352 2 2 8 8 1808 5040 4000
9353 2 2 8 8 1257 6163 3307
9354 2 2 8 8 1894 4403 4056
9355 2 2 8 8 2008 5423 5017
9356 2 2 8 8 3808 4514 932
9357 2 2 8 8 656 5203 4091
9358 2 2 8 8 3770 3803 213
9359 2 2 8 8 625 4162 3597
9360 2 2 8 8 3222 5623 894
9361 2 2 8 8 5947 6167 1904
9362 2 2 8 8 4586 5282 2589
9363 2 2 8 8 1482 4248 3799
9364 2 2 8 8 1608 4396 3223
9365 2 2 8 8 3729 6165 1511
9366 2 2 8 8 5128 5991 2884
9367 2 2 8 8 2450 5580 3530
9368 2 2 8 8 2667 4985 3941
9369 2 2 8 8 4349 5229 2110
9370 2 2 8 8 3908 5874 2551
9371 2 2 8 8 3032 5980 1255
9372 2 2 8 8 3252 5802 1697
9373 2 2 8 8 2017 5079 3508
9374 2 2 8 8 1115 5636 5365
9375 2 2 8 8 670 4351 3736
9376 2 2 8 8 2667 6024 4985
9377 2 2 8 8 4148 5461 899
9378 2 2 8 8 1786 5294 3471
9379 2 2 8 8 1842 4700 3343
9380 2 2 8 8 1389 4899 4687
9381 2 2 8 8 222 4843 2820
9382 2 2 8 8 4694 5254 2321
9383 2 2 8 8 1357 4852 3619
9384 2 2 8 8 3810 5025 2416
9385 2 2 8 8 3414 5676 1767
9386 2 2 8 8 4168 4169 1622
9387 2 2 8 8 837 5329 4410
9388 2 2 8 8 4939 5720 2897
9389 2 2 8 8 1925 5670 3908
9390 2 2 8 8 483 5259 482
9391 2 2 8 8 3406 5145 1864
9392 2 2 8 8 1234 4584 3024
9393 2 2 8 8 3997 4535 1365
9394 2 2 8 8 1609 4538 3455
9395 2 2 8 8 3340 5441 1661
9396 2 2 8 8 1781 5072 3555
9397 2 2 8 8 991 4982 3259
9398 2 2 8 8 4656 5944 2373
9399 2 2 8 8 4908 5923 1034
9400 2 2 8 8 1956 5879 3899
9401 2 2 8 8 589 5286 588
9402 2 2 8 8 2063 5789 3224
9403 2 2 8 8 1902 5475 3464
9404 2 2 8 8 3363 5069 1330
9405 2 2 8 8 4057 5741 1114
9406 2 2 8 8 3067 5653 958
9407 2 2 8 8 4244 4349 967
9408 2 2 8 8 3168 5846 900
9409 2 2 8 8 1012 5143 5015
9410 2 2 8 8 3378 5696 622
9411 2 2 8 8 4186 5000 2198
9412 2 2 8 8 2798 6002 1059
9413 2 2 8 8 3837 5665 1815
9414 2 2 8 8 2685 4722 3801
9415 2 2 8 8 2636 5611 4562
9416 2 2 8 8 3652 4235 1268
9417 2 2 8 8 3248 4709 795
9418 2 2 8 8 1941 6039 5265
9419 2 2 8 8 1703 5692 3397
9420 2 2 8 8 1617 5745 3309
9421 2 2 8 8 3583 4906 2431
9422 2 2 8 8 11 5536 2988
9423 2 2 8 8 1025 5709 4779
9424 2 2 8 8 3265 4971 1687
9425 2 2 8 8 3655 6082 854
9426 2 2 8 8 3491 5031 1328
9427 2 2 8 8 12 5536 11
9428 2 2 8 8 2187 4780 3366
9429 2 2 8 8 4020 4960 1695
9430 2 2 8 8 3924 5507 2416
9431 2 2 8 8 1819 4802 4659
9432 2 2 8 8 1399 5199 3412
9433 2 2 8 8 4401 4824 1733
9434 2 2 8 8 3207 4680 1305
9435 2 2 8 8 3249 4653 2239
9436 2 2 8 8 1604 5881 3268
9437 2 2 8 8 1462 3956 3760
9438 2 2 8 8 3895 4151 1112
9439 2 2 8 8 3658 5914 2147
9440 2 2 8 8 5484 5945 1318
9441 2 2 8 8 4115 5792 1102
9442 2 2 8 8 2056 5388 4036
9443 2 2 8 8 607 3540 2895
9444 2 2 8 8 2564 4801 3662
9445 2 2 8 8 1744 5116 3332
9446 2 2 8 8 2358 5586 4886
9447 2 2 8 8 1358 3929 3486
9448 2 2 8 8 1754 5174 5154
9449 2 2 8 8 1675 5206 3708
9450 2 2 8 8 3619 4852 2037
9451 2 2 8 8 1295 4294 4293
9452 2 2 8 8 1084 6148 5046
9453 2 2 8 8 649 5219 4228
9454 2 2 8 8 4354 4917 2257
9455 2 2 8 8 4101 5109 1494
9456 2 2 8 8 1076 5744 3265
9457 2 2 8 8 2037 4841 4519
9458 2 2 8 8 3648 4704 2024
9459 2 2 8 8 3096 4313 1747
9460 2 2 8 8 2858 4383 1595
9461 2 2 8 8 918 4583 3553
9462 2 2 8 8 1664 6111 3675
9463 2 2 8 8 3343 4700 837
9464 2 2 8 8 1882 5986 3535
9465 2 2 8 8 3571 4817 1043
9466 2 2 8 8 1532 4686 3349
9467 2 2 8 8 2050 5139 4598
9468 2 2 8 8 3709 5707 1361
9469 2 2 8 8 497 5035 496
9470 2 2 8 8 2640 5762 3284
9471 2 2 8 8 3127 4961 1068
9472 2 2 8 8 3509 4954 1802
9473 2 2 8 8 4122 4600 1259
9474 2 2 8 8 2649 5517 3329
9475 2 2 8 8 2236 5733 4009
9476 2 2 8 8 748 5807 4736
9477 2 2 8 8 532 5208 531
9478 2 2 8 8 1809 5065 2885
9479 2 2 8 8 764 6019 3325
9480 2 2 8 8 1504 6027 3551
9481 2 2 8 8 2003 5061 4699
9482 2 2 8 8 3880 5019 1847
9483 2 2 8 8 3816 5756 2037
9484 2 2 8 8 2034 6117 3620
9485 2 2 8 8 2167 5067 3972
9486 2 2 8 8 1866 4581 3131
9487 2 2 8 8 4366 4887 1898
9488 2 2 8 8 3751 5705 1097
9489 2 2 8 8 3123 4812 1673
9490 2 2 8 8 3298 5569 905
9491 2 2 8 8 841 5767 3977
9492 2 2 8 8 591 5556 3006
9493 2 2 8 8 698 4376 3690
9494 2 2 8 8 2989 5415 1386
9495 2 2 8 8 5061 5442 2682
9496 2 2 8 8 1550 5521 3562
9497 2 2 8 8 5416 5627 1586
9498 2 2 8 8 2035 5361 2752
9499 2 2 8 8 4305 6126 1993
9500 2 2 8 8 4064 5628 993
9501 2 2 8 8 3488 4538 1609
9502 2 2 8 8 3128 6092 1879
9503 2 2 8 8 2209 5926 5825
9504 2 2 8 8 2046 5433 3487
9505 2 2 8 8 2252 5496 3928
9506 2 2 8 8 2167 3972 3559
9507 2 2 8 8 1879 4815 3128
9508 2 2 8 8 5030 5249 2968
9509 2 2 8 8 2901 5735 1532
9510 2 2 8 8 3066 5368 808
9511 2 2 8 8 1759 4055 4054
9512 2 2 8 8 3371 5975 878
9513 2 2 8 8 471 4750 470
9514 2 2 8 8 3657 5266 685
9515 2 2 8 8 3354 4250 1337
9516 2 2 8 8 2517 5673 4020
9517 2 2 8 8 422 5206 421
9518 2 2 8 8 119 6120 118
9519 2 2 8 8 2982 5562 1307
9520 2 2 8 8 4347 5243 789
9521 2 2 8 8 1461 5238 3275
9522 2 2 8 8 1583 4874 3298
9523 2 2 8 8 3099 3814 1422
9524 2 2 8 8 5402 5861 3164
9525 2 2 8 8 1030 5860 3011
9526 2 2 8 8 3864 5484 1318
9527 2 2 8 8 1593 5325 3172
9528 2 2 8 8 2965 5183 2422
9529 2 2 8 8 3420 5535 1196
9530 2 2 8 8 1210 5467 4836
9531 2 2 8 8 1350 6149 2996
9532 2 2 8 8 3630 5211 2032
9533 2 2 8 8 2093 5675 3552
9534 2 2 8 8 1473 4275 4246
9535 2 2 8 8 1124 4776 4436
9536 2 2 8 8 412 5401 411
9537 2 2 8 8 2760 5610 5429
9538 2 2 8 8 1261 4855 3564
9539 2 2 8 8 2536 5759 3184
9540 2 2 8 8 642 4845 3547
9541 2 2 8 8 3635 4802 1819
9542 2 2 8 8 4951 5126 2232
9543 2 2 8 8 2399 5056 4738
9544 2 2 8 8 3674 4911 933
9545 2 2 8 8 3916 5046 2161
9546 2 2 8 8 1133 4663 3869
9547 2 2 8 8 1384 5663 2828
9548 2 2 8 8 2246 4483 3270
9549 2 2 8 8 3980 4749 2079
9550 2 2 8 8 847 4856 3035
9551 2 2 8 8 3738 4480 677
9552 2 2 8 8 1673 5826 3265
9553 2 2 8 8 4247 5688 857
9554 2 2 8 8 3801 4874 1583
9555 2 2 8 8 4525 6036 925
9556 2 2 8 8 3238 5311 1339
9557 2 2 8 8 2171 5708 3006
9558 2 2 8 8 1374 6031 4183
9559 2 2 8 8 3783 4881 1923
9560 2 2 8 8 735 6091 4046
9561 2 2 8 8 449 5223 448
9562 2 2 8 8 3570 4309 1689
9563 2 2 8 8 1974 5397 3862
9564 2 2 8 8 3532 4500 602
9565 2 2 8 8 2275 4778 678
9566 2 2 8 8 866 5201 3385
9567 2 2 8 8 3151 4725 1292
9568 2 2 8 8 2575 4692 1083
9569 2 2 8 8 570 4653 3249
9570 2 2 8 8 3848 4635 901
9571 2 2 8 8 457 5790 456
9572 2 2 8 8 3720 5501 1417
9573 2 2 8 8 2019 5301 4341
9574 2 2 8 8 3468 5381 2155
9575 2 2 8 8 5160 5747 2375
9576 2 2 8 8 444 5443 443
9577 2 2 8 8 720 5381 3468
9578 2 2 8 8 3159 5386 793
9579 2 2 8 8 906 5371 3819
9580 2 2 8 8 410 5761 409
9581 2 2 8 8 3075 5345 1854
9582 2 2 8 8 1170 5570 4070
9583 2 2 8 8 536 4377 535
9584 2 2 8 8 3731 4441 1509
9585 2 2 8 8 1485 5967 5058
9586 2 2 8 8 4321 4322 1909
9587 2 2 8 8 513 4602 3311
9588 2 2 8 8 1158 4472 3536
9589 2 2 8 8 1295 6057 3483
9590 2 2 8 8 4701 5557 874
9591 2 2 8 8 2792 5719 1085
9592 2 2 8 8 1812 5699 3656
9593 2 2 8 8 4410 5329 2045
9594 2 2 8 8 4425 4661 1723
9595 2 2 8 8 2007 4521 3568
9596 2 2 8 8 1927 4858 2836
9597 2 2 8 8 1344 6014 5661
9598 2 2 8 8 3787 4896 1360
9599 2 2 8 8 1497 5527 4082
9600 2 2 8 8 4678 5814 3030
9601 2 2 8 8 3854 4983 1697
9602 2 2 8 8 3778 4956 2395
9603 2 2 8 8 1942 4863 3960
9604 2 2 8 8 3354 5678 1650
9605 2 2 8 8 1817 6166 4109
9606 2 2 8 8 4351 4515 1685
9607 2 2 8 8 1310 5948 5797
9608 2 2 8 8 2606 5453 5154
9609 2 2 8 8 3206 4272 1013
9610 2 2 8 8 632 4673 4339
9611 2 2 8 8 4100 5800 1070
9612 2 2 8 8 3535 5986 597
9613 2 2 8 8 3439 5205 1790
9614 2 2 8 8 1856 5654 5281
9615 2 2 8 8 2161 5004 4202
9616 2 2 8 8 4510 5993 2070
9617 2 2 8 8 3236 5861 684
9618 2 2 8 8 3801 4722 2205
9619 2 2 8 8 3091 4978 957
9620 2 2 8 8 1035 5602 3410
9621 2 2 8 8 2191 4550 3986
9622 2 2 8 8 5273 6071 1720
9623 2 2 8 8 1636 5137 3326
9624 2 2 8 8 3960 4863 2618
9625 2 2 8 8 943 4925 3964
9626 2 2 8 8 957 5315 3091
9627 2 2 8 8 850 4984 3849
9628 2 2 8 8 2670 5902 4523
9629 2 2 8 8 3996 4158 1506
9630 2 2 8 8 3412 5199 690
9631 2 2 8 8 3215 6166 1817
9632 2 2 8 8 4724 6156 1494
9633 2 2 8 8 785 4872 2857
9634 2 2 8 8 445 5904 444
9635 2 2 8 8 5579 5972 1652
9636 2 2 8 8 3615 5777 1757
9637 2 2 8 8 5414 5694 2931
9638 2 2 8 8 1520 5944 4656
9639 2 2 8 8 2312 4078 4030
9640 2 2 8 8 2328 5510 1388
9641 2 2 8 8 5797 5948 3082
9642 2 2 8 8 528 6051 527
9643 2 2 8 8 1124 5012 4073
9644 2 2 8 8 1407 5229 4349
9645 2 2 8 8 860 4599 3522
9646 2 2 8 8 953 5568 3317
9647 2 2 8 8 4054 4055 1829
9648 2 2 8 8 3526 5678 4848
9649 2 2 8 8 4019 5866 1144
9650 2 2 8 8 725 5447 3433
9651 2 2 8 8 828 5441 3340
9652 2 2 8 8 3484 5821 129
9653 2 2 8 8 812 5063 3954
9654 2 2 8 8 2304 6037 3508
9655 2 2 8 8 737 6097 3319
9656 2 2 8 8 3600 5571 2094
9657 2 2 8 8 4027 5915 2021
9658 2 2 8 8 1506 4177 3996
9659 2 2 8 8 4080 4173 1507
9660 2 2 8 8 3536 5373 2133
9661 2 2 8 8 2893 5737 1728
9662 2 2 8 8 4509 5900 2332
9663 2 2 8 8 2928 5414 1897
9664 2 2 8 8 75 5049 74
9665 2 2 8 8 1342 5435 3525
9666 2 2 8 8 1439 5245 3579
9667 2 2 8 8 1128 5656 5101
9668 2 2 8 8 3377 4637 1390
9669 2 2 8 8 1946 4689 4186
9670 2 2 8 8 4848 5678 1337
9671 2 2 8 8 2332 6138 3494
9672 2 2 8 8 2050 5220 3002
9673 2 2 8 8 5817 6137 2030
9674 2 2 8 8 2215 4955 3435
9675 2 2 8 8 3155 5215 1058
9676 2 2 8 8 1144 6102 4019
9677 2 2 8 8 1773 3830 3355
9678 2 2 8 8 491 6106 3960
9679 2 2 8 8 3061 5841 1095
9680 2 2 8 8 865 5676 3414
9681 2 2 8 8 3403 6074 789
9682 2 2 8 8 3606 3944 1619
9683 2 2 8 8 2868 5858 1389
9684 2 2 8 8 3205 5212 1766
9685 2 2 8 8 3812 4764 1535
9686 2 2 8 8 3415 5895 1340
9687 2 2 8 8 118 6120 2962
9688 2 2 8 8 3039 5718 950
9689 2 2 8 8 4727 5015 1809
9690 2 2 8 8 3623 4995 2014
9691 2 2 8 8 3880 6119 80
9692 2 2 8 8 2010 5234 4567
9693 2 2 8 8 1182 5862 3195
9694 2 2 8 8 5115 5974 2421
9695 2 2 8 8 3622 6023 2340
9696 2 2 8 8 2471 5813 4192
9697 2 2 8 8 3441 5582 2635
9698 2 2 8 8 1138 5047 3291
9699 2 2 8 8 3701 6132 1555
9700 2 2 8 8 4985 6024 1135
9701 2 2 8 8 1844 6073 3926
9702 2 2 8 8 3802 5865 1253
9703 2 2 8 8 3681 4937 1991
9704 2 2 8 8 2228 5300 3946
9705 2 2 8 8 1484 4845 4762
9706 2 2 8 8 4236 4643 1940
9707 2 2 8 8 980 4139 3815
9708 2 2 8 8 2161 5046 5004
9709 2 2 8 8 3789 5593 485
9710 2 2 8 8 1718 4395 3680
9711 2 2 8 8 2106 5063 3262
9712 2 2 8 8 3137 5467 1210
9713 2 2 8 8 5107 6141 2095
9714 2 2 8 8 710 5917 5854
9715 2 2 8 8 2211 5710 3850
9716 2 2 8 8 1736 5261 3467
9717 2 2 8 8 5696 6060 622
9718 2 2 8 8 3979 4865 1894
9719 2 2 8 8 1791 4169 4168
9720 2 2 8 8 3678 6008 2076
9721 2 2 8 8 3186 5653 2108
9722 2 2 8 8 5119 5530 2680
9723 2 2 8 8 3384 4153 1352
9724 2 2 8 8 2122 4415 3851
9725 2 2 8 8 608 5988 3401
9726 2 2 8 8 3590 6001 4622
9727 2 2 8 8 4575 5538 1009
9728 2 2 8 8 867 4127 3858
9729 2 2 8 8 1625 5763 3413
9730 2 2 8 8 1724 5998 3139
9731 2 2 8 8 4936 4987 1766
9732 2 2 8 8 3596 5334 2216
9733 2 2 8 8 1037 5747 5160
9734 2 2 8 8 5854 5917 2385
9735 2 2 8 8 3717 6070 2217
9736 2 2 8 8 121 4481 2914
9737 2 2 8 8 4002 6099 2263
9738 2 2 8 8 4036 5388 1575
9739 2 2 8 8 1683 5624 4375
9740 2 2 8 8 3836 5053 1941
9741 2 2 8 8 1891 5178 3446
9742 2 2 8 8 3974 5529 1623
9743 2 2 8 8 3653 4809 1198
9744 2 2 8 8 2861 4607 1370
9745 2 2 8 8 637 6077 3612
9746 2 2 8 8 3688 6104 866
9747 2 2 8 8 691 4906 3357
9748 2 2 8 8 5429 5610 1760
9749 2 2 8 8 3387 5967 1485
9750 2 2 8 8 5637 5849 2918
9751 2 2 8 8 3348 4399 1594
9752 2 2 8 8 4520 4664 1840
9753 2 2 8 8 3963 5306 964
9754 2 2 8 8 1745 4716 3891
9755 2 2 8 8 990 5615 3962
9756 2 2 8 8 1573 4844 3509
9757 2 2 8 8 5366 5552 2763
9758 2 2 8 8 2285 5770 2005
9759 2 2 8 8 3656 6015 2033
9760 2 2 8 8 2166 6160 3682
9761 2 2 8 8 2904 4675 4018
9762 2 2 8 8 1339 4312 4052
9763 2 2 8 8 3691 4355 2488
9764 2 2 8 8 1014 6000 1737
9765 2 2 8 8 1377 4135 3867
9766 2 2 8 8 2044 5896 3288
9767 2 2 8 8 4315 5772 394
9768 2 2 8 8 535 4377 3390
9769 2 2 8 8 4304 5676 865
9770 2 2 8 8 473 5318 472
9771 2 2 8 8 5004 5183 916
9772 2 2 8 8 3463 4702 1519
9773 2 2 8 8 4246 4275 901
9774 2 2 8 8 3849 4984 1944
9775 2 2 8 8 2715 5244 4543
9776 2 2 8 8 972 5053 3111
9777 2 2 8 8 3831 4624 1764
9778 2 2 8 8 4003 5371 906
9779 2 2 8 8 4245 5470 488
9780 2 2 8 8 4627 5437 1178
9781 2 2 8 8 3495 4117 3882
9782 2 2 8 8 4504 5648 1542
9783 2 2 8 8 973 5659 2874
9784 2 2 8 8 1135 6024 3295
9785 2 2 8 8 2119 4987 4936
9786 2 2 8 8 1345 4970 4159
9787 2 2 8 8 1238 5423 4051
9788 2 2 8 8 3178 4826 1183
9789 2 2 8 8 3886 4376 1683
9790 2 2 8 8 3568 4521 2188
9791 2 2 8 8 581 5209 580
9792 2 2 8 8 778 5233 4227
9793 2 2 8 8 2463 5124 809
9794 2 2 8 8 3319 5481 1632
9795 2 2 8 8 4176 5963 1912
9796 2 2 8 8 1667 5718 3039
9797 2 2 8 8 4421 4998 915
9798 2 2 8 8 2088 5450 5392
9799 2 2 8 8 3454 4425 1723
9800 2 2 8 8 5045 5925 1555
9801 2 2 8 8 1355 5061 4123
9802 2 2 8 8 1143 5173 3711
9803 2 2 8 8 5154 5453 994
9804 2 2 8 8 1562 6153 3971
9805 2 2 8 8 4200 5202 2105
9806 2 2 8 8 3893 6084 1813
9807 2 2 8 8 3964 4925 1801
9808 2 2 8 8 2059 5958 3623
9809 2 2 8 8 4598 5139 1887
9810 2 2 8 8 851 4616 3885
9811 2 2 8 8 4662 5681 2104
9812 2 2 8 8 4329 5953 1882
9813 2 2 8 8 1101 4296 3767
9814 2 2 8 8 3899 5879 976
9815 2 2 8 8 2332 5900 3589
9816 2 2 8 8 5871 6063 2080
9817 2 2 8 8 3889 5369 863
9818 2 2 8 8 4389 5783 2359
9819 2 2 8 8 4401 4402 1011
9820 2 2 8 8 853 4604 3215
9821 2 2 8 8 1969 5778 4138
9822 2 2 8 8 3045 5605 1891
9823 2 2 8 8 2317 4568 4220
9824 2 2 8 8 4060 5382 1991
9825 2 2 8 8 4323 5148 2637
9826 2 2 8 8 223 5977 2997
9827 2 2 8 8 1628 5311 2972
9828 2 2 8 8 1606 5283 5279
9829 2 2 8 8 215 4184 4144
9830 2 2 8 8 3497 4882 1474
9831 2 2 8 8 3334 4690 2311
9832 2 2 8 8 3946 5300 785
9833 2 2 8 8 31 4479 3364
9834 2 2 8 8 677 6152 3426
9835 2 2 8 8 4858 5001 2836
9836 2 2 8 8 428 5725 427
9837 2 2 8 8 3768 5742 2077
9838 2 2 8 8 3786 4454 2288
9839 2 2 8 8 1157 4949 3938
9840 2 2 8 8 1095 5841 4462
9841 2 2 8 8 4187 5842 1811
9842 2 2 8 8 900 4951 3168
9843 2 2 8 8 1268 4869 3652
9844 2 2 8 8 924 5779 4299
9845 2 2 8 8 1570 4982 4770
9846 2 2 8 8 4774 5952 2118
9847 2 2 8 8 4405 4471 1653
9848 2 2 8 8 1858 5674 3007
9849 2 2 8 8 3364 5658 1239
9850 2 2 8 8 3147 6163 1257
9851 2 2 8 8 1551 4709 3248
9852 2 2 8 8 1381 5582 3833
9853 2 2 8 8 2058 5269 5141
9854 2 2 8 8 1349 5531 3863
9855 2 2 8 8 797 5117 3117
9856 2 2 8 8 1959 5003 3551
9857 2 2 8 8 3805 4580 1508
9858 2 2 8 8 984 6151 3500
9859 2 2 8 8 1455 4740 4204
9860 2 2 8 8 3723 5887 2609
9861 2 2 8 8 2103 5629 3351
9862 2 2 8 8 3962 5615 1505
9863 2 2 8 8 1662 4427 3806
9864 2 2 8 8 1977 5877 3452
9865 2 2 8 8 775 6048 3418
9866 2 2 8 8 1996 5078 1698
9867 2 2 8 8 2240 5899 4616
9868 2 2 8 8 2421 5327 5115
9869 2 2 8 8 2738 4850 689
9870 2 2 8 8 3936 5734 898
9871 2 2 8 8 863 5222 3438
9872 2 2 8 8 4058 4059 1868
9873 2 2 8 8 1910 5132 3735
9874 2 2 8 8 4407 5336 1044
9875 2 2 8 8 3476 5926 2209
9876 2 2 8 8 2183 5764 3138
9877 2 2 8 8 3315 5961 5431
9878 2 2 8 8 813 5202 4200
9879 2 2 8 8 5101 5656 2584
9880 2 2 8 8 3967 5995 964
9881 2 2 8 8 2941 5580 1160
9882 2 2 8 8 1311 6065 3462
9883 2 2 8 8 3601 5163 1707
9884 2 2 8 8 3767 5833 1101
9885 2 2 8 8 3586 4205 609
9886 2 2 8 8 1410 5935 3347
9887 2 2 8 8 1786 5277 3673
9888 2 2 8 8 2654 5981 3818
9889 2 2 8 8 5180 5397 1974
9890 2 2 8 8 3191 4633 4632
9891 2 2 8 8 2202 4235 3652
9892 2 2 8 8 5084 5646 198
9893 2 2 8 8 3317 5342 2469
9894 2 2 8 8 3493 4367 2578
9895 2 2 8 8 1178 5437 4957
9896 2 2 8 8 3541 5868 1606
9897 2 2 8 8 492 5211 3630
9898 2 2 8 8 703 5020 3975
9899 2 2 8 8 4052 4312 844
9900 2 2 8 8 1913 5243 4347
9901 2 2 8 8 3891 4716 1081
9902 2 2 8 8 2611 5059 5052
9903 2 2 8 8 3722 5841 3061
9904 2 2 8 8 2154 4871 3548
9905 2 2 8 8 901 4275 3848
9906 2 2 8 8 3671 4386 89
9907 2 2 8 8 5074 5309 1985
9908 2 2 8 8 4524 5136 819
9909 2 2 8 8 4988 6099 1514
9910 2 2 8 8 1800 4277 3371
9911 2 2 8 8 2890 5290 799
9912 2 2 8 8 1190 5640 3183
9913 2 2 8 8 901 4635 3907
9914 2 2 8 8 1962 4674 4087
9915 2 2 8 8 3713 5433 2046
9916 2 2 8 8 1053 5697 3294
9917 2 2 8 8 638 4802 3635
9918 2 2 8 8 5191 5524 1472
9919 2 2 8 8 4070 5530 1523
9920 2 2 8 8 2895 4446 607
9921 2 2 8 8 2014 4665 3430
9922 2 2 8 8 4292 4520 1840
9923 2 2 8 8 190 5699 3394
9924 2 2 8 8 3462 6065 1522
9925 2 2 8 8 3111 5053 3836
9926 2 2 8 8 3850 5206 1675
9927 2 2 8 8 615 4264 3838
9928 2 2 8 8 3004 4435 2146
9929 2 2 8 8 3347 5113 1807
9930 2 2 8 8 1926 5734 3936
9931 2 2 8 8 4316 5965 2370
9932 2 2 8 8 3848 4275 1714
9933 2 2 8 8 4339 4673 2447
9934 2 2 8 8 1942 6106 3630
9935 2 2 8 8 1623 5529 4100
9936 2 2 8 8 3180 4439 1496
9937 2 2 8 8 1615 5164 3291
9938 2 2 8 8 839 5574 3233
9939 2 2 8 8 4913 5324 2438
9940 2 2 8 8 1804 5182 3868
9941 2 2 8 8 3461 5815 1929
9942 2 2 8 8 3957 4935 1655
9943 2 2 8 8 1231 6069 3900
9944 2 2 8 8 3330 5614 1734
9945 2 2 8 8 611 5562 2982
9946 2 2 8 8 1917 6068 3765
9947 2 2 8 8 3998 4854 134
9948 2 2 8 8 1225 5324 4913
9949 2 2 8 8 1748 5332 3360
9950 2 2 8 8 4939 5114 1329
9951 2 2 8 8 3708 5206 422
9952 2 2 8 8 3717 5990 1411
9953 2 2 8 8 2220 5552 5366
9954 2 2 8 8 724 5991 5128
9955 2 2 8 8 3862 5397 1418
9956 2 2 8 8 3938 5634 1157
9957 2 2 8 8 1816 5327 4660
9958 2 2 8 8 3315 5431 859
9959 2 2 8 8 4055 4292 1829
9960 2 2 8 8 3399 5186 1393
9961 2 2 8 8 454 6028 453
9962 2 2 8 8 3330 6028 454
9963 2 2 8 8 3259 4982 1570
9964 2 2 8 8 3547 4845 1484
9965 2 2 8 8 4088 4806 1645
9966 2 2 8 8 4563 5314 2192
9967 2 2 8 8 2298 5125 3575
9968 2 2 8 8 3495 5436 1210
9969 2 2 8 8 522 5235 3701
9970 2 2 8 8 1294 6090 3817
9971 2 2 8 8 3575 5125 2638
9972 2 2 8 8 1653 4596 4405
9973 2 2 8 8 2354 4269 4268
9974 2 2 8 8 3299 6159 655
9975 2 2 8 8 1825 4816 4043
9976 2 2 8 8 1907 5606 4573
9977 2 2 8 8 4966 5987 817
9978 2 2 8 8 4338 5505 1690
9979 2 2 8 8 1506 4178 4177
9980 2 2 8 8 3329 5517 1067
9981 2 2 8 8 897 5777 5770
9982 2 2 8 8 1485 4857 3566
9983 2 2 8 8 1729 5850 5538
9984 2 2 8 8 4844 5345 1005
9985 2 2 8 8 4058 5010 2474
9986 2 2 8 8 2997 5977 224
9987 2 2 8 8 2573 5650 4688
9988 2 2 8 8 4259 4976 1949
9989 2 2 8 8 3564 4855 2284
9990 2 2 8 8 5869 5883 2528
9991 2 2 8 8 1718 5445 3873
9992 2 2 8 8 1082 5309 3244
9993 2 2 8 8 4228 5219 2138
9994 2 2 8 8 1179 5849 5637
9995 2 2 8 8 1842 5861 3236
9996 2 2 8 8 1774 4978 3101
9997 2 2 8 8 4770 4982 2208
9998 2 2 8 8 4019 6102 2865
9999 2 2 8 8 3136 5760 1008
10000 2 2 8 8 971 5307 3341
10001 2 2 8 8 1218 4903 4303
10002 2 2 8 8 1055 5588 3296
10003 2 2 8 8 1028 4860 4403
10004 2 2 8 8 3302 4992 885
10005 2 2 8 8 3720 6145 628
10006 2 2 8 8 664 4559 3283
10007 2 2 8 8 200 5924 3240
10008 2 2 8 8 962 4652 4040
10009 2 2 8 8 697 4941 4093
10010 2 2 8 8 4125 4758 2000
10011 2 2 8 8 2608 5670 4600
10012 2 2 8 8 950 5718 4033
10013 2 2 8 8 2704 5835 4682
10014 2 2 8 8 3317 5568 1174
10015 2 2 8 8 3762 6158 1583
10016 2 2 8 8 3685 5047 1138
10017 2 2 8 8 4827 5487 2483
10018 2 2 8 8 4779 5709 2432
10019 2 2 8 8 5001 5720 2293
10020 2 2 8 8 1443 6035 3513
10021 2 2 8 8 1137 4717 4507
10022 2 2 8 8 3749 5193 1462
10023 2 2 8 8 723 5930 3631
10024 2 2 8 8 4023 5540 1540
10025 2 2 8 8 4747 4938 1790
10026 2 2 8 8 2127 4865 3979
10027 2 2 8 8 2042 6130 5376
10028 2 2 8 8 2283 5728 3459
10029 2 2 8 8 4398 6140 1075
10030 2 2 8 8 1874 4731 3285
10031 2 2 8 8 2086 4902 4488
10032 2 2 8 8 3270 5015 2158
10033 2 2 8 8 479 6022 478
10034 2 2 8 8 2146 5208 3004
10035 2 2 8 8 1946 5731 4689
10036 2 2 8 8 4092 5356 1223
10037 2 2 8 8 865 5382 4060
10038 2 2 8 8 1546 5965 4316
10039 2 2 8 8 645 5751 4068
10040 2 2 8 8 1263 5774 4651
10041 2 2 8 8 4082 5527 2137
10042 2 2 8 8 840 5630 4565
10043 2 2 8 8 1977 5452 5267
10044 2 2 8 8 4138 5778 1134
10045 2 2 8 8 2087 5377 4472
10046 2 2 8 8 4216 5915 2465
10047 2 2 8 8 1541 5426 3352
10048 2 2 8 8 1579 5262 4454
10049 2 2 8 8 4664 6037 1840
10050 2 2 8 8 663 6043 3665
10051 2 2 8 8 3118 4334 1303
10052 2 2 8 8 4111 5272 624
10053 2 2 8 8 3650 4443 1252
10054 2 2 8 8 2078 4882 3459
10055 2 2 8 8 1542 5600 3804
10056 2 2 8 8 2070 5993 5175
10057 2 2 8 8 2100 5244 4716
10058 2 2 8 8 3233 5574 1889
10059 2 2 8 8 3472 5144 546
10060 2 2 8 8 174 4110 4109
10061 2 2 8 8 2495 5810 5207
10062 2 2 8 8 2014 6081 4665
10063 2 2 8 8 2621 5562 4254
10064 2 2 8 8 1054 5033 3999
10065 2 2 8 8 5603 6129 1209
10066 2 2 8 8 1301 5974 5115
10067 2 2 8 8 2745 5985 3279
10068 2 2 8 8 3967 4008 1693
10069 2 2 8 8 622 6060 3939
10070 2 2 8 8 912 5186 3399
10071 2 2 8 8 3390 3587 534
10072 2 2 8 8 2122 5971 4415
10073 2 2 8 8 3551 6027 1959
10074 2 2 8 8 5120 5402 3164
10075 2 2 8 8 3672 5449 745
10076 2 2 8 8 4052 5505 1339
10077 2 2 8 8 1904 6167 3876
10078 2 2 8 8 1340 5031 3491
10079 2 2 8 8 3798 4775 992
10080 2 2 8 8 3711 5793 1143
10081 2 2 8 8 3804 6008 1542
10082 2 2 8 8 5252 5452 765
10083 2 2 8 8 649 5190 3531
10084 2 2 8 8 3050 5646 1896
10085 2 2 8 8 936 4794 3981
10086 2 2 8 8 1847 6119 3880
10087 2 2 8 8 3657 4291 1653
10088 2 2 8 8 4289 4941 697
10089 2 2 8 8 4651 5774 2529
10090 2 2 8 8 93 4624 3831
10091 2 2 8 8 4754 5798 2607
10092 2 2 8 8 1075 4671 3204
10093 2 2 8 8 1945 5082 3912
10094 2 2 8 8 3087 5358 1740
10095 2 2 8 8 1038 4643 4236
10096 2 2 8 8 807 5773 2739
10097 2 2 8 8 1508 5073 3440
10098 2 2 8 8 4114 4567 1730
10099 2 2 8 8 2184 5765 3958
10100 2 2 8 8 4403 4860 1895
10101 2 2 8 8 2028 4935 4044
10102 2 2 8 8 1243 5883 5869
10103 2 2 8 8 470 4750 4224
10104 2 2 8 8 3251 5372 1561
10105 2 2 8 8 3194 5687 3884
10106 2 2 8 8 3903 5320 2126
10107 2 2 8 8 2007 4664 4520
10108 2 2 8 8 3313 4671 1075
10109 2 2 8 8 4473 5682 1655
10110 2 2 8 8 2687 6137 5817
10111 2 2 8 8 4151 5960 2194
10112 2 2 8 8 3715 5623 1810
10113 2 2 8 8 4392 5188 1589
10114 2 2 8 8 3291 5047 1615
10115 2 2 8 8 3873 4395 1718
10116 2 2 8 8 4396 5553 3334
10117 2 2 8 8 1520 4506 3795
10118 2 2 8 8 1398 5155 3792
10119 2 2 8 8 4120 4400 1424
10120 2 2 8 8 1315 4690 3370
10121 2 2 8 8 3832 5767 841
10122 2 2 8 8 3544 6135 1356
10123 2 2 8 8 3508 6037 879
10124 2 2 8 8 2420 5099 3865
10125 2 2 8 8 3536 4472 1701
10126 2 2 8 8 1788 5343 3943
10127 2 2 8 8 5626 5800 2347
10128 2 2 8 8 1034 5949 4908
10129 2 2 8 8 1569 4931 4308
10130 2 2 8 8 3319 6097 1901
10131 2 2 8 8 840 4565 4439
10132 2 2 8 8 1868 5819 4370
10133 2 2 8 8 5052 5059 1796
10134 2 2 8 8 2295 5628 4064
10135 2 2 8 8 3685 5473 1966
10136 2 2 8 8 1097 5228 3751
10137 2 2 8 8 3358 5563 1434
10138 2 2 8 8 3664 4641 2054
10139 2 2 8 8 2158 5015 4727
10140 2 2 8 8 1320 4683 3758
10141 2 2 8 8 4307 6100 2406
10142 2 2 8 8 4904 5899 2173
10143 2 2 8 8 2608 4600 4122
10144 2 2 8 8 4735 5642 2835
10145 2 2 8 8 2406 6081 4995
10146 2 2 8 8 1 5977 223
10147 2 2 8 8 5392 5450 1878
10148 2 2 8 8 4945 5075 2221
10149 2 2 8 8 4464 5278 2204
10150 2 2 8 8 1555 5925 5824
10151 2 2 8 8 3876 5251 1904
10152 2 2 8 8 4810 5075 152
10153 2 2 8 8 3910 5041 1712
10154 2 2 8 8 1445 4701 3763
10155 2 2 8 8 3265 5744 1673
10156 2 2 8 8 868 5668 3253
10157 2 2 8 8 1976 6096 3230
10158 2 2 8 8 3774 4638 1563
10159 2 2 8 8 53 5372 3251
10160 2 2 8 8 3175 5812 875
10161 2 2 8 8 777 5251 3876
10162 2 2 8 8 4276 4363 1720
10163 2 2 8 8 1800 4777 3937
10164 2 2 8 8 4038 6030 1679
10165 2 2 8 8 4908 5949 2229
10166 2 2 8 8 3930 5108 1066
10167 2 2 8 8 917 5750 3517
10168 2 2 8 8 606 5193 3749
10169 2 2 8 8 4119 4204 855
10170 2 2 8 8 3992 4963 631
10171 2 2 8 8 453 6028 3360
10172 2 2 8 8 3791 5098 764
10173 2 2 8 8 1433 5239 3442
10174 2 2 8 8 3296 5553 1608
10175 2 2 8 8 3721 4645 1600
10176 2 2 8 8 3171 4084 1461
10177 2 2 8 8 1116 4587 4207
10178 2 2 8 8 1481 4633 3191
10179 2 2 8 8 4878 5923 2121
10180 2 2 8 8 3711 5173 1246
10181 2 2 8 8 672 5939 4786
10182 2 2 8 8 1241 5579 2958
10183 2 2 8 8 1855 6029 3751
10184 2 2 8 8 4056 4403 1895
10185 2 2 8 8 1881 6104 3688
10186 2 2 8 8 1714 4660 4022
10187 2 2 8 8 1197 5430 4102
10188 2 2 8 8 4341 5301 679
10189 2 2 8 8 2002 4929 4241
10190 2 2 8 8 697 4976 4259
10191 2 2 8 8 1767 5589 3414
10192 2 2 8 8 3480 4421 1297
10193 2 2 8 8 3080 6130 861
10194 2 2 8 8 3892 5219 649
10195 2 2 8 8 1328 5031 3385
10196 2 2 8 8 1596 4414 3745
10197 2 2 8 8 2129 5875 4741
10198 2 2 8 8 756 6175 2929
10199 2 2 8 8 4755 5499 2624
10200 2 2 8 8 4737 5040 1808
10201 2 2 8 8 2091 4824 4401
10202 2 2 8 8 3465 5612 1467
10203 2 2 8 8 1607 5572 3044
10204 2 2 8 8 5129 5202 2198
10205 2 2 8 8 2205 4722 4354
10206 2 2 8 8 1510 6139 3254
10207 2 2 8 8 1219 4814 3160
10208 2 2 8 8 1819 6082 3655
10209 2 2 8 8 3675 5133 1664
10210 2 2 8 8 3643 5239 1433
10211 2 2 8 8 3078 5124 1554
10212 2 2 8 8 1326 5184 4388
10213 2 2 8 8 3291 5411 1138
10214 2 2 8 8 2511 4942 3785
10215 2 2 8 8 1851 4793 4263
10216 2 2 8 8 5295 5353 1425
10217 2 2 8 8 4471 6055 855
10218 2 2 8 8 3479 5555 884
10219 2 2 8 8 3456 6084 1347
10220 2 2 8 8 2150 5369 3889
10221 2 2 8 8 1912 5963 3718
10222 2 2 8 8 4189 4583 918
10223 2 2 8 8 2907 5972 5579
10224 2 2 8 8 4528 5309 1082
10225 2 2 8 8 4819 5982 2553
10226 2 2 8 8 1922 5705 3751
10227 2 2 8 8 5264 5325 2132
10228 2 2 8 8 685 5288 4979
10229 2 2 8 8 1991 4937 4429
10230 2 2 8 8 4687 4899 623
10231 2 2 8 8 3550 5968 1089
10232 2 2 8 8 4091 5203 1793
10233 2 2 8 8 1566 5113 4175
10234 2 2 8 8 3507 5009 2376
10235 2 2 8 8 2342 5403 5285
10236 2 2 8 8 1510 5198 3891
10237 2 2 8 8 3959 5892 1238
10238 2 2 8 8 3728 5231 1657
10239 2 2 8 8 5004 5046 1770
10240 2 2 8 8 4123 5061 2682
10241 2 2 8 8 965 4292 4055
10242 2 2 8 8 4954 5346 722
10243 2 2 8 8 1317 5598 4044
10244 2 2 8 8 3599 6173 1406
10245 2 2 8 8 3509 5888 1573
10246 2 2 8 8 4054 5306 1759
10247 2 2 8 8 1717 4795 4157
10248 2 2 8 8 615 5936 4264
10249 2 2 8 8 857 5688 3581
10250 2 2 8 8 4429 4937 1831
10251 2 2 8 8 2092 6173 3599
10252 2 2 8 8 3546 5405 1351
10253 2 2 8 8 1707 5163 3245
10254 2 2 8 8 3794 5669 1424
10255 2 2 8 8 4927 5812 2565
10256 2 2 8 8 4762 4845 2251
10257 2 2 8 8 4488 4902 1688
10258 2 2 8 8 3413 5267 2535
10259 2 2 8 8 3878 5380 665
10260 2 2 8 8 4930 5428 691
10261 2 2 8 8 1413 5424 3574
10262 2 2 8 8 421 5206 3850
10263 2 2 8 8 3257 5084 4279
10264 2 2 8 8 1025 6023 4366
10265 2 2 8 8 49 5349 3503
10266 2 2 8 8 4749 5882 2079
10267 2 2 8 8 3263 5625 1173
10268 2 2 8 8 3138 5310 1140
10269 2 2 8 8 1824 4363 4276
10270 2 2 8 8 2158 4727 4571
10271 2 2 8 8 1390 4637 3853
10272 2 2 8 8 648 6149 4444
10273 2 2 8 8 1827 5558 3388
10274 2 2 8 8 3819 4787 1731
10275 2 2 8 8 1540 5540 4222
10276 2 2 8 8 1204 5516 3698
10277 2 2 8 8 1897 5809 2928
10278 2 2 8 8 3537 4693 970
10279 2 2 8 8 3490 5736 1373
10280 2 2 8 8 1605 5054 3654
10281 2 2 8 8 3226 6145 2196
10282 2 2 8 8 3410 5602 1516
10283 2 2 8 8 1608 6032 3296
10284 2 2 8 8 2090 5425 4001
10285 2 2 8 8 799 5290 4784
10286 2 2 8 8 685 5266 4662
10287 2 2 8 8 1877 4880 4214
10288 2 2 8 8 4662 5288 685
10289 2 2 8 8 1023 5276 5019
10290 2 2 8 8 2805 4950 4947
10291 2 2 8 8 4023 4610 680
10292 2 2 8 8 4152 5339 1939
10293 2 2 8 8 4149 5918 1806
10294 2 2 8 8 197 5646 3050
10295 2 2 8 8 1459 5227 3446
10296 2 2 8 8 1095 4462 3417
10297 2 2 8 8 3554 6062 1710
10298 2 2 8 8 55 5334 3596
10299 2 2 8 8 5318 5892 1979
10300 2 2 8 8 613 5566 4742
10301 2 2 8 8 1161 5950 3466
10302 2 2 8 8 2744 6075 4959
10303 2 2 8 8 3673 5294 1786
10304 2 2 8 8 3260 4908 2229
10305 2 2 8 8 3053 5233 778
10306 2 2 8 8 2983 5898 1721
10307 2 2 8 8 3307 5455 1257
10308 2 2 8 8 727 5422 3856
10309 2 2 8 8 1794 4839 4136
10310 2 2 8 8 4280 4927 1871
10311 2 2 8 8 1714 5955 3498
10312 2 2 8 8 1747 4213 3096
10313 2 2 8 8 3270 4483 1012
10314 2 2 8 8 4070 5570 2680
10315 2 2 8 8 1995 5555 3479
10316 2 2 8 8 3680 4395 1251
10317 2 2 8 8 2553 5982 4790
10318 2 2 8 8 2912 5356 4092
10319 2 2 8 8 3677 5532 2092
10320 2 2 8 8 3526 4848 823
10321 2 2 8 8 4354 4722 1266
10322 2 2 8 8 1717 5430 4795
10323 2 2 8 8 1936 4827 4068
10324 2 2 8 8 2935 5537 4306
10325 2 2 8 8 1100 5967 3387
10326 2 2 8 8 747 5880 4578
10327 2 2 8 8 3942 4453 2060
10328 2 2 8 8 3254 6139 956
10329 2 2 8 8 1908 4911 3674
10330 2 2 8 8 5801 6010 1478
10331 2 2 8 8 894 5623 3715
10332 2 2 8 8 1737 6000 3390
10333 2 2 8 8 1209 6114 3493
10334 2 2 8 8 5814 6136 752
10335 2 2 8 8 3067 5100 1368
10336 2 2 8 8 1809 5922 4727
10337 2 2 8 8 1805 5611 3913
10338 2 2 8 8 4228 5190 649
10339 2 2 8 8 3748 5590 1285
10340 2 2 8 8 2186 5968 3550
10341 2 2 8 8 2331 4905 3522
10342 2 2 8 8 4281 5028 1841
10343 2 2 8 8 1646 4530 3874
10344 2 2 8 8 4682 5835 2705
10345 2 2 8 8 3938 4949 2914
10346 2 2 8 8 3745 5710 2211
10347 2 2 8 8 1382 5088 3791
10348 2 2 8 8 1933 5569 3298
10349 2 2 8 8 3042 6042 3800
10350 2 2 8 8 575 5109 4101
10351 2 2 8 8 4383 5635 1291
10352 2 2 8 8 1527 6018 3294
10353 2 2 8 8 3334 5553 800
10354 2 2 8 8 965 4520 4292
10355 2 2 8 8 4837 6031 3743
10356 2 2 8 8 3669 5128 1646
10357 2 2 8 8 2129 4741 4590
10358 2 2 8 8 3426 6152 2067
10359 2 2 8 8 3965 5070 2319
10360 2 2 8 8 1087 4887 3987
10361 2 2 8 8 4912 5192 1761
10362 2 2 8 8 2211 4944 3745
10363 2 2 8 8 1655 4862 3957
10364 2 2 8 8 1780 4854 3998
10365 2 2 8 8 4044 4935 884
10366 2 2 8 8 4996 5324 1811
10367 2 2 8 8 1554 5124 2848
10368 2 2 8 8 4353 4948 2473
10369 2 2 8 8 1103 5837 3575
10370 2 2 8 8 5497 5808 2041
10371 2 2 8 8 676 4891 3894
10372 2 2 8 8 9 4153 3384
10373 2 2 8 8 1404 4757 4446
10374 2 2 8 8 1673 5744 3123
10375 2 2 8 8 4372 4887 1087
10376 2 2 8 8 2037 5756 3619
10377 2 2 8 8 884 4935 3957
10378 2 2 8 8 1118 5165 3475
10379 2 2 8 8 3778 4910 1469
10380 2 2 8 8 1741 5176 3803
10381 2 2 8 8 1089 5962 3970
10382 2 2 8 8 2396 5758 3750
10383 2 2 8 8 3975 5020 1768
10384 2 2 8 8 4222 5540 938
10385 2 2 8 8 1497 5485 5379
10386 2 2 8 8 1838 5867 3428
10387 2 2 8 8 5261 5934 3467
10388 2 2 8 8 5825 5926 3012
10389 2 2 8 8 5439 5464 2031
10390 2 2 8 8 3582 5679 1755
10391 2 2 8 8 4358 4792 939
10392 2 2 8 8 1632 5481 3580
10393 2 2 8 8 4405 4596 926
10394 2 2 8 8 2115 4700 4455
10395 2 2 8 8 3774 5102 1141
10396 2 2 8 8 4093 4941 1604
10397 2 2 8 8 1649 5098 3791
10398 2 2 8 8 1821 5449 3672
10399 2 2 8 8 1929 5159 3461
10400 2 2 8 8 3819 5371 1919
10401 2 2 8 8 3981 4794 1975
10402 2 2 8 8 1598 5165 3100
10403 2 2 8 8 4297 4912 2969
10404 2 2 8 8 1947 5396 4840
10405 2 2 8 8 3503 5349 1487
10406 2 2 8 8 3294 5697 1527
10407 2 2 8 8 4164 6172 1643
10408 2 2 8 8 4520 4521 2007
10409 2 2 8 8 1060 5586 3806
10410 2 2 8 8 2371 5803 4974
10411 2 2 8 8 1578 4829 4050
10412 2 2 8 8 1578 4205 3586
10413 2 2 8 8 4202 5004 916
10414 2 2 8 8 3428 5867 1002
10415 2 2 8 8 925 6036 5358
10416 2 2 8 8 809 5124 5078
10417 2 2 8 8 2277 5364 5248
10418 2 2 8 8 3149 4866 1676
10419 2 2 8 8 4051 5423 2008
10420 2 2 8 8 3595 5922 2885
10421 2 2 8 8 3498 5740 1816
10422 2 2 8 8 4190 4561 674
10423 2 2 8 8 5185 6126 2602
10424 2 2 8 8 2157 5957 4075
10425 2 2 8 8 3663 5229 1407
10426 2 2 8 8 886 5255 4039
10427 2 2 8 8 3700 5876 1627
10428 2 2 8 8 4093 4976 697
10429 2 2 8 8 1473 5955 4275
10430 2 2 8 8 4404 4513 1704
10431 2 2 8 8 4081 4724 1494
10432 2 2 8 8 2701 5299 3005
10433 2 2 8 8 4736 5807 2613
10434 2 2 8 8 2256 5743 5315
10435 2 2 8 8 923 4914 4211
10436 2 2 8 8 1544 5836 4181
10437 2 2 8 8 3413 5398 1625
10438 2 2 8 8 788 5788 3516
10439 2 2 8 8 4541 5360 710
10440 2 2 8 8 60 5969 59
10441 2 2 8 8 5272 5960 624
10442 2 2 8 8 2833 5726 816
10443 2 2 8 8 680 4958 4747
10444 2 2 8 8 462 5584 3487
10445 2 2 8 8 5116 5395 673
10446 2 2 8 8 3803 5176 2394
10447 2 2 8 8 3907 4635 1758
10448 2 2 8 8 3291 5362 1558
10449 2 2 8 8 4454 5262 2288
10450 2 2 8 8 4140 4959 2178
10451 2 2 8 8 2680 5530 4070
10452 2 2 8 8 1883 5748 3738
10453 2 2 8 8 4167 5039 1414
10454 2 2 8 8 3259 5939 1800
10455 2 2 8 8 4662 5266 2160
10456 2 2 8 8 2219 6129 3182
10457 2 2 8 8 5717 5879 2533
10458 2 2 8 8 4157 4795 903
10459 2 2 8 8 1469 4956 3778
10460 2 2 8 8 4099 5549 1984
10461 2 2 8 8 2286 4941 4289
10462 2 2 8 8 1794 5239 3643
10463 2 2 8 8 1557 4977 3651
10464 2 2 8 8 1647 5067 4015
10465 2 2 8 8 4455 4700 1842
10466 2 2 8 8 4022 4660 856
10467 2 2 8 8 1713 4561 4190
10468 2 2 8 8 4494 4495 1997
10469 2 2 8 8 3371 4277 1385
10470 2 2 8 8 1851 5131 4241
10471 2 2 8 8 5885 5984 2200
10472 2 2 8 8 2223 6172 4164
10473 2 2 8 8 4650 5186 912
10474 2 2 8 8 2881 6017 1896
10475 2 2 8 8 1630 4117 3495
10476 2 2 8 8 1941 5053 4265
10477 2 2 8 8 1337 5678 3354
10478 2 2 8 8 4299 4977 1557
10479 2 2 8 8 4878 5326 661
10480 2 2 8 8 3822 5476 1852
10481 2 2 8 8 1457 5506 3457
10482 2 2 8 8 3214 5870 1244
10483 2 2 8 8 4217 5152 1676
10484 2 2 8 8 2095 6141 3912
10485 2 2 8 8 1567 5604 3781
10486 2 2 8 8 2727 5489 5189
10487 2 2 8 8 3734 5410 1401
10488 2 2 8 8 4109 6166 2583
10489 2 2 8 8 1955 5190 4228
10490 2 2 8 8 1568 5304 4069
10491 2 2 8 8 3639 5668 868
10492 2 2 8 8 2237 5676 4304
10493 2 2 8 8 4263 4793 2233
10494 2 2 8 8 79 6119 3434
10495 2 2 8 8 3450 5601 2162
10496 2 2 8 8 4775 5337 2172
10497 2 2 8 8 1029 5072 3979
10498 2 2 8 8 4487 5483 3019
10499 2 2 8 8 2178 5525 4140
10500 2 2 8 8 5518 5819 1868
10501 2 2 8 8 3917 5514 1613
10502 2 2 8 8 1401 5947 4154
10503 2 2 8 8 1114 5742 3768
10504 2 2 8 8 3821 5217 1567
10505 2 2 8 8 3750 5758 971
10506 2 2 8 8 1721 4173 4080
10507 2 2 8 8 1720 6071 4276
10508 2 2 8 8 1021 5621 5384
10509 2 2 8 8 1516 5554 3761
10510 2 2 8 8 2583 6166 3215
10511 2 2 8 8 5351 5987 2378
10512 2 2 8 8 2197 5483 4487
10513 2 2 8 8 5226 5355 2698
10514 2 2 8 8 2632 5952 4774
10515 2 2 8 8 3875 5289 937
10516 2 2 8 8 1088 5845 4428
10517 2 2 8 8 3730 5333 1040
10518 2 2 8 8 4299 4938 924
10519 2 2 8 8 1383 5843 3869
10520 2 2 8 8 5319 5608 2525
10521 2 2 8 8 4049 5482 1749
10522 2 2 8 8 5611 5935 1410
10523 2 2 8 8 1814 5337 4775
10524 2 2 8 8 3296 6032 1055
10525 2 2 8 8 1313 4892 3870
10526 2 2 8 8 4403 5354 1028
10527 2 2 8 8 3791 5088 1649
10528 2 2 8 8 915 5706 3534
10529 2 2 8 8 4076 4753 2466
10530 2 2 8 8 3846 6168 702
10531 2 2 8 8 2700 5667 4205
10532 2 2 8 8 429 5897 3644
10533 2 2 8 8 3005 5299 688
10534 2 2 8 8 3792 5617 1935
10535 2 2 8 8 3983 5439 2031
10536 2 2 8 8 1670 5434 4061
10537 2 2 8 8 5279 5283 2754
10538 2 2 8 8 2367 5571 3600
10539 2 2 8 8 640 6046 3496
10540 2 2 8 8 5030 5872 706
10541 2 2 8 8 3461 5159 2504
10542 2 2 8 8 1649 5038 4090
10543 2 2 8 8 191 6015 3656
10544 2 2 8 8 1979 5982 4819
10545 2 2 8 8 4571 4727 921
10546 2 2 8 8 1339 5311 4312
10547 2 2 8 8 3913 5611 1410
10548 2 2 8 8 1388 5937 3736
10549 2 2 8 8 3435 4955 1734
10550 2 2 8 8 1180 6098 3194
10551 2 2 8 8 3382 4524 819
10552 2 2 8 8 1741 4513 4404
10553 2 2 8 8 3654 5054 983
10554 2 2 8 8 1807 4809 3653
10555 2 2 8 8 2397 5464 5439
10556 2 2 8 8 816 5726 3742
10557 2 2 8 8 5162 5713 667
10558 2 2 8 8 999 5756 3816
10559 2 2 8 8 4891 6100 1498
10560 2 2 8 8 2070 5175 4938
10561 2 2 8 8 3811 5966 1970
10562 2 2 8 8 4885 4931 1569
10563 2 2 8 8 1479 5166 3856
10564 2 2 8 8 1077 5918 4149
10565 2 2 8 8 3851 4415 1363
10566 2 2 8 8 1585 5549 4099
10567 2 2 8 8 4219 5107 2095
10568 2 2 8 8 3932 5997 753
10569 2 2 8 8 1724 5687 3194
10570 2 2 8 8 846 5900 4509
10571 2 2 8 8 4030 4078 853
10572 2 2 8 8 1795 5218 3538
10573 2 2 8 8 1924 4151 3895
10574 2 2 8 8 3651 4977 1695
10575 2 2 8 8 5661 6014 2825
10576 2 2 8 8 1998 5600 3256
10577 2 2 8 8 1700 5803 5592
10578 2 2 8 8 461 5433 3713
10579 2 2 8 8 3915 5474 2178
10580 2 2 8 8 2452 5304 1568
10581 2 2 8 8 5248 5364 2117
10582 2 2 8 8 2586 4931 4885
10583 2 2 8 8 4747 4958 2070
10584 2 2 8 8 4105 5456 2031
10585 2 2 8 8 4721 5527 1497
10586 2 2 8 8 3813 4743 896
10587 2 2 8 8 596 6169 3624
10588 2 2 8 8 3204 6086 1075
10589 2 2 8 8 65 5715 4180
10590 2 2 8 8 2595 6071 5273
10591 2 2 8 8 143 5001 4858
10592 2 2 8 8 862 5361 3676
10593 2 2 8 8 4229 5088 1382
10594 2 2 8 8 3246 5286 589
10595 2 2 8 8 3687 5044 987
10596 2 2 8 8 3710 5131 1851
10597 2 2 8 8 1303 5461 4148
10598 2 2 8 8 4716 5244 1081
10599 2 2 8 8 4310 4532 1869
10600 2 2 8 8 2530 6167 5947
10601 2 2 8 8 3496 6046 1393
10602 2 2 8 8 3654 5854 2385
10603 2 2 8 8 4045 5410 1986
10604 2 2 8 8 2193 5782 3550
10605 2 2 8 8 1564 4972 3632
10606 2 2 8 8 2022 5921 4792
10607 2 2 8 8 3820 4916 1899
10608 2 2 8 8 992 4921 4920
10609 2 2 8 8 2857 4872 4703
10610 2 2 8 8 4387 5426 1541
10611 2 2 8 8 3807 5769 842
10612 2 2 8 8 1957 5402 5120
10613 2 2 8 8 3756 6107 2050
10614 2 2 8 8 3833 5902 1669
10615 2 2 8 8 875 5812 4927
10616 2 2 8 8 1017 5416 3629
10617 2 2 8 8 4181 5836 2122
10618 2 2 8 8 3757 5775 834
10619 2 2 8 8 3908 5670 700
10620 2 2 8 8 3694 6064 1132
10621 2 2 8 8 1041 5224 4114
10622 2 2 8 8 3432 4442 1972
10623 2 2 8 8 2301 5887 3723
10624 2 2 8 8 1857 5542 5434
10625 2 2 8 8 2070 4938 4747
10626 2 2 8 8 4554 4888 996
10627 2 2 8 8 4590 4741 231
10628 2 2 8 8 4101 6156 2220
10629 2 2 8 8 677 5444 3738
10630 2 2 8 8 3551 5003 2189
10631 2 2 8 8 2101 5978 4864
10632 2 2 8 8 4010 5592 2872
10633 2 2 8 8 3228 5659 973
10634 2 2 8 8 3863 5531 760
10635 2 2 8 8 1493 5417 4876
10636 2 2 8 8 3843 5885 683
10637 2 2 8 8 4610 4958 680
10638 2 2 8 8 3974 5613 601
10639 2 2 8 8 4177 4178 1594
10640 2 2 8 8 3516 5788 3115
10641 2 2 8 8 1691 4922 3962
10642 2 2 8 8 1958 6034 4237
10643 2 2 8 8 2848 5124 2463
10644 2 2 8 8 2271 5473 3685
10645 2 2 8 8 4114 6088 1041
10646 2 2 8 8 2142 5838 4916
10647 2 2 8 8 1498 6100 4307
10648 2 2 8 8 2438 5324 4996
10649 2 2 8 8 4104 5565 670
10650 2 2 8 8 5510 5937 1388
10651 2 2 8 8 3586 4829 1578
10652 2 2 8 8 929 5166 3339
10653 2 2 8 8 3548 4871 1858
10654 2 2 8 8 3384 4377 536
10655 2 2 8 8 4125 5480 2074
10656 2 2 8 8 4136 4839 1776
10657 2 2 8 8 1524 5594 3849
10658 2 2 8 8 1851 4929 4793
10659 2 2 8 8 5058 5967 2883
10660 2 2 8 8 3199 5907 1293
10661 2 2 8 8 1943 5613 3974
10662 2 2 8 8 3453 6007 1874
10663 2 2 8 8 5133 6175 756
10664 2 2 8 8 3580 5481 1026
10665 2 2 8 8 1713 4674 3977
10666 2 2 8 8 4183 6031 2015
10667 2 2 8 8 3603 5766 1820
10668 2 2 8 8 4876 5417 2300
10669 2 2 8 8 4159 4970 1805
10670 2 2 8 8 1988 4512 4315
10671 2 2 8 8 3675 6111 1076
10672 2 2 8 8 668 5028 4281
10673 2 2 8 8 4018 4675 188
10674 2 2 8 8 685 4979 4291
10675 2 2 8 8 3663 5941 869
10676 2 2 8 8 1600 5297 4564
10677 2 2 8 8 1439 5639 5245
10678 2 2 8 8 1759 4470 4055
10679 2 2 8 8 5272 5685 2194
10680 2 2 8 8 568 5693 3722
10681 2 2 8 8 3687 5469 1304
10682 2 2 8 8 1272 5432 3883
10683 2 2 8 8 4268 4269 1438
10684 2 2 8 8 5147 6115 1202
10685 2 2 8 8 1555 6132 5045
10686 2 2 8 8 1620 6005 3786
10687 2 2 8 8 1698 5078 3078
10688 2 2 8 8 2284 5799 4765
10689 2 2 8 8 2636 5935 5611
10690 2 2 8 8 3984 5905 1478
10691 2 2 8 8 4180 5715 2137
10692 2 2 8 8 4765 5799 895
10693 2 2 8 8 989 4933 4147
10694 2 2 8 8 1878 5450 4207
10695 2 2 8 8 3392 5398 1262
10696 2 2 8 8 4428 5845 2351
10697 2 2 8 8 3450 6155 920
10698 2 2 8 8 817 5351 3753
10699 2 2 8 8 4849 5743 2256
10700 2 2 8 8 3554 4966 1177
10701 2 2 8 8 1993 5075 4945
10702 2 2 8 8 5103 5689 1499
10703 2 2 8 8 1508 6038 3805
10704 2 2 8 8 3771 5081 1381
10705 2 2 8 8 2074 6021 3213
10706 2 2 8 8 693 5741 4057
10707 2 2 8 8 2294 6002 3024
10708 2 2 8 8 3467 4515 1736
10709 2 2 8 8 4393 6000 1014
10710 2 2 8 8 3954 5063 2106
10711 2 2 8 8 809 5312 2817
10712 2 2 8 8 3624 6169 1770
10713 2 2 8 8 4321 5403 2342
10714 2 2 8 8 3542 5027 987
10715 2 2 8 8 3827 5796 1359
10716 2 2 8 8 4241 5131 937
10717 2 2 8 8 2076 6008 3804
10718 2 2 8 8 5189 5489 2602
10719 2 2 8 8 875 4927 4280
10720 2 2 8 8 4188 5746 890
10721 2 2 8 8 763 4991 3664
10722 2 2 8 8 4893 4894 2111
10723 2 2 8 8 2086 5608 5319
10724 2 2 8 8 3326 5137 704
10725 2 2 8 8 3607 5059 828
10726 2 2 8 8 4818 5135 1908
10727 2 2 8 8 1395 5323 3665
10728 2 2 8 8 2052 5716 3322
10729 2 2 8 8 5379 5485 2391
10730 2 2 8 8 1347 6084 3893
10731 2 2 8 8 2942 5695 4085
10732 2 2 8 8 3992 5475 1902
10733 2 2 8 8 1210 5436 3520
10734 2 2 8 8 3457 5506 1159
10735 2 2 8 8 4460 5585 2540
10736 2 2 8 8 4938 5175 924
10737 2 2 8 8 583 5532 3677
10738 2 2 8 8 3743 5652 773
10739 2 2 8 8 3422 4426 91
10740 2 2 8 8 3738 5444 1883
10741 2 2 8 8 1896 5084 3257
10742 2 2 8 8 1679 6030 4585
10743 2 2 8 8 1797 5544 4004
10744 2 2 8 8 4936 5212 16
10745 2 2 8 8 965 4521 4520
10746 2 2 8 8 1943 5768 5613
10747 2 2 8 8 2385 5917 3208
10748 2 2 8 8 20 6020 3871
10749 2 2 8 8 4979 5498 2016
10750 2 2 8 8 3252 4846 2134
10751 2 2 8 8 1097 5153 4465
10752 2 2 8 8 2606 5739 5453
10753 2 2 8 8 1909 5403 4321
10754 2 2 8 8 2258 5792 4115
10755 2 2 8 8 3910 5732 1322
10756 2 2 8 8 3092 6116 5853
10757 2 2 8 8 1643 6172 5431
10758 2 2 8 8 4463 5104 1529
10759 2 2 8 8 5474 5525 2178
10760 2 2 8 8 3433 5447 1753
10761 2 2 8 8 1814 4775 3798
10762 2 2 8 8 2137 6142 4180
10763 2 2 8 8 3793 6105 1430
10764 2 2 8 8 3378 5957 1130
10765 2 2 8 8 776 6158 3762
10766 2 2 8 8 1898 4887 4372
10767 2 2 8 8 4861 5543 1248
10768 2 2 8 8 4253 5151 2660
10769 2 2 8 8 3603 5584 463
10770 2 2 8 8 5539 5559 1033
10771 2 2 8 8 2507 5086 4193
10772 2 2 8 8 1637 5156 3841
10773 2 2 8 8 4375 5624 2979
10774 2 2 8 8 1401 5410 4045
10775 2 2 8 8 836 5679 3582
10776 2 2 8 8 3160 4814 4319
10777 2 2 8 8 1881 5363 4116
10778 2 2 8 8 2304 5685 5272
10779 2 2 8 8 4328 5234 2397
10780 2 2 8 8 629 5163 3601
10781 2 2 8 8 742 4753 4076
10782 2 2 8 8 2283 6162 4758
10783 2 2 8 8 1912 5101 4712
10784 2 2 8 8 1895 5048 3861
10785 2 2 8 8 2535 5452 5252
10786 2 2 8 8 2401 5543 4861
10787 2 2 8 8 1950 5799 4855
10788 2 2 8 8 3044 5572 653
10789 2 2 8 8 3477 5630 840
10790 2 2 8 8 1850 5833 3767
10791 2 2 8 8 2260 5112 4990
10792 2 2 8 8 1360 4952 3787
10793 2 2 8 8 942 5680 4132
10794 2 2 8 8 1484 5597 3569
10795 2 2 8 8 3936 4991 1926
10796 2 2 8 8 4291 4979 2016
10797 2 2 8 8 4742 5566 2148
10798 2 2 8 8 4575 5442 2003
10799 2 2 8 8 1818 5652 3743
10800 2 2 8 8 4775 4921 992
10801 2 2 8 8 4372 5241 1898
10802 2 2 8 8 1329 5114 4196
10803 2 2 8 8 5474 5522 2326
10804 2 2 8 8 3936 5497 1391
10805 2 2 8 8 2449 5648 4504
10806 2 2 8 8 1352 4153 2990
10807 2 2 8 8 4557 5683 626
10808 2 2 8 8 4451 6006 2168
10809 2 2 8 8 1730 6088 4114
10810 2 2 8 8 4712 5101 2584
10811 2 2 8 8 4336 5051 927
10812 2 2 8 8 1226 6128 3874
10813 2 2 8 8 2602 6126 3558
10814 2 2 8 8 4069 5304 707
10815 2 2 8 8 1113 6080 3707
10816 2 2 8 8 3949 5907 2174
10817 2 2 8 8 2072 4756 4346
10818 2 2 8 8 1653 4740 3657
10819 2 2 8 8 3534 5706 1476
10820 2 2 8 8 712 5305 4391
10821 2 2 8 8 4787 5140 975
10822 2 2 8 8 4050 4829 836
10823 2 2 8 8 4507 5064 1137
10824 2 2 8 8 1469 4910 3660
10825 2 2 8 8 3122 6110 939
10826 2 2 8 8 2047 6041 3181
10827 2 2 8 8 1913 5186 4650
10828 2 2 8 8 1619 5068 3606
10829 2 2 8 8 4840 5396 2054
10830 2 2 8 8 4214 4880 1836
10831 2 2 8 8 4790 5982 1063
10832 2 2 8 8 3525 5435 2188
10833 2 2 8 8 3288 6091 2044
10834 2 2 8 8 4196 5114 2383
10835 2 2 8 8 1430 6105 4274
10836 2 2 8 8 3963 5995 2514
10837 2 2 8 8 4154 5214 1104
10838 2 2 8 8 3891 5198 1745
10839 2 2 8 8 4846 5983 2134
10840 2 2 8 8 885 4992 4572
10841 2 2 8 8 1437 6000 4393
10842 2 2 8 8 3476 5692 625
10843 2 2 8 8 4551 5512 1672
10844 2 2 8 8 5613 5627 601
10845 2 2 8 8 4022 5780 1566
10846 2 2 8 8 1577 5290 4193
10847 2 2 8 8 4404 5176 1741
10848 2 2 8 8 5585 6147 2540
10849 2 2 8 8 4040 4652 1753
10850 2 2 8 8 3509 4844 1005
10851 2 2 8 8 4980 5329 2115
10852 2 2 8 8 2212 5397 5180
10853 2 2 8 8 2094 5540 4023
10854 2 2 8 8 3114 5567 3918
10855 2 2 8 8 4947 4950 1006
10856 2 2 8 8 1625 5398 3392
10857 2 2 8 8 2645 5905 5846
10858 2 2 8 8 5492 5816 2335
10859 2 2 8 8 3494 4907 1666
10860 2 2 8 8 4062 4555 1409
10861 2 2 8 8 986 5176 4404
10862 2 2 8 8 3703 5420 751
10863 2 2 8 8 3726 4687 623
10864 2 2 8 8 5824 5925 3083
10865 2 2 8 8 940 5712 3374
10866 2 2 8 8 4446 4757 2012
10867 2 2 8 8 828 6095 3607
10868 2 2 8 8 4315 4512 1964
10869 2 2 8 8 625 5926 3476
10870 2 2 8 8 3594 5984 1427
10871 2 2 8 8 931 5321 3456
10872 2 2 8 8 4370 5011 1868
10873 2 2 8 8 1643 5961 5478
10874 2 2 8 8 855 4740 4471
10875 2 2 8 8 1952 5200 4705
10876 2 2 8 8 1672 5512 4589
10877 2 2 8 8 2426 5702 3647
10878 2 2 8 8 1757 5811 4734
10879 2 2 8 8 4090 5626 1649
10880 2 2 8 8 3900 6069 2059
10881 2 2 8 8 5021 5032 1850
10882 2 2 8 8 1971 5153 3460
10883 2 2 8 8 1102 5151 4253
10884 2 2 8 8 1240 6147 5585
10885 2 2 8 8 1083 4692 2625
10886 2 2 8 8 1941 5265 3836
10887 2 2 8 8 1042 5234 4328
10888 2 2 8 8 5096 5882 2525
10889 2 2 8 8 3435 5614 455
10890 2 2 8 8 2031 5456 3983
10891 2 2 8 8 1068 5877 4329
10892 2 2 8 8 3745 4944 1596
10893 2 2 8 8 3579 5245 1743
10894 2 2 8 8 4211 4914 1862
10895 2 2 8 8 1446 6026 4170
10896 2 2 8 8 4758 6162 2000
10897 2 2 8 8 748 4736 4318
10898 2 2 8 8 6040 6124 2512
10899 2 2 8 8 4518 5927 1613
10900 2 2 8 8 3809 5807 748
10901 2 2 8 8 4714 5941 2013
10902 2 2 8 8 2105 6053 4200
10903 2 2 8 8 1577 4864 4784
10904 2 2 8 8 3933 6092 1276
10905 2 2 8 8 1057 5476 3822
10906 2 2 8 8 3605 5406 1314
10907 2 2 8 8 4390 6055 1799
10908 2 2 8 8 3753 5422 1778
10909 2 2 8 8 1665 5775 3757
10910 2 2 8 8 959 5339 4152
10911 2 2 8 8 2245 5801 4146
10912 2 2 8 8 5462 5595 949
10913 2 2 8 8 4567 5234 1042
10914 2 2 8 8 4146 5801 1478
10915 2 2 8 8 644 5902 3833
10916 2 2 8 8 3454 5919 1614
10917 2 2 8 8 3662 4801 2262
10918 2 2 8 8 5111 5880 747
10919 2 2 8 8 1307 5937 3016
10920 2 2 8 8 3452 4961 1448
10921 2 2 8 8 2105 5202 5129
10922 2 2 8 8 5085 6162 1155
10923 2 2 8 8 3309 5745 873
10924 2 2 8 8 1797 5894 5544
10925 2 2 8 8 1964 6057 3303
10926 2 2 8 8 2098 5533 4766
10927 2 2 8 8 1911 5807 3809
10928 2 2 8 8 4212 5997 2751
10929 2 2 8 8 900 5126 4951
10930 2 2 8 8 692 5740 3498
10931 2 2 8 8 579 4766 3989
10932 2 2 8 8 913 4495 4494
10933 2 2 8 8 3444 4905 1095
10934 2 2 8 8 1249 6001 3590
10935 2 2 8 8 4795 5430 2557
10936 2 2 8 8 1965 4958 4610
10937 2 2 8 8 1095 6078 3061
10938 2 2 8 8 1228 6131 4691
10939 2 2 8 8 1907 5668 3639
10940 2 2 8 8 984 5597 4531
10941 2 2 8 8 3543 5826 1673
10942 2 2 8 8 1824 5911 4172
10943 2 2 8 8 3449 5418 607
10944 2 2 8 8 2117 5364 4124
10945 2 2 8 8 1629 5005 3945
10946 2 2 8 8 1753 5866 3433
10947 2 2 8 8 4124 5364 1618
10948 2 2 8 8 1558 5411 3291
10949 2 2 8 8 3376 4104 1708
10950 2 2 8 8 4100 5529 2203
10951 2 2 8 8 3902 5850 1729
10952 2 2 8 8 3474 5400 2258
10953 2 2 8 8 2169 5346 4954
10954 2 2 8 8 3336 5536 12
10955 2 2 8 8 1729 5493 4335
10956 2 2 8 8 2425 5040 4737
10957 2 2 8 8 3225 6101 776
10958 2 2 8 8 3496 5722 640
10959 2 2 8 8 937 5289 4241
10960 2 2 8 8 2359 5783 5548
10961 2 2 8 8 1687 5380 3878
10962 2 2 8 8 753 5997 4212
10963 2 2 8 8 1552 5515 3608
10964 2 2 8 8 1894 5354 4403
10965 2 2 8 8 976 5879 5717
10966 2 2 8 8 2086 5319 4902
10967 2 2 8 8 4784 5290 1577
10968 2 2 8 8 2121 5326 4878
10969 2 2 8 8 725 6007 3453
10970 2 2 8 8 4676 6089 103
10971 2 2 8 8 2375 5743 4849
10972 2 2 8 8 3753 5351 1479
10973 2 2 8 8 1829 5308 4008
10974 2 2 8 8 877 6040 4491
10975 2 2 8 8 2696 5689 5103
10976 2 2 8 8 2110 5229 4384
10977 2 2 8 8 4322 5793 1909
10978 2 2 8 8 3806 5586 1662
10979 2 2 8 8 4628 4643 1867
10980 2 2 8 8 661 5326 4175
10981 2 2 8 8 985 5894 4097
10982 2 2 8 8 5368 5482 808
10983 2 2 8 8 4265 5053 972
10984 2 2 8 8 1734 5614 3435
10985 2 2 8 8 3944 5232 2207
10986 2 2 8 8 4329 5877 1977
10987 2 2 8 8 1451 5439 3983
10988 2 2 8 8 1565 5507 3689
10989 2 2 8 8 2461 4834 4450
10990 2 2 8 8 1954 5104 4463
10991 2 2 8 8 548 5011 4370
10992 2 2 8 8 2357 5428 4930
10993 2 2 8 8 2070 4958 4510
10994 2 2 8 8 4114 5224 2010
10995 2 2 8 8 3879 6154 2162
10996 2 2 8 8 628 6145 3226
10997 2 2 8 8 1283 6066 3582
10998 2 2 8 8 3703 5806 1358
10999 2 2 8 8 1643 5478 4164
11000 2 2 8 8 1726 5108 3930
11001 2 2 8 8 1936 5487 4827
11002 2 2 8 8 2045 5329 4980
11003 2 2 8 8 3575 5631 2298
11004 2 2 8 8 2326 5525 5474
11005 2 2 8 8 4221 6025 2087
11006 2 2 8 8 1783 6080 3631
11007 2 2 8 8 842 5769 4489
11008 2 2 8 8 2782 5482 5368
11009 2 2 8 8 4519 4841 699
11010 2 2 8 8 1429 4903 4133
11011 2 2 8 8 4979 5288 2055
11012 2 2 8 8 4632 4633 1078
11013 2 2 8 8 1990 5606 4384
11014 2 2 8 8 5613 5768 2640
11015 2 2 8 8 1081 5404 3926
11016 2 2 8 8 4240 5621 1886
11017 2 2 8 8 2539 5427 3840
11018 2 2 8 8 3960 6106 1942
11019 2 2 8 8 3971 6101 1562
11020 2 2 8 8 1813 6084 5321
11021 2 2 8 8 4104 4706 1708
11022 2 2 8 8 3920 5738 1356
11023 2 2 8 8 1494 6156 4101
11024 2 2 8 8 2181 5769 3807
11025 2 2 8 8 4564 5297 2410
11026 2 2 8 8 4166 5096 2525
11027 2 2 8 8 4390 5227 2213
11028 2 2 8 8 3785 4942 675
11029 2 2 8 8 1770 5183 5004
11030 2 2 8 8 2990 4692 1352
11031 2 2 8 8 1285 5590 4623
11032 2 2 8 8 1222 5852 4667
11033 2 2 8 8 1849 5508 3906
11034 2 2 8 8 3682 5998 1724
11035 2 2 8 8 3050 6017 5330
11036 2 2 8 8 3972 5048 696
11037 2 2 8 8 4176 6047 1127
11038 2 2 8 8 1127 5963 4176
11039 2 2 8 8 4044 5598 2028
11040 2 2 8 8 3416 6117 2034
11041 2 2 8 8 2202 5821 4235
11042 2 2 8 8 3483 6057 1964
11043 2 2 8 8 1979 5892 3959
11044 2 2 8 8 1340 5895 5031
11045 2 2 8 8 3230 5444 677
11046 2 2 8 8 1892 4532 4310
11047 2 2 8 8 4255 5471 1597
11048 2 2 8 8 4741 5875 2496
11049 2 2 8 8 2234 5890 4511
11050 2 2 8 8 631 5475 3992
11051 2 2 8 8 1859 5950 3899
11052 2 2 8 8 2326 5683 4557
11053 2 2 8 8 964 5306 4054
11054 2 2 8 8 3818 5981 1928
11055 2 2 8 8 2133 5550 5270
11056 2 2 8 8 2255 5314 4563
11057 2 2 8 8 3743 6031 1374
11058 2 2 8 8 2286 5881 4941
11059 2 2 8 8 5770 5777 3615
11060 2 2 8 8 3434 6119 1847
11061 2 2 8 8 3563 5827 1380
11062 2 2 8 8 4509 5269 846
11063 2 2 8 8 3973 5268 2238
11064 2 2 8 8 4305 4945 1058
11065 2 2 8 8 2585 5088 4229
11066 2 2 8 8 2213 6055 4390
11067 2 2 8 8 3765 5142 1012
11068 2 2 8 8 4575 5493 1729
11069 2 2 8 8 1702 4976 4093
11070 2 2 8 8 2145 5738 5121
11071 2 2 8 8 1042 4620 4567
11072 2 2 8 8 4471 4740 1653
11073 2 2 8 8 5458 5935 2636
11074 2 2 8 8 3876 5973 777
11075 2 2 8 8 1889 5355 5226
11076 2 2 8 8 1752 6009 4933
11077 2 2 8 8 2691 4709 4459
11078 2 2 8 8 825 5966 3811
11079 2 2 8 8 1266 6153 4917
11080 2 2 8 8 3751 5228 1855
11081 2 2 8 8 3981 6035 1443
11082 2 2 8 8 4259 5757 697
11083 2 2 8 8 3702 5910 1788
11084 2 2 8 8 3363 6133 5069
11085 2 2 8 8 1314 5406 3925
11086 2 2 8 8 5846 5905 1960
11087 2 2 8 8 2377 5928 5490
11088 2 2 8 8 2790 5869 3956
11089 2 2 8 8 3707 6080 1783
11090 2 2 8 8 4039 5255 2049
11091 2 2 8 8 1177 6062 3554
11092 2 2 8 8 5912 5920 2484
11093 2 2 8 8 4987 6123 1766
11094 2 2 8 8 1729 5538 4575
11095 2 2 8 8 1956 5534 3649
11096 2 2 8 8 2227 5701 4915
11097 2 2 8 8 4200 5752 813
11098 2 2 8 8 3307 4544 1073
11099 2 2 8 8 724 5128 3669
11100 2 2 8 8 4995 6081 2014
11101 2 2 8 8 2245 5492 5360
11102 2 2 8 8 1940 4643 4628
11103 2 2 8 8 2170 5989 4286
11104 2 2 8 8 541 4974 4141
11105 2 2 8 8 4111 5308 1829
11106 2 2 8 8 4256 6026 1446
11107 2 2 8 8 3575 5837 1971
11108 2 2 8 8 3927 4850 1323
11109 2 2 8 8 1107 5829 3506
11110 2 2 8 8 4207 4587 1878
11111 2 2 8 8 2152 5581 3790
11112 2 2 8 8 5596 6157 2517
11113 2 2 8 8 2079 5882 5096
11114 2 2 8 8 4822 4949 1157
11115 2 2 8 8 3907 5462 1703
11116 2 2 8 8 4384 5606 635
11117 2 2 8 8 4634 5424 2309
11118 2 2 8 8 5029 5167 2768
11119 2 2 8 8 5548 5783 2143
11120 2 2 8 8 1588 6006 4451
11121 2 2 8 8 3777 5014 787
11122 2 2 8 8 5431 6172 2569
11123 2 2 8 8 2799 6010 5801
11124 2 2 8 8 4860 5931 1895
11125 2 2 8 8 2640 5627 5613
11126 2 2 8 8 884 5555 4044
11127 2 2 8 8 1816 5740 5115
11128 2 2 8 8 1296 5601 3450
11129 2 2 8 8 4759 5407 117
11130 2 2 8 8 5319 5882 955
11131 2 2 8 8 4052 5472 1690
11132 2 2 8 8 4242 5462 949
11133 2 2 8 8 998 6056 3232
11134 2 2 8 8 2432 5872 5030
11135 2 2 8 8 4589 5512 2492
11136 2 2 8 8 2010 5834 5234
11137 2 2 8 8 1802 5888 3509
11138 2 2 8 8 4204 4740 855
11139 2 2 8 8 4005 6176 1628
11140 2 2 8 8 2479 5920 5912
11141 2 2 8 8 5230 5440 1282
11142 2 2 8 8 4510 4958 1965
11143 2 2 8 8 94 5519 4624
11144 2 2 8 8 3800 6042 1476
11145 2 2 8 8 3971 6153 1266
11146 2 2 8 8 707 5304 3676
11147 2 2 8 8 1981 6074 3403
11148 2 2 8 8 4943 5177 2023
11149 2 2 8 8 5234 5834 2397
11150 2 2 8 8 3659 5863 503
11151 2 2 8 8 4391 5305 2365
11152 2 2 8 8 3215 6113 2583
11153 2 2 8 8 3570 5526 981
11154 2 2 8 8 3973 5843 1383
11155 2 2 8 8 4082 5485 1497
11156 2 2 8 8 4162 5692 1703
11157 2 2 8 8 1953 5516 3993
11158 2 2 8 8 878 6058 4777
11159 2 2 8 8 2590 5468 4048
11160 2 2 8 8 2104 5288 4662
11161 2 2 8 8 4004 5544 768
11162 2 2 8 8 1047 5522 5474
11163 2 2 8 8 3862 5712 940
11164 2 2 8 8 4855 5799 2284
11165 2 2 8 8 3385 5895 866
11166 2 2 8 8 1904 5214 4154
11167 2 2 8 8 4370 5819 2596
11168 2 2 8 8 155 5842 4187
11169 2 2 8 8 1703 5462 4242
11170 2 2 8 8 4164 5761 2223
11171 2 2 8 8 2998 4820 4805
11172 2 2 8 8 2450 5785 5583
11173 2 2 8 8 4079 5948 2582
11174 2 2 8 8 1047 5474 3915
11175 2 2 8 8 735 5096 4166
11176 2 2 8 8 2510 5767 3832
11177 2 2 8 8 1853 5983 4846
11178 2 2 8 8 3624 6148 1978
11179 2 2 8 8 961 5267 3413
11180 2 2 8 8 1265 5642 4735
11181 2 2 8 8 1644 5650 4430
11182 2 2 8 8 2003 5493 4575
11183 2 2 8 8 3787 4952 2509
11184 2 2 8 8 1743 5649 3719
11185 2 2 8 8 1622 5724 4168
11186 2 2 8 8 3698 5516 1953
11187 2 2 8 8 4689 5731 2057
11188 2 2 8 8 1009 5442 4575
11189 2 2 8 8 3742 5726 2224
11190 2 2 8 8 869 5941 4714
11191 2 2 8 8 4889 5076 1663
11192 2 2 8 8 3467 5934 1685
11193 2 2 8 8 4315 5477 1988
11194 2 2 8 8 911 6029 3625
11195 2 2 8 8 908 4752 4751
11196 2 2 8 8 2006 5684 5136
11197 2 2 8 8 4117 4481 122
11198 2 2 8 8 683 5885 4412
11199 2 2 8 8 981 5993 4510
11200 2 2 8 8 4077 5166 1479
11201 2 2 8 8 2096 6089 4676
11202 2 2 8 8 3557 5104 1954
11203 2 2 8 8 1746 5268 3973
11204 2 2 8 8 1293 5907 3949
11205 2 2 8 8 2004 5470 4245
11206 2 2 8 8 1650 5678 3526
11207 2 2 8 8 4366 5709 1025
11208 2 2 8 8 1984 6011 4099
11209 2 2 8 8 4244 5839 1603
11210 2 2 8 8 4941 5881 1604
11211 2 2 8 8 5019 5276 1847
11212 2 2 8 8 2397 5834 5464
11213 2 2 8 8 2415 5317 4711
11214 2 2 8 8 1429 5906 3796
11215 2 2 8 8 2335 5816 4803
11216 2 2 8 8 2222 5019 3880
11217 2 2 8 8 1675 5090 4799
11218 2 2 8 8 4303 4903 1429
11219 2 2 8 8 2178 6075 3915
11220 2 2 8 8 1627 5561 4190
11221 2 2 8 8 808 5482 4049
11222 2 2 8 8 2021 5915 4216
11223 2 2 8 8 4672 5904 445
11224 2 2 8 8 644 5583 4523
11225 2 2 8 8 2221 4810 4130
11226 2 2 8 8 1895 5931 5048
11227 2 2 8 8 1700 5592 4010
11228 2 2 8 8 1975 5788 5787
11229 2 2 8 8 2230 5353 5295
11230 2 2 8 8 1518 5624 4234
11231 2 2 8 8 1376 5146 5145
11232 2 2 8 8 5498 5672 1051
11233 2 2 8 8 2150 5634 5369
11234 2 2 8 8 5544 5894 2370
11235 2 2 8 8 2421 5974 5666
11236 2 2 8 8 4679 5471 2368
11237 2 2 8 8 5369 5634 2440
11238 2 2 8 8 2118 5500 4774
11239 2 2 8 8 2022 4792 4358
11240 2 2 8 8 2005 5770 3615
11241 2 2 8 8 2110 5906 4133
11242 2 2 8 8 3968 5520 934
11243 2 2 8 8 3831 5556 592
11244 2 2 8 8 4043 4816 148
11245 2 2 8 8 3727 5459 1402
11246 2 2 8 8 4074 6056 2520
11247 2 2 8 8 2964 5925 5045
11248 2 2 8 8 442 5350 4182
11249 2 2 8 8 4042 5359 105
11250 2 2 8 8 4799 5090 945
11251 2 2 8 8 4055 4470 965
11252 2 2 8 8 3082 5948 4079
11253 2 2 8 8 4097 5844 1412
11254 2 2 8 8 2418 5559 5539
11255 2 2 8 8 2344 5763 4730
11256 2 2 8 8 4154 5947 1904
11257 2 2 8 8 4805 4820 1580
11258 2 2 8 8 3780 5573 851
11259 2 2 8 8 5098 6019 764
11260 2 2 8 8 726 4959 4140
11261 2 2 8 8 2479 5912 5616
11262 2 2 8 8 3493 6114 1906
11263 2 2 8 8 4993 6168 2374
11264 2 2 8 8 4172 5911 792
11265 2 2 8 8 1951 5841 3722
11266 2 2 8 8 3403 6036 1981
11267 2 2 8 8 2307 5527 4721
11268 2 2 8 8 4889 5840 2307
11269 2 2 8 8 832 6122 3697
11270 2 2 8 8 4166 6091 735
11271 2 2 8 8 3906 5508 2500
11272 2 2 8 8 3850 6085 2211
11273 2 2 8 8 2214 5797 5135
11274 2 2 8 8 5666 5974 2271
11275 2 2 8 8 2009 5526 4024
11276 2 2 8 8 1769 5359 4042
11277 2 2 8 8 3303 5772 1964
11278 2 2 8 8 1833 5749 3679
11279 2 2 8 8 1514 6099 4002
11280 2 2 8 8 2768 5167 1319
11281 2 2 8 8 4511 5367 2234
11282 2 2 8 8 1993 4945 4305
11283 2 2 8 8 4073 5012 1996
11284 2 2 8 8 1049 5673 5210
11285 2 2 8 8 2214 5135 4818
11286 2 2 8 8 2055 5498 4979
11287 2 2 8 8 5313 5314 2255
11288 2 2 8 8 4276 6071 1153
11289 2 2 8 8 914 6093 3782
11290 2 2 8 8 5858 5978 666
11291 2 2 8 8 3988 5680 942
11292 2 2 8 8 849 5177 4943
11293 2 2 8 8 2734 6115 5147
11294 2 2 8 8 27 5992 4763
11295 2 2 8 8 3182 6129 5603
11296 2 2 8 8 4878 5458 1933
11297 2 2 8 8 2131 5752 4200
11298 2 2 8 8 604 5471 4255
11299 2 2 8 8 4412 5885 2200
11300 2 2 8 8 2618 5064 4245
11301 2 2 8 8 5293 5425 701
11302 2 2 8 8 1115 5365 4916
11303 2 2 8 8 3858 4731 867
11304 2 2 8 8 5453 5739 1980
11305 2 2 8 8 2607 5150 4754
11306 2 2 8 8 2262 5865 4072
11307 2 2 8 8 5490 5928 758
11308 2 2 8 8 5943 6120 119
11309 2 2 8 8 1766 6123 4957
11310 2 2 8 8 702 6168 4993
11311 2 2 8 8 1527 5697 3620
11312 2 2 8 8 3926 5404 1844
11313 2 2 8 8 4713 4751 1671
11314 2 2 8 8 1753 5447 4040
11315 2 2 8 8 2160 5681 4662
11316 2 2 8 8 1751 5870 3214
11317 2 2 8 8 5115 5327 1816
11318 2 2 8 8 3626 3753 1778
11319 2 2 8 8 2481 5724 4657
11320 2 2 8 8 394 5477 4315
11321 2 2 8 8 2608 5818 4456
11322 2 2 8 8 4087 4674 1713
11323 2 2 8 8 3569 5597 984
11324 2 2 8 8 4312 6176 844
11325 2 2 8 8 4676 5820 2096
11326 2 2 8 8 3840 5427 2210
11327 2 2 8 8 4388 5184 2072
11328 2 2 8 8 2813 5965 4807
11329 2 2 8 8 4385 5960 1924
11330 2 2 8 8 844 5472 4052
11331 2 2 8 8 3875 6027 1504
11332 2 2 8 8 2347 6019 5098
11333 2 2 8 8 3983 5456 941
11334 2 2 8 8 2626 5524 5191
11335 2 2 8 8 2898 5352 5097
11336 2 2 8 8 2428 5395 5116
11337 2 2 8 8 787 5014 3872
11338 2 2 8 8 4099 6011 658
11339 2 2 8 8 5840 6142 2137
11340 2 2 8 8 1613 5927 3964
11341 2 2 8 8 2044 6091 4166
11342 2 2 8 8 2172 4921 4775
11343 2 2 8 8 2006 5976 5684
11344 2 2 8 8 1058 5215 4679
11345 2 2 8 8 1055 6032 4226
11346 2 2 8 8 4793 4929 723
11347 2 2 8 8 5097 5352 1696
11348 2 2 8 8 4461 5285 1662
11349 2 2 8 8 4492 5448 2109
11350 2 2 8 8 2789 5143 5142
11351 2 2 8 8 1968 5732 4271
11352 2 2 8 8 1479 5422 3753
11353 2 2 8 8 2030 6137 5393
11354 2 2 8 8 5045 6132 2591
11355 2 2 8 8 1022 5032 5021
11356 2 2 8 8 1675 6085 3850
11357 2 2 8 8 4902 5319 955
11358 2 2 8 8 5036 5037 2056
11359 2 2 8 8 5051 5281 2475
11360 2 2 8 8 524 5929 4195
11361 2 2 8 8 1019 5840 4889
11362 2 2 8 8 4487 5886 2197
11363 2 2 8 8 472 5318 4819
11364 2 2 8 8 4920 4921 2029
11365 2 2 8 8 4807 5965 1546
11366 2 2 8 8 1921 5399 5296
11367 2 2 8 8 1543 5995 3967
11368 2 2 8 8 5173 5748 1883
11369 2 2 8 8 4469 5820 1267
11370 2 2 8 8 4398 6086 2099
11371 2 2 8 8 3918 5567 2297
11372 2 2 8 8 4035 5853 871
11373 2 2 8 8 1606 5868 5283
11374 2 2 8 8 4273 6011 1984
11375 2 2 8 8 661 5458 4878
11376 2 2 8 8 5136 5684 1844
11377 2 2 8 8 5478 5961 2711
11378 2 2 8 8 1075 6086 4398
11379 2 2 8 8 2318 5746 4188
11380 2 2 8 8 2116 5734 5057
11381 2 2 8 8 4140 5525 1338
11382 2 2 8 8 1726 5344 4265
11383 2 2 8 8 5509 5966 2882
11384 2 2 8 8 5583 5785 2097
11385 2 2 8 8 4133 5906 1429
11386 2 2 8 8 1015 6076 5576
11387 2 2 8 8 1797 5844 4097
11388 2 2 8 8 4439 5689 2696
11389 2 2 8 8 1876 6087 4460
11390 2 2 8 8 1597 5471 4679
11391 2 2 8 8 706 5872 5241
11392 2 2 8 8 1136 5512 4551
11393 2 2 8 8 2896 5612 4227
11394 2 2 8 8 699 6157 4024
11395 2 2 8 8 4916 5838 1899
11396 2 2 8 8 5471 6127 2368
11397 2 2 8 8 2209 5825 5221
11398 2 2 8 8 1531 4997 4342
11399 2 2 8 8 2587 5426 4387
11400 2 2 8 8 743 6052 4585
11401 2 2 8 8 5142 5143 1012
11402 2 2 8 8 1525 5533 4324
11403 2 2 8 8 4730 5763 1625
11404 2 2 8 8 4382 5604 1567
11405 2 2 8 8 4423 5345 3075
11406 2 2 8 8 4651 5503 1838
11407 2 2 8 8 4097 5894 1797
11408 2 2 8 8 4444 6149 2627
11409 2 2 8 8 1960 5905 3984
11410 2 2 8 8 3876 6167 1302
11411 2 2 8 8 4763 5992 2527
11412 2 2 8 8 1794 5830 4839
11413 2 2 8 8 2238 5843 3973
11414 2 2 8 8 5953 5986 1882
11415 2 2 8 8 4901 5587 3046
11416 2 2 8 8 4658 5137 2176
11417 2 2 8 8 1975 6035 3981
11418 2 2 8 8 4531 5597 2455
11419 2 2 8 8 4193 5086 1577
11420 2 2 8 8 1695 5779 4020
11421 2 2 8 8 1993 6126 5185
11422 2 2 8 8 1175 5728 4758
11423 2 2 8 8 1978 5213 4909
11424 2 2 8 8 2248 5505 4338
11425 2 2 8 8 5017 6146 2008
11426 2 2 8 8 1891 5605 5178
11427 2 2 8 8 2602 5704 5185
11428 2 2 8 8 4192 5813 2062
11429 2 2 8 8 5113 5780 1807
11430 2 2 8 8 2625 4692 2990
11431 2 2 8 8 4059 5518 1868
11432 2 2 8 8 4691 6131 2250
11433 2 2 8 8 4366 6023 1640
11434 2 2 8 8 1898 5709 4366
11435 2 2 8 8 4480 6152 677
11436 2 2 8 8 887 5671 4367
11437 2 2 8 8 2050 6107 5220
11438 2 2 8 8 5221 5825 1046
11439 2 2 8 8 921 5922 3595
11440 2 2 8 8 1704 5956 4404
11441 2 2 8 8 5483 5564 1251
11442 2 2 8 8 956 6139 5789
11443 2 2 8 8 4219 5578 1634
11444 2 2 8 8 627 5362 5164
11445 2 2 8 8 208 4912 4297
11446 2 2 8 8 4507 4717 2159
11447 2 2 8 8 1856 5051 4336
11448 2 2 8 8 2137 5715 4082
11449 2 2 8 8 4192 5502 562
11450 2 2 8 8 4511 5890 978
11451 2 2 8 8 3040 5814 4678
11452 2 2 8 8 4180 6142 2191
11453 2 2 8 8 5185 5704 151
11454 2 2 8 8 4280 5178 875
11455 2 2 8 8 2009 6157 5596
11456 2 2 8 8 2715 5404 5244
11457 2 2 8 8 3799 5863 1765
11458 2 2 8 8 1296 6061 5026
11459 2 2 8 8 2316 5440 5230
11460 2 2 8 8 1092 5914 3658
11461 2 2 8 8 4430 5650 1846
11462 2 2 8 8 4459 4709 1551
11463 2 2 8 8 4077 5351 2378
11464 2 2 8 8 3016 5937 5510
11465 2 2 8 8 2302 5655 4272
11466 2 2 8 8 5880 5956 1704
11467 2 2 8 8 2676 5986 5953
11468 2 2 8 8 4445 5660 1789
11469 2 2 8 8 5596 5779 924
11470 2 2 8 8 5369 5873 863
11471 2 2 8 8 625 5692 4162
11472 2 2 8 8 4265 5344 1941
11473 2 2 8 8 4809 4879 3072
11474 2 2 8 8 2345 5713 5162
11475 2 2 8 8 5028 6005 2468
11476 2 2 8 8 3125 5811 1757
11477 2 2 8 8 4915 5952 1098
11478 2 2 8 8 966 5254 4694
11479 2 2 8 8 5365 5964 2142
11480 2 2 8 8 2858 5383 666
11481 2 2 8 8 4623 5590 2064
11482 2 2 8 8 5177 6144 2023
11483 2 2 8 8 1959 5632 5003
11484 2 2 8 8 2509 5292 5246
11485 2 2 8 8 5360 5492 2335
11486 2 2 8 8 3173 6164 4806
11487 2 2 8 8 3840 5717 1621
11488 2 2 8 8 4195 5929 2163
11489 2 2 8 8 1005 5345 4423
11490 2 2 8 8 4234 5367 1518
11491 2 2 8 8 1949 6066 4466
11492 2 2 8 8 2197 5862 5564
11493 2 2 8 8 1143 5793 4322
11494 2 2 8 8 1830 6060 5696
11495 2 2 8 8 4015 5067 972
11496 2 2 8 8 4526 5100 2128
11497 2 2 8 8 2486 5688 4247
11498 2 2 8 8 4194 5825 3012
11499 2 2 8 8 960 5039 4167
11500 2 2 8 8 1046 5825 4194
11501 2 2 8 8 3180 5689 4439
11502 2 2 8 8 1089 5968 3706
11503 2 2 8 8 4439 4565 1496
11504 2 2 8 8 4017 5392 120
11505 2 2 8 8 5713 6134 1937
11506 2 2 8 8 1155 6162 5034
11507 2 2 8 8 5836 5971 2122
11508 2 2 8 8 1799 6055 4471
11509 2 2 8 8 5003 5632 732
11510 2 2 8 8 4782 5972 2907
11511 2 2 8 8 5140 5721 975
11512 2 2 8 8 4239 6077 637
11513 2 2 8 8 1971 5631 3575
11514 2 2 8 8 3883 5432 2384
11515 2 2 8 8 1589 5818 4392
11516 2 2 8 8 939 6110 4358
11517 2 2 8 8 5464 5834 717
11518 2 2 8 8 3676 5361 2035
11519 2 2 8 8 2074 5480 5299
11520 2 2 8 8 3539 6040 877
11521 2 2 8 8 2118 5952 4915
11522 2 2 8 8 5246 5292 1105
11523 2 2 8 8 2666 6073 5684
11524 2 2 8 8 4758 5728 2283
11525 2 2 8 8 2197 5564 5483
11526 2 2 8 8 4917 6153 2324
11527 2 2 8 8 5214 5251 2413
11528 2 2 8 8 4916 5365 2142
11529 2 2 8 8 4279 5084 198
11530 2 2 8 8 4801 5438 2262
11531 2 2 8 8 2004 5064 4507
11532 2 2 8 8 2140 5587 5021
11533 2 2 8 8 4873 5637 2918
11534 2 2 8 8 607 5418 3540
11535 2 2 8 8 4456 5818 1589
11536 2 2 8 8 4542 5446 1849
11537 2 2 8 8 2739 5773 4528
11538 2 2 8 8 1645 6164 4215
11539 2 2 8 8 978 5320 4511
11540 2 2 8 8 830 6165 3729
11541 2 2 8 8 4522 5674 1858
11542 2 2 8 8 5220 6107 194
11543 2 2 8 8 4495 5658 1997
11544 2 2 8 8 2364 5972 4782
11545 2 2 8 8 409 5761 4164
11546 2 2 8 8 2528 5883 4261
11547 2 2 8 8 2256 5315 5313
11548 2 2 8 8 2604 5971 5836
11549 2 2 8 8 4324 5533 2824
11550 2 2 8 8 4711 5317 1953
11551 2 2 8 8 1062 5674 4522
11552 2 2 8 8 4392 5818 1139
11553 2 2 8 8 4319 4814 1572
11554 2 2 8 8 5784 5975 2281
11555 2 2 8 8 4573 5606 1990
11556 2 2 8 8 4175 5326 1758
11557 2 2 8 8 1933 5923 4878
11558 2 2 8 8 878 5975 3779
11559 2 2 8 8 4796 5325 1593
11560 2 2 8 8 2081 4894 4893
11561 2 2 8 8 4132 5680 1668
11562 2 2 8 8 1835 5446 4542
11563 2 2 8 8 559 5591 4646
11564 2 2 8 8 5684 5976 2666
11565 2 2 8 8 2236 5884 5733
11566 2 2 8 8 5235 6132 3701
11567 2 2 8 8 959 5901 4441
11568 2 2 8 8 1573 5888 4035
11569 2 2 8 8 3884 5687 895
11570 2 2 8 8 4465 5153 1971
11571 2 2 8 8 5164 5362 3291
11572 2 2 8 8 4872 5300 2061
11573 2 2 8 8 4254 5562 611
11574 2 2 8 8 5733 5884 2388
11575 2 2 8 8 1874 6007 4613
11576 2 2 8 8 2525 5882 5319
11577 2 2 8 8 5098 5626 2347
11578 2 2 8 8 4404 5956 986
11579 2 2 8 8 1800 5939 4277
11580 2 2 8 8 1041 6088 5552
11581 2 2 8 8 5161 5716 999
11582 2 2 8 8 4614 6095 2891
11583 2 2 8 8 5245 5639 2774
11584 2 2 8 8 4909 5213 1982
11585 2 2 8 8 1529 5104 4086
11586 2 2 8 8 2062 5502 4192
11587 2 2 8 8 4450 4834 1680
11588 2 2 8 8 4460 6087 888
11589 2 2 8 8 4605 5711 2712
11590 2 2 8 8 789 6074 4347
11591 2 2 8 8 5008 6161 2699
11592 2 2 8 8 2057 5037 5036
11593 2 2 8 8 4274 6105 1841
11594 2 2 8 8 1765 5863 3659
11595 2 2 8 8 5486 5575 2954
11596 2 2 8 8 3828 6118 1877
11597 2 2 8 8 620 5908 4284
11598 2 2 8 8 5903 5949 2205
11599 2 2 8 8 1056 5816 5492
11600 2 2 8 8 5741 5742 1114
11601 2 2 8 8 624 5960 4385
11602 2 2 8 8 2089 6099 4988
11603 2 2 8 8 927 5795 5071
11604 2 2 8 8 1807 5780 4879
11605 2 2 8 8 866 5895 3415
11606 2 2 8 8 4819 5318 1979
11607 2 2 8 8 400 5682 4473
11608 2 2 8 8 5391 5844 1797
11609 2 2 8 8 2042 5563 5169
11610 2 2 8 8 5489 5704 2602
11611 2 2 8 8 5932 6102 1144
11612 2 2 8 8 620 5830 4926
11613 2 2 8 8 1251 5564 5062
11614 2 2 8 8 2545 5576 4881
11615 2 2 8 8 4024 6157 2009
11616 2 2 8 8 4804 6143 1639
11617 2 2 8 8 1608 5553 4396
11618 2 2 8 8 5853 6116 871
11619 2 2 8 8 2249 5831 5000
11620 2 2 8 8 1964 5772 4315
11621 2 2 8 8 4215 6164 1873
11622 2 2 8 8 2401 5599 5543
11623 2 2 8 8 4189 6068 1917
11624 2 2 8 8 1971 5837 4465
11625 2 2 8 8 4960 6038 3185
11626 2 2 8 8 5270 5550 2267
11627 2 2 8 8 636 5507 3924
11628 2 2 8 8 4866 5594 1676
11629 2 2 8 8 4584 6053 2105
11630 2 2 8 8 939 5798 4944
11631 2 2 8 8 5282 6094 2289
11632 2 2 8 8 2440 5873 5369
11633 2 2 8 8 2928 5809 5302
11634 2 2 8 8 2307 5076 4889
11635 2 2 8 8 2121 5595 5326
11636 2 2 8 8 4447 6177 2549
11637 2 2 8 8 861 6130 5169
11638 2 2 8 8 4528 5773 1837
11639 2 2 8 8 2000 6162 5085
11640 2 2 8 8 4143 6012 1865
11641 2 2 8 8 4571 6009 1752
11642 2 2 8 8 5650 5651 1846
11643 2 2 8 8 1090 5438 4801
11644 2 2 8 8 1875 5575 5486
11645 2 2 8 8 863 5873 5222
11646 2 2 8 8 1090 5874 5438
11647 2 2 8 8 2024 5637 4873
11648 2 2 8 8 704 5137 4658
11649 2 2 8 8 2055 5672 5498
11650 2 2 8 8 5139 5517 1887
11651 2 2 8 8 817 5987 5351
11652 2 2 8 8 1649 5626 5098
11653 2 2 8 8 4152 5901 959
11654 2 2 8 8 3676 5304 2452
11655 2 2 8 8 2522 5721 5140
11656 2 2 8 8 4585 6052 1679
11657 2 2 8 8 1327 6025 4221
11658 2 2 8 8 4774 5500 681
11659 2 2 8 8 2580 5469 3687
11660 2 2 8 8 2057 5731 5037
11661 2 2 8 8 3232 6056 4074
11662 2 2 8 8 2180 5927 4518
11663 2 2 8 8 4880 5962 1089
11664 2 2 8 8 905 5569 4562
11665 2 2 8 8 2558 6121 5002
11666 2 2 8 8 624 5308 4111
11667 2 2 8 8 2108 5859 5278
11668 2 2 8 8 5002 6121 1660
11669 2 2 8 8 3915 6075 1233
11670 2 2 8 8 3828 5740 692
11671 2 2 8 8 4035 5888 5853
11672 2 2 8 8 1922 5936 5705
11673 2 2 8 8 4626 5929 525
11674 2 2 8 8 1487 6059 4406
11675 2 2 8 8 5244 5404 1081
11676 2 2 8 8 393 5772 3303
11677 2 2 8 8 4926 5830 3022
11678 2 2 8 8 2475 6143 4804
11679 2 2 8 8 5564 5862 2542
11680 2 2 8 8 4082 5715 66
11681 2 2 8 8 5010 5011 549
11682 2 2 8 8 2172 5250 4921
11683 2 2 8 8 1358 5806 3929
11684 2 2 8 8 4515 5565 1736
11685 2 2 8 8 4890 6096 1976
11686 2 2 8 8 5039 5204 1414
11687 2 2 8 8 4657 5724 1622
11688 2 2 8 8 4921 5250 2029
11689 2 2 8 8 4991 5551 1926
11690 2 2 8 8 4915 5701 2118
11691 2 2 8 8 5409 5800 2203
11692 2 2 8 8 2088 4949 4822
11693 2 2 8 8 4815 5845 1088
11694 2 2 8 8 4472 5377 1701
11695 2 2 8 8 2572 5844 5391
11696 2 2 8 8 2345 6134 5713
11697 2 2 8 8 527 6051 4477
11698 2 2 8 8 4578 5880 1704
11699 2 2 8 8 763 5551 4991
11700 2 2 8 8 5285 5403 1126
11701 2 2 8 8 4800 5545 1619
11702 2 2 8 8 5526 5993 981
11703 2 2 8 8 4959 6075 2178
11704 2 2 8 8 4956 5649 1050
11705 2 2 8 8 4806 6164 1645
11706 2 2 8 8 5639 5924 2774
11707 2 2 8 8 4765 5687 1724
11708 2 2 8 8 1630 4481 4117
11709 2 2 8 8 1318 5945 5499
11710 2 2 8 8 1040 5804 4803
11711 2 2 8 8 2929 6175 4468
11712 2 2 8 8 4523 5583 2097
11713 2 2 8 8 4928 5301 1798
11714 2 2 8 8 2922 6102 5932
11715 2 2 8 8 5015 5143 1809
11716 2 2 8 8 669 4948 4353
11717 2 2 8 8 4622 6001 2135
11718 2 2 8 8 4784 4864 1705
11719 2 2 8 8 4508 6076 1957
11720 2 2 8 8 5291 5384 1823
11721 2 2 8 8 4667 5852 2040
11722 2 2 8 8 2699 6072 5008
11723 2 2 8 8 2096 5820 4469
11724 2 2 8 8 1924 5960 4151
11725 2 2 8 8 1962 6026 4256
11726 2 2 8 8 1900 5931 4860
11727 2 2 8 8 604 6127 5471
11728 2 2 8 8 1807 4879 4809
11729 2 2 8 8 4542 5609 1835
11730 2 2 8 8 5616 5912 730
11731 2 2 8 8 2591 6132 5235
11732 2 2 8 8 5071 5795 2187
11733 2 2 8 8 1572 6122 4605
11734 2 2 8 8 3452 5877 4961
11735 2 2 8 8 4466 6066 1283
11736 2 2 8 8 3162 5802 5093
11737 2 2 8 8 2412 5384 5291
11738 2 2 8 8 4358 6110 2325
11739 2 2 8 8 1766 5212 4936
11740 2 2 8 8 2817 5312 5012
11741 2 2 8 8 5733 6109 1122
11742 2 2 8 8 4353 5702 669
11743 2 2 8 8 2229 5949 5903
11744 2 2 8 8 3213 6021 5760
11745 2 2 8 8 4881 5576 1923
11746 2 2 8 8 5383 5858 666
11747 2 2 8 8 4724 6137 2687
11748 2 2 8 8 5567 5568 2297
11749 2 2 8 8 3863 5893 2323
11750 2 2 8 8 5438 5874 2730
11751 2 2 8 8 1320 5660 4445
11752 2 2 8 8 5822 6080 1113
11753 2 2 8 8 2347 5800 5409
11754 2 2 8 8 2195 5425 5293
11755 2 2 8 8 1899 5838 5179
11756 2 2 8 8 976 5717 3840
11757 2 2 8 8 4312 5311 1628
11758 2 2 8 8 4703 4872 2061
11759 2 2 8 8 1676 5594 4217
11760 2 2 8 8 4803 5816 1911
11761 2 2 8 8 1380 6113 4604
11762 2 2 8 8 2934 5964 5365
11763 2 2 8 8 5520 6133 2102
11764 2 2 8 8 3283 4559 1784
11765 2 2 8 8 3054 5890 5832
11766 2 2 8 8 5660 5916 1789
11767 2 2 8 8 957 5314 5313
11768 2 2 8 8 1132 6064 4608
11769 2 2 8 8 1931 6096 4890
11770 2 2 8 8 2015 6031 4837
11771 2 2 8 8 1022 5587 4901
11772 2 2 8 8 4929 5951 723
11773 2 2 8 8 5326 5595 1758
11774 2 2 8 8 1067 5517 5139
11775 2 2 8 8 1904 5251 5214
11776 2 2 8 8 5043 6018 2556
11777 2 2 8 8 5302 5809 1064
11778 2 2 8 8 5078 5312 809
11779 2 2 8 8 1628 6176 4312
11780 2 2 8 8 2002 5951 4929
11781 2 2 8 8 5958 6069 2746
11782 2 2 8 8 23 5609 4542
11783 2 2 8 8 655 6159 5755
11784 2 2 8 8 1970 5966 5509
11785 2 2 8 8 5145 5808 1864
11786 2 2 8 8 2136 5557 4701
11787 2 2 8 8 4406 6059 2433
11788 2 2 8 8 5145 5146 2041
11789 2 2 8 8 4468 6175 2192
11790 2 2 8 8 5241 5872 1898
11791 2 2 8 8 5832 5890 2234
11792 2 2 8 8 5543 5599 1918
11793 2 2 8 8 5057 5734 1926
11794 2 2 8 8 1826 5933 5168
11795 2 2 8 8 1856 5281 5051
11796 2 2 8 8 5037 5731 1202
11797 2 2 8 8 5007 5619 2325
11798 2 2 8 8 811 6137 4724
11799 2 2 8 8 5037 6115 2056
11800 2 2 8 8 2198 5831 5129
11801 2 2 8 8 5062 5564 2542
11802 2 2 8 8 1827 5781 5700
11803 2 2 8 8 4734 5811 2458
11804 2 2 8 8 4944 5798 1596
11805 2 2 8 8 5000 5831 2198
11806 2 2 8 8 2163 5929 4626
11807 2 2 8 8 1879 5845 4815
11808 2 2 8 8 1896 5646 5084
11809 2 2 8 8 1768 5942 4378
11810 2 2 8 8 5313 5315 957
11811 2 2 8 8 879 6037 4664
11812 2 2 8 8 5213 6148 1084
11813 2 2 8 8 5321 6084 3456
11814 2 2 8 8 895 5687 4765
11815 2 2 8 8 4839 5830 620
11816 2 2 8 8 2378 5987 3554
11817 2 2 8 8 1249 6016 6001
11818 2 2 8 8 5221 6138 2332
11819 2 2 8 8 5168 5933 750
11820 2 2 8 8 5138 5759 1448
11821 2 2 8 8 2253 5204 5039
11822 2 2 8 8 679 5301 4928
11823 2 2 8 8 2041 5808 5145
11824 2 2 8 8 1143 5748 5173
11825 2 2 8 8 475 6146 5017
11826 2 2 8 8 5996 6006 2827
11827 2 2 8 8 5705 5936 2244
11828 2 2 8 8 5661 5970 2001
11829 2 2 8 8 1258 6094 5282
11830 2 2 8 8 1202 6115 5037
11831 2 2 8 8 5026 6061 2505
11832 2 2 8 8 4631 5619 1992
11833 2 2 8 8 2607 5798 4792
11834 2 2 8 8 986 5956 5781
11835 2 2 8 8 5175 5596 924
11836 2 2 8 8 4727 5922 921
11837 2 2 8 8 4963 5466 1774
11838 2 2 8 8 1948 5804 5511
11839 2 2 8 8 1996 5312 5078
11840 2 2 8 8 1814 5381 5337
11841 2 2 8 8 5210 5673 2314
11842 2 2 8 8 4275 5955 1714
11843 2 2 8 8 5296 5399 2164
11844 2 2 8 8 4277 5939 672
11845 2 2 8 8 2573 5651 5650
11846 2 2 8 8 5669 5979 1424
11847 2 2 8 8 5511 5804 1040
11848 2 2 8 8 2009 5596 5175
11849 2 2 8 8 5344 6039 1941
11850 2 2 8 8 1518 5367 4511
11851 2 2 8 8 5889 6005 1620
11852 2 2 8 8 5012 5312 1996
11853 2 2 8 8 1885 5711 4605
11854 2 2 8 8 1595 5383 2858
11855 2 2 8 8 5175 5993 2009
11856 2 2 8 8 1815 5665 4379
11857 2 2 8 8 5021 5587 1022
11858 2 2 8 8 5069 6133 1561
11859 2 2 8 8 5393 6137 811
11860 2 2 8 8 5034 6162 2283
11861 2 2 8 8 4245 5064 2004
11862 2 2 8 8 1434 5563 4047
11863 2 2 8 8 4922 5988 2526
11864 2 2 8 8 6154 6155 2162
11865 2 2 8 8 2388 6109 5733
11866 2 2 8 8 4830 5927 2180
11867 2 2 8 8 4864 5978 1705
11868 2 2 8 8 5672 5913 1051
11869 2 2 8 8 2081 4895 4894
11870 2 2 8 8 1409 5490 4062
11871 2 2 8 8 4367 5671 1822
11872 2 2 8 8 1566 5780 5113
11873 2 2 8 8 1898 5872 5709
11874 2 2 8 8 5078 5124 3078
11875 2 2 8 8 2962 6120 4587
11876 2 2 8 8 2149 5956 5880
11877 2 2 8 8 2168 6006 5996
11878 2 2 8 8 670 4515 4351
11879 2 2 8 8 4961 5877 1068
11880 2 2 8 8 2009 5993 5526
11881 2 2 8 8 4792 5798 939
11882 2 2 8 8 5527 5840 2137
11883 2 2 8 8 2825 5970 5661
11884 2 2 8 8 995 6123 4987
11885 2 2 8 8 2005 5167 5029
11886 2 2 8 8 2331 6078 4905
11887 2 2 8 8 1094 5819 5518
11888 2 2 8 8 5664 6086 3204
11889 2 2 8 8 5283 5868 2443
11890 2 2 8 8 5020 5942 1768
11891 2 2 8 8 2814 5946 5945
11892 2 2 8 8 1857 6108 5542
11893 2 2 8 8 3181 6041 5195
11894 2 2 8 8 2132 5325 4796
11895 2 2 8 8 692 6118 3828
11896 2 2 8 8 5522 5683 2326
11897 2 2 8 8 5008 6072 948
11898 2 2 8 8 1754 5891 5174
11899 2 2 8 8 758 5928 3814
11900 2 2 8 8 2333 6165 4723
11901 2 2 8 8 5299 5480 688
11902 2 2 8 8 2173 5899 5546
11903 2 2 8 8 2640 5768 5762
11904 2 2 8 8 1878 5943 5392
11905 2 2 8 8 5789 6139 3224
11906 2 2 8 8 4782 6098 2364
11907 2 2 8 8 2034 5729 5276
11908 2 2 8 8 690 5619 4631
11909 2 2 8 8 4894 4895 87
11910 2 2 8 8 5684 6073 1844
11911 2 2 8 8 5574 6135 1889
11912 2 2 8 8 5222 5873 2439
11913 2 2 8 8 5195 6041 1444
11914 2 2 8 8 2390 5742 5741
11915 2 2 8 8 1444 6041 4693
11916 2 2 8 8 4723 6165 830
11917 2 2 8 8 1234 6053 4584
11918 2 2 8 8 5552 6088 2763
11919 2 2 8 8 1076 6111 5744
11920 2 2 8 8 5675 6079 1142
11921 2 2 8 8 4604 6113 3215
11922 2 2 8 8 5755 6159 2303
11923 2 2 8 8 2224 5979 5669
11924 2 2 8 8 5048 5931 696
11925 2 2 8 8 1877 5962 4880
11926 2 2 8 8 1992 5619 5007
11927 2 2 8 8 5169 6130 2042
11928 2 2 8 8 2614 5776 5504
11929 2 2 8 8 5700 5781 2149
11930 2 2 8 8 1872 5683 5522
11931 2 2 8 8 2169 6161 5008
11932 2 2 8 8 2468 6005 5889
11933 2 2 8 8 4957 6123 2787
11934 2 2 8 8 4803 5804 2335
11935 2 2 8 8 3631 6080 5822
11936 2 2 8 8 5709 5872 2432
11937 2 2 8 8 5179 5838 600
11938 2 2 8 8 4374 5928 2377
11939 2 2 8 8 13 6177 4447
11940 2 2 8 8 3390 4377 1737
11941 2 2 8 8 2719 5916 5660
11942 2 2 8 8 5129 5831 1171
11943 2 2 8 8 2149 5880 5111
11944 2 2 8 8 5330 6017 988
11945 2 2 8 8 1174 5568 5567
11946 2 2 8 8 6001 6016 2135
11947 2 2 8 8 1978 6148 5213
11948 2 2 8 8 2722 5858 5383
11949 2 2 8 8 1019 6142 5840
11950 2 2 8 8 2270 5913 5672
11951 2 2 8 8 4977 5779 1695
11952 2 2 8 8 5504 5776 2043
11953 2 2 8 8 5744 6111 3123
11954 2 2 8 8 5762 5768 1031
11955 2 2 8 8 2307 5840 5527
11956 2 2 8 8 4905 6078 1095
11957 2 2 8 8 5031 5895 3385
11958 2 2 8 8 3061 6078 4654
11959 2 2 8 8 1130 5957 5857
11960 2 2 8 8 5542 6108 2291
11961 2 2 8 8 5853 5888 1802
11962 2 2 8 8 5337 5381 720
11963 2 2 8 8 5787 5788 788
11964 2 2 8 8 2059 6069 5958
11965 2 2 8 8 1046 6138 5221
11966 2 2 8 8 4654 6078 2331
11967 2 2 8 8 5760 6021 1008
11968 2 2 8 8 721 6039 5344
11969 2 2 8 8 5781 5956 2149
11970 2 2 8 8 5726 5979 2224
11971 2 2 8 8 2337 6079 6045
11972 2 2 8 8 5392 5943 120
11973 2 2 8 8 5546 5899 2240
11974 2 2 8 8 5278 5859 2204
11975 2 2 8 8 2833 5979 5726
11976 2 2 8 8 2099 6086 5664
11977 2 2 8 8 3882 4117 122
11978 2 2 8 8 150 5704 5489
11979 2 2 8 8 2662 6135 5574
11980 2 2 8 8 1479 5351 4077
11981 2 2 8 8 5857 5957 2157
11982 2 2 8 8 5499 5945 2336
11983 2 2 8 8 3554 5987 4966
11984 2 2 8 8 2093 6079 5675
11985 2 2 8 8 6045 6079 2093
11986 2 2 8 8 1737 4377 3384
11987 2 2 8 8 4693 6041 2047
11988 2 2 8 8 670 5565 4515
11989 2 2 8 8 2657 6155 6154
11990 2 2 8 8 5276 5729 1847
11991 2 2 8 8 5945 5946 2336
11992 2 2 8 8 124 3823 2139
11993 2 2 8 8 2820 3824 222
11994 2 2 6 17 6217 332 6255
11995 2 2 6 17 292 6213 6214
11996 2 2 6 17 6216 268 6219
11997 2 2 6 17 331 6217 6242
11998 2 2 6 17 354 6205 6240
11999 2 2 6 17 330 331 6242
12000 2 2 6 17 6213 342 6214
12001 2 2 6 17 6224 6179 6233
12002 2 2 6 17 352 353 6236
12003 2 2 6 17 331 332 6217
12004 2 2 6 17 6178 6203 6225
12005 2 2 6 17 366 367 6235
12006 2 2 6 17 321 322 6249
12007 2 2 6 17 325 326 6227
12008 2 2 6 17 319 318 6184
12009 2 2 6 17 355 356 6228
12010 2 2 6 17 370 6218 6232
12011 2 2 6 17 6205 355 6228
12012 2 2 6 17 6233 6179 6249
12013 2 2 6 17 6204 325 6227
12014 2 2 6 17 354 355 6205
12015 2 2 6 17 327 328 6223
12016 2 2 6 17 357 358 6237
12017 2 2 6 17 291 292 6214
12018 2 2 6 17 287 6185 6284
12019 2 2 6 17 363 6216 6219
12020 2 2 6 17 287 288 6185
12021 2 2 6 17 367 6211 6235
12022 2 2 6 17 6184 318 6270
12023 2 2 6 17 251 252 6191
12024 2 2 6 17 268 269 6219
12025 2 2 6 17 6181 314 6233
12026 2 2 6 17 6179 6184 6187
12027 2 2 6 17 328 6209 6223
12028 2 2 6 17 353 6201 6236
12029 2 2 6 17 273 6193 6208
12030 2 2 6 17 370 371 6218
12031 2 2 6 17 251 6191 6282
12032 2 2 6 17 312 313 6196
12033 2 2 6 17 364 365 6231
12034 2 2 6 17 6201 354 6240
12035 2 2 6 17 6211 368 6229
12036 2 2 6 17 333 334 6188
12037 2 2 6 17 322 6181 6249
12038 2 2 6 17 6203 6180 6225
12039 2 2 6 17 6186 335 6260
12040 2 2 6 17 272 273 6208
12041 2 2 6 17 346 347 6185
12042 2 2 6 17 298 299 6285
12043 2 2 6 17 6183 299 6261
12044 2 2 6 17 281 282 6189
12045 2 2 6 17 306 6209 6215
12046 2 2 6 17 273 274 6193
12047 2 2 6 17 6184 6179 6224
12048 2 2 6 17 299 6183 6285
12049 2 2 6 17 6185 347 6192
12050 2 2 6 17 353 354 6201
12051 2 2 6 17 340 341 6234
12052 2 2 6 17 6198 327 6223
12053 2 2 6 17 367 368 6211
12054 2 2 6 17 6216 364 6231
12055 2 2 6 17 289 290 6190
12056 2 2 6 17 6209 329 6215
12057 2 2 6 17 341 342 6213
12058 2 2 6 17 6207 357 6237
12059 2 2 6 17 6188 334 6274
12060 2 2 6 17 326 6198 6227
12061 2 2 6 17 333 6188 6206
12062 2 2 6 17 6184 6224 6257
12063 2 2 6 17 312 6196 6222
12064 2 2 6 17 328 329 6209
12065 2 2 6 17 346 6185 6226
12066 2 2 6 17 283 284 6200
12067 2 2 6 17 335 6186 6274
12068 2 2 6 17 344 345 6190
12069 2 2 6 17 308 309 6198
12070 2 2 6 17 6191 6178 6197
12071 2 2 6 17 310 311 6204
12072 2 2 6 17 358 6193 6237
12073 2 2 6 17 6178 6191 6243
12074 2 2 6 17 265 266 6195
12075 2 2 6 17 6190 290 6230
12076 2 2 6 17 306 307 6209
12077 2 2 6 17 6189 352 6236
12078 2 2 6 17 356 6207 6228
12079 2 2 6 17 6215 330 6242
12080 2 2 6 17 351 6189 6238
12081 2 2 6 17 363 364 6216
12082 2 2 6 17 6195 366 6235
12083 2 2 6 17 279 280 6201
12084 2 2 6 17 356 357 6207
12085 2 2 6 17 6187 6184 6270
12086 2 2 6 17 6190 345 6226
12087 2 2 6 17 270 271 6210
12088 2 2 6 17 305 306 6215
12089 2 2 6 17 256 257 6251
12090 2 2 6 17 6239 6187 6246
12091 2 2 6 17 6204 311 6222
12092 2 2 6 17 375 6225 6248
12093 2 2 6 17 6203 6178 6243
12094 2 2 6 17 314 6181 6259
12095 2 2 6 17 332 6206 6255
12096 2 2 6 17 6193 359 6208
12097 2 2 6 17 263 264 6211
12098 2 2 6 17 351 6238 6277
12099 2 2 6 17 6186 300 6266
12100 2 2 6 17 329 330 6215
12101 2 2 6 17 294 295 6202
12102 2 2 6 17 6191 6197 6282
12103 2 2 6 17 6248 6180 6251
12104 2 2 6 17 6209 307 6223
12105 2 2 6 17 341 6213 6234
12106 2 2 6 17 6182 6248 6251
12107 2 2 6 17 365 6195 6231
12108 2 2 6 17 295 296 6221
12109 2 2 6 17 277 278 6205
12110 2 2 6 17 6244 6208 6269
12111 2 2 6 17 358 359 6193
12112 2 2 6 17 326 327 6198
12113 2 2 6 17 375 376 6225
12114 2 2 6 17 351 352 6189
12115 2 2 6 17 275 276 6207
12116 2 2 6 17 308 6198 6223
12117 2 2 6 17 372 373 6271
12118 2 2 6 17 6193 274 6237
12119 2 2 6 17 6192 348 6212
12120 2 2 6 17 261 262 6220
12121 2 2 6 17 6251 257 6264
12122 2 2 6 17 317 6187 6270
12123 2 2 6 17 347 348 6192
12124 2 2 6 17 332 333 6206
12125 2 2 6 17 6179 6187 6239
12126 2 2 6 17 292 293 6213
12127 2 2 6 17 267 268 6216
12128 2 2 6 17 365 366 6195
12129 2 2 6 17 265 6195 6235
12130 2 2 6 17 300 6186 6261
12131 2 2 6 17 319 6184 6257
12132 2 2 6 17 6197 6241 6254
12133 2 2 6 17 6202 295 6221
12134 2 2 6 17 303 304 6217
12135 2 2 6 17 344 6190 6230
12136 2 2 6 17 6182 6251 6264
12137 2 2 6 17 254 255 6203
12138 2 2 6 17 345 346 6226
12139 2 2 6 17 6185 6192 6284
12140 2 2 6 17 6197 250 6282
12141 2 2 6 17 6224 316 6257
12142 2 2 6 17 6211 264 6235
12143 2 2 6 17 6208 360 6269
12144 2 2 6 17 359 360 6208
12145 2 2 6 17 342 343 6214
12146 2 2 6 17 261 6220 6232
12147 2 2 6 17 6198 309 6227
12148 2 2 6 17 6196 313 6259
12149 2 2 6 17 259 260 6218
12150 2 2 6 17 310 6204 6227
12151 2 2 6 17 6188 6266 6276
12152 2 2 6 17 311 312 6222
12153 2 2 6 17 263 6211 6229
12154 2 2 6 17 6195 266 6231
12155 2 2 6 17 6220 262 6229
12156 2 2 6 17 313 314 6259
12157 2 2 6 17 281 6189 6236
12158 2 2 6 17 6192 286 6284
12159 2 2 6 17 348 349 6212
12160 2 2 6 17 6191 252 6256
12161 2 2 6 17 6230 290 6283
12162 2 2 6 17 362 363 6219
12163 2 2 6 17 315 316 6224
12164 2 2 6 17 334 335 6274
12165 2 2 6 17 6183 6260 6263
12166 2 2 6 17 6185 288 6281
12167 2 2 6 17 6260 336 6263
12168 2 2 6 17 6189 282 6238
12169 2 2 6 17 6218 260 6232
12170 2 2 6 17 6225 6180 6248
12171 2 2 6 17 276 277 6228
12172 2 2 6 17 307 308 6223
12173 2 2 6 17 254 6203 6243
12174 2 2 6 17 338 339 6221
12175 2 2 6 17 339 340 6202
12176 2 2 6 17 283 6200 6238
12177 2 2 6 17 377 6 6254
12178 2 2 6 17 264 265 6235
12179 2 2 6 17 260 261 6232
12180 2 2 6 17 6201 280 6236
12181 2 2 6 17 6214 343 6230
12182 2 2 6 17 275 6207 6237
12183 2 2 6 17 6202 340 6234
12184 2 2 6 17 299 300 6261
12185 2 2 6 17 6266 301 6276
12186 2 2 6 17 262 263 6229
12187 2 2 6 17 272 6208 6244
12188 2 2 6 17 279 6201 6240
12189 2 2 6 17 339 6202 6221
12190 2 2 6 17 343 344 6230
12191 2 2 6 17 305 6215 6242
12192 2 2 6 17 266 267 6231
12193 2 2 6 17 274 275 6237
12194 2 2 6 17 7 253 6256
12195 2 2 6 17 286 287 6284
12196 2 2 6 17 267 6216 6231
12197 2 2 6 17 6226 6185 6281
12198 2 2 6 17 318 317 6270
12199 2 2 6 17 286 6192 6278
12200 2 2 6 17 5 320 6246
12201 2 2 6 17 250 251 6282
12202 2 2 6 17 6197 6178 6241
12203 2 2 6 17 8 319 6257
12204 2 2 6 17 6219 6247 6268
12205 2 2 6 17 6210 271 6244
12206 2 2 6 17 6239 321 6249
12207 2 2 6 17 277 6205 6228
12208 2 2 6 17 362 6219 6268
12209 2 2 6 17 6199 372 6271
12210 2 2 6 17 304 305 6242
12211 2 2 6 17 285 6212 6253
12212 2 2 6 17 6217 304 6242
12213 2 2 6 17 309 310 6227
12214 2 2 6 17 294 6202 6234
12215 2 2 6 17 6206 302 6255
12216 2 2 6 17 6205 278 6240
12217 2 2 6 17 6219 269 6247
12218 2 2 6 17 252 7 6256
12219 2 2 6 17 280 281 6236
12220 2 2 6 17 315 6224 6233
12221 2 2 6 17 316 8 6257
12222 2 2 6 17 6207 276 6228
12223 2 2 6 17 6206 6188 6276
12224 2 2 6 17 6181 322 6245
12225 2 2 6 17 6196 323 6262
12226 2 2 6 17 269 270 6247
12227 2 2 6 17 259 6218 6267
12228 2 2 6 17 6248 6182 6273
12229 2 2 6 17 314 315 6233
12230 2 2 6 17 278 279 6240
12231 2 2 6 17 6212 285 6278
12232 2 2 6 17 270 6210 6247
12233 2 2 6 17 338 6221 6265
12234 2 2 6 17 6178 6225 6241
12235 2 2 6 17 289 6190 6281
12236 2 2 6 17 6200 284 6253
12237 2 2 6 17 271 272 6244
12238 2 2 6 17 335 336 6260
12239 2 2 6 17 6179 6239 6249
12240 2 2 6 17 284 285 6253
12241 2 2 6 17 255 256 6258
12242 2 2 6 17 282 283 6238
12243 2 2 6 17 320 6239 6246
12244 2 2 6 17 6221 6250 6265
12245 2 2 6 17 293 294 6234
12246 2 2 6 17 300 301 6266
12247 2 2 6 17 297 298 6285
12248 2 2 6 17 6213 293 6234
12249 2 2 6 17 6241 377 6254
12250 2 2 6 17 323 6196 6245
12251 2 2 6 17 302 303 6255
12252 2 2 6 17 370 6232 6272
12253 2 2 6 17 6221 296 6250
12254 2 2 6 17 6187 317 6246
12255 2 2 6 17 6194 297 6285
12256 2 2 6 17 371 372 6252
12257 2 2 6 17 258 6199 6264
12258 2 2 6 17 6229 368 6280
12259 2 2 6 17 6190 6226 6281
12260 2 2 6 17 250 6197 6254
12261 2 2 6 17 325 6204 6279
12262 2 2 6 17 253 254 6243
12263 2 2 6 17 6181 6233 6249
12264 2 2 6 17 322 323 6245
12265 2 2 6 17 302 6206 6276
12266 2 2 6 17 320 321 6239
12267 2 2 6 17 336 337 6263
12268 2 2 6 17 257 258 6264
12269 2 2 6 17 6243 6191 6256
12270 2 2 6 17 296 297 6250
12271 2 2 6 17 6225 376 6241
12272 2 2 6 17 376 377 6241
12273 2 2 6 17 372 6199 6252
12274 2 2 6 17 303 6217 6255
12275 2 2 6 17 6212 349 6275
12276 2 2 6 17 6199 258 6267
12277 2 2 6 17 290 291 6283
12278 2 2 6 17 6192 6212 6278
12279 2 2 6 17 297 6194 6250
12280 2 2 6 17 6218 371 6252
12281 2 2 6 17 324 325 6279
12282 2 2 6 17 6180 6203 6258
12283 2 2 6 17 374 375 6248
12284 2 2 6 17 317 5 6246
12285 2 2 6 17 6218 6252 6267
12286 2 2 6 17 323 324 6262
12287 2 2 6 17 6 250 6254
12288 2 2 6 17 6222 6196 6262
12289 2 2 6 17 291 6214 6283
12290 2 2 6 17 301 302 6276
12291 2 2 6 17 350 6200 6275
12292 2 2 6 17 368 369 6280
12293 2 2 6 17 373 374 6273
12294 2 2 6 17 6220 369 6272
12295 2 2 6 17 337 338 6265
12296 2 2 6 17 374 6248 6273
12297 2 2 6 17 256 6251 6258
12298 2 2 6 17 361 362 6268
12299 2 2 6 17 337 6194 6263
12300 2 2 6 17 258 259 6267
12301 2 2 6 17 6200 350 6277
12302 2 2 6 17 369 6220 6280
12303 2 2 6 17 253 6243 6256
12304 2 2 6 17 6253 6212 6275
12305 2 2 6 17 369 370 6272
12306 2 2 6 17 349 350 6275
12307 2 2 6 17 360 361 6269
12308 2 2 6 17 361 6210 6269
12309 2 2 6 17 6203 255 6258
12310 2 2 6 17 6210 361 6268
12311 2 2 6 17 6232 6220 6272
12312 2 2 6 17 285 286 6278
12313 2 2 6 17 350 351 6277
12314 2 2 6 17 6204 6222 6279
12315 2 2 6 17 6214 6230 6283
12316 2 2 6 17 6194 337 6265
12317 2 2 6 17 6220 6229 6280
12318 2 2 6 17 288 289 6281
12319 2 2 6 17 6251 6180 6258
12320 2 2 6 17 6186 6260 6261
12321 2 2 6 17 6260 6183 6261
12322 2 2 6 17 6186 6266 6274
12323 2 2 6 17 6252 6199 6267
12324 2 2 6 17 6210 6244 6269
12325 2 2 6 17 6238 6200 6277
12326 2 2 6 17 6266 6188 6274
12327 2 2 6 17 6245 6196 6259
12328 2 2 6 17 6247 6210 6268
12329 2 2 6 17 6183 6263 6285
12330 2 2 6 17 6182 6264 6271
12331 2 2 6 17 6181 6245 6259
12332 2 2 6 17 6222 6262 6279
12333 2 2 6 17 6200 6253 6275
12334 2 2 6 17 6250 6194 6265
12335 2 2 6 17 6264 6199 6271
12336 2 2 6 17 6263 6194 6285
12337 2 2 6 17 6262 324 6279
12338 2 2 6 17 6271 373 6273
12339 2 2 6 17 6182 6271 6273
12340 2 2 7 19 6543 287 6641
12341 2 2 7 19 273 272 6396
12342 2 2 7 19 6366 6464 6705
12343 2 2 7 19 6441 6296 6639
12344 2 2 7 19 139 140 6468
12345 2 2 7 19 6442 264 6459
12346 2 2 7 19 6497 114 6666
12347 2 2 7 19 218 219 6421
12348 2 2 7 19 382 6434 6520
12349 2 2 7 19 380 381 6520
12350 2 2 7 19 6563 6336 6571
12351 2 2 7 19 6363 6297 6544
12352 2 2 7 19 6382 6292 6466
12353 2 2 7 19 6333 6349 6496
12354 2 2 7 19 6491 6421 6652
12355 2 2 7 19 6310 6375 6688
12356 2 2 7 19 120 121 6533
12357 2 2 7 19 113 114 6497
12358 2 2 7 19 311 310 6444
12359 2 2 7 19 6293 6398 6517
12360 2 2 7 19 6395 6543 6641
12361 2 2 7 19 170 171 6420
12362 2 2 7 19 164 165 6423
12363 2 2 7 19 308 307 6399
12364 2 2 7 19 6337 6393 6526
12365 2 2 7 19 6412 6310 6533
12366 2 2 7 19 168 169 6414
12367 2 2 7 19 6292 6365 6471
12368 2 2 7 19 143 144 6416
12369 2 2 7 19 6313 6428 6491
12370 2 2 7 19 121 6412 6533
12371 2 2 7 19 6396 272 6566
12372 2 2 7 19 6383 380 6520
12373 2 2 7 19 6365 303 6605
12374 2 2 7 19 6342 6321 6473
12375 2 2 7 19 303 6365 6463
12376 2 2 7 19 6292 6382 6463
12377 2 2 7 19 166 167 6408
12378 2 2 7 19 6370 6441 6639
12379 2 2 7 19 6299 6444 6539
12380 2 2 7 19 289 288 6410
12381 2 2 7 19 6349 6333 6639
12382 2 2 7 19 202 203 6435
12383 2 2 7 19 6447 378 6507
12384 2 2 7 19 6365 6292 6463
12385 2 2 7 19 6395 6325 6543
12386 2 2 7 19 261 6381 6480
12387 2 2 7 19 381 382 6520
12388 2 2 7 19 6296 6349 6639
12389 2 2 7 19 6318 6431 6521
12390 2 2 7 19 178 179 6413
12391 2 2 7 19 6399 307 6510
12392 2 2 7 19 305 304 6382
12393 2 2 7 19 6336 6383 6571
12394 2 2 7 19 6452 6318 6521
12395 2 2 7 19 315 6456 6583
12396 2 2 7 19 6444 310 6668
12397 2 2 7 19 6385 6460 6676
12398 2 2 7 19 6312 6401 6460
12399 2 2 7 19 6394 6470 6482
12400 2 2 7 19 189 190 6431
12401 2 2 7 19 6396 6307 6438
12402 2 2 7 19 176 177 6457
12403 2 2 7 19 6420 6494 6715
12404 2 2 7 19 6446 6359 6628
12405 2 2 7 19 315 314 6456
12406 2 2 7 19 211 212 6724
12407 2 2 7 19 6426 6335 6581
12408 2 2 7 19 6325 6410 6543
12409 2 2 7 19 6533 6310 6688
12410 2 2 7 19 220 221 6437
12411 2 2 7 19 6335 6426 6439
12412 2 2 7 19 6474 6336 6563
12413 2 2 7 19 6295 6573 6590
12414 2 2 7 19 6461 6315 6617
12415 2 2 7 19 162 163 6425
12416 2 2 7 19 281 280 6397
12417 2 2 7 19 130 131 6445
12418 2 2 7 19 6432 6387 6558
12419 2 2 7 19 6498 6414 6728
12420 2 2 7 19 6410 288 6543
12421 2 2 7 19 6319 6408 6498
12422 2 2 7 19 265 264 6442
12423 2 2 7 19 6426 211 6724
12424 2 2 7 19 6375 6310 6512
12425 2 2 7 19 6297 6389 6499
12426 2 2 7 19 301 300 6481
12427 2 2 7 19 6452 6343 6629
12428 2 2 7 19 6389 6297 6573
12429 2 2 7 19 6482 6324 6598
12430 2 2 7 19 6353 6426 6581
12431 2 2 7 19 6303 6395 6488
12432 2 2 7 19 300 6398 6481
12433 2 2 7 19 216 217 6428
12434 2 2 7 19 194 195 6419
12435 2 2 7 19 273 6396 6438
12436 2 2 7 19 6348 6332 6450
12437 2 2 7 19 6429 6317 6531
12438 2 2 7 19 6523 283 6649
12439 2 2 7 19 209 210 6429
12440 2 2 7 19 6425 6469 6675
12441 2 2 7 19 170 6420 6492
12442 2 2 7 19 378 379 6507
12443 2 2 7 19 6393 6335 6439
12444 2 2 7 19 6401 6312 6574
12445 2 2 7 19 6290 6399 6510
12446 2 2 7 19 6345 6390 6556
12447 2 2 7 19 191 192 6452
12448 2 2 7 19 6476 6295 6678
12449 2 2 7 19 6368 6444 6668
12450 2 2 7 19 6464 6328 6548
12451 2 2 7 19 207 208 6424
12452 2 2 7 19 6382 304 6463
12453 2 2 7 19 6345 6430 6595
12454 2 2 7 19 6460 275 6676
12455 2 2 7 19 6300 6371 6593
12456 2 2 7 19 6314 6403 6449
12457 2 2 7 19 6401 6308 6485
12458 2 2 7 19 6440 6320 6511
12459 2 2 7 19 313 6446 6628
12460 2 2 7 19 6447 6336 6623
12461 2 2 7 19 6325 6432 6558
12462 2 2 7 19 6307 6396 6610
12463 2 2 7 19 6297 6499 6548
12464 2 2 7 19 6441 6370 6650
12465 2 2 7 19 143 6416 6640
12466 2 2 7 19 6414 169 6492
12467 2 2 7 19 164 6423 6469
12468 2 2 7 19 6392 6502 6727
12469 2 2 7 19 126 127 6422
12470 2 2 7 19 6441 6380 6585
12471 2 2 7 19 6288 6399 6562
12472 2 2 7 19 306 6388 6510
12473 2 2 7 19 6617 6315 6714
12474 2 2 7 19 298 297 6409
12475 2 2 7 19 6363 6408 6588
12476 2 2 7 19 6306 6437 6475
12477 2 2 7 19 6417 6303 6488
12478 2 2 7 19 166 6408 6549
12479 2 2 7 19 6427 6330 6589
12480 2 2 7 19 6421 219 6489
12481 2 2 7 19 172 173 6473
12482 2 2 7 19 6324 6455 6598
12483 2 2 7 19 6499 291 6722
12484 2 2 7 19 158 6432 6537
12485 2 2 7 19 6371 6300 6495
12486 2 2 7 19 6573 6295 6721
12487 2 2 7 19 6308 6400 6485
12488 2 2 7 19 6388 6290 6510
12489 2 2 7 19 6311 6442 6459
12490 2 2 7 19 6320 6440 6591
12491 2 2 7 19 187 188 6440
12492 2 2 7 19 387 388 6427
12493 2 2 7 19 6361 6499 6722
12494 2 2 7 19 6515 6333 6516
12495 2 2 7 19 6376 6474 6563
12496 2 2 7 19 6318 6452 6629
12497 2 2 7 19 6336 6474 6623
12498 2 2 7 19 6297 6363 6588
12499 2 2 7 19 288 287 6543
12500 2 2 7 19 6444 6368 6539
12501 2 2 7 19 385 386 6406
12502 2 2 7 19 6423 165 6549
12503 2 2 7 19 6506 6411 6661
12504 2 2 7 19 6517 6398 6551
12505 2 2 7 19 6429 6353 6596
12506 2 2 7 19 6504 6411 6683
12507 2 2 7 19 6473 6321 6494
12508 2 2 7 19 6399 6290 6562
12509 2 2 7 19 6308 6401 6574
12510 2 2 7 19 6301 6415 6591
12511 2 2 7 19 6400 6323 6505
12512 2 2 7 19 6556 6390 6666
12513 2 2 7 19 255 254 6474
12514 2 2 7 19 6325 6395 6545
12515 2 2 7 19 305 6382 6655
12516 2 2 7 19 6330 6427 6580
12517 2 2 7 19 262 261 6480
12518 2 2 7 19 6315 6417 6523
12519 2 2 7 19 276 275 6460
12520 2 2 7 19 6408 6319 6588
12521 2 2 7 19 6399 6288 6490
12522 2 2 7 19 6502 6392 6649
12523 2 2 7 19 284 283 6523
12524 2 2 7 19 6441 269 6698
12525 2 2 7 19 6374 6446 6669
12526 2 2 7 19 6383 6336 6507
12527 2 2 7 19 150 6504 6683
12528 2 2 7 19 6502 6316 6727
12529 2 2 7 19 281 6397 6502
12530 2 2 7 19 6316 6411 6504
12531 2 2 7 19 6317 6429 6596
12532 2 2 7 19 6328 6425 6675
12533 2 2 7 19 6464 6304 6705
12534 2 2 7 19 6313 6491 6652
12535 2 2 7 19 6331 6347 6462
12536 2 2 7 19 6425 163 6469
12537 2 2 7 19 6456 6359 6527
12538 2 2 7 19 6431 190 6521
12539 2 2 7 19 6354 6306 6475
12540 2 2 7 19 6418 6310 6572
12541 2 2 7 19 6400 6308 6620
12542 2 2 7 19 6294 6372 6546
12543 2 2 7 19 1 383 6606
12544 2 2 7 19 6403 6339 6699
12545 2 2 7 19 6432 158 6702
12546 2 2 7 19 6369 6442 6530
12547 2 2 7 19 380 6383 6660
12548 2 2 7 19 271 6472 6566
12549 2 2 7 19 6349 6296 6733
12550 2 2 7 19 6357 6431 6625
12551 2 2 7 19 274 273 6438
12552 2 2 7 19 6411 6316 6661
12553 2 2 7 19 218 6421 6491
12554 2 2 7 19 223 1 6606
12555 2 2 7 19 6290 6388 6542
12556 2 2 7 19 308 6399 6490
12557 2 2 7 19 6430 6289 6595
12558 2 2 7 19 194 6419 6508
12559 2 2 7 19 6499 6361 6548
12560 2 2 7 19 292 291 6499
12561 2 2 7 19 6415 6301 6578
12562 2 2 7 19 220 6437 6489
12563 2 2 7 19 6323 6506 6661
12564 2 2 7 19 6352 6433 6551
12565 2 2 7 19 6422 127 6528
12566 2 2 7 19 6410 6325 6558
12567 2 2 7 19 6408 167 6498
12568 2 2 7 19 6415 6293 6693
12569 2 2 7 19 6390 6497 6666
12570 2 2 7 19 6398 6293 6481
12571 2 2 7 19 205 206 6462
12572 2 2 7 19 197 198 6443
12573 2 2 7 19 6319 6498 6728
12574 2 2 7 19 6403 6314 6564
12575 2 2 7 19 134 135 6496
12576 2 2 7 19 6440 6357 6591
12577 2 2 7 19 6301 6471 6578
12578 2 2 7 19 313 312 6446
12579 2 2 7 19 6373 6409 6704
12580 2 2 7 19 6527 6359 6616
12581 2 2 7 19 6506 6620 6717
12582 2 2 7 19 213 6439 6724
12583 2 2 7 19 6591 6415 6693
12584 2 2 7 19 189 6431 6561
12585 2 2 7 19 6442 6311 6530
12586 2 2 7 19 6395 6303 6545
12587 2 2 7 19 298 6409 6597
12588 2 2 7 19 296 295 6467
12589 2 2 7 19 6431 6318 6625
12590 2 2 7 19 6344 6427 6589
12591 2 2 7 19 311 6444 6669
12592 2 2 7 19 6339 6403 6564
12593 2 2 7 19 6397 6316 6502
12594 2 2 7 19 269 268 6698
12595 2 2 7 19 182 183 6455
12596 2 2 7 19 6420 171 6494
12597 2 2 7 19 6302 6468 6610
12598 2 2 7 19 272 271 6566
12599 2 2 7 19 6296 6441 6585
12600 2 2 7 19 6413 6340 6570
12601 2 2 7 19 6412 121 6557
12602 2 2 7 19 6372 6476 6678
12603 2 2 7 19 174 175 6465
12604 2 2 7 19 6433 6305 6551
12605 2 2 7 19 6291 6615 6644
12606 2 2 7 19 6446 312 6669
12607 2 2 7 19 6437 221 6475
12608 2 2 7 19 6320 6394 6511
12609 2 2 7 19 6409 297 6704
12610 2 2 7 19 6412 6339 6572
12611 2 2 7 19 6436 6294 6634
12612 2 2 7 19 6303 6417 6576
12613 2 2 7 19 6364 6303 6576
12614 2 2 7 19 6393 6337 6587
12615 2 2 7 19 6334 6383 6520
12616 2 2 7 19 6327 6413 6570
12617 2 2 7 19 6405 6617 6714
12618 2 2 7 19 160 161 6454
12619 2 2 7 19 6416 6367 6640
12620 2 2 7 19 6372 6294 6467
12621 2 2 7 19 278 277 6485
12622 2 2 7 19 6336 6447 6507
12623 2 2 7 19 6428 6313 6674
12624 2 2 7 19 258 257 6493
12625 2 2 7 19 6397 280 6505
12626 2 2 7 19 199 200 6450
12627 2 2 7 19 155 156 6479
12628 2 2 7 19 6457 6327 6634
12629 2 2 7 19 6392 6523 6649
12630 2 2 7 19 6470 6324 6482
12631 2 2 7 19 126 6422 6524
12632 2 2 7 19 6304 6387 6705
12633 2 2 7 19 150 151 6504
12634 2 2 7 19 6323 6400 6620
12635 2 2 7 19 6388 306 6655
12636 2 2 7 19 6377 6515 6516
12637 2 2 7 19 193 194 6508
12638 2 2 7 19 6339 6412 6557
12639 2 2 7 19 6506 6323 6620
12640 2 2 7 19 6597 6409 6615
12641 2 2 7 19 6396 6302 6610
12642 2 2 7 19 6300 6430 6495
12643 2 2 7 19 6339 6557 6699
12644 2 2 7 19 180 181 6478
12645 2 2 7 19 6505 6323 6661
12646 2 2 7 19 6493 6375 6681
12647 2 2 7 19 211 6426 6555
12648 2 2 7 19 6439 6426 6724
12649 2 2 7 19 6310 6418 6512
12650 2 2 7 19 6347 6331 6706
12651 2 2 7 19 258 6493 6681
12652 2 2 7 19 191 6452 6521
12653 2 2 7 19 6307 6358 6709
12654 2 2 7 19 253 6447 6623
12655 2 2 7 19 6428 217 6491
12656 2 2 7 19 6532 6407 6664
12657 2 2 7 19 6335 6393 6697
12658 2 2 7 19 6334 6434 6497
12659 2 2 7 19 6320 6591 6693
12660 2 2 7 19 6440 188 6561
12661 2 2 7 19 6439 213 6582
12662 2 2 7 19 278 6485 6735
12663 2 2 7 19 307 306 6510
12664 2 2 7 19 6424 6531 6725
12665 2 2 7 19 6293 6470 6693
12666 2 2 7 19 6387 6432 6702
12667 2 2 7 19 6352 6551 6619
12668 2 2 7 19 6316 6397 6661
12669 2 2 7 19 178 6413 6503
12670 2 2 7 19 6394 6320 6470
12671 2 2 7 19 256 255 6662
12672 2 2 7 19 6504 6405 6727
12673 2 2 7 19 169 170 6492
12674 2 2 7 19 6310 6412 6572
12675 2 2 7 19 6394 6482 6671
12676 2 2 7 19 6523 6417 6654
12677 2 2 7 19 6327 6457 6503
12678 2 2 7 19 6314 6449 6586
12679 2 2 7 19 6363 6423 6549
12680 2 2 7 19 212 213 6724
12681 2 2 7 19 157 158 6537
12682 2 2 7 19 6316 6504 6727
12683 2 2 7 19 6459 264 6713
12684 2 2 7 19 6340 6433 6570
12685 2 2 7 19 6359 6404 6616
12686 2 2 7 19 6407 6338 6603
12687 2 2 7 19 6615 6409 6644
12688 2 2 7 19 6579 6378 6586
12689 2 2 7 19 6330 6456 6527
12690 2 2 7 19 6362 6415 6578
12691 2 2 7 19 6471 6365 6578
12692 2 2 7 19 316 315 6583
12693 2 2 7 19 6413 179 6553
12694 2 2 7 19 6303 6364 6708
12695 2 2 7 19 6350 6579 6586
12696 2 2 7 19 168 6414 6498
12697 2 2 7 19 6368 6490 6726
12698 2 2 7 19 131 132 6448
12699 2 2 7 19 6329 6466 6534
12700 2 2 7 19 6408 6363 6549
12701 2 2 7 19 6338 6407 6532
12702 2 2 7 19 6430 6345 6495
12703 2 2 7 19 6381 261 6656
12704 2 2 7 19 6332 6348 6611
12705 2 2 7 19 209 6429 6531
12706 2 2 7 19 6445 131 6448
12707 2 2 7 19 6409 6373 6644
12708 2 2 7 19 282 281 6502
12709 2 2 7 19 6487 316 6583
12710 2 2 7 19 6302 6472 6515
12711 2 2 7 19 6456 6330 6583
12712 2 2 7 19 6387 6304 6558
12713 2 2 7 19 176 6457 6575
12714 2 2 7 19 6397 6505 6661
12715 2 2 7 19 202 6435 6535
12716 2 2 7 19 6309 6386 6613
12717 2 2 7 19 6333 6496 6525
12718 2 2 7 19 6306 6354 6477
12719 2 2 7 19 6531 6317 6725
12720 2 2 7 19 6540 6288 6562
12721 2 2 7 19 6630 6360 6679
12722 2 2 7 19 387 6427 6550
12723 2 2 7 19 6308 6384 6518
12724 2 2 7 19 6468 140 6694
12725 2 2 7 19 162 6425 6567
12726 2 2 7 19 152 6617 6716
12727 2 2 7 19 221 222 6475
12728 2 2 7 19 6617 6405 6716
12729 2 2 7 19 6308 6391 6620
12730 2 2 7 19 6573 6319 6590
12731 2 2 7 19 6478 6340 6553
12732 2 2 7 19 172 6473 6494
12733 2 2 7 19 6519 6337 6526
12734 2 2 7 19 6391 6308 6518
12735 2 2 7 19 6361 6464 6548
12736 2 2 7 19 6467 295 6663
12737 2 2 7 19 6304 6410 6558
12738 2 2 7 19 6544 6297 6548
12739 2 2 7 19 303 302 6605
12740 2 2 7 19 6429 210 6555
12741 2 2 7 19 6530 6355 6569
12742 2 2 7 19 6328 6464 6638
12743 2 2 7 19 6293 6415 6672
12744 2 2 7 19 6449 6350 6586
12745 2 2 7 19 6444 6374 6669
12746 2 2 7 19 6419 195 6501
12747 2 2 7 19 6433 6352 6615
12748 2 2 7 19 6420 6346 6492
12749 2 2 7 19 6434 6334 6520
12750 2 2 7 19 6371 6451 6593
12751 2 2 7 19 304 303 6463
12752 2 2 7 19 6380 6441 6698
12753 2 2 7 19 116 117 6453
12754 2 2 7 19 195 196 6501
12755 2 2 7 19 6341 6457 6634
12756 2 2 7 19 136 137 6516
12757 2 2 7 19 6377 6302 6515
12758 2 2 7 19 6304 6464 6486
12759 2 2 7 19 6423 6363 6544
12760 2 2 7 19 219 220 6489
12761 2 2 7 19 165 166 6549
12762 2 2 7 19 6302 6396 6566
12763 2 2 7 19 6494 6321 6715
12764 2 2 7 19 6385 6438 6667
12765 2 2 7 19 6384 6308 6574
12766 2 2 7 19 6470 6293 6711
12767 2 2 7 19 118 119 6451
12768 2 2 7 19 6435 203 6536
12769 2 2 7 19 309 308 6490
12770 2 2 7 19 216 6428 6519
12771 2 2 7 19 6457 177 6503
12772 2 2 7 19 6404 6287 6568
12773 2 2 7 19 6444 6299 6707
12774 2 2 7 19 6466 6329 6630
12775 2 2 7 19 6634 6294 6723
12776 2 2 7 19 6452 192 6509
12777 2 2 7 19 6490 6368 6668
12778 2 2 7 19 6386 6309 6659
12779 2 2 7 19 6485 6400 6735
12780 2 2 7 19 163 164 6469
12781 2 2 7 19 6438 6307 6667
12782 2 2 7 19 190 191 6521
12783 2 2 7 19 6346 6414 6492
12784 2 2 7 19 6356 6533 6688
12785 2 2 7 19 6375 6565 6688
12786 2 2 7 19 6453 6345 6556
12787 2 2 7 19 6417 6315 6576
12788 2 2 7 19 6468 6358 6610
12789 2 2 7 19 6438 6385 6676
12790 2 2 7 19 124 6600 6647
12791 2 2 7 19 6349 6326 6541
12792 2 2 7 19 6394 6671 6689
12793 2 2 7 19 188 189 6561
12794 2 2 7 19 6286 6532 6664
12795 2 2 7 19 6473 173 6538
12796 2 2 7 19 130 6445 6703
12797 2 2 7 19 6508 6343 6509
12798 2 2 7 19 128 129 6484
12799 2 2 7 19 6413 6327 6503
12800 2 2 7 19 121 122 6557
12801 2 2 7 19 6458 267 6614
12802 2 2 7 19 187 6440 6511
12803 2 2 7 19 6358 6307 6610
12804 2 2 7 19 6334 6497 6731
12805 2 2 7 19 6404 6359 6602
12806 2 2 7 19 280 279 6505
12807 2 2 7 19 6379 6545 6708
12808 2 2 7 19 207 6424 6559
12809 2 2 7 19 6410 6304 6607
12810 2 2 7 19 6359 6446 6602
12811 2 2 7 19 6454 161 6567
12812 2 2 7 19 6406 6306 6477
12813 2 2 7 19 6460 6401 6710
12814 2 2 7 19 6459 6378 6579
12815 2 2 7 19 6433 6340 6560
12816 2 2 7 19 6311 6422 6577
12817 2 2 7 19 385 6406 6477
12818 2 2 7 19 180 6478 6553
12819 2 2 7 19 6369 6530 6569
12820 2 2 7 19 6352 6597 6615
12821 2 2 7 19 6340 6478 6560
12822 2 2 7 19 6551 6398 6619
12823 2 2 7 19 6600 6449 6647
12824 2 2 7 19 6472 6370 6515
12825 2 2 7 19 171 172 6494
12826 2 2 7 19 6430 6300 6651
12827 2 2 7 19 294 6476 6663
12828 2 2 7 19 148 149 6717
12829 2 2 7 19 6437 6306 6603
12830 2 2 7 19 6393 6439 6582
12831 2 2 7 19 276 6460 6710
12832 2 2 7 19 6442 6369 6645
12833 2 2 7 19 6390 6345 6595
12834 2 2 7 19 217 218 6491
12835 2 2 7 19 6318 6471 6625
12836 2 2 7 19 6345 6453 6495
12837 2 2 7 19 388 389 6580
12838 2 2 7 19 6484 6355 6528
12839 2 2 7 19 6360 6443 6679
12840 2 2 7 19 267 266 6614
12841 2 2 7 19 6321 6342 6546
12842 2 2 7 19 6405 6504 6716
12843 2 2 7 19 6393 6587 6697
12844 2 2 7 19 6461 6364 6576
12845 2 2 7 19 6471 6318 6629
12846 2 2 7 19 6422 6311 6633
12847 2 2 7 19 6383 6334 6571
12848 2 2 7 19 127 128 6528
12849 2 2 7 19 6437 6338 6489
12850 2 2 7 19 6513 6326 6585
12851 2 2 7 19 6433 6291 6570
12852 2 2 7 19 186 187 6511
12853 2 2 7 19 306 305 6655
12854 2 2 7 19 6474 254 6623
12855 2 2 7 19 6338 6421 6489
12856 2 2 7 19 123 6647 6699
12857 2 2 7 19 6434 382 6622
12858 2 2 7 19 6432 6325 6635
12859 2 2 7 19 6344 6407 6734
12860 2 2 7 19 6380 6604 6658
12861 2 2 7 19 6568 6287 6587
12862 2 2 7 19 6398 300 6619
12863 2 2 7 19 301 6481 6677
12864 2 2 7 19 6464 6366 6638
12865 2 2 7 19 6289 6430 6601
12866 2 2 7 19 6425 6328 6638
12867 2 2 7 19 6522 6317 6539
12868 2 2 7 19 128 6484 6528
12869 2 2 7 19 6406 386 6550
12870 2 2 7 19 6478 181 6687
12871 2 2 7 19 6545 6303 6708
12872 2 2 7 19 6466 6298 6653
12873 2 2 7 19 6424 208 6531
12874 2 2 7 19 6389 6573 6721
12875 2 2 7 19 6467 6373 6704
12876 2 2 7 19 289 6410 6607
12877 2 2 7 19 300 299 6619
12878 2 2 7 19 6478 6402 6560
12879 2 2 7 19 6291 6433 6615
12880 2 2 7 19 167 168 6498
12881 2 2 7 19 384 385 6477
12882 2 2 7 19 6332 6443 6552
12883 2 2 7 19 158 159 6702
12884 2 2 7 19 255 6474 6662
12885 2 2 7 19 6360 6501 6514
12886 2 2 7 19 6487 6330 6580
12887 2 2 7 19 179 180 6553
12888 2 2 7 19 149 6506 6717
12889 2 2 7 19 6367 6416 6657
12890 2 2 7 19 160 6454 6643
12891 2 2 7 19 6292 6471 6629
12892 2 2 7 19 6333 6515 6639
12893 2 2 7 19 193 6508 6509
12894 2 2 7 19 295 294 6663
12895 2 2 7 19 6472 6302 6566
12896 2 2 7 19 6481 6362 6677
12897 2 2 7 19 297 296 6704
12898 2 2 7 19 282 6502 6649
12899 2 2 7 19 6344 6406 6550
12900 2 2 7 19 6472 271 6680
12901 2 2 7 19 257 256 6692
12902 2 2 7 19 6493 6351 6651
12903 2 2 7 19 201 202 6535
12904 2 2 7 19 6353 6581 6596
12905 2 2 7 19 6455 183 6598
12906 2 2 7 19 6337 6568 6587
12907 2 2 7 19 6427 388 6580
12908 2 2 7 19 6422 6528 6577
12909 2 2 7 19 6447 253 6636
12910 2 2 7 19 215 216 6519
12911 2 2 7 19 6647 6403 6699
12912 2 2 7 19 6400 6505 6735
12913 2 2 7 19 6427 6344 6550
12914 2 2 7 19 6460 6385 6696
12915 2 2 7 19 6527 6286 6589
12916 2 2 7 19 6624 6360 6630
12917 2 2 7 19 214 215 6526
12918 2 2 7 19 277 276 6710
12919 2 2 7 19 210 211 6555
12920 2 2 7 19 6335 6483 6581
12921 2 2 7 19 125 126 6524
12922 2 2 7 19 6326 6448 6541
12923 2 2 7 19 119 120 6592
12924 2 2 7 19 6443 6332 6679
12925 2 2 7 19 6497 6390 6731
12926 2 2 7 19 174 6465 6538
12927 2 2 7 19 6465 175 6575
12928 2 2 7 19 208 209 6531
12929 2 2 7 19 175 176 6575
12930 2 2 7 19 286 6488 6641
12931 2 2 7 19 6350 6449 6600
12932 2 2 7 19 6535 6348 6547
12933 2 2 7 19 6484 129 6703
12934 2 2 7 19 197 6443 6514
12935 2 2 7 19 254 253 6623
12936 2 2 7 19 141 142 6529
12937 2 2 7 19 115 116 6556
12938 2 2 7 19 6454 6387 6643
12939 2 2 7 19 6620 6391 6717
12940 2 2 7 19 6382 6466 6653
12941 2 2 7 19 6341 6634 6723
12942 2 2 7 19 173 174 6538
12943 2 2 7 19 6488 286 6712
12944 2 2 7 19 116 6453 6556
12945 2 2 7 19 6311 6459 6579
12946 2 2 7 19 6594 256 6662
12947 2 2 7 19 6401 6485 6710
12948 2 2 7 19 6402 6305 6560
12949 2 2 7 19 6453 6371 6495
12950 2 2 7 19 6374 6444 6707
12951 2 2 7 19 386 387 6550
12952 2 2 7 19 118 6451 6608
12953 2 2 7 19 6326 6349 6733
12954 2 2 7 19 6453 117 6608
12955 2 2 7 19 135 136 6525
12956 2 2 7 19 6431 6357 6561
12957 2 2 7 19 6471 6301 6625
12958 2 2 7 19 6501 6360 6624
12959 2 2 7 19 182 6455 6687
12960 2 2 7 19 6415 6362 6672
12961 2 2 7 19 6426 6353 6555
12962 2 2 7 19 124 125 6600
12963 2 2 7 19 213 214 6582
12964 2 2 7 19 161 162 6567
12965 2 2 7 19 6589 6286 6664
12966 2 2 7 19 6485 277 6710
12967 2 2 7 19 6451 6356 6593
12968 2 2 7 19 6446 6374 6701
12969 2 2 7 19 6499 6389 6691
12970 2 2 7 19 6367 6500 6709
12971 2 2 7 19 192 193 6509
12972 2 2 7 19 6406 6344 6734
12973 2 2 7 19 264 263 6713
12974 2 2 7 19 203 204 6536
12975 2 2 7 19 6407 6344 6664
12976 2 2 7 19 6591 6357 6625
12977 2 2 7 19 6488 6395 6641
12978 2 2 7 19 314 313 6628
12979 2 2 7 19 6604 6458 6658
12980 2 2 7 19 6380 6513 6585
12981 2 2 7 19 6340 6413 6553
12982 2 2 7 19 274 6438 6676
12983 2 2 7 19 265 6442 6645
12984 2 2 7 19 6295 6476 6721
12985 2 2 7 19 6528 6355 6577
12986 2 2 7 19 378 6447 6636
12987 2 2 7 19 6331 6462 6559
12988 2 2 7 19 6357 6440 6561
12989 2 2 7 19 6523 6392 6714
12990 2 2 7 19 196 197 6514
12991 2 2 7 19 6594 6376 6601
12992 2 2 7 19 296 6467 6704
12993 2 2 7 19 7 378 6636
12994 2 2 7 19 6430 6351 6601
12995 2 2 7 19 6464 6361 6486
12996 2 2 7 19 6450 6332 6552
12997 2 2 7 19 6402 6478 6687
12998 2 2 7 19 6339 6564 6612
12999 2 2 7 19 389 8 6718
13000 2 2 7 19 214 6526 6582
13001 2 2 7 19 6450 200 6547
13002 2 2 7 19 290 289 6607
13003 2 2 7 19 152 153 6617
13004 2 2 7 19 177 178 6503
13005 2 2 7 19 6505 279 6735
13006 2 2 7 19 6451 6371 6608
13007 2 2 7 19 6387 6454 6705
13008 2 2 7 19 6479 156 6646
13009 2 2 7 19 6483 6697 6701
13010 2 2 7 19 6371 6453 6608
13011 2 2 7 19 6424 6331 6559
13012 2 2 7 19 6305 6433 6560
13013 2 2 7 19 146 147 6518
13014 2 2 7 19 6500 6307 6709
13015 2 2 7 19 6324 6517 6584
13016 2 2 7 19 6366 6454 6567
13017 2 2 7 19 6302 6377 6468
13018 2 2 7 19 6287 6404 6602
13019 2 2 7 19 6315 6523 6714
13020 2 2 7 19 6476 294 6637
13021 2 2 7 19 6595 6289 6731
13022 2 2 7 19 204 205 6554
13023 2 2 7 19 6516 6333 6525
13024 2 2 7 19 6353 6429 6555
13025 2 2 7 19 6355 6530 6577
13026 2 2 7 19 200 201 6547
13027 2 2 7 19 389 6487 6580
13028 2 2 7 19 6370 6472 6680
13029 2 2 7 19 6312 6460 6696
13030 2 2 7 19 6386 6484 6703
13031 2 2 7 19 6480 6381 6720
13032 2 2 7 19 6513 6309 6613
13033 2 2 7 19 286 285 6712
13034 2 2 7 19 6305 6402 6584
13035 2 2 7 19 6515 6370 6639
13036 2 2 7 19 6445 6386 6703
13037 2 2 7 19 256 6594 6692
13038 2 2 7 19 6425 6366 6567
13039 2 2 7 19 206 207 6559
13040 2 2 7 19 6481 6293 6672
13041 2 2 7 19 215 6519 6526
13042 2 2 7 19 6364 6461 6682
13043 2 2 7 19 139 6468 6700
13044 2 2 7 19 6418 6572 6612
13045 2 2 7 19 6496 135 6525
13046 2 2 7 19 6483 6335 6697
13047 2 2 7 19 6379 6537 6635
13048 2 2 7 19 6490 6288 6726
13049 2 2 7 19 6455 6324 6584
13050 2 2 7 19 151 152 6716
13051 2 2 7 19 6419 6501 6624
13052 2 2 7 19 2 112 6622
13053 2 2 7 19 186 6511 6689
13054 2 2 7 19 6343 6508 6618
13055 2 2 7 19 6501 196 6514
13056 2 2 7 19 6329 6419 6624
13057 2 2 7 19 6329 6534 6618
13058 2 2 7 19 6286 6616 6684
13059 2 2 7 19 271 270 6680
13060 2 2 7 19 6632 6493 6651
13061 2 2 7 19 6540 6347 6706
13062 2 2 7 19 299 298 6597
13063 2 2 7 19 6416 6312 6657
13064 2 2 7 19 6376 6563 6601
13065 2 2 7 19 6372 6467 6663
13066 2 2 7 19 198 199 6552
13067 2 2 7 19 149 150 6683
13068 2 2 7 19 6305 6517 6551
13069 2 2 7 19 6585 6326 6733
13070 2 2 7 19 6449 6403 6647
13071 2 2 7 19 6315 6461 6576
13072 2 2 7 19 136 6516 6525
13073 2 2 7 19 6534 6343 6618
13074 2 2 7 19 6475 222 6690
13075 2 2 7 19 382 2 6622
13076 2 2 7 19 6298 6630 6679
13077 2 2 7 19 6416 144 6599
13078 2 2 7 19 122 123 6699
13079 2 2 7 19 6289 6571 6731
13080 2 2 7 19 294 293 6637
13081 2 2 7 19 155 6479 6609
13082 2 2 7 19 6362 6578 6605
13083 2 2 7 19 159 160 6643
13084 2 2 7 19 6517 6305 6584
13085 2 2 7 19 6445 6326 6613
13086 2 2 7 19 6539 6317 6596
13087 2 2 7 19 268 267 6604
13088 2 2 7 19 6462 206 6559
13089 2 2 7 19 6522 6331 6725
13090 2 2 7 19 291 290 6722
13091 2 2 7 19 6483 6299 6581
13092 2 2 7 19 113 6497 6670
13093 2 2 7 19 6565 6300 6593
13094 2 2 7 19 6526 6393 6582
13095 2 2 7 19 205 6462 6554
13096 2 2 7 19 309 6490 6668
13097 2 2 7 19 266 265 6645
13098 2 2 7 19 6648 6309 6658
13099 2 2 7 19 6330 6487 6583
13100 2 2 7 19 6322 6562 6621
13101 2 2 7 19 6428 6337 6519
13102 2 2 7 19 6612 6381 6656
13103 2 2 7 19 287 286 6641
13104 2 2 7 19 199 6450 6552
13105 2 2 7 19 6289 6563 6571
13106 2 2 7 19 129 130 6703
13107 2 2 7 19 6609 6364 6682
13108 2 2 7 19 6417 6488 6712
13109 2 2 7 19 6298 6466 6630
13110 2 2 7 19 6545 6379 6635
13111 2 2 7 19 6443 198 6552
13112 2 2 7 19 6513 6380 6658
13113 2 2 7 19 181 182 6687
13114 2 2 7 19 6328 6544 6548
13115 2 2 7 19 6379 6479 6646
13116 2 2 7 19 6362 6481 6672
13117 2 2 7 19 6330 6527 6589
13118 2 2 7 19 157 6537 6646
13119 2 2 7 19 6458 6648 6658
13120 2 2 7 19 6466 6292 6534
13121 2 2 7 19 6326 6445 6448
13122 2 2 7 19 6383 6507 6660
13123 2 2 7 19 6351 6430 6651
13124 2 2 7 19 6290 6542 6611
13125 2 2 7 19 6530 6311 6577
13126 2 2 7 19 6578 6365 6605
13127 2 2 7 19 6534 6292 6629
13128 2 2 7 19 269 6441 6650
13129 2 2 7 19 6581 6299 6596
13130 2 2 7 19 267 6458 6604
13131 2 2 7 19 6497 6434 6670
13132 2 2 7 19 6524 6350 6600
13133 2 2 7 19 6291 6644 6685
13134 2 2 7 19 6564 6381 6612
13135 2 2 7 19 302 301 6677
13136 2 2 7 19 6563 6289 6601
13137 2 2 7 19 263 262 6673
13138 2 2 7 19 6338 6437 6603
13139 2 2 7 19 6322 6540 6562
13140 2 2 7 19 6306 6406 6734
13141 2 2 7 19 6469 6423 6675
13142 2 2 7 19 117 118 6608
13143 2 2 7 19 184 185 6671
13144 2 2 7 19 6343 6452 6509
13145 2 2 7 19 6351 6493 6692
13146 2 2 7 19 153 154 6682
13147 2 2 7 19 6418 6612 6656
13148 2 2 7 19 259 258 6681
13149 2 2 7 19 383 384 6686
13150 2 2 7 19 6436 6644 6719
13151 2 2 7 19 6348 6535 6631
13152 2 2 7 19 6366 6425 6638
13153 2 2 7 19 275 274 6676
13154 2 2 7 19 112 113 6670
13155 2 2 7 19 6351 6594 6601
13156 2 2 7 19 261 260 6656
13157 2 2 7 19 6326 6513 6613
13158 2 2 7 19 6474 6376 6662
13159 2 2 7 19 6298 6542 6653
13160 2 2 7 19 222 223 6690
13161 2 2 7 19 6644 6436 6685
13162 2 2 7 19 6294 6436 6719
13163 2 2 7 19 6522 6539 6726
13164 2 2 7 19 312 311 6669
13165 2 2 7 19 6455 6402 6687
13166 2 2 7 19 134 6496 6626
13167 2 2 7 19 293 292 6691
13168 2 2 7 19 156 157 6646
13169 2 2 7 19 284 6523 6654
13170 2 2 7 19 6434 6622 6670
13171 2 2 7 19 6456 314 6628
13172 2 2 7 19 6524 6422 6633
13173 2 2 7 19 6356 6565 6593
13174 2 2 7 19 115 6556 6666
13175 2 2 7 19 6312 6416 6695
13176 2 2 7 19 6643 6387 6702
13177 2 2 7 19 6347 6540 6642
13178 2 2 7 19 285 284 6654
13179 2 2 7 19 6411 6506 6683
13180 2 2 7 19 201 6535 6547
13181 2 2 7 19 6373 6467 6719
13182 2 2 7 19 6506 149 6683
13183 2 2 7 19 6622 112 6670
13184 2 2 7 19 283 282 6649
13185 2 2 7 19 6309 6513 6658
13186 2 2 7 19 6542 6332 6611
13187 2 2 7 19 6457 6341 6575
13188 2 2 7 19 185 186 6689
13189 2 2 7 19 6378 6459 6713
13190 2 2 7 19 6614 266 6645
13191 2 2 7 19 6359 6456 6628
13192 2 2 7 19 6299 6539 6596
13193 2 2 7 19 6332 6542 6679
13194 2 2 7 19 6671 185 6689
13195 2 2 7 19 253 7 6636
13196 2 2 7 19 6500 6385 6667
13197 2 2 7 19 270 269 6650
13198 2 2 7 19 6508 6419 6618
13199 2 2 7 19 6304 6486 6607
13200 2 2 7 19 120 6533 6592
13201 2 2 7 19 6511 6394 6689
13202 2 2 7 19 260 259 6732
13203 2 2 7 19 183 184 6598
13204 2 2 7 19 6465 6341 6723
13205 2 2 7 19 6500 6367 6657
13206 2 2 7 19 6307 6500 6667
13207 2 2 7 19 6301 6591 6625
13208 2 2 7 19 6562 6290 6621
13209 2 2 7 19 6476 6372 6663
13210 2 2 7 19 125 6524 6600
13211 2 2 7 19 6286 6527 6616
13212 2 2 7 19 6364 6479 6708
13213 2 2 7 19 6546 6342 6723
13214 2 2 7 19 6590 6346 6627
13215 2 2 7 19 6375 6493 6632
13216 2 2 7 19 132 133 6541
13217 2 2 7 19 6374 6483 6701
13218 2 2 7 19 279 278 6735
13219 2 2 7 19 6319 6573 6588
13220 2 2 7 19 6346 6420 6715
13221 2 2 7 19 6451 119 6592
13222 2 2 7 19 114 115 6666
13223 2 2 7 19 123 124 6647
13224 2 2 7 19 6493 257 6692
13225 2 2 7 19 6517 6324 6711
13226 2 2 7 19 6423 6544 6675
13227 2 2 7 19 310 309 6668
13228 2 2 7 19 6486 290 6607
13229 2 2 7 19 6350 6524 6633
13230 2 2 7 19 6537 6432 6635
13231 2 2 7 19 384 6477 6686
13232 2 2 7 19 6414 6346 6728
13233 2 2 7 19 6317 6522 6725
13234 2 2 7 19 6617 153 6682
13235 2 2 7 19 6386 6445 6613
13236 2 2 7 19 6356 6451 6592
13237 2 2 7 19 6418 6656 6732
13238 2 2 7 19 6512 259 6681
13239 2 2 7 19 6419 6329 6618
13240 2 2 7 19 6300 6565 6632
13241 2 2 7 19 6572 6339 6612
13242 2 2 7 19 6354 6475 6690
13243 2 2 7 19 6421 6338 6652
13244 2 2 7 19 6342 6465 6723
13245 2 2 7 19 6598 184 6671
13246 2 2 7 19 6309 6569 6659
13247 2 2 7 19 6606 383 6686
13248 2 2 7 19 6376 6594 6662
13249 2 2 7 19 6542 6298 6679
13250 2 2 7 19 6467 6294 6719
13251 2 2 7 19 6355 6484 6659
13252 2 2 7 19 6369 6614 6645
13253 2 2 7 19 6443 6360 6514
13254 2 2 7 19 6342 6473 6538
13255 2 2 7 19 6311 6579 6633
13256 2 2 7 19 6697 6287 6701
13257 2 2 7 19 6504 151 6716
13258 2 2 7 19 292 6499 6691
13259 2 2 7 19 6348 6450 6547
13260 2 2 7 19 6331 6522 6706
13261 2 2 7 19 259 6512 6732
13262 2 2 7 19 6343 6534 6629
13263 2 2 7 19 223 6606 6690
13264 2 2 7 19 6402 6455 6584
13265 2 2 7 19 6532 6286 6684
13266 2 2 7 19 6385 6500 6696
13267 2 2 7 19 6656 260 6732
13268 2 2 7 19 6470 6320 6693
13269 2 2 7 19 154 155 6609
13270 2 2 7 19 262 6480 6673
13271 2 2 7 19 6454 6366 6705
13272 2 2 7 19 6597 6352 6619
13273 2 2 7 19 6341 6465 6575
13274 2 2 7 19 6299 6483 6707
13275 2 2 7 19 6479 6379 6708
13276 2 2 7 19 6533 6356 6592
13277 2 2 7 19 6568 6313 6684
13278 2 2 7 19 6536 204 6554
13279 2 2 7 19 6367 6529 6640
13280 2 2 7 19 6644 6373 6719
13281 2 2 7 19 6295 6627 6678
13282 2 2 7 19 6465 6342 6538
13283 2 2 7 19 6579 6350 6633
13284 2 2 7 19 6337 6428 6674
13285 2 2 7 19 6537 6379 6646
13286 2 2 7 19 6338 6532 6652
13287 2 2 7 19 379 380 6660
13288 2 2 7 19 147 148 6729
13289 2 2 7 19 6487 389 6718
13290 2 2 7 19 6603 6306 6734
13291 2 2 7 19 6529 142 6640
13292 2 2 7 19 6616 6404 6684
13293 2 2 7 19 6484 6386 6659
13294 2 2 7 19 6448 132 6541
13295 2 2 7 19 6540 6322 6642
13296 2 2 7 19 142 143 6640
13297 2 2 7 19 6483 6374 6707
13298 2 2 7 19 6358 6468 6694
13299 2 2 7 19 6358 6529 6709
13300 2 2 7 19 144 145 6599
13301 2 2 7 19 6293 6517 6711
13302 2 2 7 19 8 316 6718
13303 2 2 7 19 6637 293 6691
13304 2 2 7 19 6539 6368 6726
13305 2 2 7 19 6375 6512 6681
13306 2 2 7 19 6569 6355 6659
13307 2 2 7 19 6529 6367 6709
13308 2 2 7 19 6344 6589 6664
13309 2 2 7 19 6329 6624 6630
13310 2 2 7 19 6507 379 6660
13311 2 2 7 19 6542 6388 6653
13312 2 2 7 19 6568 6337 6674
13313 2 2 7 19 6325 6545 6635
13314 2 2 7 19 316 6487 6718
13315 2 2 7 19 6611 6348 6621
13316 2 2 7 19 6389 6637 6691
13317 2 2 7 19 133 134 6626
13318 2 2 7 19 6564 6314 6720
13319 2 2 7 19 299 6597 6619
13320 2 2 7 19 6599 6384 6695
13321 2 2 7 19 6518 147 6729
13322 2 2 7 19 6479 6364 6609
13323 2 2 7 19 6324 6470 6711
13324 2 2 7 19 290 6486 6722
13325 2 2 7 19 6532 6313 6652
13326 2 2 7 19 6407 6603 6734
13327 2 2 7 19 6378 6673 6736
13328 2 2 7 19 6573 6297 6588
13329 2 2 7 19 6347 6536 6554
13330 2 2 7 19 6313 6532 6684
13331 2 2 7 19 6604 6380 6698
13332 2 2 7 19 6477 6354 6686
13333 2 2 7 19 6313 6568 6674
13334 2 2 7 19 6331 6424 6725
13335 2 2 7 19 6512 6418 6732
13336 2 2 7 19 6565 6356 6688
13337 2 2 7 19 6516 137 6665
13338 2 2 7 19 6602 6446 6701
13339 2 2 7 19 6657 6312 6696
13340 2 2 7 19 6565 6375 6632
13341 2 2 7 19 6461 6617 6682
13342 2 2 7 19 6300 6632 6651
13343 2 2 7 19 6369 6569 6648
13344 2 2 7 19 6557 122 6699
13345 2 2 7 19 6294 6546 6723
13346 2 2 7 19 6634 6327 6685
13347 2 2 7 19 6673 6480 6736
13348 2 2 7 19 6327 6570 6685
13349 2 2 7 19 6346 6590 6728
13350 2 2 7 19 6500 6657 6696
13351 2 2 7 19 6569 6309 6648
13352 2 2 7 19 6482 6598 6671
13353 2 2 7 19 6296 6585 6733
13354 2 2 7 19 154 6609 6682
13355 2 2 7 19 6571 6334 6731
13356 2 2 7 19 6362 6605 6677
13357 2 2 7 19 141 6529 6694
13358 2 2 7 19 263 6673 6713
13359 2 2 7 19 6570 6291 6685
13360 2 2 7 19 6621 6348 6631
13361 2 2 7 19 6574 6312 6695
13362 2 2 7 19 140 141 6694
13363 2 2 7 19 6384 6574 6695
13364 2 2 7 19 6486 6361 6722
13365 2 2 7 19 137 138 6665
13366 2 2 7 19 6720 6314 6736
13367 2 2 7 19 6536 6347 6642
13368 2 2 7 19 6435 6322 6631
13369 2 2 7 19 6314 6586 6736
13370 2 2 7 19 146 6518 6730
13371 2 2 7 19 268 6604 6698
13372 2 2 7 19 6614 6369 6648
13373 2 2 7 19 6295 6590 6627
13374 2 2 7 19 6535 6435 6631
13375 2 2 7 19 6673 6378 6713
13376 2 2 7 19 6627 6346 6715
13377 2 2 7 19 6436 6634 6685
13378 2 2 7 19 6458 6614 6648
13379 2 2 7 19 6404 6568 6684
13380 2 2 7 19 6381 6564 6720
13381 2 2 7 19 6322 6435 6642
13382 2 2 7 19 6544 6328 6675
13383 2 2 7 19 145 146 6730
13384 2 2 7 19 6590 6319 6728
13385 2 2 7 19 270 6650 6680
13386 2 2 7 19 159 6643 6702
13387 2 2 7 19 285 6654 6712
13388 2 2 7 19 6321 6546 6678
13389 2 2 7 19 6586 6378 6736
13390 2 2 7 19 6462 6347 6554
13391 2 2 7 19 6384 6599 6730
13392 2 2 7 19 6654 6417 6712
13393 2 2 7 19 6435 6536 6642
13394 2 2 7 19 6476 6637 6721
13395 2 2 7 19 6496 6349 6626
13396 2 2 7 19 6391 6518 6729
13397 2 2 7 19 6322 6621 6631
13398 2 2 7 19 6382 6653 6655
13399 2 2 7 19 138 139 6700
13400 2 2 7 19 6650 6370 6680
13401 2 2 7 19 6468 6377 6700
13402 2 2 7 19 6522 6288 6706
13403 2 2 7 19 6594 6351 6692
13404 2 2 7 19 6288 6522 6726
13405 2 2 7 19 6480 6720 6736
13406 2 2 7 19 6637 6389 6721
13407 2 2 7 19 6606 6354 6690
13408 2 2 7 19 6627 6321 6678
13409 2 2 7 19 6290 6611 6621
13410 2 2 7 19 6354 6606 6686
13411 2 2 7 19 6653 6388 6655
13412 2 2 7 19 6605 302 6677
13413 2 2 7 19 6288 6540 6706
13414 2 2 7 19 6390 6595 6731
13415 2 2 7 19 6287 6602 6701
13416 2 2 7 19 6546 6372 6678
13417 2 2 7 19 6416 6599 6695
13418 2 2 7 19 6349 6541 6626
13419 2 2 7 19 6599 145 6730
13420 2 2 7 19 6714 6392 6727
13421 2 2 7 19 6518 6384 6730
13422 2 2 7 19 6541 133 6626
13423 2 2 7 19 6405 6714 6727
13424 2 2 7 19 6321 6627 6715
13425 2 2 7 19 6377 6516 6665
13426 2 2 7 19 6529 6358 6694
13427 2 2 7 19 6587 6287 6697
13428 2 2 7 19 6377 6665 6700
13429 2 2 7 19 148 6717 6729
13430 2 2 7 19 6665 138 6700
13431 2 2 7 19 6717 6391 6729
$EndElements
