$MeshFormat
2.2 0 8
$EndMeshFormat
$PhysicalNames
3
1 7 "Base"
1 8 "Emitter"
2 1 "Bulk"
$EndPhysicalNames
$Nodes
3900
1 0 0 0
2 1e-05 0 0
3 1e-05 2e-06 0
4 1e-05 1e-05 0
5 0 1e-05 0
6 0 8e-06 0
7 1.010101010101009e-07 0 0
8 2.020202020202018e-07 0 0
9 3.030303030303026e-07 0 0
10 4.040404040404035e-07 0 0
11 5.050505050505043e-07 0 0
12 6.060606060606053e-07 0 0
13 7.070707070707061e-07 0 0
14 8.080808080808069e-07 0 0
15 9.090909090909078e-07 0 0
16 1.010101010101009e-06 0 0
17 1.11111111111111e-06 0 0
18 1.21212121212121e-06 0 0
19 1.313131313131311e-06 0 0
20 1.414141414141412e-06 0 0
21 1.515151515151513e-06 0 0
22 1.616161616161614e-06 0 0
23 1.717171717171715e-06 0 0
24 1.818181818181816e-06 0 0
25 1.919191919191916e-06 0 0
26 2.020202020202017e-06 0 0
27 2.121212121212118e-06 0 0
28 2.222222222222219e-06 0 0
29 2.32323232323232e-06 0 0
30 2.424242424242421e-06 0 0
31 2.525252525252521e-06 0 0
32 2.626262626262622e-06 0 0
33 2.727272727272723e-06 0 0
34 2.828282828282824e-06 0 0
35 2.929292929292925e-06 0 0
36 3.030303030303026e-06 0 0
37 3.131313131313126e-06 0 0
38 3.232323232323228e-06 0 0
39 3.333333333333329e-06 0 0
40 3.434343434343429e-06 0 0
41 3.535353535353531e-06 0 0
42 3.636363636363631e-06 0 0
43 3.737373737373732e-06 0 0
44 3.838383838383833e-06 0 0
45 3.939393939393934e-06 0 0
46 4.040404040404034e-06 0 0
47 4.141414141414136e-06 0 0
48 4.242424242424237e-06 0 0
49 4.343434343434338e-06 0 0
50 4.444444444444439e-06 0 0
51 4.54545454545454e-06 0 0
52 4.646464646464641e-06 0 0
53 4.747474747474742e-06 0 0
54 4.848484848484844e-06 0 0
55 4.949494949494944e-06 0 0
56 5.050505050505045e-06 0 0
57 5.151515151515146e-06 0 0
58 5.252525252525247e-06 0 0
59 5.353535353535349e-06 0 0
60 5.454545454545449e-06 0 0
61 5.55555555555555e-06 0 0
62 5.656565656565652e-06 0 0
63 5.757575757575753e-06 0 0
64 5.858585858585854e-06 0 0
65 5.959595959595956e-06 0 0
66 6.060606060606057e-06 0 0
67 6.161616161616158e-06 0 0
68 6.262626262626259e-06 0 0
69 6.363636363636361e-06 0 0
70 6.464646464646461e-06 0 0
71 6.565656565656563e-06 0 0
72 6.666666666666665e-06 0 0
73 6.767676767676765e-06 0 0
74 6.868686868686866e-06 0 0
75 6.969696969696967e-06 0 0
76 7.070707070707069e-06 0 0
77 7.17171717171717e-06 0 0
78 7.272727272727271e-06 0 0
79 7.373737373737373e-06 0 0
80 7.474747474747474e-06 0 0
81 7.575757575757575e-06 0 0
82 7.676767676767675e-06 0 0
83 7.777777777777777e-06 0 0
84 7.878787878787878e-06 0 0
85 7.97979797979798e-06 0 0
86 8.080808080808081e-06 0 0
87 8.181818181818183e-06 0 0
88 8.282828282828283e-06 0 0
89 8.383838383838384e-06 0 0
90 8.484848484848486e-06 0 0
91 8.585858585858587e-06 0 0
92 8.686868686868687e-06 0 0
93 8.787878787878788e-06 0 0
94 8.888888888888888e-06 0 0
95 8.989898989898991e-06 0 0
96 9.090909090909091e-06 0 0
97 9.191919191919193e-06 0 0
98 9.292929292929294e-06 0 0
99 9.393939393939394e-06 0 0
100 9.494949494949495e-06 0 0
101 9.595959595959597e-06 0 0
102 9.696969696969698e-06 0 0
103 9.797979797979798e-06 0 0
104 9.8989898989899e-06 0 0
105 1e-05 1.05263157894737e-07 0
106 1e-05 2.105263157894742e-07 0
107 1e-05 3.157894736842112e-07 0
108 1e-05 4.210526315789484e-07 0
109 1e-05 5.263157894736854e-07 0
110 1e-05 6.315789473684222e-07 0
111 1e-05 7.368421052631589e-07 0
112 1e-05 8.421052631578957e-07 0
113 1e-05 9.473684210526324e-07 0
114 1e-05 1.052631578947369e-06 0
115 1e-05 1.157894736842106e-06 0
116 1e-05 1.263157894736843e-06 0
117 1e-05 1.36842105263158e-06 0
118 1e-05 1.473684210526316e-06 0
119 1e-05 1.578947368421053e-06 0
120 1e-05 1.68421052631579e-06 0
121 1e-05 1.789473684210527e-06 0
122 1e-05 1.894736842105263e-06 0
123 1e-05 2.421052631578948e-06 0
124 1e-05 2.842105263157897e-06 0
125 1e-05 3.263157894736845e-06 0
126 1e-05 3.684210526315794e-06 0
127 1e-05 4.105263157894742e-06 0
128 1e-05 4.526315789473689e-06 0
129 1e-05 4.947368421052636e-06 0
130 1e-05 5.368421052631583e-06 0
131 1e-05 5.78947368421053e-06 0
132 1e-05 6.210526315789479e-06 0
133 1e-05 6.631578947368424e-06 0
134 1e-05 7.052631578947372e-06 0
135 1e-05 7.473684210526318e-06 0
136 1e-05 7.894736842105266e-06 0
137 1e-05 8.315789473684213e-06 0
138 1e-05 8.73684210526316e-06 0
139 1e-05 9.157894736842107e-06 0
140 1e-05 9.578947368421054e-06 0
141 9.8989898989899e-06 1e-05 0
142 9.7979797979798e-06 1e-05 0
143 9.696969696969698e-06 1e-05 0
144 9.595959595959597e-06 1e-05 0
145 9.494949494949497e-06 1e-05 0
146 9.393939393939396e-06 1e-05 0
147 9.292929292929295e-06 1e-05 0
148 9.191919191919193e-06 1e-05 0
149 9.090909090909093e-06 1e-05 0
150 8.989898989898992e-06 1e-05 0
151 8.888888888888892e-06 1e-05 0
152 8.787878787878791e-06 1e-05 0
153 8.686868686868689e-06 1e-05 0
154 8.585858585858588e-06 1e-05 0
155 8.484848484848488e-06 1e-05 0
156 8.383838383838387e-06 1e-05 0
157 8.282828282828287e-06 1e-05 0
158 8.181818181818185e-06 1e-05 0
159 8.080808080808084e-06 1e-05 0
160 7.979797979797984e-06 1e-05 0
161 7.878787878787883e-06 1e-05 0
162 7.777777777777781e-06 1e-05 0
163 7.67676767676768e-06 1e-05 0
164 7.57575757575758e-06 1e-05 0
165 7.474747474747479e-06 1e-05 0
166 7.373737373737379e-06 1e-05 0
167 7.272727272727278e-06 1e-05 0
168 7.171717171717176e-06 1e-05 0
169 7.070707070707076e-06 1e-05 0
170 6.969696969696975e-06 1e-05 0
171 6.868686868686874e-06 1e-05 0
172 6.767676767676773e-06 1e-05 0
173 6.666666666666672e-06 1e-05 0
174 6.565656565656571e-06 1e-05 0
175 6.464646464646471e-06 1e-05 0
176 6.36363636363637e-06 1e-05 0
177 6.262626262626269e-06 1e-05 0
178 6.161616161616168e-06 1e-05 0
179 6.060606060606067e-06 1e-05 0
180 5.959595959595966e-06 1e-05 0
181 5.858585858585865e-06 1e-05 0
182 5.757575757575764e-06 1e-05 0
183 5.656565656565663e-06 1e-05 0
184 5.555555555555562e-06 1e-05 0
185 5.454545454545461e-06 1e-05 0
186 5.35353535353536e-06 1e-05 0
187 5.252525252525258e-06 1e-05 0
188 5.151515151515157e-06 1e-05 0
189 5.050505050505057e-06 1e-05 0
190 4.949494949494956e-06 1e-05 0
191 4.848484848484855e-06 1e-05 0
192 4.747474747474753e-06 1e-05 0
193 4.646464646464652e-06 1e-05 0
194 4.545454545454551e-06 1e-05 0
195 4.444444444444451e-06 1e-05 0
196 4.343434343434349e-06 1e-05 0
197 4.242424242424248e-06 1e-05 0
198 4.141414141414147e-06 1e-05 0
199 4.040404040404045e-06 1e-05 0
200 3.939393939393944e-06 1e-05 0
201 3.838383838383843e-06 1e-05 0
202 3.737373737373742e-06 1e-05 0
203 3.63636363636364e-06 1e-05 0
204 3.535353535353539e-06 1e-05 0
205 3.434343434343438e-06 1e-05 0
206 3.333333333333336e-06 1e-05 0
207 3.232323232323235e-06 1e-05 0
208 3.131313131313135e-06 1e-05 0
209 3.030303030303033e-06 1e-05 0
210 2.929292929292932e-06 1e-05 0
211 2.828282828282831e-06 1e-05 0
212 2.727272727272729e-06 1e-05 0
213 2.626262626262628e-06 1e-05 0
214 2.525252525252527e-06 1e-05 0
215 2.424242424242426e-06 1e-05 0
216 2.323232323232326e-06 1e-05 0
217 2.222222222222223e-06 1e-05 0
218 2.121212121212123e-06 1e-05 0
219 2.020202020202021e-06 1e-05 0
220 1.91919191919192e-06 1e-05 0
221 1.818181818181818e-06 1e-05 0
222 1.717171717171717e-06 1e-05 0
223 1.616161616161617e-06 1e-05 0
224 1.515151515151515e-06 1e-05 0
225 1.414141414141414e-06 1e-05 0
226 1.313131313131314e-06 1e-05 0
227 1.212121212121213e-06 1e-05 0
228 1.111111111111113e-06 1e-05 0
229 1.01010101010101e-06 1e-05 0
230 9.090909090909098e-07 1e-05 0
231 8.080808080808076e-07 1e-05 0
232 7.07070707070707e-07 1e-05 0
233 6.060606060606065e-07 1e-05 0
234 5.05050505050506e-07 1e-05 0
235 4.040404040404038e-07 1e-05 0
236 3.030303030303033e-07 1e-05 0
237 2.020202020202027e-07 1e-05 0
238 1.010101010101005e-07 1e-05 0
239 0 9.894736842105264e-06 0
240 0 9.789473684210527e-06 0
241 0 9.684210526315789e-06 0
242 0 9.578947368421052e-06 0
243 0 9.473684210526315e-06 0
244 0 9.368421052631579e-06 0
245 0 9.263157894736842e-06 0
246 0 9.157894736842104e-06 0
247 0 9.052631578947367e-06 0
248 0 8.94736842105263e-06 0
249 0 8.842105263157893e-06 0
250 0 8.736842105263157e-06 0
251 0 8.63157894736842e-06 0
252 0 8.526315789473683e-06 0
253 0 8.421052631578947e-06 0
254 0 8.31578947368421e-06 0
255 0 8.210526315789473e-06 0
256 0 8.105263157894736e-06 0
257 0 7.578947368421051e-06 0
258 0 7.157894736842103e-06 0
259 0 6.736842105263155e-06 0
260 0 6.315789473684206e-06 0
261 0 5.894736842105258e-06 0
262 0 5.473684210526311e-06 0
263 0 5.052631578947365e-06 0
264 0 4.631578947368417e-06 0
265 0 4.21052631578947e-06 0
266 0 3.789473684210523e-06 0
267 0 3.368421052631576e-06 0
268 0 2.947368421052628e-06 0
269 0 2.526315789473681e-06 0
270 0 2.105263157894735e-06 0
271 0 1.684210526315788e-06 0
272 0 1.263157894736841e-06 0
273 0 8.42105263157893e-07 0
274 0 4.210526315789469e-07 0
275 1.010101010101005e-07 4.178628389154706e-07 0
276 1.010101010101005e-07 8.357256778309395e-07 0
277 1.010101010101005e-07 1.253588516746411e-06 0
278 1.010101010101005e-07 1.671451355661883e-06 0
279 1.010101010100997e-07 2.089314194577351e-06 0
280 1.010101010101005e-07 2.50717703349282e-06 0
281 1.010101010101005e-07 2.925039872408291e-06 0
282 1.010101010100988e-07 3.342902711323761e-06 0
283 1.010101010101005e-07 3.760765550239231e-06 0
284 1.010101010101005e-07 4.178628389154701e-06 0
285 1.010101010101005e-07 4.596491228070171e-06 0
286 1.010101010100997e-07 5.014354066985641e-06 0
287 1.010101010101014e-07 5.432216905901113e-06 0
288 1.010101010101005e-07 5.850079744816582e-06 0
289 1.010101010100997e-07 6.267942583732054e-06 0
290 1.010101010101005e-07 6.685805422647524e-06 0
291 1.010101010101005e-07 7.103668261562997e-06 0
292 1.010101010101014e-07 7.521531100478467e-06 0
293 1.010101010101014e-07 7.93939393939394e-06 0
294 1.010101010101014e-07 8.047846889952154e-06 0
295 1.010101010101005e-07 8.156299840510366e-06 0
296 1.010101010101005e-07 8.26475279106858e-06 0
297 1.010101010101005e-07 8.373205741626793e-06 0
298 1.010101010101005e-07 8.481658692185007e-06 0
299 1.010101010101005e-07 8.590111642743221e-06 0
300 1.010101010100997e-07 8.698564593301434e-06 0
301 1.010101010101005e-07 8.807017543859647e-06 0
302 1.010101010101005e-07 8.915470494417862e-06 0
303 1.010101010100997e-07 9.023923444976075e-06 0
304 1.010101010101005e-07 9.13237639553429e-06 0
305 1.010101010101005e-07 9.240829346092503e-06 0
306 1.010101010101005e-07 9.349282296650718e-06 0
307 1.010101010101005e-07 9.457735247208929e-06 0
308 1.010101010101005e-07 9.566188197767144e-06 0
309 1.010101010101005e-07 9.674641148325358e-06 0
310 1.010101010101005e-07 9.783094098883573e-06 0
311 1.010101010101005e-07 9.891547049441788e-06 0
312 2.020202020202036e-07 4.146730462519951e-07 0
313 2.020202020202019e-07 8.293460925039852e-07 0
314 2.020202020202019e-07 1.244019138755979e-06 0
315 2.020202020202027e-07 1.658692185007973e-06 0
316 2.020202020202019e-07 2.073365231259967e-06 0
317 2.02020202020201e-07 2.488038277511959e-06 0
318 2.020202020202027e-07 2.902711323763952e-06 0
319 2.02020202020201e-07 3.317384370015947e-06 0
320 2.02020202020201e-07 3.73205741626794e-06 0
321 2.020202020202036e-07 4.146730462519933e-06 0
322 2.020202020202036e-07 4.561403508771926e-06 0
323 2.02020202020201e-07 4.976076555023919e-06 0
324 2.020202020202036e-07 5.390749601275912e-06 0
325 2.020202020202036e-07 5.805422647527905e-06 0
326 2.020202020202019e-07 6.2200956937799e-06 0
327 2.020202020202036e-07 6.634768740031895e-06 0
328 2.020202020202019e-07 7.049441786283889e-06 0
329 2.020202020202036e-07 7.464114832535884e-06 0
330 2.020202020202036e-07 7.878787878787878e-06 0
331 2.020202020202036e-07 7.990430622009569e-06 0
332 2.020202020202036e-07 8.102073365231258e-06 0
333 2.020202020202036e-07 8.213716108452949e-06 0
334 2.020202020202036e-07 8.32535885167464e-06 0
335 2.020202020202036e-07 8.437001594896331e-06 0
336 2.020202020202027e-07 8.548644338118021e-06 0
337 2.020202020202027e-07 8.660287081339712e-06 0
338 2.020202020202036e-07 8.771929824561403e-06 0
339 2.020202020202036e-07 8.883572567783092e-06 0
340 2.020202020202036e-07 8.995215311004783e-06 0
341 2.02020202020201e-07 9.106858054226474e-06 0
342 2.02020202020201e-07 9.218500797448165e-06 0
343 2.020202020202036e-07 9.330143540669856e-06 0
344 2.020202020202036e-07 9.441786283891547e-06 0
345 2.020202020202027e-07 9.553429027113237e-06 0
346 2.020202020202036e-07 9.665071770334928e-06 0
347 2.020202020202036e-07 9.776714513556619e-06 0
348 2.020202020202036e-07 9.88835725677831e-06 0
349 3.030303030303033e-07 4.11483253588518e-07 0
350 3.030303030303033e-07 8.229665071770309e-07 0
351 3.030303030303007e-07 1.234449760765548e-06 0
352 3.030303030303024e-07 1.645933014354067e-06 0
353 3.030303030303016e-07 2.057416267942581e-06 0
354 3.030303030303033e-07 2.468899521531097e-06 0
355 3.030303030303024e-07 2.880382775119616e-06 0
356 3.030303030303007e-07 3.291866028708131e-06 0
357 3.030303030303033e-07 3.703349282296647e-06 0
358 3.030303030303033e-07 4.114832535885164e-06 0
359 3.030303030303024e-07 4.526315789473679e-06 0
360 3.030303030303033e-07 4.937799043062197e-06 0
361 3.030303030303016e-07 5.349282296650713e-06 0
362 3.030303030303007e-07 5.76076555023923e-06 0
363 3.030303030303016e-07 6.172248803827747e-06 0
364 3.030303030303024e-07 6.583732057416264e-06 0
365 3.030303030303024e-07 6.995215311004782e-06 0
366 3.030303030303033e-07 7.4066985645933e-06 0
367 3.030303030303033e-07 7.818181818181816e-06 0
368 3.030303030303016e-07 7.933014354066985e-06 0
369 3.030303030303024e-07 8.047846889952151e-06 0
370 3.030303030303007e-07 8.16267942583732e-06 0
371 3.030303030303024e-07 8.277511961722487e-06 0
372 3.030303030303024e-07 8.392344497607653e-06 0
373 3.030303030303016e-07 8.50717703349282e-06 0
374 3.030303030303024e-07 8.622009569377989e-06 0
375 3.030303030303033e-07 8.736842105263157e-06 0
376 3.030303030303024e-07 8.851674641148322e-06 0
377 3.030303030303024e-07 8.966507177033493e-06 0
378 3.030303030303033e-07 9.081339712918659e-06 0
379 3.030303030303033e-07 9.196172248803826e-06 0
380 3.030303030303033e-07 9.311004784688995e-06 0
381 3.030303030303033e-07 9.425837320574162e-06 0
382 3.030303030303024e-07 9.54066985645933e-06 0
383 3.030303030303024e-07 9.655502392344499e-06 0
384 3.030303030303033e-07 9.770334928229666e-06 0
385 3.030303030303033e-07 9.885167464114832e-06 0
386 4.040404040404038e-07 4.0829346092504e-07 0
387 4.040404040404029e-07 8.165869218500774e-07 0
388 4.040404040404038e-07 1.224880382775118e-06 0
389 4.040404040404055e-07 1.633173843700159e-06 0
390 4.040404040404012e-07 2.041467304625198e-06 0
391 4.040404040404029e-07 2.449760765550236e-06 0
392 4.040404040404029e-07 2.858054226475276e-06 0
393 4.040404040404038e-07 3.266347687400317e-06 0
394 4.040404040404038e-07 3.674641148325356e-06 0
395 4.040404040404029e-07 4.082934609250395e-06 0
396 4.040404040404029e-07 4.491228070175435e-06 0
397 4.040404040404029e-07 4.899521531100475e-06 0
398 4.040404040404029e-07 5.307814992025513e-06 0
399 4.040404040404029e-07 5.716108452950553e-06 0
400 4.040404040404029e-07 6.124401913875593e-06 0
401 4.040404040404038e-07 6.532695374800635e-06 0
402 4.040404040404029e-07 6.940988835725675e-06 0
403 4.040404040404029e-07 7.349282296650716e-06 0
404 4.040404040404038e-07 7.757575757575756e-06 0
405 4.040404040404029e-07 7.875598086124402e-06 0
406 4.040404040404029e-07 7.993620414673045e-06 0
407 4.040404040404029e-07 8.111642743221691e-06 0
408 4.040404040404029e-07 8.229665071770334e-06 0
409 4.040404040404029e-07 8.347687400318978e-06 0
410 4.040404040404029e-07 8.465709728867623e-06 0
411 4.040404040404029e-07 8.583732057416267e-06 0
412 4.040404040404029e-07 8.701754385964911e-06 0
413 4.040404040404029e-07 8.819776714513554e-06 0
414 4.040404040404029e-07 8.9377990430622e-06 0
415 4.040404040404029e-07 9.055821371610843e-06 0
416 4.040404040404029e-07 9.17384370015949e-06 0
417 4.040404040404029e-07 9.291866028708134e-06 0
418 4.040404040404029e-07 9.409888357256778e-06 0
419 4.040404040404029e-07 9.527910685805421e-06 0
420 4.040404040404029e-07 9.645933014354068e-06 0
421 4.040404040404029e-07 9.763955342902712e-06 0
422 4.040404040404029e-07 9.881977671451357e-06 0
423 5.050505050505052e-07 4.051036682615637e-07 0
424 5.050505050505043e-07 8.10207336523124e-07 0
425 5.050505050505052e-07 1.215311004784687e-06 0
426 5.050505050505043e-07 1.620414673046252e-06 0
427 5.050505050505043e-07 2.025518341307813e-06 0
428 5.050505050505043e-07 2.430622009569375e-06 0
429 5.050505050505035e-07 2.835725677830939e-06 0
430 5.050505050505035e-07 3.240829346092501e-06 0
431 5.050505050505043e-07 3.645933014354064e-06 0
432 5.050505050505052e-07 4.051036682615627e-06 0
433 5.050505050505035e-07 4.456140350877189e-06 0
434 5.050505050505043e-07 4.861244019138751e-06 0
435 5.050505050505043e-07 5.266347687400314e-06 0
436 5.05050505050506e-07 5.671451355661877e-06 0
437 5.050505050505043e-07 6.07655502392344e-06 0
438 5.050505050505043e-07 6.481658692185005e-06 0
439 5.050505050505052e-07 6.886762360446567e-06 0
440 5.050505050505043e-07 7.291866028708131e-06 0
441 5.050505050505052e-07 7.696969696969696e-06 0
442 5.050505050505043e-07 7.818181818181816e-06 0
443 5.05050505050506e-07 7.93939393939394e-06 0
444 5.05050505050506e-07 8.06060606060606e-06 0
445 5.050505050505052e-07 8.181818181818181e-06 0
446 5.050505050505043e-07 8.303030303030303e-06 0
447 5.050505050505043e-07 8.424242424242423e-06 0
448 5.050505050505043e-07 8.545454545454544e-06 0
449 5.050505050505068e-07 8.666666666666664e-06 0
450 5.05050505050506e-07 8.787878787878786e-06 0
451 5.05050505050506e-07 8.909090909090908e-06 0
452 5.050505050505068e-07 9.030303030303029e-06 0
453 5.05050505050506e-07 9.151515151515151e-06 0
454 5.050505050505052e-07 9.272727272727273e-06 0
455 5.05050505050506e-07 9.393939393939394e-06 0
456 5.05050505050506e-07 9.515151515151516e-06 0
457 5.05050505050506e-07 9.636363636363636e-06 0
458 5.05050505050506e-07 9.757575757575758e-06 0
459 5.050505050505068e-07 9.878787878787879e-06 0
460 6.060606060606065e-07 4.019138755980874e-07 0
461 6.060606060606048e-07 8.038277511961697e-07 0
462 6.060606060606048e-07 1.205741626794257e-06 0
463 6.060606060606048e-07 1.607655502392344e-06 0
464 6.060606060606065e-07 2.00956937799043e-06 0
465 6.060606060606065e-07 2.411483253588514e-06 0
466 6.060606060606057e-07 2.8133971291866e-06 0
467 6.060606060606065e-07 3.215311004784688e-06 0
468 6.060606060606048e-07 3.617224880382772e-06 0
469 6.06060606060604e-07 4.019138755980858e-06 0
470 6.060606060606048e-07 4.421052631578942e-06 0
471 6.060606060606065e-07 4.82296650717703e-06 0
472 6.060606060606057e-07 5.224880382775115e-06 0
473 6.060606060606048e-07 5.626794258373201e-06 0
474 6.060606060606074e-07 6.028708133971288e-06 0
475 6.060606060606065e-07 6.430622009569374e-06 0
476 6.060606060606057e-07 6.832535885167462e-06 0
477 6.060606060606057e-07 7.234449760765549e-06 0
478 6.060606060606074e-07 7.636363636363635e-06 0
479 6.060606060606057e-07 7.760765550239234e-06 0
480 6.060606060606057e-07 7.885167464114831e-06 0
481 6.060606060606065e-07 8.00956937799043e-06 0
482 6.060606060606065e-07 8.133971291866028e-06 0
483 6.060606060606057e-07 8.258373205741628e-06 0
484 6.060606060606065e-07 8.382775119617224e-06 0
485 6.060606060606057e-07 8.507177033492822e-06 0
486 6.060606060606065e-07 8.63157894736842e-06 0
487 6.060606060606057e-07 8.755980861244018e-06 0
488 6.060606060606057e-07 8.880382775119616e-06 0
489 6.060606060606065e-07 9.004784688995214e-06 0
490 6.060606060606065e-07 9.129186602870813e-06 0
491 6.060606060606065e-07 9.253588516746411e-06 0
492 6.060606060606065e-07 9.377990430622009e-06 0
493 6.060606060606065e-07 9.502392344497607e-06 0
494 6.060606060606057e-07 9.626794258373205e-06 0
495 6.060606060606065e-07 9.751196172248805e-06 0
496 6.060606060606065e-07 9.875598086124401e-06 0
497 7.070707070707045e-07 3.987240829346102e-07 0
498 7.070707070707053e-07 7.974481658692179e-07 0
499 7.070707070707062e-07 1.196172248803827e-06 0
500 7.070707070707062e-07 1.594896331738437e-06 0
501 7.070707070707045e-07 1.993620414673044e-06 0
502 7.070707070707053e-07 2.392344497607653e-06 0
503 7.070707070707062e-07 2.791068580542263e-06 0
504 7.070707070707062e-07 3.189792663476872e-06 0
505 7.070707070707062e-07 3.588516746411481e-06 0
506 7.070707070707045e-07 3.987240829346089e-06 0
507 7.07070707070707e-07 4.385964912280698e-06 0
508 7.070707070707062e-07 4.784688995215307e-06 0
509 7.07070707070707e-07 5.183413078149916e-06 0
510 7.070707070707045e-07 5.582137161084524e-06 0
511 7.07070707070707e-07 5.980861244019134e-06 0
512 7.07070707070707e-07 6.379585326953745e-06 0
513 7.070707070707062e-07 6.778309409888355e-06 0
514 7.070707070707062e-07 7.177033492822965e-06 0
515 7.070707070707079e-07 7.575757575757575e-06 0
516 7.070707070707062e-07 7.703349282296651e-06 0
517 7.07070707070707e-07 7.830940988835725e-06 0
518 7.070707070707062e-07 7.958532695374801e-06 0
519 7.070707070707045e-07 8.086124401913875e-06 0
520 7.070707070707045e-07 8.213716108452949e-06 0
521 7.070707070707062e-07 8.341307814992025e-06 0
522 7.070707070707062e-07 8.4688995215311e-06 0
523 7.070707070707062e-07 8.596491228070174e-06 0
524 7.070707070707062e-07 8.72408293460925e-06 0
525 7.07070707070707e-07 8.851674641148324e-06 0
526 7.070707070707062e-07 8.979266347687398e-06 0
527 7.07070707070707e-07 9.106858054226474e-06 0
528 7.070707070707062e-07 9.23444976076555e-06 0
529 7.070707070707062e-07 9.362041467304626e-06 0
530 7.070707070707045e-07 9.489633173843699e-06 0
531 7.07070707070707e-07 9.617224880382775e-06 0
532 7.070707070707062e-07 9.744816586921851e-06 0
533 7.07070707070707e-07 9.872408293460927e-06 0
534 8.080808080808059e-07 3.955342902711331e-07 0
535 8.080808080808076e-07 7.910685805422644e-07 0
536 8.080808080808084e-07 1.186602870813397e-06 0
537 8.080808080808067e-07 1.582137161084528e-06 0
538 8.080808080808084e-07 1.97767145135566e-06 0
539 8.080808080808067e-07 2.373205741626792e-06 0
540 8.080808080808067e-07 2.768740031897924e-06 0
541 8.080808080808084e-07 3.164274322169056e-06 0
542 8.080808080808084e-07 3.559808612440188e-06 0
543 8.080808080808084e-07 3.955342902711321e-06 0
544 8.080808080808084e-07 4.350877192982452e-06 0
545 8.080808080808084e-07 4.746411483253585e-06 0
546 8.080808080808084e-07 5.141945773524716e-06 0
547 8.080808080808084e-07 5.537480063795848e-06 0
548 8.080808080808067e-07 5.933014354066982e-06 0
549 8.080808080808084e-07 6.328548644338114e-06 0
550 8.080808080808084e-07 6.724082934609248e-06 0
551 8.080808080808076e-07 7.119617224880382e-06 0
552 8.080808080808084e-07 7.515151515151515e-06 0
553 8.080808080808076e-07 7.645933014354067e-06 0
554 8.080808080808084e-07 7.776714513556618e-06 0
555 8.080808080808084e-07 7.90749601275917e-06 0
556 8.080808080808084e-07 8.038277511961722e-06 0
557 8.080808080808084e-07 8.169059011164274e-06 0
558 8.080808080808084e-07 8.299840510366825e-06 0
559 8.080808080808084e-07 8.430622009569377e-06 0
560 8.080808080808084e-07 8.561403508771929e-06 0
561 8.080808080808084e-07 8.69218500797448e-06 0
562 8.080808080808076e-07 8.822966507177032e-06 0
563 8.080808080808084e-07 8.953748006379584e-06 0
564 8.080808080808076e-07 9.084529505582137e-06 0
565 8.080808080808084e-07 9.215311004784689e-06 0
566 8.080808080808084e-07 9.346092503987241e-06 0
567 8.080808080808076e-07 9.476874003189793e-06 0
568 8.080808080808076e-07 9.607655502392346e-06 0
569 8.080808080808084e-07 9.738437001594896e-06 0
570 8.080808080808084e-07 9.869218500797449e-06 0
571 9.090909090909055e-07 3.923444976076559e-07 0
572 9.090909090909081e-07 7.846889952153084e-07 0
573 9.090909090909072e-07 1.177033492822965e-06 0
574 9.090909090909072e-07 1.569377990430621e-06 0
575 9.090909090909072e-07 1.961722488038276e-06 0
576 9.090909090909072e-07 2.35406698564593e-06 0
577 9.090909090909072e-07 2.746411483253586e-06 0
578 9.090909090909072e-07 3.138755980861241e-06 0
579 9.090909090909081e-07 3.531100478468896e-06 0
580 9.090909090909072e-07 3.923444976076551e-06 0
581 9.090909090909072e-07 4.315789473684206e-06 0
582 9.090909090909072e-07 4.708133971291862e-06 0
583 9.090909090909072e-07 5.100478468899517e-06 0
584 9.090909090909072e-07 5.492822966507172e-06 0
585 9.090909090909072e-07 5.885167464114828e-06 0
586 9.090909090909072e-07 6.277511961722484e-06 0
587 9.090909090909089e-07 6.66985645933014e-06 0
588 9.090909090909072e-07 7.062200956937796e-06 0
589 9.090909090909089e-07 7.454545454545453e-06 0
590 9.090909090909072e-07 7.588516746411482e-06 0
591 9.090909090909072e-07 7.72248803827751e-06 0
592 9.090909090909081e-07 7.856459330143539e-06 0
593 9.090909090909072e-07 7.990430622009569e-06 0
594 9.090909090909089e-07 8.124401913875596e-06 0
595 9.090909090909089e-07 8.258373205741626e-06 0
596 9.090909090909089e-07 8.392344497607655e-06 0
597 9.090909090909098e-07 8.526315789473683e-06 0
598 9.090909090909089e-07 8.660287081339712e-06 0
599 9.090909090909089e-07 8.79425837320574e-06 0
600 9.090909090909089e-07 8.928229665071769e-06 0
601 9.090909090909089e-07 9.062200956937799e-06 0
602 9.090909090909089e-07 9.196172248803828e-06 0
603 9.090909090909089e-07 9.330143540669856e-06 0
604 9.090909090909089e-07 9.464114832535885e-06 0
605 9.090909090909089e-07 9.598086124401913e-06 0
606 9.090909090909098e-07 9.732057416267944e-06 0
607 9.090909090909089e-07 9.866028708133971e-06 0
608 1.010101010101009e-06 3.891547049441788e-07 0
609 1.010101010101008e-06 7.783094098883558e-07 0
610 1.010101010101009e-06 1.167464114832535e-06 0
611 1.010101010101009e-06 1.556618819776714e-06 0
612 1.010101010101009e-06 1.945773524720892e-06 0
613 1.010101010101008e-06 2.334928229665068e-06 0
614 1.010101010101009e-06 2.724082934609248e-06 0
615 1.010101010101009e-06 3.113237639553427e-06 0
616 1.010101010101009e-06 3.502392344497605e-06 0
617 1.010101010101009e-06 3.891547049441782e-06 0
618 1.010101010101008e-06 4.280701754385961e-06 0
619 1.010101010101009e-06 4.66985645933014e-06 0
620 1.010101010101009e-06 5.059011164274317e-06 0
621 1.010101010101009e-06 5.448165869218496e-06 0
622 1.010101010101009e-06 5.837320574162675e-06 0
623 1.010101010101009e-06 6.226475279106855e-06 0
624 1.010101010101009e-06 6.615629984051033e-06 0
625 1.010101010101009e-06 7.004784688995214e-06 0
626 1.010101010101009e-06 7.393939393939393e-06 0
627 1.010101010101009e-06 7.531100478468898e-06 0
628 1.010101010101009e-06 7.668261562998405e-06 0
629 1.010101010101009e-06 7.805422647527911e-06 0
630 1.010101010101009e-06 7.942583732057416e-06 0
631 1.010101010101009e-06 8.079744816586921e-06 0
632 1.010101010101011e-06 8.216905901116427e-06 0
633 1.010101010101009e-06 8.354066985645932e-06 0
634 1.010101010101009e-06 8.491228070175437e-06 0
635 1.010101010101009e-06 8.628389154704944e-06 0
636 1.010101010101009e-06 8.765550239234449e-06 0
637 1.010101010101011e-06 8.902711323763953e-06 0
638 1.010101010101011e-06 9.03987240829346e-06 0
639 1.010101010101009e-06 9.177033492822967e-06 0
640 1.010101010101009e-06 9.314194577352473e-06 0
641 1.010101010101009e-06 9.451355661881976e-06 0
642 1.010101010101011e-06 9.588516746411483e-06 0
643 1.010101010101009e-06 9.725677830940988e-06 0
644 1.01010101010101e-06 9.862838915470496e-06 0
645 1.11111111111111e-06 3.859649122807025e-07 0
646 1.111111111111111e-06 7.719298245614032e-07 0
647 1.111111111111111e-06 1.157894736842103e-06 0
648 1.111111111111111e-06 1.543859649122806e-06 0
649 1.11111111111111e-06 1.929824561403507e-06 0
650 1.11111111111111e-06 2.315789473684208e-06 0
651 1.11111111111111e-06 2.701754385964909e-06 0
652 1.111111111111111e-06 3.087719298245612e-06 0
653 1.11111111111111e-06 3.473684210526312e-06 0
654 1.111111111111111e-06 3.859649122807014e-06 0
655 1.11111111111111e-06 4.245614035087714e-06 0
656 1.111111111111111e-06 4.631578947368417e-06 0
657 1.11111111111111e-06 5.017543859649118e-06 0
658 1.11111111111111e-06 5.403508771929819e-06 0
659 1.111111111111111e-06 5.789473684210522e-06 0
660 1.11111111111111e-06 6.175438596491224e-06 0
661 1.111111111111111e-06 6.561403508771927e-06 0
662 1.111111111111111e-06 6.947368421052629e-06 0
663 1.11111111111111e-06 7.333333333333333e-06 0
664 1.11111111111111e-06 7.473684210526314e-06 0
665 1.111111111111111e-06 7.614035087719297e-06 0
666 1.111111111111111e-06 7.75438596491228e-06 0
667 1.11111111111111e-06 7.894736842105261e-06 0
668 1.111111111111111e-06 8.035087719298246e-06 0
669 1.111111111111113e-06 8.175438596491227e-06 0
670 1.11111111111111e-06 8.31578947368421e-06 0
671 1.111111111111112e-06 8.456140350877193e-06 0
672 1.111111111111112e-06 8.596491228070174e-06 0
673 1.111111111111111e-06 8.736842105263157e-06 0
674 1.111111111111112e-06 8.87719298245614e-06 0
675 1.111111111111111e-06 9.017543859649122e-06 0
676 1.111111111111112e-06 9.157894736842105e-06 0
677 1.111111111111112e-06 9.298245614035088e-06 0
678 1.111111111111112e-06 9.438596491228068e-06 0
679 1.111111111111113e-06 9.578947368421052e-06 0
680 1.111111111111113e-06 9.719298245614035e-06 0
681 1.111111111111112e-06 9.859649122807018e-06 0
682 1.212121212121211e-06 3.827751196172262e-07 0
683 1.21212121212121e-06 7.655502392344472e-07 0
684 1.21212121212121e-06 1.148325358851673e-06 0
685 1.212121212121211e-06 1.5311004784689e-06 0
686 1.212121212121211e-06 1.913875598086122e-06 0
687 1.212121212121211e-06 2.296650717703347e-06 0
688 1.212121212121211e-06 2.679425837320571e-06 0
689 1.212121212121211e-06 3.062200956937797e-06 0
690 1.212121212121212e-06 3.444976076555021e-06 0
691 1.212121212121211e-06 3.827751196172245e-06 0
692 1.212121212121211e-06 4.21052631578947e-06 0
693 1.212121212121211e-06 4.593301435406695e-06 0
694 1.212121212121211e-06 4.976076555023919e-06 0
695 1.212121212121212e-06 5.358851674641143e-06 0
696 1.212121212121211e-06 5.741626794258369e-06 0
697 1.212121212121211e-06 6.124401913875595e-06 0
698 1.212121212121212e-06 6.50717703349282e-06 0
699 1.212121212121212e-06 6.889952153110045e-06 0
700 1.212121212121211e-06 7.272727272727271e-06 0
701 1.212121212121213e-06 7.416267942583731e-06 0
702 1.212121212121211e-06 7.559808612440191e-06 0
703 1.212121212121211e-06 7.703349282296651e-06 0
704 1.212121212121212e-06 7.84688995215311e-06 0
705 1.212121212121212e-06 7.990430622009567e-06 0
706 1.212121212121213e-06 8.133971291866027e-06 0
707 1.212121212121213e-06 8.277511961722487e-06 0
708 1.212121212121212e-06 8.421052631578947e-06 0
709 1.212121212121213e-06 8.564593301435406e-06 0
710 1.212121212121213e-06 8.708133971291867e-06 0
711 1.212121212121213e-06 8.851674641148324e-06 0
712 1.212121212121213e-06 8.995215311004785e-06 0
713 1.212121212121212e-06 9.138755980861244e-06 0
714 1.212121212121213e-06 9.282296650717703e-06 0
715 1.212121212121213e-06 9.425837320574162e-06 0
716 1.212121212121212e-06 9.569377990430622e-06 0
717 1.212121212121212e-06 9.712918660287082e-06 0
718 1.212121212121212e-06 9.856459330143542e-06 0
719 1.313131313131313e-06 3.795853269537482e-07 0
720 1.313131313131312e-06 7.591706539074946e-07 0
721 1.313131313131312e-06 1.138755980861242e-06 0
722 1.313131313131311e-06 1.518341307814993e-06 0
723 1.313131313131312e-06 1.897926634768739e-06 0
724 1.313131313131311e-06 2.277511961722485e-06 0
725 1.313131313131312e-06 2.657097288676234e-06 0
726 1.313131313131313e-06 3.036682615629981e-06 0
727 1.313131313131312e-06 3.416267942583728e-06 0
728 1.313131313131312e-06 3.795853269537476e-06 0
729 1.313131313131312e-06 4.175438596491224e-06 0
730 1.313131313131313e-06 4.555023923444972e-06 0
731 1.313131313131313e-06 4.93460925039872e-06 0
732 1.313131313131312e-06 5.314194577352467e-06 0
733 1.313131313131313e-06 5.693779904306216e-06 0
734 1.313131313131313e-06 6.073365231259965e-06 0
735 1.313131313131314e-06 6.452950558213714e-06 0
736 1.313131313131312e-06 6.832535885167462e-06 0
737 1.313131313131312e-06 7.212121212121211e-06 0
738 1.313131313131313e-06 7.358851674641147e-06 0
739 1.313131313131314e-06 7.505582137161082e-06 0
740 1.313131313131312e-06 7.652312599681021e-06 0
741 1.313131313131312e-06 7.799043062200957e-06 0
742 1.313131313131313e-06 7.945773524720892e-06 0
743 1.313131313131313e-06 8.092503987240828e-06 0
744 1.313131313131314e-06 8.239234449760763e-06 0
745 1.313131313131314e-06 8.3859649122807e-06 0
746 1.313131313131314e-06 8.532695374800636e-06 0
747 1.313131313131314e-06 8.679425837320573e-06 0
748 1.313131313131314e-06 8.826156299840509e-06 0
749 1.313131313131314e-06 8.972886762360446e-06 0
750 1.313131313131313e-06 9.119617224880383e-06 0
751 1.313131313131314e-06 9.266347687400317e-06 0
752 1.313131313131314e-06 9.413078149920256e-06 0
753 1.313131313131314e-06 9.559808612440191e-06 0
754 1.313131313131314e-06 9.706539074960126e-06 0
755 1.313131313131314e-06 9.853269537480065e-06 0
756 1.414141414141413e-06 3.763955342902718e-07 0
757 1.414141414141413e-06 7.527910685805403e-07 0
758 1.414141414141413e-06 1.129186602870811e-06 0
759 1.414141414141412e-06 1.505582137161084e-06 0
760 1.414141414141412e-06 1.881977671451355e-06 0
761 1.414141414141413e-06 2.258373205741623e-06 0
762 1.414141414141412e-06 2.634768740031895e-06 0
763 1.414141414141413e-06 3.011164274322166e-06 0
764 1.414141414141413e-06 3.387559808612438e-06 0
765 1.414141414141413e-06 3.763955342902708e-06 0
766 1.414141414141413e-06 4.140350877192979e-06 0
767 1.414141414141414e-06 4.516746411483249e-06 0
768 1.414141414141414e-06 4.89314194577352e-06 0
769 1.414141414141414e-06 5.269537480063791e-06 0
770 1.414141414141414e-06 5.645933014354062e-06 0
771 1.414141414141412e-06 6.022328548644334e-06 0
772 1.414141414141413e-06 6.398724082934606e-06 0
773 1.414141414141412e-06 6.775119617224878e-06 0
774 1.414141414141412e-06 7.151515151515151e-06 0
775 1.414141414141413e-06 7.301435406698564e-06 0
776 1.414141414141414e-06 7.451355661881977e-06 0
777 1.414141414141415e-06 7.60127591706539e-06 0
778 1.414141414141414e-06 7.751196172248804e-06 0
779 1.414141414141414e-06 7.901116427432217e-06 0
780 1.414141414141414e-06 8.051036682615629e-06 0
781 1.414141414141414e-06 8.200956937799041e-06 0
782 1.414141414141415e-06 8.350877192982456e-06 0
783 1.414141414141414e-06 8.500797448165868e-06 0
784 1.414141414141414e-06 8.650717703349281e-06 0
785 1.414141414141415e-06 8.800637958532695e-06 0
786 1.414141414141414e-06 8.950558213716108e-06 0
787 1.414141414141415e-06 9.100478468899522e-06 0
788 1.414141414141414e-06 9.250398724082935e-06 0
789 1.414141414141415e-06 9.400318979266347e-06 0
790 1.414141414141414e-06 9.55023923444976e-06 0
791 1.414141414141414e-06 9.700159489633174e-06 0
792 1.414141414141415e-06 9.850079744816587e-06 0
793 1.515151515151514e-06 3.732057416267955e-07 0
794 1.515151515151513e-06 7.46411483253586e-07 0
795 1.515151515151513e-06 1.119617224880382e-06 0
796 1.515151515151514e-06 1.492822966507177e-06 0
797 1.515151515151513e-06 1.86602870813397e-06 0
798 1.515151515151514e-06 2.239234449760763e-06 0
799 1.515151515151513e-06 2.612440191387557e-06 0
800 1.515151515151513e-06 2.985645933014352e-06 0
801 1.515151515151513e-06 3.358851674641146e-06 0
802 1.515151515151514e-06 3.73205741626794e-06 0
803 1.515151515151515e-06 4.105263157894732e-06 0
804 1.515151515151515e-06 4.478468899521527e-06 0
805 1.515151515151513e-06 4.851674641148322e-06 0
806 1.515151515151515e-06 5.224880382775116e-06 0
807 1.515151515151514e-06 5.59808612440191e-06 0
808 1.515151515151514e-06 5.971291866028705e-06 0
809 1.515151515151514e-06 6.3444976076555e-06 0
810 1.515151515151515e-06 6.717703349282294e-06 0
811 1.515151515151513e-06 7.09090909090909e-06 0
812 1.515151515151514e-06 7.24401913875598e-06 0
813 1.515151515151514e-06 7.39712918660287e-06 0
814 1.515151515151514e-06 7.55023923444976e-06 0
815 1.515151515151515e-06 7.703349282296651e-06 0
816 1.515151515151514e-06 7.85645933014354e-06 0
817 1.515151515151515e-06 8.00956937799043e-06 0
818 1.515151515151515e-06 8.162679425837318e-06 0
819 1.515151515151514e-06 8.31578947368421e-06 0
820 1.515151515151515e-06 8.4688995215311e-06 0
821 1.515151515151515e-06 8.622009569377989e-06 0
822 1.515151515151515e-06 8.775119617224881e-06 0
823 1.515151515151515e-06 8.928229665071771e-06 0
824 1.515151515151515e-06 9.08133971291866e-06 0
825 1.515151515151515e-06 9.23444976076555e-06 0
826 1.515151515151515e-06 9.38755980861244e-06 0
827 1.515151515151515e-06 9.540669856459331e-06 0
828 1.515151515151515e-06 9.693779904306221e-06 0
829 1.515151515151515e-06 9.846889952153111e-06 0
830 1.616161616161615e-06 3.700159489633175e-07 0
831 1.616161616161614e-06 7.400318979266334e-07 0
832 1.616161616161615e-06 1.110047846889951e-06 0
833 1.616161616161614e-06 1.480063795853271e-06 0
834 1.616161616161614e-06 1.850079744816586e-06 0
835 1.616161616161614e-06 2.220095693779901e-06 0
836 1.616161616161614e-06 2.590111642743219e-06 0
837 1.616161616161614e-06 2.960127591706536e-06 0
838 1.616161616161615e-06 3.330143540669853e-06 0
839 1.616161616161615e-06 3.700159489633169e-06 0
840 1.616161616161616e-06 4.070175438596487e-06 0
841 1.616161616161615e-06 4.440191387559805e-06 0
842 1.616161616161615e-06 4.810207336523122e-06 0
843 1.616161616161616e-06 5.180223285486439e-06 0
844 1.616161616161616e-06 5.550239234449756e-06 0
845 1.616161616161616e-06 5.920255183413075e-06 0
846 1.616161616161615e-06 6.290271132376393e-06 0
847 1.616161616161616e-06 6.660287081339711e-06 0
848 1.616161616161615e-06 7.03030303030303e-06 0
849 1.616161616161616e-06 7.186602870813396e-06 0
850 1.616161616161616e-06 7.342902711323763e-06 0
851 1.616161616161616e-06 7.49920255183413e-06 0
852 1.616161616161616e-06 7.655502392344496e-06 0
853 1.616161616161616e-06 7.811802232854864e-06 0
854 1.616161616161616e-06 7.968102073365231e-06 0
855 1.616161616161616e-06 8.124401913875598e-06 0
856 1.616161616161616e-06 8.280701754385964e-06 0
857 1.616161616161616e-06 8.437001594896331e-06 0
858 1.616161616161616e-06 8.593301435406698e-06 0
859 1.616161616161617e-06 8.749601275917064e-06 0
860 1.616161616161616e-06 8.905901116427431e-06 0
861 1.616161616161617e-06 9.062200956937799e-06 0
862 1.616161616161616e-06 9.218500797448167e-06 0
863 1.616161616161617e-06 9.374800637958531e-06 0
864 1.616161616161618e-06 9.531100478468901e-06 0
865 1.616161616161618e-06 9.687400318979267e-06 0
866 1.616161616161617e-06 9.843700159489635e-06 0
867 1.717171717171715e-06 3.668261562998404e-07 0
868 1.717171717171716e-06 7.336523125996799e-07 0
869 1.717171717171715e-06 1.100478468899519e-06 0
870 1.717171717171715e-06 1.467304625199361e-06 0
871 1.717171717171716e-06 1.834130781499201e-06 0
872 1.717171717171716e-06 2.20095693779904e-06 0
873 1.717171717171715e-06 2.567783094098882e-06 0
874 1.717171717171716e-06 2.934609250398722e-06 0
875 1.717171717171716e-06 3.301435406698562e-06 0
876 1.717171717171715e-06 3.668261562998401e-06 0
877 1.717171717171716e-06 4.035087719298242e-06 0
878 1.717171717171716e-06 4.401913875598083e-06 0
879 1.717171717171716e-06 4.768740031897922e-06 0
880 1.717171717171716e-06 5.135566188197763e-06 0
881 1.717171717171716e-06 5.502392344497603e-06 0
882 1.717171717171716e-06 5.869218500797445e-06 0
883 1.717171717171716e-06 6.236044657097286e-06 0
884 1.717171717171716e-06 6.602870813397127e-06 0
885 1.717171717171716e-06 6.969696969696968e-06 0
886 1.717171717171717e-06 7.129186602870812e-06 0
887 1.717171717171716e-06 7.288676236044656e-06 0
888 1.717171717171716e-06 7.4481658692185e-06 0
889 1.717171717171717e-06 7.607655502392345e-06 0
890 1.717171717171718e-06 7.767145135566189e-06 0
891 1.717171717171718e-06 7.926634768740031e-06 0
892 1.717171717171717e-06 8.086124401913875e-06 0
893 1.717171717171717e-06 8.245614035087719e-06 0
894 1.717171717171718e-06 8.405103668261562e-06 0
895 1.717171717171718e-06 8.564593301435406e-06 0
896 1.717171717171717e-06 8.72408293460925e-06 0
897 1.717171717171717e-06 8.883572567783092e-06 0
898 1.717171717171718e-06 9.043062200956938e-06 0
899 1.717171717171718e-06 9.202551834130782e-06 0
900 1.717171717171717e-06 9.362041467304626e-06 0
901 1.717171717171718e-06 9.521531100478469e-06 0
902 1.717171717171718e-06 9.681020733652313e-06 0
903 1.717171717171718e-06 9.840510366826157e-06 0
904 1.818181818181816e-06 3.636363636363658e-07 0
905 1.818181818181815e-06 7.272727272727248e-07 0
906 1.818181818181815e-06 1.09090909090909e-06 0
907 1.818181818181817e-06 1.454545454545455e-06 0
908 1.818181818181817e-06 1.818181818181817e-06 0
909 1.818181818181816e-06 2.181818181818179e-06 0
910 1.818181818181816e-06 2.545454545454543e-06 0
911 1.818181818181816e-06 2.909090909090908e-06 0
912 1.818181818181817e-06 3.272727272727271e-06 0
913 1.818181818181816e-06 3.636363636363633e-06 0
914 1.818181818181816e-06 3.999999999999996e-06 0
915 1.818181818181816e-06 4.36363636363636e-06 0
916 1.818181818181817e-06 4.727272727272724e-06 0
917 1.818181818181817e-06 5.090909090909086e-06 0
918 1.818181818181817e-06 5.454545454545451e-06 0
919 1.818181818181817e-06 5.818181818181815e-06 0
920 1.818181818181816e-06 6.181818181818178e-06 0
921 1.818181818181817e-06 6.545454545454543e-06 0
922 1.818181818181817e-06 6.909090909090908e-06 0
923 1.818181818181817e-06 7.071770334928229e-06 0
924 1.818181818181816e-06 7.234449760765549e-06 0
925 1.818181818181817e-06 7.39712918660287e-06 0
926 1.818181818181817e-06 7.559808612440191e-06 0
927 1.818181818181817e-06 7.722488038277512e-06 0
928 1.818181818181818e-06 7.885167464114832e-06 0
929 1.818181818181816e-06 8.047846889952153e-06 0
930 1.818181818181818e-06 8.210526315789473e-06 0
931 1.818181818181818e-06 8.373205741626793e-06 0
932 1.818181818181818e-06 8.535885167464116e-06 0
933 1.818181818181818e-06 8.698564593301436e-06 0
934 1.818181818181818e-06 8.861244019138756e-06 0
935 1.818181818181818e-06 9.023923444976077e-06 0
936 1.818181818181818e-06 9.186602870813397e-06 0
937 1.818181818181818e-06 9.349282296650718e-06 0
938 1.818181818181818e-06 9.511961722488038e-06 0
939 1.818181818181818e-06 9.67464114832536e-06 0
940 1.818181818181819e-06 9.83732057416268e-06 0
941 1.919191919191916e-06 3.604465709728869e-07 0
942 1.919191919191917e-06 7.208931419457713e-07 0
943 1.919191919191917e-06 1.081339712918658e-06 0
944 1.919191919191918e-06 1.441786283891547e-06 0
945 1.919191919191917e-06 1.802232854864432e-06 0
946 1.919191919191917e-06 2.162679425837318e-06 0
947 1.919191919191917e-06 2.523125996810205e-06 0
948 1.919191919191917e-06 2.883572567783091e-06 0
949 1.919191919191918e-06 3.244019138755978e-06 0
950 1.919191919191917e-06 3.604465709728863e-06 0
951 1.919191919191918e-06 3.96491228070175e-06 0
952 1.919191919191917e-06 4.325358851674637e-06 0
953 1.919191919191918e-06 4.685805422647523e-06 0
954 1.919191919191918e-06 5.046251993620409e-06 0
955 1.919191919191918e-06 5.406698564593297e-06 0
956 1.919191919191918e-06 5.767145135566185e-06 0
957 1.919191919191918e-06 6.127591706539071e-06 0
958 1.919191919191918e-06 6.48803827751196e-06 0
959 1.919191919191919e-06 6.848484848484846e-06 0
960 1.919191919191918e-06 7.014354066985645e-06 0
961 1.919191919191918e-06 7.180223285486442e-06 0
962 1.919191919191918e-06 7.34609250398724e-06 0
963 1.919191919191918e-06 7.511961722488038e-06 0
964 1.91919191919192e-06 7.677830940988835e-06 0
965 1.919191919191919e-06 7.843700159489632e-06 0
966 1.919191919191918e-06 8.00956937799043e-06 0
967 1.919191919191918e-06 8.175438596491227e-06 0
968 1.91919191919192e-06 8.341307814992024e-06 0
969 1.919191919191919e-06 8.507177033492822e-06 0
970 1.91919191919192e-06 8.67304625199362e-06 0
971 1.919191919191919e-06 8.838915470494417e-06 0
972 1.919191919191921e-06 9.004784688995216e-06 0
973 1.91919191919192e-06 9.170653907496014e-06 0
974 1.91919191919192e-06 9.336523125996809e-06 0
975 1.91919191919192e-06 9.502392344497609e-06 0
976 1.91919191919192e-06 9.668261562998406e-06 0
977 1.91919191919192e-06 9.834130781499204e-06 0
978 2.020202020202017e-06 3.572567783094115e-07 0
979 2.020202020202018e-06 7.145135566188204e-07 0
980 2.020202020202018e-06 1.071770334928228e-06 0
981 2.020202020202018e-06 1.429027113237639e-06 0
982 2.020202020202018e-06 1.786283891547048e-06 0
983 2.020202020202017e-06 2.143540669856456e-06 0
984 2.020202020202018e-06 2.500797448165867e-06 0
985 2.020202020202018e-06 2.858054226475277e-06 0
986 2.020202020202018e-06 3.215311004784686e-06 0
987 2.020202020202018e-06 3.572567783094096e-06 0
988 2.020202020202019e-06 3.929824561403505e-06 0
989 2.020202020202018e-06 4.287081339712915e-06 0
990 2.020202020202019e-06 4.644338118022325e-06 0
991 2.020202020202019e-06 5.001594896331733e-06 0
992 2.020202020202018e-06 5.358851674641143e-06 0
993 2.020202020202018e-06 5.716108452950555e-06 0
994 2.020202020202019e-06 6.073365231259965e-06 0
995 2.020202020202019e-06 6.430622009569376e-06 0
996 2.02020202020202e-06 6.787878787878786e-06 0
997 2.020202020202019e-06 6.956937799043061e-06 0
998 2.020202020202019e-06 7.125996810207335e-06 0
999 2.020202020202019e-06 7.295055821371609e-06 0
1000 2.02020202020202e-06 7.464114832535885e-06 0
1001 2.020202020202019e-06 7.63317384370016e-06 0
1002 2.020202020202019e-06 7.802232854864433e-06 0
1003 2.02020202020202e-06 7.971291866028708e-06 0
1004 2.020202020202021e-06 8.140350877192983e-06 0
1005 2.020202020202019e-06 8.309409888357256e-06 0
1006 2.02020202020202e-06 8.478468899521532e-06 0
1007 2.02020202020202e-06 8.647527910685805e-06 0
1008 2.020202020202021e-06 8.81658692185008e-06 0
1009 2.02020202020202e-06 8.985645933014354e-06 0
1010 2.020202020202021e-06 9.154704944178629e-06 0
1011 2.020202020202021e-06 9.323763955342904e-06 0
1012 2.020202020202021e-06 9.492822966507178e-06 0
1013 2.020202020202021e-06 9.661881977671451e-06 0
1014 2.020202020202021e-06 9.830940988835726e-06 0
1015 2.121212121212119e-06 3.540669856459343e-07 0
1016 2.121212121212118e-06 7.081339712918644e-07 0
1017 2.121212121212119e-06 1.062200956937798e-06 0
1018 2.121212121212119e-06 1.416267942583732e-06 0
1019 2.121212121212118e-06 1.770334928229663e-06 0
1020 2.121212121212118e-06 2.124401913875595e-06 0
1021 2.121212121212119e-06 2.478468899521528e-06 0
1022 2.12121212121212e-06 2.832535885167462e-06 0
1023 2.121212121212119e-06 3.186602870813394e-06 0
1024 2.121212121212119e-06 3.540669856459327e-06 0
1025 2.121212121212119e-06 3.894736842105259e-06 0
1026 2.121212121212119e-06 4.248803827751191e-06 0
1027 2.121212121212121e-06 4.602870813397124e-06 0
1028 2.12121212121212e-06 4.956937799043058e-06 0
1029 2.12121212121212e-06 5.311004784688991e-06 0
1030 2.12121212121212e-06 5.665071770334925e-06 0
1031 2.12121212121212e-06 6.019138755980858e-06 0
1032 2.12121212121212e-06 6.373205741626792e-06 0
1033 2.12121212121212e-06 6.727272727272725e-06 0
1034 2.12121212121212e-06 6.899521531100478e-06 0
1035 2.121212121212121e-06 7.071770334928229e-06 0
1036 2.121212121212121e-06 7.24401913875598e-06 0
1037 2.121212121212121e-06 7.416267942583731e-06 0
1038 2.121212121212121e-06 7.588516746411483e-06 0
1039 2.121212121212121e-06 7.760765550239234e-06 0
1040 2.121212121212122e-06 7.933014354066984e-06 0
1041 2.121212121212122e-06 8.105263157894735e-06 0
1042 2.121212121212122e-06 8.277511961722487e-06 0
1043 2.121212121212122e-06 8.449760765550238e-06 0
1044 2.121212121212122e-06 8.622009569377989e-06 0
1045 2.121212121212122e-06 8.794258373205742e-06 0
1046 2.121212121212122e-06 8.966507177033493e-06 0
1047 2.121212121212122e-06 9.138755980861244e-06 0
1048 2.121212121212122e-06 9.311004784688995e-06 0
1049 2.121212121212123e-06 9.483253588516748e-06 0
1050 2.121212121212122e-06 9.655502392344497e-06 0
1051 2.121212121212123e-06 9.82775119617225e-06 0
1052 2.222222222222219e-06 3.508771929824555e-07 0
1053 2.22222222222222e-06 7.017543859649109e-07 0
1054 2.22222222222222e-06 1.052631578947366e-06 0
1055 2.22222222222222e-06 1.403508771929824e-06 0
1056 2.22222222222222e-06 1.75438596491228e-06 0
1057 2.22222222222222e-06 2.105263157894734e-06 0
1058 2.22222222222222e-06 2.456140350877192e-06 0
1059 2.22222222222222e-06 2.807017543859647e-06 0
1060 2.222222222222221e-06 3.157894736842102e-06 0
1061 2.222222222222221e-06 3.508771929824558e-06 0
1062 2.222222222222222e-06 3.859649122807013e-06 0
1063 2.222222222222222e-06 4.210526315789471e-06 0
1064 2.222222222222221e-06 4.561403508771925e-06 0
1065 2.222222222222221e-06 4.912280701754382e-06 0
1066 2.222222222222221e-06 5.263157894736838e-06 0
1067 2.222222222222222e-06 5.614035087719295e-06 0
1068 2.22222222222222e-06 5.964912280701751e-06 0
1069 2.222222222222222e-06 6.315789473684209e-06 0
1070 2.222222222222222e-06 6.666666666666665e-06 0
1071 2.222222222222221e-06 6.842105263157894e-06 0
1072 2.222222222222221e-06 7.017543859649121e-06 0
1073 2.222222222222222e-06 7.19298245614035e-06 0
1074 2.222222222222222e-06 7.368421052631578e-06 0
1075 2.222222222222222e-06 7.543859649122807e-06 0
1076 2.222222222222222e-06 7.719298245614034e-06 0
1077 2.222222222222222e-06 7.894736842105261e-06 0
1078 2.222222222222222e-06 8.07017543859649e-06 0
1079 2.222222222222222e-06 8.245614035087719e-06 0
1080 2.222222222222222e-06 8.421052631578947e-06 0
1081 2.222222222222222e-06 8.596491228070174e-06 0
1082 2.222222222222222e-06 8.771929824561403e-06 0
1083 2.222222222222222e-06 8.947368421052632e-06 0
1084 2.222222222222223e-06 9.122807017543861e-06 0
1085 2.222222222222222e-06 9.298245614035088e-06 0
1086 2.222222222222223e-06 9.473684210526317e-06 0
1087 2.222222222222223e-06 9.649122807017545e-06 0
1088 2.222222222222224e-06 9.824561403508774e-06 0
1089 2.32323232323232e-06 3.476874003189783e-07 0
1090 2.32323232323232e-06 6.953748006379575e-07 0
1091 2.32323232323232e-06 1.043062200956936e-06 0
1092 2.32323232323232e-06 1.390749601275917e-06 0
1093 2.323232323232321e-06 1.738437001594895e-06 0
1094 2.32323232323232e-06 2.086124401913872e-06 0
1095 2.323232323232321e-06 2.433811802232852e-06 0
1096 2.323232323232322e-06 2.781499202551832e-06 0
1097 2.323232323232322e-06 3.129186602870811e-06 0
1098 2.323232323232321e-06 3.476874003189789e-06 0
1099 2.323232323232322e-06 3.824561403508768e-06 0
1100 2.323232323232322e-06 4.172248803827747e-06 0
1101 2.323232323232323e-06 4.519936204146727e-06 0
1102 2.323232323232323e-06 4.867623604465705e-06 0
1103 2.323232323232323e-06 5.215311004784685e-06 0
1104 2.323232323232323e-06 5.562998405103665e-06 0
1105 2.323232323232323e-06 5.910685805422644e-06 0
1106 2.323232323232322e-06 6.258373205741624e-06 0
1107 2.323232323232322e-06 6.606060606060604e-06 0
1108 2.323232323232323e-06 6.78468899521531e-06 0
1109 2.323232323232323e-06 6.963317384370015e-06 0
1110 2.323232323232323e-06 7.14194577352472e-06 0
1111 2.323232323232323e-06 7.320574162679425e-06 0
1112 2.323232323232324e-06 7.499202551834131e-06 0
1113 2.323232323232324e-06 7.677830940988835e-06 0
1114 2.323232323232324e-06 7.856459330143539e-06 0
1115 2.323232323232324e-06 8.035087719298246e-06 0
1116 2.323232323232324e-06 8.213716108452949e-06 0
1117 2.323232323232324e-06 8.392344497607655e-06 0
1118 2.323232323232324e-06 8.57097288676236e-06 0
1119 2.323232323232324e-06 8.749601275917064e-06 0
1120 2.323232323232325e-06 8.928229665071771e-06 0
1121 2.323232323232325e-06 9.106858054226476e-06 0
1122 2.323232323232325e-06 9.285486443381181e-06 0
1123 2.323232323232326e-06 9.464114832535885e-06 0
1124 2.323232323232326e-06 9.642743221690589e-06 0
1125 2.323232323232326e-06 9.821371610845296e-06 0
1126 2.424242424242421e-06 3.444976076555037e-07 0
1127 2.424242424242421e-06 6.88995215311004e-07 0
1128 2.424242424242421e-06 1.033492822966506e-06 0
1129 2.424242424242421e-06 1.37799043062201e-06 0
1130 2.424242424242422e-06 1.72248803827751e-06 0
1131 2.424242424242422e-06 2.066985645933012e-06 0
1132 2.424242424242422e-06 2.411483253588515e-06 0
1133 2.424242424242422e-06 2.755980861244017e-06 0
1134 2.424242424242422e-06 3.100478468899518e-06 0
1135 2.424242424242422e-06 3.44497607655502e-06 0
1136 2.424242424242422e-06 3.789473684210522e-06 0
1137 2.424242424242423e-06 4.133971291866024e-06 0
1138 2.424242424242423e-06 4.478468899521526e-06 0
1139 2.424242424242423e-06 4.822966507177028e-06 0
1140 2.424242424242424e-06 5.167464114832531e-06 0
1141 2.424242424242424e-06 5.511961722488035e-06 0
1142 2.424242424242424e-06 5.856459330143538e-06 0
1143 2.424242424242424e-06 6.20095693779904e-06 0
1144 2.424242424242424e-06 6.545454545454543e-06 0
1145 2.424242424242424e-06 6.727272727272726e-06 0
1146 2.424242424242424e-06 6.909090909090908e-06 0
1147 2.424242424242424e-06 7.09090909090909e-06 0
1148 2.424242424242425e-06 7.272727272727272e-06 0
1149 2.424242424242425e-06 7.454545454545455e-06 0
1150 2.424242424242424e-06 7.636363636363636e-06 0
1151 2.424242424242425e-06 7.818181818181816e-06 0
1152 2.424242424242425e-06 8e-06 0
1153 2.424242424242424e-06 8.181818181818181e-06 0
1154 2.424242424242426e-06 8.363636363636363e-06 0
1155 2.424242424242426e-06 8.545454545454544e-06 0
1156 2.424242424242426e-06 8.727272727272728e-06 0
1157 2.424242424242426e-06 8.909090909090909e-06 0
1158 2.424242424242426e-06 9.090909090909091e-06 0
1159 2.424242424242426e-06 9.272727272727273e-06 0
1160 2.424242424242425e-06 9.454545454545454e-06 0
1161 2.424242424242426e-06 9.636363636363638e-06 0
1162 2.424242424242425e-06 9.818181818181819e-06 0
1163 2.525252525252521e-06 3.413078149920257e-07 0
1164 2.525252525252522e-06 6.826156299840497e-07 0
1165 2.525252525252522e-06 1.023923444976075e-06 0
1166 2.525252525252521e-06 1.365231259968103e-06 0
1167 2.525252525252523e-06 1.706539074960127e-06 0
1168 2.525252525252522e-06 2.04784688995215e-06 0
1169 2.525252525252522e-06 2.389154704944176e-06 0
1170 2.525252525252522e-06 2.730462519936201e-06 0
1171 2.525252525252522e-06 3.071770334928227e-06 0
1172 2.525252525252522e-06 3.413078149920251e-06 0
1173 2.525252525252522e-06 3.754385964912276e-06 0
1174 2.525252525252524e-06 4.095693779904303e-06 0
1175 2.525252525252523e-06 4.437001594896327e-06 0
1176 2.525252525252523e-06 4.778309409888353e-06 0
1177 2.525252525252522e-06 5.119617224880379e-06 0
1178 2.525252525252524e-06 5.460925039872405e-06 0
1179 2.525252525252523e-06 5.802232854864431e-06 0
1180 2.525252525252524e-06 6.143540669856458e-06 0
1181 2.525252525252524e-06 6.484848484848483e-06 0
1182 2.525252525252524e-06 6.669856459330143e-06 0
1183 2.525252525252524e-06 6.854864433811801e-06 0
1184 2.525252525252524e-06 7.03987240829346e-06 0
1185 2.525252525252524e-06 7.22488038277512e-06 0
1186 2.525252525252525e-06 7.409888357256778e-06 0
1187 2.525252525252525e-06 7.594896331738437e-06 0
1188 2.525252525252525e-06 7.779904306220096e-06 0
1189 2.525252525252525e-06 7.964912280701753e-06 0
1190 2.525252525252525e-06 8.149920255183413e-06 0
1191 2.525252525252526e-06 8.334928229665073e-06 0
1192 2.525252525252526e-06 8.519936204146729e-06 0
1193 2.525252525252526e-06 8.704944178628389e-06 0
1194 2.525252525252526e-06 8.889952153110048e-06 0
1195 2.525252525252527e-06 9.074960127591708e-06 0
1196 2.525252525252526e-06 9.259968102073366e-06 0
1197 2.525252525252526e-06 9.444976076555025e-06 0
1198 2.525252525252527e-06 9.629984051036683e-06 0
1199 2.525252525252527e-06 9.814992025518343e-06 0
1200 2.626262626262622e-06 3.381180223285477e-07 0
1201 2.626262626262622e-06 6.762360446570954e-07 0
1202 2.626262626262622e-06 1.014354066985645e-06 0
1203 2.626262626262622e-06 1.352472089314194e-06 0
1204 2.626262626262622e-06 1.690590111642741e-06 0
1205 2.626262626262623e-06 2.028708133971289e-06 0
1206 2.626262626262624e-06 2.366826156299838e-06 0
1207 2.626262626262623e-06 2.704944178628388e-06 0
1208 2.626262626262623e-06 3.043062200956934e-06 0
1209 2.626262626262623e-06 3.381180223285484e-06 0
1210 2.626262626262623e-06 3.719298245614031e-06 0
1211 2.626262626262625e-06 4.057416267942579e-06 0
1212 2.626262626262624e-06 4.395534290271129e-06 0
1213 2.626262626262624e-06 4.733652312599677e-06 0
1214 2.626262626262624e-06 5.071770334928225e-06 0
1215 2.626262626262625e-06 5.409888357256775e-06 0
1216 2.626262626262625e-06 5.748006379585325e-06 0
1217 2.626262626262625e-06 6.086124401913874e-06 0
1218 2.626262626262625e-06 6.424242424242423e-06 0
1219 2.626262626262625e-06 6.612440191387559e-06 0
1220 2.626262626262625e-06 6.800637958532694e-06 0
1221 2.626262626262625e-06 6.988835725677831e-06 0
1222 2.626262626262625e-06 7.177033492822967e-06 0
1223 2.626262626262626e-06 7.365231259968103e-06 0
1224 2.626262626262626e-06 7.553429027113237e-06 0
1225 2.626262626262626e-06 7.741626794258373e-06 0
1226 2.626262626262626e-06 7.929824561403509e-06 0
1227 2.626262626262626e-06 8.118022328548643e-06 0
1228 2.626262626262626e-06 8.306220095693781e-06 0
1229 2.626262626262626e-06 8.494417862838915e-06 0
1230 2.626262626262626e-06 8.682615629984049e-06 0
1231 2.626262626262627e-06 8.870813397129187e-06 0
1232 2.626262626262627e-06 9.059011164274323e-06 0
1233 2.626262626262627e-06 9.247208931419459e-06 0
1234 2.626262626262628e-06 9.435406698564593e-06 0
1235 2.626262626262628e-06 9.623604465709729e-06 0
1236 2.626262626262628e-06 9.811802232854865e-06 0
1237 2.727272727272723e-06 3.349282296650731e-07 0
1238 2.727272727272724e-06 6.698564593301411e-07 0
1239 2.727272727272723e-06 1.004784688995214e-06 0
1240 2.727272727272724e-06 1.339712918660288e-06 0
1241 2.727272727272724e-06 1.674641148325358e-06 0
1242 2.727272727272724e-06 2.009569377990428e-06 0
1243 2.727272727272723e-06 2.344497607655501e-06 0
1244 2.727272727272723e-06 2.679425837320573e-06 0
1245 2.727272727272725e-06 3.014354066985643e-06 0
1246 2.727272727272725e-06 3.349282296650715e-06 0
1247 2.727272727272725e-06 3.684210526315786e-06 0
1248 2.727272727272724e-06 4.019138755980857e-06 0
1249 2.727272727272725e-06 4.354066985645928e-06 0
1250 2.727272727272725e-06 4.688995215311e-06 0
1251 2.727272727272726e-06 5.023923444976073e-06 0
1252 2.727272727272726e-06 5.358851674641145e-06 0
1253 2.727272727272726e-06 5.693779904306217e-06 0
1254 2.727272727272726e-06 6.028708133971289e-06 0
1255 2.727272727272727e-06 6.363636363636362e-06 0
1256 2.727272727272726e-06 6.555023923444975e-06 0
1257 2.727272727272727e-06 6.746411483253588e-06 0
1258 2.727272727272726e-06 6.937799043062199e-06 0
1259 2.727272727272727e-06 7.129186602870813e-06 0
1260 2.727272727272727e-06 7.320574162679425e-06 0
1261 2.727272727272727e-06 7.511961722488038e-06 0
1262 2.727272727272728e-06 7.703349282296649e-06 0
1263 2.727272727272727e-06 7.894736842105263e-06 0
1264 2.727272727272727e-06 8.086124401913875e-06 0
1265 2.727272727272727e-06 8.277511961722489e-06 0
1266 2.727272727272728e-06 8.4688995215311e-06 0
1267 2.727272727272728e-06 8.660287081339714e-06 0
1268 2.727272727272729e-06 8.851674641148326e-06 0
1269 2.727272727272729e-06 9.043062200956938e-06 0
1270 2.727272727272729e-06 9.23444976076555e-06 0
1271 2.727272727272729e-06 9.425837320574162e-06 0
1272 2.727272727272729e-06 9.617224880382776e-06 0
1273 2.727272727272729e-06 9.808612440191389e-06 0
1274 2.828282828282824e-06 3.317384370015951e-07 0
1275 2.828282828282825e-06 6.634768740031885e-07 0
1276 2.828282828282825e-06 9.952153110047827e-07 0
1277 2.828282828282826e-06 1.32695374800638e-06 0
1278 2.828282828282825e-06 1.658692185007973e-06 0
1279 2.828282828282826e-06 1.990430622009568e-06 0
1280 2.828282828282826e-06 2.322169059011163e-06 0
1281 2.828282828282826e-06 2.653907496012757e-06 0
1282 2.828282828282826e-06 2.985645933014352e-06 0
1283 2.828282828282826e-06 3.317384370015945e-06 0
1284 2.828282828282826e-06 3.64912280701754e-06 0
1285 2.828282828282826e-06 3.980861244019134e-06 0
1286 2.828282828282826e-06 4.312599681020729e-06 0
1287 2.828282828282827e-06 4.644338118022325e-06 0
1288 2.828282828282827e-06 4.976076555023919e-06 0
1289 2.828282828282827e-06 5.307814992025515e-06 0
1290 2.828282828282827e-06 5.63955342902711e-06 0
1291 2.828282828282827e-06 5.971291866028707e-06 0
1292 2.828282828282828e-06 6.303030303030301e-06 0
1293 2.828282828282828e-06 6.497607655502391e-06 0
1294 2.828282828282828e-06 6.69218500797448e-06 0
1295 2.828282828282828e-06 6.886762360446571e-06 0
1296 2.828282828282828e-06 7.081339712918659e-06 0
1297 2.828282828282829e-06 7.275917065390749e-06 0
1298 2.828282828282828e-06 7.470494417862838e-06 0
1299 2.828282828282828e-06 7.665071770334927e-06 0
1300 2.828282828282829e-06 7.859649122807017e-06 0
1301 2.828282828282829e-06 8.054226475279107e-06 0
1302 2.828282828282829e-06 8.248803827751197e-06 0
1303 2.82828282828283e-06 8.443381180223284e-06 0
1304 2.82828282828283e-06 8.637958532695374e-06 0
1305 2.82828282828283e-06 8.832535885167465e-06 0
1306 2.82828282828283e-06 9.027113237639555e-06 0
1307 2.82828282828283e-06 9.221690590111642e-06 0
1308 2.82828282828283e-06 9.416267942583732e-06 0
1309 2.82828282828283e-06 9.610845295055822e-06 0
1310 2.82828282828283e-06 9.805422647527912e-06 0
1311 2.929292929292925e-06 3.285486443381188e-07 0
1312 2.929292929292925e-06 6.570972886762359e-07 0
1313 2.929292929292924e-06 9.85645933014353e-07 0
1314 2.929292929292926e-06 1.314194577352471e-06 0
1315 2.929292929292925e-06 1.642743221690589e-06 0
1316 2.929292929292926e-06 1.971291866028705e-06 0
1317 2.929292929292926e-06 2.299840510366823e-06 0
1318 2.929292929292927e-06 2.628389154704943e-06 0
1319 2.929292929292927e-06 2.956937799043059e-06 0
1320 2.929292929292927e-06 3.285486443381177e-06 0
1321 2.929292929292927e-06 3.614035087719295e-06 0
1322 2.929292929292927e-06 3.942583732057412e-06 0
1323 2.929292929292928e-06 4.271132376395529e-06 0
1324 2.929292929292928e-06 4.599681020733647e-06 0
1325 2.929292929292927e-06 4.928229665071766e-06 0
1326 2.929292929292928e-06 5.256778309409885e-06 0
1327 2.929292929292928e-06 5.585326953748002e-06 0
1328 2.929292929292928e-06 5.913875598086122e-06 0
1329 2.929292929292929e-06 6.24242424242424e-06 0
1330 2.929292929292929e-06 6.440191387559807e-06 0
1331 2.929292929292929e-06 6.637958532695373e-06 0
1332 2.929292929292929e-06 6.83572567783094e-06 0
1333 2.92929292929293e-06 7.033492822966506e-06 0
1334 2.92929292929293e-06 7.231259968102073e-06 0
1335 2.92929292929293e-06 7.429027113237639e-06 0
1336 2.92929292929293e-06 7.626794258373206e-06 0
1337 2.92929292929293e-06 7.824561403508772e-06 0
1338 2.92929292929293e-06 8.022328548644337e-06 0
1339 2.92929292929293e-06 8.220095693779904e-06 0
1340 2.92929292929293e-06 8.41786283891547e-06 0
1341 2.929292929292931e-06 8.615629984051037e-06 0
1342 2.929292929292931e-06 8.813397129186603e-06 0
1343 2.929292929292931e-06 9.01116427432217e-06 0
1344 2.929292929292931e-06 9.208931419457735e-06 0
1345 2.929292929292931e-06 9.406698564593303e-06 0
1346 2.929292929292931e-06 9.604465709728868e-06 0
1347 2.929292929292932e-06 9.802232854864434e-06 0
1348 3.030303030303026e-06 3.253588516746416e-07 0
1349 3.030303030303027e-06 6.507177033492816e-07 0
1350 3.030303030303027e-06 9.760765550239224e-07 0
1351 3.030303030303027e-06 1.301435406698563e-06 0
1352 3.030303030303027e-06 1.626794258373204e-06 0
1353 3.030303030303027e-06 1.952153110047845e-06 0
1354 3.030303030303028e-06 2.277511961722486e-06 0
1355 3.030303030303028e-06 2.602870813397126e-06 0
1356 3.030303030303028e-06 2.928229665071767e-06 0
1357 3.030303030303028e-06 3.253588516746407e-06 0
1358 3.030303030303028e-06 3.578947368421049e-06 0
1359 3.030303030303028e-06 3.904306220095689e-06 0
1360 3.030303030303028e-06 4.22966507177033e-06 0
1361 3.030303030303028e-06 4.555023923444971e-06 0
1362 3.030303030303029e-06 4.880382775119612e-06 0
1363 3.030303030303029e-06 5.205741626794254e-06 0
1364 3.030303030303029e-06 5.531100478468896e-06 0
1365 3.030303030303029e-06 5.856459330143538e-06 0
1366 3.03030303030303e-06 6.181818181818179e-06 0
1367 3.03030303030303e-06 6.382775119617222e-06 0
1368 3.03030303030303e-06 6.583732057416266e-06 0
1369 3.03030303030303e-06 6.784688995215309e-06 0
1370 3.030303030303031e-06 6.985645933014353e-06 0
1371 3.030303030303031e-06 7.186602870813397e-06 0
1372 3.030303030303031e-06 7.387559808612439e-06 0
1373 3.030303030303031e-06 7.588516746411482e-06 0
1374 3.030303030303031e-06 7.789473684210526e-06 0
1375 3.030303030303032e-06 7.990430622009567e-06 0
1376 3.030303030303032e-06 8.191387559808612e-06 0
1377 3.030303030303032e-06 8.392344497607655e-06 0
1378 3.030303030303033e-06 8.593301435406699e-06 0
1379 3.030303030303033e-06 8.794258373205742e-06 0
1380 3.030303030303032e-06 8.995215311004785e-06 0
1381 3.030303030303033e-06 9.196172248803828e-06 0
1382 3.030303030303033e-06 9.397129186602871e-06 0
1383 3.030303030303033e-06 9.598086124401915e-06 0
1384 3.030303030303033e-06 9.799043062200958e-06 0
1385 3.131313131313127e-06 3.221690590111636e-07 0
1386 3.131313131313127e-06 6.443381180223273e-07 0
1387 3.131313131313127e-06 9.665071770334918e-07 0
1388 3.131313131313127e-06 1.288676236044658e-06 0
1389 3.131313131313128e-06 1.610845295055821e-06 0
1390 3.131313131313128e-06 1.933014354066983e-06 0
1391 3.131313131313128e-06 2.255183413078148e-06 0
1392 3.131313131313128e-06 2.577352472089312e-06 0
1393 3.131313131313128e-06 2.899521531100475e-06 0
1394 3.131313131313128e-06 3.221690590111639e-06 0
1395 3.131313131313128e-06 3.543859649122803e-06 0
1396 3.131313131313129e-06 3.866028708133968e-06 0
1397 3.131313131313129e-06 4.188197767145132e-06 0
1398 3.13131313131313e-06 4.510366826156295e-06 0
1399 3.13131313131313e-06 4.832535885167459e-06 0
1400 3.13131313131313e-06 5.154704944178625e-06 0
1401 3.13131313131313e-06 5.476874003189789e-06 0
1402 3.13131313131313e-06 5.799043062200954e-06 0
1403 3.131313131313131e-06 6.121212121212118e-06 0
1404 3.131313131313131e-06 6.325358851674639e-06 0
1405 3.131313131313131e-06 6.529505582137159e-06 0
1406 3.131313131313131e-06 6.733652312599679e-06 0
1407 3.131313131313131e-06 6.9377990430622e-06 0
1408 3.131313131313132e-06 7.14194577352472e-06 0
1409 3.131313131313132e-06 7.34609250398724e-06 0
1410 3.131313131313132e-06 7.55023923444976e-06 0
1411 3.131313131313132e-06 7.75438596491228e-06 0
1412 3.131313131313133e-06 7.958532695374801e-06 0
1413 3.131313131313133e-06 8.16267942583732e-06 0
1414 3.131313131313133e-06 8.366826156299839e-06 0
1415 3.131313131313133e-06 8.57097288676236e-06 0
1416 3.131313131313134e-06 8.775119617224881e-06 0
1417 3.131313131313134e-06 8.9792663476874e-06 0
1418 3.131313131313134e-06 9.183413078149919e-06 0
1419 3.131313131313134e-06 9.38755980861244e-06 0
1420 3.131313131313134e-06 9.591706539074961e-06 0
1421 3.131313131313135e-06 9.795853269537482e-06 0
1422 3.232323232323228e-06 3.189792663476873e-07 0
1423 3.232323232323229e-06 6.37958532695373e-07 0
1424 3.232323232323228e-06 9.569377990430611e-07 0
1425 3.232323232323229e-06 1.275917065390748e-06 0
1426 3.232323232323229e-06 1.594896331738435e-06 0
1427 3.232323232323229e-06 1.913875598086121e-06 0
1428 3.232323232323229e-06 2.23285486443381e-06 0
1429 3.232323232323229e-06 2.551834130781497e-06 0
1430 3.232323232323229e-06 2.870813397129184e-06 0
1431 3.232323232323229e-06 3.189792663476871e-06 0
1432 3.23232323232323e-06 3.508771929824557e-06 0
1433 3.23232323232323e-06 3.827751196172245e-06 0
1434 3.232323232323229e-06 4.146730462519932e-06 0
1435 3.23232323232323e-06 4.465709728867619e-06 0
1436 3.232323232323231e-06 4.784688995215307e-06 0
1437 3.232323232323231e-06 5.103668261562995e-06 0
1438 3.232323232323231e-06 5.422647527910682e-06 0
1439 3.232323232323232e-06 5.74162679425837e-06 0
1440 3.232323232323232e-06 6.060606060606058e-06 0
1441 3.232323232323232e-06 6.267942583732056e-06 0
1442 3.232323232323232e-06 6.475279106858053e-06 0
1443 3.232323232323232e-06 6.68261562998405e-06 0
1444 3.232323232323232e-06 6.889952153110047e-06 0
1445 3.232323232323232e-06 7.097288676236044e-06 0
1446 3.232323232323232e-06 7.304625199362041e-06 0
1447 3.232323232323233e-06 7.511961722488038e-06 0
1448 3.232323232323233e-06 7.719298245614036e-06 0
1449 3.232323232323233e-06 7.926634768740031e-06 0
1450 3.232323232323233e-06 8.133971291866028e-06 0
1451 3.232323232323234e-06 8.341307814992025e-06 0
1452 3.232323232323234e-06 8.548644338118021e-06 0
1453 3.232323232323234e-06 8.75598086124402e-06 0
1454 3.232323232323234e-06 8.963317384370017e-06 0
1455 3.232323232323234e-06 9.170653907496014e-06 0
1456 3.232323232323235e-06 9.377990430622009e-06 0
1457 3.232323232323235e-06 9.585326953748005e-06 0
1458 3.232323232323235e-06 9.792663476874004e-06 0
1459 3.333333333333329e-06 3.157894736842119e-07 0
1460 3.33333333333333e-06 6.315789473684204e-07 0
1461 3.333333333333329e-06 9.473684210526305e-07 0
1462 3.33333333333333e-06 1.263157894736841e-06 0
1463 3.333333333333329e-06 1.578947368421051e-06 0
1464 3.33333333333333e-06 1.894736842105261e-06 0
1465 3.33333333333333e-06 2.210526315789472e-06 0
1466 3.33333333333333e-06 2.526315789473682e-06 0
1467 3.333333333333331e-06 2.842105263157892e-06 0
1468 3.333333333333331e-06 3.157894736842102e-06 0
1469 3.33333333333333e-06 3.473684210526312e-06 0
1470 3.333333333333331e-06 3.789473684210523e-06 0
1471 3.333333333333331e-06 4.105263157894732e-06 0
1472 3.333333333333332e-06 4.421052631578942e-06 0
1473 3.333333333333332e-06 4.736842105263153e-06 0
1474 3.333333333333332e-06 5.052631578947365e-06 0
1475 3.333333333333332e-06 5.368421052631576e-06 0
1476 3.333333333333332e-06 5.684210526315787e-06 0
1477 3.333333333333333e-06 5.999999999999998e-06 0
1478 3.333333333333332e-06 6.210526315789472e-06 0
1479 3.333333333333333e-06 6.421052631578945e-06 0
1480 3.333333333333333e-06 6.63157894736842e-06 0
1481 3.333333333333333e-06 6.842105263157895e-06 0
1482 3.333333333333333e-06 7.052631578947369e-06 0
1483 3.333333333333334e-06 7.263157894736842e-06 0
1484 3.333333333333334e-06 7.473684210526315e-06 0
1485 3.333333333333334e-06 7.684210526315788e-06 0
1486 3.333333333333334e-06 7.894736842105263e-06 0
1487 3.333333333333334e-06 8.105263157894736e-06 0
1488 3.333333333333334e-06 8.31578947368421e-06 0
1489 3.333333333333335e-06 8.526315789473685e-06 0
1490 3.333333333333335e-06 8.736842105263158e-06 0
1491 3.333333333333335e-06 8.947368421052632e-06 0
1492 3.333333333333335e-06 9.157894736842105e-06 0
1493 3.333333333333335e-06 9.36842105263158e-06 0
1494 3.333333333333336e-06 9.578947368421054e-06 0
1495 3.333333333333335e-06 9.789473684210526e-06 0
1496 3.43434343434343e-06 3.125996810207339e-07 0
1497 3.43434343434343e-06 6.25199362041466e-07 0
1498 3.43434343434343e-06 9.377990430621991e-07 0
1499 3.43434343434343e-06 1.250398724082934e-06 0
1500 3.43434343434343e-06 1.562998405103669e-06 0
1501 3.43434343434343e-06 1.8755980861244e-06 0
1502 3.43434343434343e-06 2.188197767145133e-06 0
1503 3.434343434343431e-06 2.500797448165867e-06 0
1504 3.434343434343432e-06 2.813397129186601e-06 0
1505 3.434343434343432e-06 3.125996810207334e-06 0
1506 3.434343434343431e-06 3.438596491228066e-06 0
1507 3.434343434343432e-06 3.7511961722488e-06 0
1508 3.434343434343433e-06 4.063795853269533e-06 0
1509 3.434343434343432e-06 4.376395534290267e-06 0
1510 3.434343434343433e-06 4.688995215311e-06 0
1511 3.434343434343433e-06 5.001594896331734e-06 0
1512 3.434343434343433e-06 5.314194577352468e-06 0
1513 3.434343434343433e-06 5.626794258373202e-06 0
1514 3.434343434343433e-06 5.939393939393937e-06 0
1515 3.434343434343434e-06 6.153110047846888e-06 0
1516 3.434343434343434e-06 6.366826156299839e-06 0
1517 3.434343434343434e-06 6.580542264752789e-06 0
1518 3.434343434343434e-06 6.79425837320574e-06 0
1519 3.434343434343435e-06 7.007974481658692e-06 0
1520 3.434343434343435e-06 7.221690590111642e-06 0
1521 3.434343434343436e-06 7.435406698564593e-06 0
1522 3.434343434343436e-06 7.649122807017543e-06 0
1523 3.434343434343436e-06 7.862838915470495e-06 0
1524 3.434343434343436e-06 8.076555023923445e-06 0
1525 3.434343434343436e-06 8.290271132376394e-06 0
1526 3.434343434343436e-06 8.503987240829346e-06 0
1527 3.434343434343436e-06 8.717703349282297e-06 0
1528 3.434343434343437e-06 8.931419457735247e-06 0
1529 3.434343434343437e-06 9.145135566188198e-06 0
1530 3.434343434343437e-06 9.35885167464115e-06 0
1531 3.434343434343437e-06 9.5725677830941e-06 0
1532 3.434343434343438e-06 9.786283891547051e-06 0
1533 3.535353535353531e-06 3.094098883572559e-07 0
1534 3.535353535353531e-06 6.188197767145134e-07 0
1535 3.535353535353532e-06 9.282296650717693e-07 0
1536 3.535353535353531e-06 1.237639553429026e-06 0
1537 3.535353535353531e-06 1.547049441786281e-06 0
1538 3.535353535353532e-06 1.856459330143538e-06 0
1539 3.535353535353532e-06 2.165869218500795e-06 0
1540 3.535353535353533e-06 2.475279106858051e-06 0
1541 3.535353535353533e-06 2.784688995215308e-06 0
1542 3.535353535353533e-06 3.094098883572564e-06 0
1543 3.535353535353533e-06 3.403508771929821e-06 0
1544 3.535353535353533e-06 3.712918660287077e-06 0
1545 3.535353535353534e-06 4.022328548644334e-06 0
1546 3.535353535353533e-06 4.331738437001591e-06 0
1547 3.535353535353534e-06 4.641148325358847e-06 0
1548 3.535353535353534e-06 4.950558213716104e-06 0
1549 3.535353535353534e-06 5.259968102073362e-06 0
1550 3.535353535353535e-06 5.569377990430618e-06 0
1551 3.535353535353535e-06 5.878787878787876e-06 0
1552 3.535353535353535e-06 6.095693779904305e-06 0
1553 3.535353535353535e-06 6.312599681020731e-06 0
1554 3.535353535353536e-06 6.529505582137159e-06 0
1555 3.535353535353536e-06 6.746411483253588e-06 0
1556 3.535353535353536e-06 6.963317384370016e-06 0
1557 3.535353535353536e-06 7.180223285486443e-06 0
1558 3.535353535353537e-06 7.39712918660287e-06 0
1559 3.535353535353537e-06 7.614035087719299e-06 0
1560 3.535353535353536e-06 7.830940988835725e-06 0
1561 3.535353535353537e-06 8.047846889952153e-06 0
1562 3.535353535353538e-06 8.26475279106858e-06 0
1563 3.535353535353538e-06 8.481658692185007e-06 0
1564 3.535353535353538e-06 8.698564593301436e-06 0
1565 3.535353535353539e-06 8.915470494417864e-06 0
1566 3.535353535353539e-06 9.132376395534291e-06 0
1567 3.535353535353538e-06 9.349282296650718e-06 0
1568 3.535353535353539e-06 9.566188197767145e-06 0
1569 3.535353535353539e-06 9.783094098883573e-06 0
1570 3.636363636363632e-06 3.062200956937821e-07 0
1571 3.636363636363631e-06 6.124401913875574e-07 0
1572 3.636363636363632e-06 9.186602870813395e-07 0
1573 3.636363636363632e-06 1.22488038277512e-06 0
1574 3.636363636363632e-06 1.531100478468898e-06 0
1575 3.636363636363632e-06 1.837320574162677e-06 0
1576 3.636363636363632e-06 2.143540669856457e-06 0
1577 3.636363636363632e-06 2.449760765550237e-06 0
1578 3.636363636363633e-06 2.755980861244017e-06 0
1579 3.636363636363633e-06 3.062200956937796e-06 0
1580 3.636363636363634e-06 3.368421052631575e-06 0
1581 3.636363636363634e-06 3.674641148325355e-06 0
1582 3.636363636363634e-06 3.980861244019135e-06 0
1583 3.636363636363634e-06 4.287081339712914e-06 0
1584 3.636363636363635e-06 4.593301435406694e-06 0
1585 3.636363636363635e-06 4.899521531100475e-06 0
1586 3.636363636363634e-06 5.205741626794254e-06 0
1587 3.636363636363635e-06 5.511961722488034e-06 0
1588 3.636363636363635e-06 5.818181818181816e-06 0
1589 3.636363636363635e-06 6.03827751196172e-06 0
1590 3.636363636363636e-06 6.258373205741625e-06 0
1591 3.636363636363636e-06 6.47846889952153e-06 0
1592 3.636363636363636e-06 6.698564593301435e-06 0
1593 3.636363636363637e-06 6.918660287081341e-06 0
1594 3.636363636363637e-06 7.138755980861245e-06 0
1595 3.636363636363637e-06 7.358851674641149e-06 0
1596 3.636363636363637e-06 7.578947368421052e-06 0
1597 3.636363636363637e-06 7.799043062200957e-06 0
1598 3.636363636363638e-06 8.019138755980863e-06 0
1599 3.636363636363637e-06 8.239234449760765e-06 0
1600 3.636363636363638e-06 8.459330143540671e-06 0
1601 3.636363636363639e-06 8.679425837320575e-06 0
1602 3.636363636363638e-06 8.899521531100479e-06 0
1603 3.636363636363639e-06 9.119617224880383e-06 0
1604 3.636363636363639e-06 9.339712918660287e-06 0
1605 3.63636363636364e-06 9.559808612440193e-06 0
1606 3.63636363636364e-06 9.779904306220095e-06 0
1607 3.737373737373732e-06 3.030303030303033e-07 0
1608 3.737373737373732e-06 6.060606060606048e-07 0
1609 3.737373737373732e-06 9.090909090909072e-07 0
1610 3.737373737373733e-06 1.212121212121212e-06 0
1611 3.737373737373733e-06 1.515151515151514e-06 0
1612 3.737373737373733e-06 1.818181818181816e-06 0
1613 3.737373737373733e-06 2.121212121212119e-06 0
1614 3.737373737373733e-06 2.424242424242423e-06 0
1615 3.737373737373734e-06 2.727272727272724e-06 0
1616 3.737373737373735e-06 3.030303030303027e-06 0
1617 3.737373737373735e-06 3.333333333333329e-06 0
1618 3.737373737373735e-06 3.636363636363632e-06 0
1619 3.737373737373735e-06 3.939393939393934e-06 0
1620 3.737373737373735e-06 4.242424242424237e-06 0
1621 3.737373737373735e-06 4.54545454545454e-06 0
1622 3.737373737373736e-06 4.848484848484845e-06 0
1623 3.737373737373736e-06 5.151515151515149e-06 0
1624 3.737373737373736e-06 5.454545454545452e-06 0
1625 3.737373737373736e-06 5.757575757575755e-06 0
1626 3.737373737373737e-06 5.980861244019137e-06 0
1627 3.737373737373737e-06 6.204146730462518e-06 0
1628 3.737373737373738e-06 6.4274322169059e-06 0
1629 3.737373737373738e-06 6.650717703349282e-06 0
1630 3.737373737373738e-06 6.874003189792663e-06 0
1631 3.737373737373739e-06 7.097288676236044e-06 0
1632 3.737373737373739e-06 7.320574162679425e-06 0
1633 3.737373737373739e-06 7.543859649122807e-06 0
1634 3.737373737373739e-06 7.767145135566189e-06 0
1635 3.73737373737374e-06 7.990430622009569e-06 0
1636 3.73737373737374e-06 8.213716108452949e-06 0
1637 3.73737373737374e-06 8.437001594896331e-06 0
1638 3.73737373737374e-06 8.660287081339714e-06 0
1639 3.737373737373741e-06 8.883572567783096e-06 0
1640 3.73737373737374e-06 9.106858054226476e-06 0
1641 3.737373737373741e-06 9.330143540669856e-06 0
1642 3.737373737373741e-06 9.553429027113238e-06 0
1643 3.737373737373741e-06 9.77671451355662e-06 0
1644 3.838383838383833e-06 2.998405103668244e-07 0
1645 3.838383838383833e-06 5.996810207336522e-07 0
1646 3.838383838383833e-06 8.995215311004766e-07 0
1647 3.838383838383833e-06 1.199362041467304e-06 0
1648 3.838383838383834e-06 1.49920255183413e-06 0
1649 3.838383838383835e-06 1.799043062200955e-06 0
1650 3.838383838383834e-06 2.098883572567781e-06 0
1651 3.838383838383835e-06 2.398724082934607e-06 0
1652 3.838383838383835e-06 2.698564593301432e-06 0
1653 3.838383838383835e-06 2.998405103668258e-06 0
1654 3.838383838383836e-06 3.298245614035083e-06 0
1655 3.838383838383835e-06 3.598086124401909e-06 0
1656 3.838383838383836e-06 3.897926634768736e-06 0
1657 3.838383838383837e-06 4.19776714513556e-06 0
1658 3.838383838383837e-06 4.497607655502387e-06 0
1659 3.838383838383837e-06 4.797448165869214e-06 0
1660 3.838383838383837e-06 5.09728867623604e-06 0
1661 3.838383838383837e-06 5.397129186602867e-06 0
1662 3.838383838383838e-06 5.696969696969694e-06 0
1663 3.838383838383838e-06 5.923444976076553e-06 0
1664 3.838383838383838e-06 6.149920255183411e-06 0
1665 3.838383838383838e-06 6.37639553429027e-06 0
1666 3.838383838383838e-06 6.602870813397128e-06 0
1667 3.838383838383838e-06 6.829346092503987e-06 0
1668 3.838383838383839e-06 7.055821371610845e-06 0
1669 3.838383838383839e-06 7.282296650717703e-06 0
1670 3.83838383838384e-06 7.50877192982456e-06 0
1671 3.83838383838384e-06 7.735247208931419e-06 0
1672 3.83838383838384e-06 7.961722488038277e-06 0
1673 3.83838383838384e-06 8.188197767145136e-06 0
1674 3.83838383838384e-06 8.414673046251994e-06 0
1675 3.838383838383841e-06 8.641148325358852e-06 0
1676 3.838383838383842e-06 8.867623604465709e-06 0
1677 3.838383838383842e-06 9.094098883572567e-06 0
1678 3.838383838383842e-06 9.320574162679426e-06 0
1679 3.838383838383843e-06 9.547049441786284e-06 0
1680 3.838383838383842e-06 9.773524720893142e-06 0
1681 3.939393939393934e-06 2.966507177033498e-07 0
1682 3.939393939393935e-06 5.933014354066962e-07 0
1683 3.939393939393935e-06 8.899521531100469e-07 0
1684 3.939393939393936e-06 1.186602870813397e-06 0
1685 3.939393939393936e-06 1.483253588516745e-06 0
1686 3.939393939393936e-06 1.779904306220093e-06 0
1687 3.939393939393936e-06 2.076555023923443e-06 0
1688 3.939393939393936e-06 2.373205741626792e-06 0
1689 3.939393939393936e-06 2.669856459330141e-06 0
1690 3.939393939393936e-06 2.966507177033489e-06 0
1691 3.939393939393937e-06 3.263157894736839e-06 0
1692 3.939393939393937e-06 3.559808612440187e-06 0
1693 3.939393939393937e-06 3.856459330143536e-06 0
1694 3.939393939393937e-06 4.153110047846885e-06 0
1695 3.939393939393938e-06 4.449760765550234e-06 0
1696 3.939393939393938e-06 4.746411483253585e-06 0
1697 3.939393939393939e-06 5.043062200956934e-06 0
1698 3.939393939393939e-06 5.339712918660285e-06 0
1699 3.939393939393939e-06 5.636363636363634e-06 0
1700 3.939393939393939e-06 5.866028708133969e-06 0
1701 3.939393939393939e-06 6.095693779904305e-06 0
1702 3.93939393939394e-06 6.32535885167464e-06 0
1703 3.93939393939394e-06 6.555023923444976e-06 0
1704 3.939393939393941e-06 6.784688995215311e-06 0
1705 3.939393939393941e-06 7.014354066985645e-06 0
1706 3.939393939393941e-06 7.24401913875598e-06 0
1707 3.939393939393941e-06 7.473684210526315e-06 0
1708 3.939393939393942e-06 7.703349282296651e-06 0
1709 3.939393939393942e-06 7.933014354066985e-06 0
1710 3.939393939393942e-06 8.16267942583732e-06 0
1711 3.939393939393942e-06 8.392344497607656e-06 0
1712 3.939393939393942e-06 8.622009569377991e-06 0
1713 3.939393939393942e-06 8.851674641148326e-06 0
1714 3.939393939393944e-06 9.08133971291866e-06 0
1715 3.939393939393943e-06 9.311004784688995e-06 0
1716 3.939393939393944e-06 9.540669856459331e-06 0
1717 3.939393939393944e-06 9.770334928229666e-06 0
1718 4.040404040404034e-06 2.934609250398718e-07 0
1719 4.040404040404035e-06 5.869218500797445e-07 0
1720 4.040404040404035e-06 8.803827751196154e-07 0
1721 4.040404040404036e-06 1.173843700159491e-06 0
1722 4.040404040404036e-06 1.467304625199361e-06 0
1723 4.040404040404037e-06 1.760765550239233e-06 0
1724 4.040404040404037e-06 2.054226475279104e-06 0
1725 4.040404040404036e-06 2.347687400318978e-06 0
1726 4.040404040404038e-06 2.64114832535885e-06 0
1727 4.040404040404037e-06 2.934609250398721e-06 0
1728 4.040404040404038e-06 3.228070175438593e-06 0
1729 4.040404040404038e-06 3.521531100478465e-06 0
1730 4.040404040404038e-06 3.814992025518337e-06 0
1731 4.040404040404039e-06 4.108452950558209e-06 0
1732 4.040404040404039e-06 4.401913875598081e-06 0
1733 4.040404040404039e-06 4.695374800637955e-06 0
1734 4.04040404040404e-06 4.988835725677827e-06 0
1735 4.04040404040404e-06 5.2822966507177e-06 0
1736 4.04040404040404e-06 5.575757575757573e-06 0
1737 4.04040404040404e-06 5.808612440191386e-06 0
1738 4.04040404040404e-06 6.041467304625197e-06 0
1739 4.04040404040404e-06 6.27432216905901e-06 0
1740 4.040404040404041e-06 6.507177033492823e-06 0
1741 4.040404040404041e-06 6.740031897926634e-06 0
1742 4.040404040404041e-06 6.972886762360446e-06 0
1743 4.040404040404042e-06 7.205741626794258e-06 0
1744 4.040404040404042e-06 7.43859649122807e-06 0
1745 4.040404040404042e-06 7.671451355661883e-06 0
1746 4.040404040404042e-06 7.904306220095694e-06 0
1747 4.040404040404043e-06 8.137161084529505e-06 0
1748 4.040404040404043e-06 8.370015948963317e-06 0
1749 4.040404040404043e-06 8.60287081339713e-06 0
1750 4.040404040404044e-06 8.835725677830943e-06 0
1751 4.040404040404044e-06 9.068580542264754e-06 0
1752 4.040404040404044e-06 9.301435406698564e-06 0
1753 4.040404040404045e-06 9.534290271132377e-06 0
1754 4.040404040404045e-06 9.76714513556619e-06 0
1755 4.141414141414136e-06 2.902711323763946e-07 0
1756 4.141414141414136e-06 5.805422647527893e-07 0
1757 4.141414141414137e-06 8.708133971291865e-07 0
1758 4.141414141414137e-06 1.161084529505581e-06 0
1759 4.141414141414137e-06 1.451355661881976e-06 0
1760 4.141414141414137e-06 1.741626794258371e-06 0
1761 4.141414141414138e-06 2.031897926634766e-06 0
1762 4.141414141414138e-06 2.322169059011162e-06 0
1763 4.141414141414138e-06 2.612440191387557e-06 0
1764 4.141414141414138e-06 2.902711323763951e-06 0
1765 4.141414141414138e-06 3.192982456140346e-06 0
1766 4.141414141414139e-06 3.483253588516742e-06 0
1767 4.141414141414139e-06 3.773524720893138e-06 0
1768 4.14141414141414e-06 4.063795853269533e-06 0
1769 4.14141414141414e-06 4.354066985645928e-06 0
1770 4.14141414141414e-06 4.644338118022325e-06 0
1771 4.14141414141414e-06 4.934609250398721e-06 0
1772 4.141414141414141e-06 5.224880382775116e-06 0
1773 4.141414141414141e-06 5.515151515151512e-06 0
1774 4.141414141414142e-06 5.751196172248803e-06 0
1775 4.141414141414142e-06 5.987240829346091e-06 0
1776 4.141414141414142e-06 6.22328548644338e-06 0
1777 4.141414141414143e-06 6.45933014354067e-06 0
1778 4.141414141414142e-06 6.695374800637958e-06 0
1779 4.141414141414143e-06 6.931419457735247e-06 0
1780 4.141414141414143e-06 7.167464114832535e-06 0
1781 4.141414141414143e-06 7.403508771929824e-06 0
1782 4.141414141414143e-06 7.639553429027113e-06 0
1783 4.141414141414143e-06 7.875598086124402e-06 0
1784 4.141414141414144e-06 8.111642743221691e-06 0
1785 4.141414141414145e-06 8.34768740031898e-06 0
1786 4.141414141414145e-06 8.583732057416269e-06 0
1787 4.141414141414145e-06 8.819776714513558e-06 0
1788 4.141414141414145e-06 9.055821371610847e-06 0
1789 4.141414141414146e-06 9.291866028708134e-06 0
1790 4.141414141414146e-06 9.527910685805423e-06 0
1791 4.141414141414147e-06 9.763955342902712e-06 0
1792 4.242424242424238e-06 2.870813397129209e-07 0
1793 4.242424242424238e-06 5.741626794258367e-07 0
1794 4.242424242424238e-06 8.612440191387542e-07 0
1795 4.242424242424239e-06 1.148325358851673e-06 0
1796 4.242424242424239e-06 1.435406698564592e-06 0
1797 4.242424242424239e-06 1.722488038277509e-06 0
1798 4.24242424242424e-06 2.009569377990429e-06 0
1799 4.24242424242424e-06 2.296650717703347e-06 0
1800 4.242424242424241e-06 2.583732057416265e-06 0
1801 4.242424242424241e-06 2.870813397129183e-06 0
1802 4.242424242424241e-06 3.157894736842101e-06 0
1803 4.242424242424241e-06 3.44497607655502e-06 0
1804 4.242424242424241e-06 3.732057416267938e-06 0
1805 4.242424242424241e-06 4.019138755980856e-06 0
1806 4.242424242424241e-06 4.306220095693775e-06 0
1807 4.242424242424242e-06 4.593301435406694e-06 0
1808 4.242424242424242e-06 4.880382775119614e-06 0
1809 4.242424242424242e-06 5.167464114832532e-06 0
1810 4.242424242424243e-06 5.454545454545451e-06 0
1811 4.242424242424243e-06 5.693779904306217e-06 0
1812 4.242424242424244e-06 5.933014354066983e-06 0
1813 4.242424242424244e-06 6.17224880382775e-06 0
1814 4.242424242424244e-06 6.411483253588516e-06 0
1815 4.242424242424245e-06 6.650717703349282e-06 0
1816 4.242424242424244e-06 6.889952153110047e-06 0
1817 4.242424242424245e-06 7.129186602870812e-06 0
1818 4.242424242424245e-06 7.368421052631578e-06 0
1819 4.242424242424246e-06 7.607655502392344e-06 0
1820 4.242424242424246e-06 7.84688995215311e-06 0
1821 4.242424242424246e-06 8.086124401913875e-06 0
1822 4.242424242424246e-06 8.325358851674642e-06 0
1823 4.242424242424247e-06 8.564593301435407e-06 0
1824 4.242424242424247e-06 8.803827751196173e-06 0
1825 4.242424242424247e-06 9.043062200956938e-06 0
1826 4.242424242424247e-06 9.282296650717705e-06 0
1827 4.242424242424248e-06 9.52153110047847e-06 0
1828 4.242424242424248e-06 9.760765550239236e-06 0
1829 4.343434343434338e-06 2.83891547049442e-07 0
1830 4.343434343434339e-06 5.677830940988824e-07 0
1831 4.343434343434339e-06 8.516746411483236e-07 0
1832 4.343434343434339e-06 1.135566188197767e-06 0
1833 4.343434343434339e-06 1.419457735247208e-06 0
1834 4.34343434343434e-06 1.703349282296649e-06 0
1835 4.343434343434339e-06 1.987240829346091e-06 0
1836 4.34343434343434e-06 2.271132376395532e-06 0
1837 4.34343434343434e-06 2.555023923444973e-06 0
1838 4.343434343434341e-06 2.838915470494414e-06 0
1839 4.343434343434341e-06 3.122807017543856e-06 0
1840 4.343434343434342e-06 3.406698564593297e-06 0
1841 4.343434343434342e-06 3.690590111642738e-06 0
1842 4.343434343434342e-06 3.974481658692179e-06 0
1843 4.343434343434342e-06 4.258373205741622e-06 0
1844 4.343434343434343e-06 4.542264752791064e-06 0
1845 4.343434343434343e-06 4.826156299840506e-06 0
1846 4.343434343434343e-06 5.110047846889948e-06 0
1847 4.343434343434344e-06 5.39393939393939e-06 0
1848 4.343434343434344e-06 5.636363636363634e-06 0
1849 4.343434343434344e-06 5.878787878787877e-06 0
1850 4.343434343434344e-06 6.12121212121212e-06 0
1851 4.343434343434344e-06 6.363636363636363e-06 0
1852 4.343434343434345e-06 6.606060606060606e-06 0
1853 4.343434343434344e-06 6.848484848484848e-06 0
1854 4.343434343434345e-06 7.090909090909091e-06 0
1855 4.343434343434346e-06 7.333333333333333e-06 0
1856 4.343434343434346e-06 7.575757575757576e-06 0
1857 4.343434343434346e-06 7.818181818181818e-06 0
1858 4.343434343434347e-06 8.06060606060606e-06 0
1859 4.343434343434347e-06 8.303030303030303e-06 0
1860 4.343434343434347e-06 8.545454545454546e-06 0
1861 4.343434343434348e-06 8.787878787878788e-06 0
1862 4.343434343434348e-06 9.030303030303029e-06 0
1863 4.343434343434348e-06 9.272727272727273e-06 0
1864 4.343434343434349e-06 9.515151515151516e-06 0
1865 4.343434343434349e-06 9.757575757575759e-06 0
1866 4.44444444444444e-06 2.80701754385964e-07 0
1867 4.44444444444444e-06 5.614035087719281e-07 0
1868 4.44444444444444e-06 8.421052631578938e-07 0
1869 4.44444444444444e-06 1.12280701754386e-06 0
1870 4.444444444444441e-06 1.403508771929822e-06 0
1871 4.444444444444441e-06 1.684210526315787e-06 0
1872 4.444444444444442e-06 1.964912280701752e-06 0
1873 4.444444444444442e-06 2.245614035087717e-06 0
1874 4.444444444444442e-06 2.526315789473682e-06 0
1875 4.444444444444442e-06 2.807017543859645e-06 0
1876 4.444444444444442e-06 3.08771929824561e-06 0
1877 4.444444444444443e-06 3.368421052631575e-06 0
1878 4.444444444444443e-06 3.649122807017539e-06 0
1879 4.444444444444443e-06 3.929824561403503e-06 0
1880 4.444444444444443e-06 4.210526315789469e-06 0
1881 4.444444444444443e-06 4.491228070175434e-06 0
1882 4.444444444444444e-06 4.771929824561399e-06 0
1883 4.444444444444445e-06 5.052631578947365e-06 0
1884 4.444444444444445e-06 5.333333333333329e-06 0
1885 4.444444444444445e-06 5.57894736842105e-06 0
1886 4.444444444444446e-06 5.824561403508769e-06 0
1887 4.444444444444446e-06 6.07017543859649e-06 0
1888 4.444444444444447e-06 6.315789473684209e-06 0
1889 4.444444444444447e-06 6.56140350877193e-06 0
1890 4.444444444444447e-06 6.807017543859649e-06 0
1891 4.444444444444447e-06 7.052631578947367e-06 0
1892 4.444444444444448e-06 7.298245614035087e-06 0
1893 4.444444444444448e-06 7.543859649122806e-06 0
1894 4.444444444444448e-06 7.789473684210526e-06 0
1895 4.444444444444448e-06 8.035087719298246e-06 0
1896 4.444444444444448e-06 8.280701754385964e-06 0
1897 4.444444444444449e-06 8.526315789473685e-06 0
1898 4.444444444444449e-06 8.771929824561405e-06 0
1899 4.44444444444445e-06 9.017543859649122e-06 0
1900 4.444444444444449e-06 9.263157894736842e-06 0
1901 4.44444444444445e-06 9.508771929824562e-06 0
1902 4.44444444444445e-06 9.754385964912281e-06 0
1903 4.54545454545454e-06 2.775119617224894e-07 0
1904 4.54545454545454e-06 5.550239234449755e-07 0
1905 4.54545454545454e-06 8.325358851674632e-07 0
1906 4.54545454545454e-06 1.110047846889952e-06 0
1907 4.545454545454541e-06 1.387559808612439e-06 0
1908 4.545454545454541e-06 1.665071770334926e-06 0
1909 4.545454545454542e-06 1.942583732057414e-06 0
1910 4.545454545454542e-06 2.220095693779903e-06 0
1911 4.545454545454542e-06 2.49760765550239e-06 0
1912 4.545454545454543e-06 2.775119617224876e-06 0
1913 4.545454545454542e-06 3.052631578947365e-06 0
1914 4.545454545454543e-06 3.330143540669852e-06 0
1915 4.545454545454544e-06 3.60765550239234e-06 0
1916 4.545454545454544e-06 3.885167464114828e-06 0
1917 4.545454545454544e-06 4.162679425837315e-06 0
1918 4.545454545454545e-06 4.440191387559805e-06 0
1919 4.545454545454545e-06 4.717703349282292e-06 0
1920 4.545454545454546e-06 4.995215311004781e-06 0
1921 4.545454545454546e-06 5.272727272727269e-06 0
1922 4.545454545454546e-06 5.521531100478467e-06 0
1923 4.545454545454546e-06 5.770334928229663e-06 0
1924 4.545454545454546e-06 6.01913875598086e-06 0
1925 4.545454545454547e-06 6.267942583732057e-06 0
1926 4.545454545454547e-06 6.516746411483253e-06 0
1927 4.545454545454547e-06 6.765550239234449e-06 0
1928 4.545454545454547e-06 7.014354066985645e-06 0
1929 4.545454545454547e-06 7.263157894736842e-06 0
1930 4.545454545454548e-06 7.511961722488038e-06 0
1931 4.545454545454549e-06 7.760765550239234e-06 0
1932 4.545454545454549e-06 8.00956937799043e-06 0
1933 4.545454545454549e-06 8.258373205741628e-06 0
1934 4.54545454545455e-06 8.507177033492824e-06 0
1935 4.54545454545455e-06 8.75598086124402e-06 0
1936 4.545454545454551e-06 9.004784688995216e-06 0
1937 4.545454545454551e-06 9.253588516746411e-06 0
1938 4.545454545454551e-06 9.502392344497609e-06 0
1939 4.545454545454551e-06 9.751196172248805e-06 0
1940 4.646464646464641e-06 2.743221690590114e-07 0
1941 4.646464646464641e-06 5.486443381180212e-07 0
1942 4.646464646464642e-06 8.229665071770317e-07 0
1943 4.646464646464643e-06 1.097288676236045e-06 0
1944 4.646464646464642e-06 1.371610845295056e-06 0
1945 4.646464646464643e-06 1.645933014354065e-06 0
1946 4.646464646464643e-06 1.920255183413076e-06 0
1947 4.646464646464643e-06 2.194577352472087e-06 0
1948 4.646464646464643e-06 2.468899521531098e-06 0
1949 4.646464646464644e-06 2.743221690590108e-06 0
1950 4.646464646464644e-06 3.017543859649119e-06 0
1951 4.646464646464643e-06 3.29186602870813e-06 0
1952 4.646464646464644e-06 3.56618819776714e-06 0
1953 4.646464646464644e-06 3.840510366826151e-06 0
1954 4.646464646464645e-06 4.114832535885163e-06 0
1955 4.646464646464646e-06 4.389154704944174e-06 0
1956 4.646464646464646e-06 4.663476874003186e-06 0
1957 4.646464646464646e-06 4.937799043062197e-06 0
1958 4.646464646464646e-06 5.212121212121209e-06 0
1959 4.646464646464646e-06 5.464114832535883e-06 0
1960 4.646464646464647e-06 5.716108452950556e-06 0
1961 4.646464646464647e-06 5.96810207336523e-06 0
1962 4.646464646464647e-06 6.220095693779904e-06 0
1963 4.646464646464648e-06 6.472089314194577e-06 0
1964 4.646464646464648e-06 6.72408293460925e-06 0
1965 4.646464646464649e-06 6.976076555023923e-06 0
1966 4.646464646464649e-06 7.228070175438596e-06 0
1967 4.646464646464649e-06 7.480063795853269e-06 0
1968 4.646464646464649e-06 7.732057416267944e-06 0
1969 4.646464646464649e-06 7.984051036682615e-06 0
1970 4.64646464646465e-06 8.236044657097289e-06 0
1971 4.64646464646465e-06 8.488038277511963e-06 0
1972 4.64646464646465e-06 8.740031897926635e-06 0
1973 4.646464646464651e-06 8.992025518341307e-06 0
1974 4.646464646464651e-06 9.244019138755983e-06 0
1975 4.646464646464651e-06 9.496012759170655e-06 0
1976 4.646464646464651e-06 9.748006379585329e-06 0
1977 4.747474747474742e-06 2.711323763955334e-07 0
1978 4.747474747474743e-06 5.422647527910685e-07 0
1979 4.747474747474743e-06 8.13397129186602e-07 0
1980 4.747474747474743e-06 1.084529505582136e-06 0
1981 4.747474747474743e-06 1.355661881977671e-06 0
1982 4.747474747474743e-06 1.626794258373204e-06 0
1983 4.747474747474744e-06 1.897926634768737e-06 0
1984 4.747474747474745e-06 2.169059011164272e-06 0
1985 4.747474747474745e-06 2.440191387559806e-06 0
1986 4.747474747474745e-06 2.711323763955339e-06 0
1987 4.747474747474745e-06 2.982456140350874e-06 0
1988 4.747474747474746e-06 3.253588516746407e-06 0
1989 4.747474747474746e-06 3.524720893141941e-06 0
1990 4.747474747474746e-06 3.795853269537475e-06 0
1991 4.747474747474747e-06 4.066985645933009e-06 0
1992 4.747474747474747e-06 4.338118022328545e-06 0
1993 4.747474747474747e-06 4.609250398724078e-06 0
1994 4.747474747474747e-06 4.880382775119614e-06 0
1995 4.747474747474747e-06 5.151515151515148e-06 0
1996 4.747474747474747e-06 5.406698564593299e-06 0
1997 4.747474747474748e-06 5.661881977671449e-06 0
1998 4.747474747474748e-06 5.9170653907496e-06 0
1999 4.747474747474749e-06 6.17224880382775e-06 0
2000 4.747474747474749e-06 6.427432216905901e-06 0
2001 4.747474747474749e-06 6.682615629984051e-06 0
2002 4.74747474747475e-06 6.937799043062201e-06 0
2003 4.74747474747475e-06 7.19298245614035e-06 0
2004 4.74747474747475e-06 7.4481658692185e-06 0
2005 4.74747474747475e-06 7.703349282296651e-06 0
2006 4.747474747474751e-06 7.958532695374801e-06 0
2007 4.747474747474751e-06 8.213716108452951e-06 0
2008 4.747474747474751e-06 8.468899521531101e-06 0
2009 4.747474747474752e-06 8.72408293460925e-06 0
2010 4.747474747474752e-06 8.9792663476874e-06 0
2011 4.747474747474752e-06 9.23444976076555e-06 0
2012 4.747474747474752e-06 9.4896331738437e-06 0
2013 4.747474747474752e-06 9.744816586921851e-06 0
2014 4.848484848484845e-06 2.679425837320588e-07 0
2015 4.848484848484845e-06 5.358851674641142e-07 0
2016 4.848484848484845e-06 8.038277511961714e-07 0
2017 4.848484848484845e-06 1.071770334928229e-06 0
2018 4.848484848484845e-06 1.339712918660286e-06 0
2019 4.848484848484845e-06 1.607655502392342e-06 0
2020 4.848484848484846e-06 1.875598086124399e-06 0
2021 4.848484848484846e-06 2.143540669856457e-06 0
2022 4.848484848484846e-06 2.411483253588514e-06 0
2023 4.848484848484847e-06 2.679425837320571e-06 0
2024 4.848484848484847e-06 2.947368421052627e-06 0
2025 4.848484848484847e-06 3.215311004784685e-06 0
2026 4.848484848484848e-06 3.483253588516741e-06 0
2027 4.848484848484848e-06 3.751196172248799e-06 0
2028 4.848484848484848e-06 4.019138755980857e-06 0
2029 4.848484848484849e-06 4.287081339712914e-06 0
2030 4.848484848484849e-06 4.555023923444972e-06 0
2031 4.84848484848485e-06 4.82296650717703e-06 0
2032 4.84848484848485e-06 5.090909090909087e-06 0
2033 4.84848484848485e-06 5.349282296650715e-06 0
2034 4.84848484848485e-06 5.607655502392342e-06 0
2035 4.84848484848485e-06 5.86602870813397e-06 0
2036 4.84848484848485e-06 6.124401913875597e-06 0
2037 4.848484848484851e-06 6.382775119617225e-06 0
2038 4.848484848484851e-06 6.641148325358851e-06 0
2039 4.848484848484852e-06 6.899521531100478e-06 0
2040 4.848484848484851e-06 7.157894736842104e-06 0
2041 4.848484848484852e-06 7.416267942583731e-06 0
2042 4.848484848484852e-06 7.674641148325359e-06 0
2043 4.848484848484853e-06 7.933014354066985e-06 0
2044 4.848484848484853e-06 8.191387559808612e-06 0
2045 4.848484848484853e-06 8.44976076555024e-06 0
2046 4.848484848484853e-06 8.708133971291867e-06 0
2047 4.848484848484854e-06 8.966507177033493e-06 0
2048 4.848484848484854e-06 9.22488038277512e-06 0
2049 4.848484848484855e-06 9.483253588516748e-06 0
2050 4.848484848484855e-06 9.741626794258374e-06 0
2051 4.949494949494944e-06 2.6475279106858e-07 0
2052 4.949494949494945e-06 5.295055821371599e-07 0
2053 4.949494949494945e-06 7.942583732057399e-07 0
2054 4.949494949494945e-06 1.059011164274323e-06 0
2055 4.949494949494946e-06 1.323763955342901e-06 0
2056 4.949494949494946e-06 1.588516746411481e-06 0
2057 4.949494949494947e-06 1.853269537480062e-06 0
2058 4.949494949494947e-06 2.118022328548643e-06 0
2059 4.949494949494948e-06 2.382775119617222e-06 0
2060 4.949494949494948e-06 2.647527910685803e-06 0
2061 4.949494949494948e-06 2.912280701754382e-06 0
2062 4.949494949494948e-06 3.177033492822962e-06 0
2063 4.949494949494948e-06 3.441786283891542e-06 0
2064 4.949494949494948e-06 3.706539074960122e-06 0
2065 4.949494949494949e-06 3.971291866028704e-06 0
2066 4.949494949494949e-06 4.236044657097285e-06 0
2067 4.949494949494949e-06 4.500797448165865e-06 0
2068 4.94949494949495e-06 4.765550239234445e-06 0
2069 4.94949494949495e-06 5.030303030303027e-06 0
2070 4.949494949494951e-06 5.291866028708132e-06 0
2071 4.94949494949495e-06 5.553429027113235e-06 0
2072 4.949494949494951e-06 5.81499202551834e-06 0
2073 4.949494949494952e-06 6.076555023923444e-06 0
2074 4.949494949494952e-06 6.338118022328549e-06 0
2075 4.949494949494952e-06 6.599681020733652e-06 0
2076 4.949494949494953e-06 6.861244019138756e-06 0
2077 4.949494949494953e-06 7.12280701754386e-06 0
2078 4.949494949494954e-06 7.384370015948964e-06 0
2079 4.949494949494954e-06 7.645933014354067e-06 0
2080 4.949494949494954e-06 7.90749601275917e-06 0
2081 4.949494949494954e-06 8.169059011164274e-06 0
2082 4.949494949494954e-06 8.430622009569379e-06 0
2083 4.949494949494955e-06 8.692185007974482e-06 0
2084 4.949494949494955e-06 8.953748006379586e-06 0
2085 4.949494949494955e-06 9.215311004784689e-06 0
2086 4.949494949494955e-06 9.476874003189793e-06 0
2087 4.949494949494956e-06 9.738437001594898e-06 0
2088 5.050505050505045e-06 2.615629984051028e-07 0
2089 5.050505050505045e-06 5.231259968102073e-07 0
2090 5.050505050505046e-06 7.846889952153101e-07 0
2091 5.050505050505046e-06 1.046251993620414e-06 0
2092 5.050505050505046e-06 1.307814992025518e-06 0
2093 5.050505050505047e-06 1.56937799043062e-06 0
2094 5.050505050505047e-06 1.830940988835724e-06 0
2095 5.050505050505047e-06 2.092503987240827e-06 0
2096 5.050505050505047e-06 2.35406698564593e-06 0
2097 5.050505050505048e-06 2.615629984051034e-06 0
2098 5.050505050505049e-06 2.877192982456136e-06 0
2099 5.050505050505048e-06 3.13875598086124e-06 0
2100 5.050505050505049e-06 3.400318979266344e-06 0
2101 5.050505050505049e-06 3.661881977671446e-06 0
2102 5.050505050505049e-06 3.923444976076551e-06 0
2103 5.05050505050505e-06 4.185007974481655e-06 0
2104 5.050505050505051e-06 4.446570972886758e-06 0
2105 5.050505050505051e-06 4.708133971291863e-06 0
2106 5.050505050505051e-06 4.969696969696967e-06 0
2107 5.050505050505051e-06 5.234449760765548e-06 0
2108 5.050505050505052e-06 5.499202551834129e-06 0
2109 5.050505050505052e-06 5.763955342902709e-06 0
2110 5.050505050505052e-06 6.028708133971292e-06 0
2111 5.050505050505052e-06 6.293460925039873e-06 0
2112 5.050505050505052e-06 6.558213716108454e-06 0
2113 5.050505050505053e-06 6.822966507177033e-06 0
2114 5.050505050505053e-06 7.087719298245614e-06 0
2115 5.050505050505054e-06 7.352472089314194e-06 0
2116 5.050505050505053e-06 7.617224880382775e-06 0
2117 5.050505050505054e-06 7.881977671451356e-06 0
2118 5.050505050505055e-06 8.146730462519937e-06 0
2119 5.050505050505055e-06 8.411483253588518e-06 0
2120 5.050505050505055e-06 8.676236044657097e-06 0
2121 5.050505050505056e-06 8.940988835725679e-06 0
2122 5.050505050505055e-06 9.205741626794258e-06 0
2123 5.050505050505056e-06 9.470494417862839e-06 0
2124 5.050505050505056e-06 9.73524720893142e-06 0
2125 5.151515151515146e-06 2.583732057416291e-07 0
2126 5.151515151515147e-06 5.16746411483253e-07 0
2127 5.151515151515147e-06 7.751196172248804e-07 0
2128 5.151515151515147e-06 1.033492822966507e-06 0
2129 5.151515151515148e-06 1.291866028708133e-06 0
2130 5.151515151515148e-06 1.550239234449759e-06 0
2131 5.151515151515149e-06 1.808612440191386e-06 0
2132 5.151515151515149e-06 2.066985645933013e-06 0
2133 5.151515151515149e-06 2.325358851674639e-06 0
2134 5.151515151515149e-06 2.583732057416265e-06 0
2135 5.151515151515149e-06 2.842105263157892e-06 0
2136 5.151515151515149e-06 3.100478468899517e-06 0
2137 5.15151515151515e-06 3.358851674641144e-06 0
2138 5.15151515151515e-06 3.61722488038277e-06 0
2139 5.15151515151515e-06 3.875598086124398e-06 0
2140 5.15151515151515e-06 4.133971291866025e-06 0
2141 5.151515151515151e-06 4.392344497607652e-06 0
2142 5.151515151515151e-06 4.650717703349279e-06 0
2143 5.151515151515152e-06 4.909090909090907e-06 0
2144 5.151515151515152e-06 5.177033492822964e-06 0
2145 5.151515151515152e-06 5.444976076555022e-06 0
2146 5.151515151515152e-06 5.712918660287081e-06 0
2147 5.151515151515153e-06 5.980861244019139e-06 0
2148 5.151515151515153e-06 6.248803827751197e-06 0
2149 5.151515151515154e-06 6.516746411483255e-06 0
2150 5.151515151515154e-06 6.784688995215311e-06 0
2151 5.151515151515154e-06 7.052631578947368e-06 0
2152 5.151515151515154e-06 7.320574162679426e-06 0
2153 5.151515151515155e-06 7.588516746411483e-06 0
2154 5.151515151515155e-06 7.85645933014354e-06 0
2155 5.151515151515155e-06 8.124401913875599e-06 0
2156 5.151515151515155e-06 8.392344497607656e-06 0
2157 5.151515151515155e-06 8.660287081339714e-06 0
2158 5.151515151515156e-06 8.928229665071771e-06 0
2159 5.151515151515156e-06 9.196172248803828e-06 0
2160 5.151515151515156e-06 9.464114832535887e-06 0
2161 5.151515151515156e-06 9.732057416267944e-06 0
2162 5.252525252525247e-06 2.551834130781511e-07 0
2163 5.252525252525247e-06 5.103668261562987e-07 0
2164 5.252525252525248e-06 7.655502392344481e-07 0
2165 5.252525252525249e-06 1.0207336523126e-06 0
2166 5.252525252525248e-06 1.275917065390749e-06 0
2167 5.252525252525249e-06 1.531100478468897e-06 0
2168 5.252525252525249e-06 1.786283891547047e-06 0
2169 5.252525252525249e-06 2.041467304625199e-06 0
2170 5.25252525252525e-06 2.296650717703347e-06 0
2171 5.25252525252525e-06 2.551834130781497e-06 0
2172 5.252525252525251e-06 2.807017543859645e-06 0
2173 5.252525252525251e-06 3.062200956937795e-06 0
2174 5.252525252525251e-06 3.317384370015945e-06 0
2175 5.252525252525251e-06 3.572567783094095e-06 0
2176 5.252525252525251e-06 3.827751196172245e-06 0
2177 5.252525252525252e-06 4.082934609250395e-06 0
2178 5.252525252525253e-06 4.338118022328545e-06 0
2179 5.252525252525253e-06 4.593301435406694e-06 0
2180 5.252525252525253e-06 4.848484848484845e-06 0
2181 5.252525252525253e-06 5.119617224880381e-06 0
2182 5.252525252525253e-06 5.390749601275915e-06 0
2183 5.252525252525253e-06 5.661881977671451e-06 0
2184 5.252525252525253e-06 5.933014354066985e-06 0
2185 5.252525252525254e-06 6.204146730462521e-06 0
2186 5.252525252525254e-06 6.475279106858054e-06 0
2187 5.252525252525255e-06 6.746411483253589e-06 0
2188 5.252525252525255e-06 7.017543859649123e-06 0
2189 5.252525252525255e-06 7.288676236044657e-06 0
2190 5.252525252525255e-06 7.559808612440192e-06 0
2191 5.252525252525256e-06 7.830940988835727e-06 0
2192 5.252525252525256e-06 8.10207336523126e-06 0
2193 5.252525252525256e-06 8.373205741626795e-06 0
2194 5.252525252525257e-06 8.64433811802233e-06 0
2195 5.252525252525258e-06 8.915470494417864e-06 0
2196 5.252525252525258e-06 9.186602870813397e-06 0
2197 5.252525252525258e-06 9.457735247208932e-06 0
2198 5.252525252525258e-06 9.728867623604467e-06 0
2199 5.353535353535349e-06 2.519936204146731e-07 0
2200 5.353535353535351e-06 5.039872408293461e-07 0
2201 5.35353535353535e-06 7.559808612440183e-07 0
2202 5.35353535353535e-06 1.007974481658692e-06 0
2203 5.353535353535351e-06 1.259968102073363e-06 0
2204 5.353535353535351e-06 1.511961722488036e-06 0
2205 5.353535353535351e-06 1.763955342902709e-06 0
2206 5.353535353535351e-06 2.015948963317383e-06 0
2207 5.353535353535351e-06 2.267942583732055e-06 0
2208 5.353535353535352e-06 2.519936204146726e-06 0
2209 5.353535353535352e-06 2.771929824561399e-06 0
2210 5.353535353535352e-06 3.023923444976072e-06 0
2211 5.353535353535353e-06 3.275917065390746e-06 0
2212 5.353535353535353e-06 3.527910685805418e-06 0
2213 5.353535353535354e-06 3.779904306220091e-06 0
2214 5.353535353535353e-06 4.031897926634765e-06 0
2215 5.353535353535354e-06 4.283891547049438e-06 0
2216 5.353535353535355e-06 4.535885167464111e-06 0
2217 5.353535353535355e-06 4.787878787878784e-06 0
2218 5.353535353535355e-06 5.062200956937796e-06 0
2219 5.353535353535355e-06 5.336523125996808e-06 0
2220 5.353535353535356e-06 5.61084529505582e-06 0
2221 5.353535353535356e-06 5.885167464114832e-06 0
2222 5.353535353535356e-06 6.159489633173843e-06 0
2223 5.353535353535356e-06 6.433811802232856e-06 0
2224 5.353535353535356e-06 6.708133971291865e-06 0
2225 5.353535353535357e-06 6.982456140350877e-06 0
2226 5.353535353535356e-06 7.256778309409888e-06 0
2227 5.353535353535357e-06 7.5311004784689e-06 0
2228 5.353535353535357e-06 7.805422647527911e-06 0
2229 5.353535353535357e-06 8.079744816586923e-06 0
2230 5.353535353535358e-06 8.354066985645934e-06 0
2231 5.353535353535358e-06 8.628389154704945e-06 0
2232 5.353535353535359e-06 8.902711323763957e-06 0
2233 5.353535353535359e-06 9.177033492822967e-06 0
2234 5.35353535353536e-06 9.451355661881978e-06 0
2235 5.35353535353536e-06 9.725677830940989e-06 0
2236 5.45454545454545e-06 2.488038277511984e-07 0
2237 5.45454545454545e-06 4.976076555023918e-07 0
2238 5.454545454545451e-06 7.464114832535877e-07 0
2239 5.454545454545451e-06 9.952153110047844e-07 0
2240 5.454545454545451e-06 1.244019138755979e-06 0
2241 5.454545454545452e-06 1.492822966507175e-06 0
2242 5.454545454545452e-06 1.741626794258371e-06 0
2243 5.454545454545452e-06 1.990430622009568e-06 0
2244 5.454545454545453e-06 2.239234449760763e-06 0
2245 5.454545454545453e-06 2.488038277511959e-06 0
2246 5.454545454545453e-06 2.736842105263154e-06 0
2247 5.454545454545453e-06 2.98564593301435e-06 0
2248 5.454545454545454e-06 3.234449760765546e-06 0
2249 5.454545454545454e-06 3.483253588516742e-06 0
2250 5.454545454545454e-06 3.732057416267938e-06 0
2251 5.454545454545454e-06 3.980861244019135e-06 0
2252 5.454545454545455e-06 4.229665071770332e-06 0
2253 5.454545454545455e-06 4.478468899521527e-06 0
2254 5.454545454545455e-06 4.727272727272724e-06 0
2255 5.454545454545456e-06 5.004784688995213e-06 0
2256 5.454545454545456e-06 5.282296650717701e-06 0
2257 5.454545454545456e-06 5.559808612440189e-06 0
2258 5.454545454545457e-06 5.837320574162679e-06 0
2259 5.454545454545457e-06 6.114832535885167e-06 0
2260 5.454545454545457e-06 6.392344497607655e-06 0
2261 5.454545454545458e-06 6.669856459330144e-06 0
2262 5.454545454545458e-06 6.947368421052632e-06 0
2263 5.454545454545458e-06 7.224880382775119e-06 0
2264 5.454545454545459e-06 7.502392344497608e-06 0
2265 5.454545454545459e-06 7.779904306220096e-06 0
2266 5.45454545454546e-06 8.057416267942585e-06 0
2267 5.45454545454546e-06 8.334928229665073e-06 0
2268 5.45454545454546e-06 8.61244019138756e-06 0
2269 5.45454545454546e-06 8.889952153110048e-06 0
2270 5.45454545454546e-06 9.167464114832536e-06 0
2271 5.45454545454546e-06 9.444976076555025e-06 0
2272 5.454545454545461e-06 9.722488038277513e-06 0
2273 5.55555555555555e-06 2.456140350877196e-07 0
2274 5.555555555555551e-06 4.912280701754375e-07 0
2275 5.555555555555551e-06 7.368421052631554e-07 0
2276 5.555555555555552e-06 9.824561403508767e-07 0
2277 5.555555555555552e-06 1.228070175438597e-06 0
2278 5.555555555555552e-06 1.473684210526314e-06 0
2279 5.555555555555552e-06 1.719298245614034e-06 0
2280 5.555555555555552e-06 1.964912280701753e-06 0
2281 5.555555555555552e-06 2.210526315789471e-06 0
2282 5.555555555555553e-06 2.45614035087719e-06 0
2283 5.555555555555553e-06 2.701754385964909e-06 0
2284 5.555555555555554e-06 2.947368421052627e-06 0
2285 5.555555555555554e-06 3.192982456140348e-06 0
2286 5.555555555555554e-06 3.438596491228066e-06 0
2287 5.555555555555555e-06 3.684210526315786e-06 0
2288 5.555555555555555e-06 3.929824561403505e-06 0
2289 5.555555555555556e-06 4.175438596491225e-06 0
2290 5.555555555555556e-06 4.421052631578944e-06 0
2291 5.555555555555556e-06 4.666666666666663e-06 0
2292 5.555555555555556e-06 4.94736842105263e-06 0
2293 5.555555555555557e-06 5.228070175438594e-06 0
2294 5.555555555555558e-06 5.508771929824561e-06 0
2295 5.555555555555558e-06 5.789473684210527e-06 0
2296 5.555555555555558e-06 6.070175438596492e-06 0
2297 5.555555555555558e-06 6.350877192982456e-06 0
2298 5.555555555555558e-06 6.631578947368421e-06 0
2299 5.555555555555558e-06 6.912280701754386e-06 0
2300 5.555555555555558e-06 7.192982456140352e-06 0
2301 5.555555555555559e-06 7.473684210526316e-06 0
2302 5.55555555555556e-06 7.75438596491228e-06 0
2303 5.555555555555559e-06 8.035087719298246e-06 0
2304 5.55555555555556e-06 8.315789473684212e-06 0
2305 5.55555555555556e-06 8.596491228070177e-06 0
2306 5.555555555555561e-06 8.877192982456141e-06 0
2307 5.555555555555561e-06 9.157894736842107e-06 0
2308 5.555555555555561e-06 9.438596491228071e-06 0
2309 5.555555555555561e-06 9.719298245614037e-06 0
2310 5.656565656565652e-06 2.424242424242416e-07 0
2311 5.656565656565652e-06 4.848484848484849e-07 0
2312 5.656565656565653e-06 7.272727272727265e-07 0
2313 5.656565656565653e-06 9.696969696969689e-07 0
2314 5.656565656565653e-06 1.212121212121212e-06 0
2315 5.656565656565653e-06 1.454545454545452e-06 0
2316 5.656565656565654e-06 1.696969696969695e-06 0
2317 5.656565656565654e-06 1.939393939393938e-06 0
2318 5.656565656565655e-06 2.181818181818179e-06 0
2319 5.656565656565655e-06 2.42424242424242e-06 0
2320 5.656565656565655e-06 2.666666666666663e-06 0
2321 5.656565656565655e-06 2.909090909090905e-06 0
2322 5.656565656565655e-06 3.151515151515147e-06 0
2323 5.656565656565656e-06 3.393939393939389e-06 0
2324 5.656565656565656e-06 3.636363636363631e-06 0
2325 5.656565656565656e-06 3.878787878787875e-06 0
2326 5.656565656565656e-06 4.121212121212116e-06 0
2327 5.656565656565657e-06 4.363636363636359e-06 0
2328 5.656565656565657e-06 4.606060606060601e-06 0
2329 5.656565656565657e-06 4.889952153110045e-06 0
2330 5.656565656565658e-06 5.173843700159487e-06 0
2331 5.656565656565658e-06 5.45773524720893e-06 0
2332 5.656565656565658e-06 5.741626794258372e-06 0
2333 5.656565656565659e-06 6.025518341307815e-06 0
2334 5.656565656565658e-06 6.309409888357257e-06 0
2335 5.65656565656566e-06 6.593301435406698e-06 0
2336 5.65656565656566e-06 6.87719298245614e-06 0
2337 5.65656565656566e-06 7.161084529505581e-06 0
2338 5.656565656565661e-06 7.444976076555024e-06 0
2339 5.65656565656566e-06 7.728867623604466e-06 0
2340 5.656565656565661e-06 8.012759170653907e-06 0
2341 5.656565656565661e-06 8.29665071770335e-06 0
2342 5.656565656565661e-06 8.580542264752792e-06 0
2343 5.656565656565661e-06 8.864433811802233e-06 0
2344 5.656565656565661e-06 9.148325358851675e-06 0
2345 5.656565656565661e-06 9.432216905901117e-06 0
2346 5.656565656565662e-06 9.716108452950559e-06 0
2347 5.757575757575752e-06 2.39234449760767e-07 0
2348 5.757575757575753e-06 4.784688995215306e-07 0
2349 5.757575757575753e-06 7.177033492822959e-07 0
2350 5.757575757575753e-06 9.569377990430611e-07 0
2351 5.757575757575753e-06 1.196172248803827e-06 0
2352 5.757575757575753e-06 1.435406698564591e-06 0
2353 5.757575757575754e-06 1.674641148325358e-06 0
2354 5.757575757575754e-06 1.913875598086123e-06 0
2355 5.757575757575755e-06 2.153110047846888e-06 0
2356 5.757575757575755e-06 2.392344497607652e-06 0
2357 5.757575757575756e-06 2.631578947368416e-06 0
2358 5.757575757575756e-06 2.870813397129183e-06 0
2359 5.757575757575756e-06 3.110047846889948e-06 0
2360 5.757575757575756e-06 3.349282296650713e-06 0
2361 5.757575757575757e-06 3.588516746411478e-06 0
2362 5.757575757575757e-06 3.827751196172245e-06 0
2363 5.757575757575758e-06 4.06698564593301e-06 0
2364 5.757575757575758e-06 4.306220095693776e-06 0
2365 5.757575757575758e-06 4.545454545454541e-06 0
2366 5.757575757575758e-06 4.83253588516746e-06 0
2367 5.757575757575759e-06 5.119617224880381e-06 0
2368 5.757575757575759e-06 5.406698564593301e-06 0
2369 5.757575757575759e-06 5.69377990430622e-06 0
2370 5.757575757575759e-06 5.980861244019139e-06 0
2371 5.757575757575759e-06 6.267942583732057e-06 0
2372 5.75757575757576e-06 6.555023923444976e-06 0
2373 5.75757575757576e-06 6.842105263157895e-06 0
2374 5.757575757575761e-06 7.129186602870813e-06 0
2375 5.75757575757576e-06 7.416267942583732e-06 0
2376 5.757575757575761e-06 7.703349282296651e-06 0
2377 5.757575757575762e-06 7.990430622009571e-06 0
2378 5.757575757575762e-06 8.277511961722489e-06 0
2379 5.757575757575762e-06 8.564593301435407e-06 0
2380 5.757575757575762e-06 8.851674641148326e-06 0
2381 5.757575757575763e-06 9.138755980861244e-06 0
2382 5.757575757575763e-06 9.425837320574164e-06 0
2383 5.757575757575762e-06 9.712918660287082e-06 0
2384 5.858585858585854e-06 2.36044657097289e-07 0
2385 5.858585858585855e-06 4.720893141945763e-07 0
2386 5.858585858585855e-06 7.081339712918652e-07 0
2387 5.858585858585856e-06 9.441786283891542e-07 0
2388 5.858585858585856e-06 1.180223285486442e-06 0
2389 5.858585858585856e-06 1.41626794258373e-06 0
2390 5.858585858585857e-06 1.652312599681019e-06 0
2391 5.858585858585857e-06 1.888357256778308e-06 0
2392 5.858585858585857e-06 2.124401913875595e-06 0
2393 5.858585858585857e-06 2.360446570972882e-06 0
2394 5.858585858585857e-06 2.596491228070171e-06 0
2395 5.858585858585858e-06 2.832535885167461e-06 0
2396 5.858585858585858e-06 3.068580542264749e-06 0
2397 5.858585858585858e-06 3.304625199362036e-06 0
2398 5.858585858585858e-06 3.540669856459325e-06 0
2399 5.858585858585859e-06 3.776714513556614e-06 0
2400 5.858585858585859e-06 4.012759170653903e-06 0
2401 5.858585858585859e-06 4.248803827751191e-06 0
2402 5.85858585858586e-06 4.48484848484848e-06 0
2403 5.85858585858586e-06 4.775119617224877e-06 0
2404 5.85858585858586e-06 5.065390749601273e-06 0
2405 5.85858585858586e-06 5.355661881977669e-06 0
2406 5.858585858585861e-06 5.645933014354067e-06 0
2407 5.858585858585861e-06 5.936204146730462e-06 0
2408 5.858585858585862e-06 6.226475279106859e-06 0
2409 5.858585858585862e-06 6.516746411483253e-06 0
2410 5.858585858585862e-06 6.80701754385965e-06 0
2411 5.858585858585862e-06 7.097288676236044e-06 0
2412 5.858585858585863e-06 7.387559808612441e-06 0
2413 5.858585858585862e-06 7.677830940988835e-06 0
2414 5.858585858585863e-06 7.968102073365231e-06 0
2415 5.858585858585863e-06 8.258373205741628e-06 0
2416 5.858585858585864e-06 8.548644338118022e-06 0
2417 5.858585858585864e-06 8.838915470494419e-06 0
2418 5.858585858585864e-06 9.129186602870813e-06 0
2419 5.858585858585864e-06 9.41945773524721e-06 0
2420 5.858585858585864e-06 9.709728867623606e-06 0
2421 5.959595959595956e-06 2.32854864433811e-07 0
2422 5.959595959595956e-06 4.657097288676237e-07 0
2423 5.959595959595957e-06 6.985645933014346e-07 0
2424 5.959595959595958e-06 9.314194577352456e-07 0
2425 5.959595959595958e-06 1.164274322169057e-06 0
2426 5.959595959595958e-06 1.397129186602868e-06 0
2427 5.959595959595958e-06 1.629984051036681e-06 0
2428 5.959595959595958e-06 1.862838915470493e-06 0
2429 5.959595959595959e-06 2.095693779904303e-06 0
2430 5.959595959595958e-06 2.328548644338114e-06 0
2431 5.959595959595959e-06 2.561403508771926e-06 0
2432 5.95959595959596e-06 2.794258373205738e-06 0
2433 5.95959595959596e-06 3.027113237639549e-06 0
2434 5.95959595959596e-06 3.25996810207336e-06 0
2435 5.95959595959596e-06 3.492822966507172e-06 0
2436 5.95959595959596e-06 3.725677830940984e-06 0
2437 5.95959595959596e-06 3.958532695374796e-06 0
2438 5.959595959595961e-06 4.191387559808608e-06 0
2439 5.959595959595961e-06 4.424242424242419e-06 0
2440 5.959595959595961e-06 4.717703349282293e-06 0
2441 5.959595959595961e-06 5.011164274322166e-06 0
2442 5.959595959595961e-06 5.304625199362039e-06 0
2443 5.959595959595963e-06 5.598086124401913e-06 0
2444 5.959595959595963e-06 5.891547049441786e-06 0
2445 5.959595959595963e-06 6.185007974481658e-06 0
2446 5.959595959595963e-06 6.478468899521531e-06 0
2447 5.959595959595963e-06 6.771929824561403e-06 0
2448 5.959595959595965e-06 7.065390749601275e-06 0
2449 5.959595959595964e-06 7.358851674641149e-06 0
2450 5.959595959595965e-06 7.652312599681021e-06 0
2451 5.959595959595965e-06 7.945773524720894e-06 0
2452 5.959595959595965e-06 8.239234449760767e-06 0
2453 5.959595959595965e-06 8.532695374800639e-06 0
2454 5.959595959595966e-06 8.826156299840512e-06 0
2455 5.959595959595966e-06 9.119617224880383e-06 0
2456 5.959595959595966e-06 9.413078149920256e-06 0
2457 5.959595959595966e-06 9.706539074960128e-06 0
2458 6.060606060606057e-06 2.296650717703364e-07 0
2459 6.060606060606057e-06 4.593301435406693e-07 0
2460 6.060606060606058e-06 6.889952153110032e-07 0
2461 6.060606060606057e-06 9.186602870813395e-07 0
2462 6.060606060606058e-06 1.148325358851673e-06 0
2463 6.060606060606058e-06 1.377990430622008e-06 0
2464 6.060606060606058e-06 1.607655502392343e-06 0
2465 6.060606060606058e-06 1.837320574162677e-06 0
2466 6.060606060606059e-06 2.066985645933012e-06 0
2467 6.06060606060606e-06 2.296650717703347e-06 0
2468 6.060606060606059e-06 2.526315789473681e-06 0
2469 6.06060606060606e-06 2.755980861244016e-06 0
2470 6.06060606060606e-06 2.985645933014349e-06 0
2471 6.06060606060606e-06 3.215311004784685e-06 0
2472 6.060606060606061e-06 3.444976076555019e-06 0
2473 6.060606060606061e-06 3.674641148325354e-06 0
2474 6.06060606060606e-06 3.904306220095689e-06 0
2475 6.060606060606062e-06 4.133971291866024e-06 0
2476 6.060606060606062e-06 4.363636363636359e-06 0
2477 6.060606060606062e-06 4.660287081339709e-06 0
2478 6.060606060606062e-06 4.956937799043059e-06 0
2479 6.060606060606063e-06 5.253588516746409e-06 0
2480 6.060606060606063e-06 5.55023923444976e-06 0
2481 6.060606060606063e-06 5.84688995215311e-06 0
2482 6.060606060606064e-06 6.143540669856459e-06 0
2483 6.060606060606064e-06 6.440191387559808e-06 0
2484 6.060606060606064e-06 6.736842105263157e-06 0
2485 6.060606060606064e-06 7.033492822966508e-06 0
2486 6.060606060606064e-06 7.330143540669857e-06 0
2487 6.060606060606064e-06 7.626794258373206e-06 0
2488 6.060606060606065e-06 7.923444976076556e-06 0
2489 6.060606060606065e-06 8.220095693779905e-06 0
2490 6.060606060606064e-06 8.516746411483254e-06 0
2491 6.060606060606065e-06 8.813397129186603e-06 0
2492 6.060606060606065e-06 9.110047846889952e-06 0
2493 6.060606060606067e-06 9.406698564593303e-06 0
2494 6.060606060606067e-06 9.703349282296652e-06 0
2495 6.161616161616159e-06 2.264752791068584e-07 0
2496 6.161616161616159e-06 4.52950558213715e-07 0
2497 6.16161616161616e-06 6.794258373205726e-07 0
2498 6.161616161616159e-06 9.059011164274326e-07 0
2499 6.161616161616161e-06 1.132376395534288e-06 0
2500 6.16161616161616e-06 1.358851674641146e-06 0
2501 6.161616161616161e-06 1.585326953748005e-06 0
2502 6.161616161616161e-06 1.811802232854862e-06 0
2503 6.161616161616161e-06 2.038277511961719e-06 0
2504 6.161616161616161e-06 2.264752791068577e-06 0
2505 6.161616161616161e-06 2.491228070175434e-06 0
2506 6.161616161616161e-06 2.717703349282292e-06 0
2507 6.161616161616162e-06 2.94417862838915e-06 0
2508 6.161616161616162e-06 3.170653907496009e-06 0
2509 6.161616161616162e-06 3.397129186602866e-06 0
2510 6.161616161616162e-06 3.623604465709725e-06 0
2511 6.161616161616162e-06 3.850079744816582e-06 0
2512 6.161616161616164e-06 4.07655502392344e-06 0
2513 6.161616161616164e-06 4.303030303030298e-06 0
2514 6.161616161616164e-06 4.602870813397126e-06 0
2515 6.161616161616164e-06 4.902711323763953e-06 0
2516 6.161616161616164e-06 5.20255183413078e-06 0
2517 6.161616161616164e-06 5.502392344497607e-06 0
2518 6.161616161616165e-06 5.802232854864434e-06 0
2519 6.161616161616166e-06 6.10207336523126e-06 0
2520 6.161616161616165e-06 6.401913875598086e-06 0
2521 6.161616161616166e-06 6.701754385964912e-06 0
2522 6.161616161616166e-06 7.001594896331738e-06 0
2523 6.161616161616166e-06 7.301435406698565e-06 0
2524 6.161616161616167e-06 7.60127591706539e-06 0
2525 6.161616161616167e-06 7.901116427432217e-06 0
2526 6.161616161616167e-06 8.200956937799044e-06 0
2527 6.161616161616167e-06 8.500797448165868e-06 0
2528 6.161616161616167e-06 8.800637958532695e-06 0
2529 6.161616161616167e-06 9.100478468899522e-06 0
2530 6.161616161616168e-06 9.400318979266349e-06 0
2531 6.161616161616168e-06 9.700159489633176e-06 0
2532 6.262626262626259e-06 2.232854864433804e-07 0
2533 6.262626262626259e-06 4.465709728867624e-07 0
2534 6.262626262626259e-06 6.698564593301436e-07 0
2535 6.26262626262626e-06 8.93141945773524e-07 0
2536 6.262626262626261e-06 1.116427432216904e-06 0
2537 6.262626262626261e-06 1.339712918660285e-06 0
2538 6.26262626262626e-06 1.562998405103666e-06 0
2539 6.262626262626261e-06 1.786283891547048e-06 0
2540 6.262626262626261e-06 2.009569377990428e-06 0
2541 6.262626262626261e-06 2.232854864433809e-06 0
2542 6.262626262626261e-06 2.45614035087719e-06 0
2543 6.262626262626261e-06 2.679425837320571e-06 0
2544 6.262626262626262e-06 2.902711323763951e-06 0
2545 6.262626262626263e-06 3.125996810207332e-06 0
2546 6.262626262626263e-06 3.349282296650712e-06 0
2547 6.262626262626263e-06 3.572567783094094e-06 0
2548 6.262626262626264e-06 3.795853269537476e-06 0
2549 6.262626262626265e-06 4.019138755980857e-06 0
2550 6.262626262626264e-06 4.242424242424238e-06 0
2551 6.262626262626264e-06 4.545454545454542e-06 0
2552 6.262626262626265e-06 4.848484848484845e-06 0
2553 6.262626262626265e-06 5.15151515151515e-06 0
2554 6.262626262626265e-06 5.454545454545454e-06 0
2555 6.262626262626265e-06 5.757575757575758e-06 0
2556 6.262626262626265e-06 6.06060606060606e-06 0
2557 6.262626262626266e-06 6.363636363636363e-06 0
2558 6.262626262626266e-06 6.666666666666667e-06 0
2559 6.262626262626266e-06 6.969696969696969e-06 0
2560 6.262626262626266e-06 7.272727272727273e-06 0
2561 6.262626262626266e-06 7.575757575757576e-06 0
2562 6.262626262626267e-06 7.878787878787878e-06 0
2563 6.262626262626267e-06 8.181818181818183e-06 0
2564 6.262626262626268e-06 8.484848484848486e-06 0
2565 6.262626262626268e-06 8.787878787878789e-06 0
2566 6.262626262626268e-06 9.090909090909091e-06 0
2567 6.262626262626269e-06 9.393939393939394e-06 0
2568 6.262626262626269e-06 9.696969696969698e-06 0
2569 6.363636363636361e-06 2.200956937799058e-07 0
2570 6.363636363636361e-06 4.401913875598081e-07 0
2571 6.363636363636362e-06 6.602870813397113e-07 0
2572 6.363636363636362e-06 8.803827751196163e-07 0
2573 6.363636363636362e-06 1.100478468899522e-06 0
2574 6.363636363636362e-06 1.320574162679424e-06 0
2575 6.363636363636363e-06 1.540669856459328e-06 0
2576 6.363636363636362e-06 1.760765550239233e-06 0
2577 6.363636363636363e-06 1.980861244019135e-06 0
2578 6.363636363636363e-06 2.200956937799041e-06 0
2579 6.363636363636363e-06 2.421052631578944e-06 0
2580 6.363636363636363e-06 2.641148325358848e-06 0
2581 6.363636363636363e-06 2.861244019138751e-06 0
2582 6.363636363636364e-06 3.081339712918654e-06 0
2583 6.363636363636365e-06 3.30143540669856e-06 0
2584 6.363636363636365e-06 3.521531100478464e-06 0
2585 6.363636363636365e-06 3.741626794258368e-06 0
2586 6.363636363636365e-06 3.961722488038272e-06 0
2587 6.363636363636365e-06 4.181818181818176e-06 0
2588 6.363636363636365e-06 4.488038277511958e-06 0
2589 6.363636363636366e-06 4.794258373205738e-06 0
2590 6.363636363636366e-06 5.100478468899519e-06 0
2591 6.363636363636367e-06 5.4066985645933e-06 0
2592 6.363636363636367e-06 5.712918660287081e-06 0
2593 6.363636363636367e-06 6.019138755980861e-06 0
2594 6.363636363636367e-06 6.325358851674641e-06 0
2595 6.363636363636368e-06 6.631578947368421e-06 0
2596 6.363636363636368e-06 6.937799043062202e-06 0
2597 6.363636363636368e-06 7.244019138755981e-06 0
2598 6.363636363636368e-06 7.550239234449761e-06 0
2599 6.363636363636368e-06 7.856459330143542e-06 0
2600 6.363636363636368e-06 8.162679425837322e-06 0
2601 6.363636363636368e-06 8.468899521531101e-06 0
2602 6.363636363636369e-06 8.775119617224881e-06 0
2603 6.363636363636369e-06 9.08133971291866e-06 0
2604 6.363636363636369e-06 9.387559808612442e-06 0
2605 6.36363636363637e-06 9.693779904306221e-06 0
2606 6.464646464646462e-06 2.169059011164278e-07 0
2607 6.464646464646462e-06 4.338118022328538e-07 0
2608 6.464646464646462e-06 6.507177033492816e-07 0
2609 6.464646464646462e-06 8.676236044657102e-07 0
2610 6.464646464646462e-06 1.084529505582138e-06 0
2611 6.464646464646463e-06 1.301435406698562e-06 0
2612 6.464646464646463e-06 1.51834130781499e-06 0
2613 6.464646464646464e-06 1.735247208931418e-06 0
2614 6.464646464646464e-06 1.952153110047844e-06 0
2615 6.464646464646464e-06 2.169059011164271e-06 0
2616 6.464646464646464e-06 2.385964912280697e-06 0
2617 6.464646464646465e-06 2.602870813397126e-06 0
2618 6.464646464646464e-06 2.819776714513552e-06 0
2619 6.464646464646464e-06 3.03668261562998e-06 0
2620 6.464646464646465e-06 3.253588516746406e-06 0
2621 6.464646464646466e-06 3.470494417862835e-06 0
2622 6.464646464646466e-06 3.687400318979261e-06 0
2623 6.464646464646466e-06 3.904306220095689e-06 0
2624 6.464646464646466e-06 4.121212121212116e-06 0
2625 6.464646464646466e-06 4.430622009569375e-06 0
2626 6.464646464646466e-06 4.740031897926632e-06 0
2627 6.464646464646466e-06 5.04944178628389e-06 0
2628 6.464646464646467e-06 5.358851674641147e-06 0
2629 6.464646464646467e-06 5.668261562998405e-06 0
2630 6.464646464646467e-06 5.977671451355663e-06 0
2631 6.464646464646467e-06 6.287081339712918e-06 0
2632 6.464646464646468e-06 6.596491228070176e-06 0
2633 6.464646464646467e-06 6.905901116427432e-06 0
2634 6.464646464646469e-06 7.215311004784689e-06 0
2635 6.464646464646468e-06 7.524720893141945e-06 0
2636 6.464646464646469e-06 7.834130781499203e-06 0
2637 6.464646464646469e-06 8.143540669856461e-06 0
2638 6.464646464646469e-06 8.452950558213715e-06 0
2639 6.464646464646469e-06 8.762360446570972e-06 0
2640 6.46464646464647e-06 9.07177033492823e-06 0
2641 6.46464646464647e-06 9.381180223285487e-06 0
2642 6.46464646464647e-06 9.690590111642745e-06 0
2643 6.565656565656564e-06 2.137161084529498e-07 0
2644 6.565656565656563e-06 4.274322169059012e-07 0
2645 6.565656565656563e-06 6.411483253588501e-07 0
2646 6.565656565656564e-06 8.548644338118007e-07 0
2647 6.565656565656564e-06 1.068580542264752e-06 0
2648 6.565656565656564e-06 1.282296650717701e-06 0
2649 6.565656565656564e-06 1.496012759170652e-06 0
2650 6.565656565656564e-06 1.709728867623603e-06 0
2651 6.565656565656565e-06 1.923444976076552e-06 0
2652 6.565656565656565e-06 2.137161084529502e-06 0
2653 6.565656565656564e-06 2.350877192982452e-06 0
2654 6.565656565656566e-06 2.564593301435403e-06 0
2655 6.565656565656565e-06 2.778309409888354e-06 0
2656 6.565656565656566e-06 2.992025518341303e-06 0
2657 6.565656565656566e-06 3.205741626794254e-06 0
2658 6.565656565656566e-06 3.419457735247205e-06 0
2659 6.565656565656567e-06 3.633173843700156e-06 0
2660 6.565656565656567e-06 3.846889952153106e-06 0
2661 6.565656565656567e-06 4.060606060606056e-06 0
2662 6.565656565656568e-06 4.373205741626791e-06 0
2663 6.565656565656568e-06 4.685805422647525e-06 0
2664 6.565656565656568e-06 4.99840510366826e-06 0
2665 6.565656565656568e-06 5.311004784688994e-06 0
2666 6.565656565656569e-06 5.62360446570973e-06 0
2667 6.565656565656569e-06 5.936204146730463e-06 0
2668 6.565656565656569e-06 6.248803827751196e-06 0
2669 6.56565656565657e-06 6.56140350877193e-06 0
2670 6.56565656565657e-06 6.874003189792664e-06 0
2671 6.56565656565657e-06 7.186602870813398e-06 0
2672 6.56565656565657e-06 7.499202551834131e-06 0
2673 6.56565656565657e-06 7.811802232854865e-06 0
2674 6.56565656565657e-06 8.124401913875599e-06 0
2675 6.56565656565657e-06 8.437001594896331e-06 0
2676 6.56565656565657e-06 8.749601275917067e-06 0
2677 6.565656565656571e-06 9.062200956937799e-06 0
2678 6.565656565656571e-06 9.374800637958533e-06 0
2679 6.565656565656571e-06 9.687400318979267e-06 0
2680 6.666666666666666e-06 2.105263157894743e-07 0
2681 6.666666666666665e-06 4.210526315789469e-07 0
2682 6.666666666666666e-06 6.315789473684195e-07 0
2683 6.666666666666667e-06 8.421052631578947e-07 0
2684 6.666666666666666e-06 1.052631578947367e-06 0
2685 6.666666666666667e-06 1.26315789473684e-06 0
2686 6.666666666666667e-06 1.473684210526314e-06 0
2687 6.666666666666667e-06 1.684210526315787e-06 0
2688 6.666666666666667e-06 1.894736842105261e-06 0
2689 6.666666666666667e-06 2.105263157894734e-06 0
2690 6.666666666666667e-06 2.315789473684206e-06 0
2691 6.666666666666667e-06 2.52631578947368e-06 0
2692 6.666666666666667e-06 2.736842105263154e-06 0
2693 6.666666666666668e-06 2.947368421052627e-06 0
2694 6.666666666666668e-06 3.157894736842101e-06 0
2695 6.666666666666667e-06 3.368421052631574e-06 0
2696 6.666666666666668e-06 3.578947368421048e-06 0
2697 6.666666666666668e-06 3.789473684210522e-06 0
2698 6.666666666666668e-06 3.999999999999996e-06 0
2699 6.666666666666668e-06 4.315789473684207e-06 0
2700 6.666666666666669e-06 4.631578947368418e-06 0
2701 6.666666666666669e-06 4.94736842105263e-06 0
2702 6.666666666666668e-06 5.263157894736841e-06 0
2703 6.666666666666669e-06 5.578947368421052e-06 0
2704 6.666666666666669e-06 5.894736842105263e-06 0
2705 6.66666666666667e-06 6.210526315789474e-06 0
2706 6.66666666666667e-06 6.526315789473684e-06 0
2707 6.66666666666667e-06 6.842105263157895e-06 0
2708 6.66666666666667e-06 7.157894736842106e-06 0
2709 6.66666666666667e-06 7.473684210526315e-06 0
2710 6.66666666666667e-06 7.789473684210528e-06 0
2711 6.666666666666671e-06 8.105263157894736e-06 0
2712 6.666666666666671e-06 8.421052631578948e-06 0
2713 6.666666666666672e-06 8.736842105263158e-06 0
2714 6.666666666666671e-06 9.052631578947369e-06 0
2715 6.666666666666671e-06 9.36842105263158e-06 0
2716 6.666666666666672e-06 9.684210526315791e-06 0
2717 6.767676767676765e-06 2.07336523125998e-07 0
2718 6.767676767676766e-06 4.146730462519926e-07 0
2719 6.767676767676765e-06 6.220095693779906e-07 0
2720 6.767676767676766e-06 8.293460925039877e-07 0
2721 6.767676767676767e-06 1.036682615629984e-06 0
2722 6.767676767676767e-06 1.244019138755979e-06 0
2723 6.767676767676767e-06 1.451355661881975e-06 0
2724 6.767676767676767e-06 1.658692185007973e-06 0
2725 6.767676767676767e-06 1.866028708133968e-06 0
2726 6.767676767676767e-06 2.073365231259965e-06 0
2727 6.767676767676769e-06 2.280701754385961e-06 0
2728 6.767676767676769e-06 2.488038277511958e-06 0
2729 6.767676767676768e-06 2.695374800637954e-06 0
2730 6.767676767676769e-06 2.90271132376395e-06 0
2731 6.767676767676769e-06 3.110047846889947e-06 0
2732 6.767676767676769e-06 3.317384370015944e-06 0
2733 6.767676767676769e-06 3.524720893141941e-06 0
2734 6.76767676767677e-06 3.732057416267938e-06 0
2735 6.767676767676769e-06 3.939393939393934e-06 0
2736 6.76767676767677e-06 4.258373205741622e-06 0
2737 6.76767676767677e-06 4.577352472089311e-06 0
2738 6.76767676767677e-06 4.896331738437e-06 0
2739 6.767676767676771e-06 5.215311004784688e-06 0
2740 6.767676767676771e-06 5.534290271132376e-06 0
2741 6.767676767676771e-06 5.853269537480064e-06 0
2742 6.767676767676771e-06 6.172248803827751e-06 0
2743 6.767676767676771e-06 6.491228070175438e-06 0
2744 6.767676767676771e-06 6.810207336523126e-06 0
2745 6.767676767676771e-06 7.129186602870814e-06 0
2746 6.767676767676772e-06 7.448165869218501e-06 0
2747 6.767676767676772e-06 7.767145135566189e-06 0
2748 6.767676767676772e-06 8.086124401913875e-06 0
2749 6.767676767676772e-06 8.405103668261563e-06 0
2750 6.767676767676772e-06 8.72408293460925e-06 0
2751 6.767676767676773e-06 9.043062200956938e-06 0
2752 6.767676767676773e-06 9.362041467304626e-06 0
2753 6.767676767676773e-06 9.681020733652314e-06 0
2754 6.868686868686866e-06 2.0414673046252e-07 0
2755 6.868686868686867e-06 4.0829346092504e-07 0
2756 6.868686868686867e-06 6.124401913875591e-07 0
2757 6.868686868686868e-06 8.165869218500783e-07 0
2758 6.868686868686868e-06 1.020733652312599e-06 0
2759 6.868686868686868e-06 1.224880382775118e-06 0
2760 6.868686868686868e-06 1.429027113237639e-06 0
2761 6.868686868686868e-06 1.633173843700157e-06 0
2762 6.868686868686868e-06 1.837320574162677e-06 0
2763 6.868686868686868e-06 2.041467304625197e-06 0
2764 6.868686868686869e-06 2.245614035087716e-06 0
2765 6.868686868686869e-06 2.449760765550237e-06 0
2766 6.868686868686869e-06 2.653907496012754e-06 0
2767 6.868686868686869e-06 2.858054226475275e-06 0
2768 6.868686868686869e-06 3.062200956937794e-06 0
2769 6.868686868686869e-06 3.266347687400314e-06 0
2770 6.868686868686869e-06 3.470494417862834e-06 0
2771 6.868686868686871e-06 3.674641148325353e-06 0
2772 6.86868686868687e-06 3.878787878787874e-06 0
2773 6.868686868686871e-06 4.200956937799039e-06 0
2774 6.868686868686871e-06 4.523125996810205e-06 0
2775 6.868686868686871e-06 4.845295055821369e-06 0
2776 6.868686868686871e-06 5.167464114832535e-06 0
2777 6.868686868686872e-06 5.489633173843701e-06 0
2778 6.868686868686872e-06 5.811802232854864e-06 0
2779 6.868686868686872e-06 6.133971291866029e-06 0
2780 6.868686868686873e-06 6.456140350877193e-06 0
2781 6.868686868686873e-06 6.778309409888358e-06 0
2782 6.868686868686873e-06 7.100478468899522e-06 0
2783 6.868686868686873e-06 7.422647527910686e-06 0
2784 6.868686868686873e-06 7.744816586921849e-06 0
2785 6.868686868686874e-06 8.066985645933014e-06 0
2786 6.868686868686874e-06 8.38915470494418e-06 0
2787 6.868686868686874e-06 8.711323763955345e-06 0
2788 6.868686868686874e-06 9.033492822966507e-06 0
2789 6.868686868686874e-06 9.355661881977672e-06 0
2790 6.868686868686874e-06 9.677830940988836e-06 0
2791 6.969696969696968e-06 2.009569377990445e-07 0
2792 6.969696969696968e-06 4.019138755980857e-07 0
2793 6.969696969696968e-06 6.028708133971277e-07 0
2794 6.969696969696968e-06 8.038277511961714e-07 0
2795 6.969696969696968e-06 1.004784688995214e-06 0
2796 6.969696969696969e-06 1.205741626794257e-06 0
2797 6.969696969696969e-06 1.4066985645933e-06 0
2798 6.969696969696969e-06 1.607655502392342e-06 0
2799 6.969696969696969e-06 1.808612440191386e-06 0
2800 6.96969696969697e-06 2.009569377990428e-06 0
2801 6.96969696969697e-06 2.21052631578947e-06 0
2802 6.96969696969697e-06 2.411483253588513e-06 0
2803 6.96969696969697e-06 2.612440191387556e-06 0
2804 6.96969696969697e-06 2.813397129186598e-06 0
2805 6.969696969696971e-06 3.014354066985642e-06 0
2806 6.969696969696971e-06 3.215311004784685e-06 0
2807 6.969696969696972e-06 3.416267942583728e-06 0
2808 6.969696969696971e-06 3.61722488038277e-06 0
2809 6.969696969696971e-06 3.818181818181813e-06 0
2810 6.969696969696972e-06 4.143540669856456e-06 0
2811 6.969696969696972e-06 4.468899521531097e-06 0
2812 6.969696969696972e-06 4.794258373205741e-06 0
2813 6.969696969696973e-06 5.119617224880382e-06 0
2814 6.969696969696973e-06 5.444976076555025e-06 0
2815 6.969696969696973e-06 5.770334928229665e-06 0
2816 6.969696969696972e-06 6.095693779904306e-06 0
2817 6.969696969696972e-06 6.421052631578947e-06 0
2818 6.969696969696972e-06 6.746411483253589e-06 0
2819 6.969696969696973e-06 7.07177033492823e-06 0
2820 6.969696969696973e-06 7.397129186602871e-06 0
2821 6.969696969696973e-06 7.722488038277514e-06 0
2822 6.969696969696974e-06 8.047846889952154e-06 0
2823 6.969696969696974e-06 8.373205741626795e-06 0
2824 6.969696969696975e-06 8.698564593301436e-06 0
2825 6.969696969696974e-06 9.023923444976077e-06 0
2826 6.969696969696975e-06 9.349282296650721e-06 0
2827 6.969696969696974e-06 9.67464114832536e-06 0
2828 7.070707070707069e-06 1.977671451355665e-07 0
2829 7.070707070707069e-06 3.955342902711314e-07 0
2830 7.07070707070707e-06 5.933014354066979e-07 0
2831 7.07070707070707e-06 7.910685805422644e-07 0
2832 7.07070707070707e-06 9.888357256778318e-07 0
2833 7.070707070707069e-06 1.186602870813395e-06 0
2834 7.07070707070707e-06 1.384370015948964e-06 0
2835 7.07070707070707e-06 1.582137161084528e-06 0
2836 7.070707070707071e-06 1.779904306220094e-06 0
2837 7.07070707070707e-06 1.977671451355659e-06 0
2838 7.070707070707072e-06 2.175438596491224e-06 0
2839 7.07070707070707e-06 2.373205741626792e-06 0
2840 7.070707070707071e-06 2.570972886762357e-06 0
2841 7.070707070707072e-06 2.768740031897923e-06 0
2842 7.070707070707071e-06 2.966507177033488e-06 0
2843 7.070707070707072e-06 3.164274322169055e-06 0
2844 7.070707070707072e-06 3.362041467304621e-06 0
2845 7.070707070707072e-06 3.559808612440187e-06 0
2846 7.070707070707072e-06 3.757575757575753e-06 0
2847 7.070707070707072e-06 4.086124401913873e-06 0
2848 7.070707070707073e-06 4.414673046251991e-06 0
2849 7.070707070707073e-06 4.74322169059011e-06 0
2850 7.070707070707074e-06 5.07177033492823e-06 0
2851 7.070707070707073e-06 5.400318979266349e-06 0
2852 7.070707070707073e-06 5.728867623604467e-06 0
2853 7.070707070707074e-06 6.057416267942584e-06 0
2854 7.070707070707074e-06 6.385964912280703e-06 0
2855 7.070707070707074e-06 6.71451355661882e-06 0
2856 7.070707070707074e-06 7.043062200956938e-06 0
2857 7.070707070707075e-06 7.371610845295056e-06 0
2858 7.070707070707075e-06 7.700159489633174e-06 0
2859 7.070707070707075e-06 8.028708133971293e-06 0
2860 7.070707070707076e-06 8.357256778309409e-06 0
2861 7.070707070707075e-06 8.685805422647529e-06 0
2862 7.070707070707075e-06 9.014354066985646e-06 0
2863 7.070707070707076e-06 9.342902711323765e-06 0
2864 7.070707070707076e-06 9.671451355661884e-06 0
2865 7.171717171717171e-06 1.945773524720885e-07 0
2866 7.17171717171717e-06 3.891547049441788e-07 0
2867 7.171717171717171e-06 5.837320574162673e-07 0
2868 7.171717171717171e-06 7.783094098883575e-07 0
2869 7.171717171717171e-06 9.728867623604469e-07 0
2870 7.171717171717172e-06 1.167464114832534e-06 0
2871 7.171717171717172e-06 1.362041467304623e-06 0
2872 7.171717171717173e-06 1.556618819776713e-06 0
2873 7.171717171717172e-06 1.751196172248802e-06 0
2874 7.171717171717173e-06 1.94577352472089e-06 0
2875 7.171717171717173e-06 2.140350877192979e-06 0
2876 7.171717171717173e-06 2.334928229665069e-06 0
2877 7.171717171717173e-06 2.529505582137158e-06 0
2878 7.171717171717173e-06 2.724082934609245e-06 0
2879 7.171717171717173e-06 2.918660287081335e-06 0
2880 7.171717171717173e-06 3.113237639553425e-06 0
2881 7.171717171717173e-06 3.307814992025514e-06 0
2882 7.171717171717173e-06 3.502392344497604e-06 0
2883 7.171717171717173e-06 3.696969696969692e-06 0
2884 7.171717171717173e-06 4.028708133971289e-06 0
2885 7.171717171717173e-06 4.360446570972884e-06 0
2886 7.171717171717174e-06 4.692185007974481e-06 0
2887 7.171717171717174e-06 5.023923444976077e-06 0
2888 7.171717171717174e-06 5.355661881977673e-06 0
2889 7.171717171717174e-06 5.687400318979268e-06 0
2890 7.171717171717174e-06 6.019138755980862e-06 0
2891 7.171717171717175e-06 6.350877192982456e-06 0
2892 7.171717171717175e-06 6.682615629984052e-06 0
2893 7.171717171717175e-06 7.014354066985648e-06 0
2894 7.171717171717176e-06 7.346092503987241e-06 0
2895 7.171717171717175e-06 7.677830940988837e-06 0
2896 7.171717171717175e-06 8.009569377990432e-06 0
2897 7.171717171717176e-06 8.341307814992025e-06 0
2898 7.171717171717175e-06 8.673046251993622e-06 0
2899 7.171717171717176e-06 9.004784688995216e-06 0
2900 7.171717171717176e-06 9.336523125996811e-06 0
2901 7.171717171717176e-06 9.668261562998406e-06 0
2902 7.272727272727272e-06 1.913875598086139e-07 0
2903 7.272727272727271e-06 3.827751196172245e-07 0
2904 7.272727272727272e-06 5.741626794258367e-07 0
2905 7.272727272727272e-06 7.655502392344489e-07 0
2906 7.272727272727273e-06 9.569377990430611e-07 0
2907 7.272727272727273e-06 1.148325358851673e-06 0
2908 7.272727272727273e-06 1.339712918660285e-06 0
2909 7.272727272727274e-06 1.531100478468897e-06 0
2910 7.272727272727273e-06 1.722488038277509e-06 0
2911 7.272727272727273e-06 1.913875598086122e-06 0
2912 7.272727272727274e-06 2.105263157894733e-06 0
2913 7.272727272727274e-06 2.296650717703345e-06 0
2914 7.272727272727275e-06 2.488038277511957e-06 0
2915 7.272727272727275e-06 2.679425837320569e-06 0
2916 7.272727272727275e-06 2.870813397129183e-06 0
2917 7.272727272727275e-06 3.062200956937795e-06 0
2918 7.272727272727275e-06 3.253588516746407e-06 0
2919 7.272727272727275e-06 3.444976076555018e-06 0
2920 7.272727272727275e-06 3.636363636363631e-06 0
2921 7.272727272727275e-06 3.971291866028704e-06 0
2922 7.272727272727275e-06 4.306220095693777e-06 0
2923 7.272727272727275e-06 4.64114832535885e-06 0
2924 7.272727272727277e-06 4.976076555023923e-06 0
2925 7.272727272727275e-06 5.311004784688995e-06 0
2926 7.272727272727276e-06 5.645933014354068e-06 0
2927 7.272727272727277e-06 5.980861244019139e-06 0
2928 7.272727272727277e-06 6.31578947368421e-06 0
2929 7.272727272727277e-06 6.650717703349283e-06 0
2930 7.272727272727277e-06 6.985645933014355e-06 0
2931 7.272727272727277e-06 7.320574162679426e-06 0
2932 7.272727272727277e-06 7.655502392344499e-06 0
2933 7.272727272727277e-06 7.990430622009569e-06 0
2934 7.272727272727277e-06 8.325358851674642e-06 0
2935 7.272727272727277e-06 8.660287081339714e-06 0
2936 7.272727272727277e-06 8.995215311004785e-06 0
2937 7.272727272727277e-06 9.330143540669858e-06 0
2938 7.272727272727278e-06 9.665071770334929e-06 0
2939 7.373737373737374e-06 1.881977671451359e-07 0
2940 7.373737373737373e-06 3.763955342902702e-07 0
2941 7.373737373737374e-06 5.645933014354061e-07 0
2942 7.373737373737374e-06 7.527910685805428e-07 0
2943 7.373737373737374e-06 9.409888357256779e-07 0
2944 7.373737373737374e-06 1.129186602870811e-06 0
2945 7.373737373737374e-06 1.317384370015948e-06 0
2946 7.373737373737374e-06 1.505582137161084e-06 0
2947 7.373737373737375e-06 1.693779904306217e-06 0
2948 7.373737373737375e-06 1.881977671451352e-06 0
2949 7.373737373737375e-06 2.070175438596487e-06 0
2950 7.373737373737375e-06 2.258373205741624e-06 0
2951 7.373737373737375e-06 2.446570972886759e-06 0
2952 7.373737373737375e-06 2.634768740031894e-06 0
2953 7.373737373737375e-06 2.82296650717703e-06 0
2954 7.373737373737376e-06 3.011164274322165e-06 0
2955 7.373737373737375e-06 3.1993620414673e-06 0
2956 7.373737373737375e-06 3.387559808612435e-06 0
2957 7.373737373737375e-06 3.575757575757571e-06 0
2958 7.373737373737375e-06 3.91387559808612e-06 0
2959 7.373737373737376e-06 4.25199362041467e-06 0
2960 7.373737373737377e-06 4.59011164274322e-06 0
2961 7.373737373737377e-06 4.92822966507177e-06 0
2962 7.373737373737377e-06 5.266347687400319e-06 0
2963 7.373737373737377e-06 5.604465709728869e-06 0
2964 7.373737373737377e-06 5.942583732057416e-06 0
2965 7.373737373737377e-06 6.280701754385965e-06 0
2966 7.373737373737377e-06 6.618819776714514e-06 0
2967 7.373737373737377e-06 6.956937799043063e-06 0
2968 7.373737373737379e-06 7.295055821371611e-06 0
2969 7.373737373737377e-06 7.63317384370016e-06 0
2970 7.373737373737378e-06 7.971291866028709e-06 0
2971 7.373737373737379e-06 8.309409888357257e-06 0
2972 7.373737373737378e-06 8.647527910685807e-06 0
2973 7.37373737373738e-06 8.985645933014356e-06 0
2974 7.373737373737379e-06 9.323763955342904e-06 0
2975 7.373737373737379e-06 9.661881977671453e-06 0
2976 7.474747474747474e-06 1.850079744816596e-07 0
2977 7.474747474747475e-06 3.700159489633175e-07 0
2978 7.474747474747476e-06 5.550239234449755e-07 0
2979 7.474747474747475e-06 7.400318979266342e-07 0
2980 7.474747474747474e-06 9.25039872408293e-07 0
2981 7.474747474747476e-06 1.110047846889951e-06 0
2982 7.474747474747476e-06 1.295055821371609e-06 0
2983 7.474747474747476e-06 1.480063795853268e-06 0
2984 7.474747474747476e-06 1.665071770334926e-06 0
2985 7.474747474747476e-06 1.850079744816584e-06 0
2986 7.474747474747476e-06 2.035087719298243e-06 0
2987 7.474747474747476e-06 2.220095693779901e-06 0
2988 7.474747474747476e-06 2.405103668261559e-06 0
2989 7.474747474747476e-06 2.590111642743217e-06 0
2990 7.474747474747476e-06 2.775119617224876e-06 0
2991 7.474747474747477e-06 2.960127591706534e-06 0
2992 7.474747474747478e-06 3.145135566188195e-06 0
2993 7.474747474747477e-06 3.330143540669852e-06 0
2994 7.474747474747477e-06 3.51515151515151e-06 0
2995 7.474747474747478e-06 3.856459330143538e-06 0
2996 7.474747474747478e-06 4.197767145135564e-06 0
2997 7.474747474747478e-06 4.53907496012759e-06 0
2998 7.474747474747478e-06 4.880382775119617e-06 0
2999 7.474747474747478e-06 5.221690590111644e-06 0
3000 7.474747474747478e-06 5.562998405103669e-06 0
3001 7.474747474747478e-06 5.904306220095694e-06 0
3002 7.474747474747478e-06 6.24561403508772e-06 0
3003 7.474747474747479e-06 6.586921850079745e-06 0
3004 7.474747474747479e-06 6.928229665071771e-06 0
3005 7.474747474747478e-06 7.269537480063796e-06 0
3006 7.474747474747478e-06 7.610845295055822e-06 0
3007 7.474747474747479e-06 7.952153110047848e-06 0
3008 7.474747474747479e-06 8.293460925039872e-06 0
3009 7.474747474747479e-06 8.6347687400319e-06 0
3010 7.474747474747479e-06 8.976076555023925e-06 0
3011 7.474747474747479e-06 9.317384370015949e-06 0
3012 7.474747474747479e-06 9.658692185007975e-06 0
3013 7.575757575757575e-06 1.818181818181825e-07 0
3014 7.575757575757576e-06 3.636363636363632e-07 0
3015 7.575757575757576e-06 5.45454545454544e-07 0
3016 7.575757575757575e-06 7.272727272727282e-07 0
3017 7.575757575757576e-06 9.090909090909081e-07 0
3018 7.575757575757575e-06 1.09090909090909e-06 0
3019 7.575757575757576e-06 1.272727272727272e-06 0
3020 7.575757575757576e-06 1.454545454545453e-06 0
3021 7.575757575757576e-06 1.636363636363635e-06 0
3022 7.575757575757576e-06 1.818181818181816e-06 0
3023 7.575757575757576e-06 1.999999999999997e-06 0
3024 7.575757575757576e-06 2.181818181818179e-06 0
3025 7.575757575757576e-06 2.36363636363636e-06 0
3026 7.575757575757576e-06 2.545454545454543e-06 0
3027 7.575757575757576e-06 2.727272727272723e-06 0
3028 7.575757575757578e-06 2.909090909090905e-06 0
3029 7.575757575757578e-06 3.090909090909087e-06 0
3030 7.575757575757577e-06 3.272727272727269e-06 0
3031 7.575757575757578e-06 3.45454545454545e-06 0
3032 7.575757575757577e-06 3.799043062200954e-06 0
3033 7.575757575757578e-06 4.143540669856457e-06 0
3034 7.575757575757578e-06 4.48803827751196e-06 0
3035 7.575757575757578e-06 4.832535885167465e-06 0
3036 7.575757575757578e-06 5.177033492822967e-06 0
3037 7.575757575757578e-06 5.52153110047847e-06 0
3038 7.575757575757579e-06 5.866028708133972e-06 0
3039 7.57575757575758e-06 6.210526315789475e-06 0
3040 7.575757575757578e-06 6.555023923444977e-06 0
3041 7.575757575757579e-06 6.89952153110048e-06 0
3042 7.575757575757579e-06 7.244019138755981e-06 0
3043 7.57575757575758e-06 7.588516746411485e-06 0
3044 7.57575757575758e-06 7.933014354066987e-06 0
3045 7.57575757575758e-06 8.277511961722489e-06 0
3046 7.57575757575758e-06 8.622009569377991e-06 0
3047 7.57575757575758e-06 8.966507177033493e-06 0
3048 7.57575757575758e-06 9.311004784688997e-06 0
3049 7.57575757575758e-06 9.655502392344499e-06 0
3050 7.676767676767677e-06 1.786283891547053e-07 0
3051 7.676767676767677e-06 3.572567783094089e-07 0
3052 7.676767676767675e-06 5.358851674641142e-07 0
3053 7.676767676767675e-06 7.145135566188196e-07 0
3054 7.676767676767675e-06 8.931419457735249e-07 0
3055 7.676767676767677e-06 1.071770334928228e-06 0
3056 7.676767676767677e-06 1.250398724082935e-06 0
3057 7.676767676767677e-06 1.429027113237639e-06 0
3058 7.676767676767677e-06 1.607655502392343e-06 0
3059 7.676767676767677e-06 1.786283891547046e-06 0
3060 7.676767676767677e-06 1.964912280701752e-06 0
3061 7.676767676767677e-06 2.143540669856457e-06 0
3062 7.676767676767677e-06 2.322169059011161e-06 0
3063 7.676767676767677e-06 2.500797448165866e-06 0
3064 7.676767676767677e-06 2.67942583732057e-06 0
3065 7.676767676767679e-06 2.858054226475276e-06 0
3066 7.676767676767679e-06 3.03668261562998e-06 0
3067 7.676767676767679e-06 3.215311004784685e-06 0
3068 7.676767676767679e-06 3.39393939393939e-06 0
3069 7.676767676767679e-06 3.74162679425837e-06 0
3070 7.676767676767679e-06 4.08931419457735e-06 0
3071 7.676767676767679e-06 4.437001594896331e-06 0
3072 7.676767676767679e-06 4.784688995215311e-06 0
3073 7.67676767676768e-06 5.132376395534292e-06 0
3074 7.676767676767679e-06 5.480063795853271e-06 0
3075 7.67676767676768e-06 5.82775119617225e-06 0
3076 7.67676767676768e-06 6.175438596491229e-06 0
3077 7.67676767676768e-06 6.523125996810208e-06 0
3078 7.67676767676768e-06 6.870813397129188e-06 0
3079 7.67676767676768e-06 7.218500797448167e-06 0
3080 7.67676767676768e-06 7.566188197767146e-06 0
3081 7.67676767676768e-06 7.913875598086126e-06 0
3082 7.67676767676768e-06 8.261562998405104e-06 0
3083 7.67676767676768e-06 8.609250398724082e-06 0
3084 7.67676767676768e-06 8.956937799043062e-06 0
3085 7.67676767676768e-06 9.304625199362042e-06 0
3086 7.676767676767682e-06 9.652312599681023e-06 0
3087 7.777777777777777e-06 1.754385964912273e-07 0
3088 7.777777777777777e-06 3.508771929824563e-07 0
3089 7.777777777777777e-06 5.263157894736836e-07 0
3090 7.777777777777777e-06 7.017543859649118e-07 0
3091 7.777777777777777e-06 8.771929824561408e-07 0
3092 7.777777777777777e-06 1.052631578947367e-06 0
3093 7.777777777777777e-06 1.228070175438595e-06 0
3094 7.777777777777777e-06 1.403508771929823e-06 0
3095 7.777777777777777e-06 1.578947368421051e-06 0
3096 7.777777777777779e-06 1.754385964912278e-06 0
3097 7.777777777777777e-06 1.929824561403506e-06 0
3098 7.777777777777777e-06 2.105263157894733e-06 0
3099 7.777777777777777e-06 2.280701754385961e-06 0
3100 7.777777777777779e-06 2.456140350877189e-06 0
3101 7.777777777777777e-06 2.631578947368417e-06 0
3102 7.777777777777779e-06 2.807017543859645e-06 0
3103 7.777777777777781e-06 2.982456140350872e-06 0
3104 7.777777777777777e-06 3.157894736842101e-06 0
3105 7.777777777777779e-06 3.333333333333328e-06 0
3106 7.777777777777779e-06 3.684210526315786e-06 0
3107 7.777777777777779e-06 4.035087719298243e-06 0
3108 7.777777777777781e-06 4.385964912280701e-06 0
3109 7.777777777777781e-06 4.736842105263158e-06 0
3110 7.777777777777781e-06 5.087719298245614e-06 0
3111 7.777777777777779e-06 5.43859649122807e-06 0
3112 7.777777777777779e-06 5.789473684210527e-06 0
3113 7.777777777777781e-06 6.140350877192983e-06 0
3114 7.777777777777781e-06 6.491228070175439e-06 0
3115 7.777777777777781e-06 6.842105263157896e-06 0
3116 7.777777777777781e-06 7.192982456140351e-06 0
3117 7.777777777777781e-06 7.543859649122808e-06 0
3118 7.777777777777781e-06 7.894736842105265e-06 0
3119 7.777777777777781e-06 8.245614035087719e-06 0
3120 7.777777777777781e-06 8.596491228070177e-06 0
3121 7.777777777777781e-06 8.947368421052632e-06 0
3122 7.777777777777781e-06 9.298245614035088e-06 0
3123 7.777777777777781e-06 9.649122807017545e-06 0
3124 7.878787878787878e-06 1.722488038277519e-07 0
3125 7.878787878787878e-06 3.44497607655502e-07 0
3126 7.878787878787878e-06 5.167464114832522e-07 0
3127 7.878787878787878e-06 6.889952153110049e-07 0
3128 7.878787878787878e-06 8.612440191387559e-07 0
3129 7.878787878787878e-06 1.033492822966506e-06 0
3130 7.878787878787878e-06 1.205741626794258e-06 0
3131 7.878787878787878e-06 1.377990430622008e-06 0
3132 7.878787878787878e-06 1.550239234449759e-06 0
3133 7.878787878787878e-06 1.72248803827751e-06 0
3134 7.878787878787878e-06 1.89473684210526e-06 0
3135 7.87878787878788e-06 2.066985645933011e-06 0
3136 7.87878787878788e-06 2.239234449760762e-06 0
3137 7.87878787878788e-06 2.411483253588513e-06 0
3138 7.87878787878788e-06 2.583732057416264e-06 0
3139 7.87878787878788e-06 2.755980861244015e-06 0
3140 7.878787878787878e-06 2.928229665071767e-06 0
3141 7.87878787878788e-06 3.100478468899516e-06 0
3142 7.87878787878788e-06 3.272727272727267e-06 0
3143 7.87878787878788e-06 3.626794258373203e-06 0
3144 7.87878787878788e-06 3.980861244019136e-06 0
3145 7.878787878787881e-06 4.33492822966507e-06 0
3146 7.878787878787881e-06 4.688995215311004e-06 0
3147 7.87878787878788e-06 5.043062200956939e-06 0
3148 7.878787878787881e-06 5.397129186602872e-06 0
3149 7.878787878787881e-06 5.751196172248804e-06 0
3150 7.878787878787881e-06 6.105263157894738e-06 0
3151 7.878787878787881e-06 6.45933014354067e-06 0
3152 7.878787878787881e-06 6.813397129186604e-06 0
3153 7.878787878787881e-06 7.167464114832536e-06 0
3154 7.878787878787881e-06 7.52153110047847e-06 0
3155 7.878787878787881e-06 7.875598086124402e-06 0
3156 7.878787878787881e-06 8.229665071770336e-06 0
3157 7.878787878787881e-06 8.583732057416269e-06 0
3158 7.878787878787881e-06 8.937799043062201e-06 0
3159 7.878787878787881e-06 9.291866028708136e-06 0
3160 7.878787878787883e-06 9.645933014354068e-06 0
3161 7.97979797979798e-06 1.690590111642739e-07 0
3162 7.97979797979798e-06 3.381180223285477e-07 0
3163 7.97979797979798e-06 5.071770334928224e-07 0
3164 7.97979797979798e-06 6.762360446570971e-07 0
3165 7.97979797979798e-06 8.452950558213718e-07 0
3166 7.979797979797979e-06 1.014354066985644e-06 0
3167 7.97979797979798e-06 1.18341307814992e-06 0
3168 7.97979797979798e-06 1.352472089314193e-06 0
3169 7.97979797979798e-06 1.521531100478467e-06 0
3170 7.979797979797982e-06 1.69059011164274e-06 0
3171 7.979797979797982e-06 1.859649122807015e-06 0
3172 7.97979797979798e-06 2.028708133971289e-06 0
3173 7.97979797979798e-06 2.197767145135563e-06 0
3174 7.979797979797982e-06 2.366826156299836e-06 0
3175 7.979797979797982e-06 2.535885167464111e-06 0
3176 7.97979797979798e-06 2.704944178628385e-06 0
3177 7.979797979797982e-06 2.874003189792659e-06 0
3178 7.979797979797982e-06 3.043062200956933e-06 0
3179 7.979797979797982e-06 3.212121212121207e-06 0
3180 7.979797979797982e-06 3.569377990430618e-06 0
3181 7.979797979797982e-06 3.92663476874003e-06 0
3182 7.979797979797982e-06 4.28389154704944e-06 0
3183 7.979797979797982e-06 4.641148325358852e-06 0
3184 7.979797979797982e-06 4.998405103668263e-06 0
3185 7.979797979797982e-06 5.355661881977673e-06 0
3186 7.979797979797982e-06 5.712918660287082e-06 0
3187 7.979797979797982e-06 6.070175438596492e-06 0
3188 7.979797979797982e-06 6.427432216905901e-06 0
3189 7.979797979797982e-06 6.784688995215314e-06 0
3190 7.979797979797982e-06 7.141945773524723e-06 0
3191 7.979797979797982e-06 7.499202551834132e-06 0
3192 7.979797979797984e-06 7.856459330143542e-06 0
3193 7.979797979797984e-06 8.213716108452951e-06 0
3194 7.979797979797984e-06 8.57097288676236e-06 0
3195 7.979797979797984e-06 8.928229665071772e-06 0
3196 7.979797979797984e-06 9.285486443381181e-06 0
3197 7.979797979797984e-06 9.642743221690592e-06 0
3198 8.080808080808079e-06 1.658692185007992e-07 0
3199 8.080808080808081e-06 3.317384370015951e-07 0
3200 8.080808080808081e-06 4.976076555023926e-07 0
3201 8.080808080808081e-06 6.634768740031885e-07 0
3202 8.080808080808081e-06 8.293460925039869e-07 0
3203 8.080808080808081e-06 9.952153110047836e-07 0
3204 8.080808080808079e-06 1.161084529505582e-06 0
3205 8.080808080808082e-06 1.326953748006378e-06 0
3206 8.080808080808079e-06 1.492822966507176e-06 0
3207 8.080808080808082e-06 1.658692185007971e-06 0
3208 8.080808080808081e-06 1.824561403508769e-06 0
3209 8.080808080808081e-06 1.990430622009566e-06 0
3210 8.080808080808082e-06 2.156299840510364e-06 0
3211 8.080808080808082e-06 2.322169059011159e-06 0
3212 8.080808080808082e-06 2.488038277511957e-06 0
3213 8.080808080808082e-06 2.653907496012755e-06 0
3214 8.080808080808082e-06 2.819776714513552e-06 0
3215 8.080808080808082e-06 2.985645933014349e-06 0
3216 8.080808080808082e-06 3.151515151515147e-06 0
3217 8.080808080808082e-06 3.511961722488035e-06 0
3218 8.080808080808082e-06 3.872408293460923e-06 0
3219 8.080808080808082e-06 4.232854864433811e-06 0
3220 8.080808080808082e-06 4.593301435406699e-06 0
3221 8.080808080808082e-06 4.953748006379587e-06 0
3222 8.080808080808082e-06 5.314194577352474e-06 0
3223 8.080808080808082e-06 5.674641148325359e-06 0
3224 8.080808080808082e-06 6.035087719298247e-06 0
3225 8.080808080808082e-06 6.395534290271133e-06 0
3226 8.080808080808082e-06 6.755980861244022e-06 0
3227 8.080808080808082e-06 7.116427432216907e-06 0
3228 8.080808080808084e-06 7.476874003189794e-06 0
3229 8.080808080808084e-06 7.837320574162681e-06 0
3230 8.080808080808084e-06 8.197767145135568e-06 0
3231 8.080808080808084e-06 8.558213716108455e-06 0
3232 8.080808080808084e-06 8.91866028708134e-06 0
3233 8.080808080808084e-06 9.279106858054227e-06 0
3234 8.080808080808082e-06 9.639553429027114e-06 0
3235 8.181818181818183e-06 1.626794258373229e-07 0
3236 8.181818181818183e-06 3.253588516746408e-07 0
3237 8.181818181818183e-06 4.88038277511962e-07 0
3238 8.181818181818183e-06 6.507177033492824e-07 0
3239 8.181818181818183e-06 8.13397129186602e-07 0
3240 8.181818181818183e-06 9.760765550239224e-07 0
3241 8.181818181818183e-06 1.138755980861243e-06 0
3242 8.181818181818183e-06 1.301435406698563e-06 0
3243 8.181818181818183e-06 1.464114832535884e-06 0
3244 8.181818181818183e-06 1.626794258373204e-06 0
3245 8.181818181818183e-06 1.789473684210524e-06 0
3246 8.181818181818183e-06 1.952153110047844e-06 0
3247 8.181818181818183e-06 2.114832535885165e-06 0
3248 8.181818181818185e-06 2.277511961722485e-06 0
3249 8.181818181818183e-06 2.440191387559805e-06 0
3250 8.181818181818185e-06 2.602870813397125e-06 0
3251 8.181818181818185e-06 2.765550239234446e-06 0
3252 8.181818181818183e-06 2.928229665071766e-06 0
3253 8.181818181818183e-06 3.090909090909087e-06 0
3254 8.181818181818185e-06 3.454545454545452e-06 0
3255 8.181818181818183e-06 3.818181818181817e-06 0
3256 8.181818181818185e-06 4.181818181818181e-06 0
3257 8.181818181818185e-06 4.545454545454546e-06 0
3258 8.181818181818183e-06 4.909090909090911e-06 0
3259 8.181818181818185e-06 5.272727272727275e-06 0
3260 8.181818181818185e-06 5.636363636363637e-06 0
3261 8.181818181818185e-06 6.000000000000001e-06 0
3262 8.181818181818183e-06 6.363636363636365e-06 0
3263 8.181818181818185e-06 6.727272727272729e-06 0
3264 8.181818181818185e-06 7.090909090909092e-06 0
3265 8.181818181818183e-06 7.454545454545456e-06 0
3266 8.181818181818183e-06 7.81818181818182e-06 0
3267 8.181818181818185e-06 8.181818181818183e-06 0
3268 8.181818181818183e-06 8.545454545454546e-06 0
3269 8.181818181818185e-06 8.909090909090909e-06 0
3270 8.181818181818186e-06 9.272727272727274e-06 0
3271 8.181818181818186e-06 9.636363636363638e-06 0
3272 8.282828282828283e-06 1.594896331738449e-07 0
3273 8.282828282828283e-06 3.189792663476865e-07 0
3274 8.282828282828283e-06 4.784688995215306e-07 0
3275 8.282828282828283e-06 6.379585326953764e-07 0
3276 8.282828282828283e-06 7.974481658692187e-07 0
3277 8.282828282828283e-06 9.569377990430603e-07 0
3278 8.282828282828283e-06 1.116427432216907e-06 0
3279 8.282828282828283e-06 1.275917065390748e-06 0
3280 8.282828282828283e-06 1.435406698564592e-06 0
3281 8.282828282828283e-06 1.594896331738435e-06 0
3282 8.282828282828283e-06 1.754385964912278e-06 0
3283 8.282828282828285e-06 1.913875598086121e-06 0
3284 8.282828282828285e-06 2.073365231259965e-06 0
3285 8.282828282828285e-06 2.232854864433808e-06 0
3286 8.282828282828283e-06 2.392344497607651e-06 0
3287 8.282828282828283e-06 2.551834130781496e-06 0
3288 8.282828282828283e-06 2.711323763955341e-06 0
3289 8.282828282828285e-06 2.870813397129183e-06 0
3290 8.282828282828283e-06 3.030303030303027e-06 0
3291 8.282828282828283e-06 3.397129186602868e-06 0
3292 8.282828282828285e-06 3.76395534290271e-06 0
3293 8.282828282828285e-06 4.130781499202551e-06 0
3294 8.282828282828283e-06 4.497607655502392e-06 0
3295 8.282828282828283e-06 4.864433811802235e-06 0
3296 8.282828282828283e-06 5.231259968102075e-06 0
3297 8.282828282828287e-06 5.598086124401916e-06 0
3298 8.282828282828285e-06 5.964912280701756e-06 0
3299 8.282828282828283e-06 6.331738437001597e-06 0
3300 8.282828282828285e-06 6.698564593301437e-06 0
3301 8.282828282828285e-06 7.065390749601277e-06 0
3302 8.282828282828283e-06 7.432216905901119e-06 0
3303 8.282828282828285e-06 7.799043062200958e-06 0
3304 8.282828282828285e-06 8.1658692185008e-06 0
3305 8.282828282828287e-06 8.532695374800638e-06 0
3306 8.282828282828285e-06 8.899521531100479e-06 0
3307 8.282828282828287e-06 9.26634768740032e-06 0
3308 8.282828282828287e-06 9.633173843700161e-06 0
3309 8.383838383838384e-06 1.562998405103661e-07 0
3310 8.383838383838384e-06 3.125996810207339e-07 0
3311 8.383838383838384e-06 4.688995215310991e-07 0
3312 8.383838383838384e-06 6.25199362041466e-07 0
3313 8.383838383838384e-06 7.814992025518338e-07 0
3314 8.383838383838384e-06 9.377990430621991e-07 0
3315 8.383838383838384e-06 1.094098883572566e-06 0
3316 8.383838383838384e-06 1.250398724082935e-06 0
3317 8.383838383838384e-06 1.406698564593301e-06 0
3318 8.383838383838384e-06 1.562998405103667e-06 0
3319 8.383838383838384e-06 1.719298245614032e-06 0
3320 8.383838383838386e-06 1.875598086124399e-06 0
3321 8.383838383838384e-06 2.031897926634767e-06 0
3322 8.383838383838384e-06 2.188197767145133e-06 0
3323 8.383838383838384e-06 2.344497607655499e-06 0
3324 8.383838383838384e-06 2.500797448165867e-06 0
3325 8.383838383838384e-06 2.657097288676233e-06 0
3326 8.383838383838386e-06 2.8133971291866e-06 0
3327 8.383838383838386e-06 2.969696969696966e-06 0
3328 8.383838383838386e-06 3.339712918660285e-06 0
3329 8.383838383838384e-06 3.709728867623603e-06 0
3330 8.383838383838384e-06 4.079744816586922e-06 0
3331 8.383838383838387e-06 4.44976076555024e-06 0
3332 8.383838383838386e-06 4.819776714513559e-06 0
3333 8.383838383838387e-06 5.189792663476876e-06 0
3334 8.383838383838387e-06 5.559808612440194e-06 0
3335 8.383838383838387e-06 5.92982456140351e-06 0
3336 8.383838383838386e-06 6.299840510366829e-06 0
3337 8.383838383838387e-06 6.669856459330146e-06 0
3338 8.383838383838387e-06 7.039872408293462e-06 0
3339 8.383838383838387e-06 7.409888357256781e-06 0
3340 8.383838383838387e-06 7.779904306220097e-06 0
3341 8.383838383838387e-06 8.149920255183415e-06 0
3342 8.383838383838387e-06 8.519936204146732e-06 0
3343 8.383838383838387e-06 8.88995215311005e-06 0
3344 8.383838383838387e-06 9.259968102073367e-06 0
3345 8.383838383838387e-06 9.629984051036683e-06 0
3346 8.484848484848486e-06 1.531100478468915e-07 0
3347 8.484848484848485e-06 3.062200956937813e-07 0
3348 8.484848484848486e-06 4.593301435406702e-07 0
3349 8.484848484848486e-06 6.1244019138756e-07 0
3350 8.484848484848486e-06 7.655502392344489e-07 0
3351 8.484848484848486e-06 9.186602870813404e-07 0
3352 8.484848484848486e-06 1.071770334928231e-06 0
3353 8.484848484848485e-06 1.22488038277512e-06 0
3354 8.484848484848486e-06 1.377990430622008e-06 0
3355 8.484848484848486e-06 1.531100478468897e-06 0
3356 8.484848484848488e-06 1.684210526315788e-06 0
3357 8.484848484848488e-06 1.837320574162677e-06 0
3358 8.484848484848486e-06 1.990430622009568e-06 0
3359 8.484848484848486e-06 2.143540669856457e-06 0
3360 8.484848484848485e-06 2.296650717703347e-06 0
3361 8.484848484848486e-06 2.449760765550237e-06 0
3362 8.484848484848486e-06 2.602870813397126e-06 0
3363 8.484848484848486e-06 2.755980861244017e-06 0
3364 8.484848484848488e-06 2.909090909090906e-06 0
3365 8.484848484848488e-06 3.282296650717701e-06 0
3366 8.484848484848486e-06 3.655502392344497e-06 0
3367 8.484848484848486e-06 4.028708133971293e-06 0
3368 8.484848484848488e-06 4.401913875598088e-06 0
3369 8.484848484848486e-06 4.775119617224883e-06 0
3370 8.484848484848488e-06 5.148325358851677e-06 0
3371 8.484848484848488e-06 5.521531100478471e-06 0
3372 8.484848484848488e-06 5.894736842105265e-06 0
3373 8.484848484848488e-06 6.267942583732059e-06 0
3374 8.484848484848488e-06 6.641148325358855e-06 0
3375 8.484848484848488e-06 7.014354066985648e-06 0
3376 8.484848484848488e-06 7.387559808612442e-06 0
3377 8.484848484848488e-06 7.760765550239236e-06 0
3378 8.484848484848488e-06 8.13397129186603e-06 0
3379 8.484848484848488e-06 8.507177033492824e-06 0
3380 8.484848484848486e-06 8.880382775119618e-06 0
3381 8.484848484848486e-06 9.253588516746413e-06 0
3382 8.484848484848488e-06 9.626794258373207e-06 0
3383 8.585858585858587e-06 1.499202551834135e-07 0
3384 8.585858585858587e-06 2.998405103668253e-07 0
3385 8.585858585858585e-06 4.497607655502404e-07 0
3386 8.585858585858587e-06 5.996810207336531e-07 0
3387 8.585858585858587e-06 7.496012759170674e-07 0
3388 8.585858585858587e-06 8.995215311004783e-07 0
3389 8.585858585858587e-06 1.049441786283891e-06 0
3390 8.585858585858587e-06 1.199362041467304e-06 0
3391 8.585858585858587e-06 1.349282296650716e-06 0
3392 8.585858585858587e-06 1.499202551834129e-06 0
3393 8.585858585858587e-06 1.649122807017542e-06 0
3394 8.585858585858587e-06 1.799043062200954e-06 0
3395 8.585858585858587e-06 1.948963317384367e-06 0
3396 8.585858585858588e-06 2.098883572567779e-06 0
3397 8.585858585858588e-06 2.248803827751193e-06 0
3398 8.585858585858587e-06 2.398724082934606e-06 0
3399 8.585858585858587e-06 2.54864433811802e-06 0
3400 8.585858585858587e-06 2.698564593301432e-06 0
3401 8.585858585858587e-06 2.848484848484845e-06 0
3402 8.585858585858588e-06 3.224880382775117e-06 0
3403 8.585858585858588e-06 3.60127591706539e-06 0
3404 8.585858585858588e-06 3.977671451355662e-06 0
3405 8.585858585858588e-06 4.354066985645933e-06 0
3406 8.585858585858588e-06 4.730462519936206e-06 0
3407 8.585858585858588e-06 5.106858054226477e-06 0
3408 8.585858585858588e-06 5.483253588516749e-06 0
3409 8.585858585858587e-06 5.859649122807019e-06 0
3410 8.585858585858588e-06 6.23604465709729e-06 0
3411 8.585858585858588e-06 6.612440191387563e-06 0
3412 8.585858585858588e-06 6.988835725677832e-06 0
3413 8.585858585858588e-06 7.365231259968105e-06 0
3414 8.585858585858588e-06 7.741626794258375e-06 0
3415 8.585858585858588e-06 8.118022328548647e-06 0
3416 8.585858585858588e-06 8.494417862838917e-06 0
3417 8.585858585858588e-06 8.870813397129187e-06 0
3418 8.585858585858588e-06 9.247208931419459e-06 0
3419 8.585858585858588e-06 9.623604465709731e-06 0
3420 8.686868686868687e-06 1.467304625199355e-07 0
3421 8.686868686868687e-06 2.934609250398726e-07 0
3422 8.686868686868689e-06 4.401913875598081e-07 0
3423 8.686868686868687e-06 5.869218500797436e-07 0
3424 8.686868686868687e-06 7.336523125996808e-07 0
3425 8.686868686868687e-06 8.803827751196171e-07 0
3426 8.686868686868687e-06 1.027113237639553e-06 0
3427 8.686868686868687e-06 1.173843700159491e-06 0
3428 8.686868686868687e-06 1.320574162679424e-06 0
3429 8.686868686868687e-06 1.46730462519936e-06 0
3430 8.686868686868687e-06 1.614035087719296e-06 0
3431 8.686868686868687e-06 1.760765550239232e-06 0
3432 8.686868686868687e-06 1.907496012759169e-06 0
3433 8.686868686868687e-06 2.054226475279104e-06 0
3434 8.686868686868687e-06 2.200956937799041e-06 0
3435 8.686868686868689e-06 2.347687400318977e-06 0
3436 8.686868686868687e-06 2.494417862838913e-06 0
3437 8.686868686868687e-06 2.641148325358849e-06 0
3438 8.686868686868687e-06 2.787878787878784e-06 0
3439 8.686868686868689e-06 3.167464114832534e-06 0
3440 8.686868686868687e-06 3.547049441786283e-06 0
3441 8.686868686868689e-06 3.926634768740032e-06 0
3442 8.686868686868689e-06 4.306220095693782e-06 0
3443 8.686868686868689e-06 4.68580542264753e-06 0
3444 8.686868686868689e-06 5.065390749601278e-06 0
3445 8.686868686868689e-06 5.444976076555026e-06 0
3446 8.686868686868689e-06 5.824561403508774e-06 0
3447 8.686868686868689e-06 6.204146730462523e-06 0
3448 8.686868686868689e-06 6.583732057416271e-06 0
3449 8.686868686868689e-06 6.963317384370017e-06 0
3450 8.686868686868689e-06 7.342902711323765e-06 0
3451 8.686868686868689e-06 7.722488038277514e-06 0
3452 8.686868686868689e-06 8.102073365231262e-06 0
3453 8.686868686868689e-06 8.48165869218501e-06 0
3454 8.686868686868689e-06 8.861244019138758e-06 0
3455 8.686868686868689e-06 9.240829346092505e-06 0
3456 8.686868686868689e-06 9.620414673046253e-06 0
3457 8.787878787878788e-06 1.4354066985646e-07 0
3458 8.787878787878788e-06 2.870813397129183e-07 0
3459 8.787878787878786e-06 4.306220095693784e-07 0
3460 8.787878787878788e-06 5.741626794258375e-07 0
3461 8.787878787878788e-06 7.177033492822959e-07 0
3462 8.787878787878788e-06 8.612440191387567e-07 0
3463 8.787878787878789e-06 1.004784688995216e-06 0
3464 8.787878787878789e-06 1.148325358851673e-06 0
3465 8.787878787878788e-06 1.291866028708133e-06 0
3466 8.787878787878788e-06 1.435406698564592e-06 0
3467 8.787878787878789e-06 1.578947368421052e-06 0
3468 8.787878787878788e-06 1.72248803827751e-06 0
3469 8.787878787878789e-06 1.86602870813397e-06 0
3470 8.787878787878789e-06 2.009569377990428e-06 0
3471 8.787878787878789e-06 2.153110047846888e-06 0
3472 8.787878787878788e-06 2.296650717703347e-06 0
3473 8.787878787878789e-06 2.440191387559806e-06 0
3474 8.787878787878789e-06 2.583732057416266e-06 0
3475 8.787878787878788e-06 2.727272727272725e-06 0
3476 8.787878787878789e-06 3.11004784688995e-06 0
3477 8.787878787878789e-06 3.492822966507176e-06 0
3478 8.787878787878789e-06 3.875598086124403e-06 0
3479 8.787878787878789e-06 4.258373205741629e-06 0
3480 8.787878787878789e-06 4.641148325358855e-06 0
3481 8.787878787878789e-06 5.023923444976079e-06 0
3482 8.787878787878789e-06 5.406698564593304e-06 0
3483 8.787878787878789e-06 5.789473684210528e-06 0
3484 8.787878787878789e-06 6.172248803827753e-06 0
3485 8.787878787878789e-06 6.555023923444979e-06 0
3486 8.787878787878789e-06 6.937799043062202e-06 0
3487 8.787878787878789e-06 7.320574162679428e-06 0
3488 8.787878787878789e-06 7.703349282296652e-06 0
3489 8.787878787878789e-06 8.086124401913879e-06 0
3490 8.787878787878791e-06 8.468899521531103e-06 0
3491 8.787878787878789e-06 8.851674641148326e-06 0
3492 8.787878787878789e-06 9.234449760765552e-06 0
3493 8.787878787878789e-06 9.617224880382775e-06 0
3494 8.888888888888888e-06 1.403508771929829e-07 0
3495 8.888888888888888e-06 2.80701754385964e-07 0
3496 8.88888888888889e-06 4.210526315789452e-07 0
3497 8.888888888888888e-06 5.614035087719306e-07 0
3498 8.888888888888888e-06 7.017543859649135e-07 0
3499 8.888888888888888e-06 8.421052631578955e-07 0
3500 8.888888888888888e-06 9.824561403508784e-07 0
3501 8.88888888888889e-06 1.122807017543859e-06 0
3502 8.88888888888889e-06 1.263157894736841e-06 0
3503 8.888888888888888e-06 1.403508771929823e-06 0
3504 8.88888888888889e-06 1.543859649122806e-06 0
3505 8.888888888888887e-06 1.684210526315789e-06 0
3506 8.888888888888888e-06 1.824561403508771e-06 0
3507 8.888888888888887e-06 1.964912280701752e-06 0
3508 8.88888888888889e-06 2.105263157894735e-06 0
3509 8.888888888888888e-06 2.245614035087717e-06 0
3510 8.88888888888889e-06 2.3859649122807e-06 0
3511 8.88888888888889e-06 2.526315789473681e-06 0
3512 8.888888888888887e-06 2.666666666666664e-06 0
3513 8.88888888888889e-06 3.052631578947367e-06 0
3514 8.888888888888888e-06 3.43859649122807e-06 0
3515 8.88888888888889e-06 3.824561403508773e-06 0
3516 8.88888888888889e-06 4.210526315789476e-06 0
3517 8.88888888888889e-06 4.596491228070178e-06 0
3518 8.88888888888889e-06 4.98245614035088e-06 0
3519 8.88888888888889e-06 5.368421052631581e-06 0
3520 8.88888888888889e-06 5.754385964912283e-06 0
3521 8.88888888888889e-06 6.140350877192985e-06 0
3522 8.88888888888889e-06 6.526315789473687e-06 0
3523 8.88888888888889e-06 6.912280701754388e-06 0
3524 8.88888888888889e-06 7.29824561403509e-06 0
3525 8.888888888888892e-06 7.684210526315791e-06 0
3526 8.88888888888889e-06 8.070175438596494e-06 0
3527 8.888888888888892e-06 8.456140350877193e-06 0
3528 8.88888888888889e-06 8.842105263157897e-06 0
3529 8.888888888888893e-06 9.228070175438598e-06 0
3530 8.888888888888892e-06 9.6140350877193e-06 0
3531 8.989898989898989e-06 1.371610845295066e-07 0
3532 8.989898989898991e-06 2.743221690590114e-07 0
3533 8.989898989898989e-06 4.114832535885171e-07 0
3534 8.989898989898991e-06 5.48644338118022e-07 0
3535 8.989898989898991e-06 6.858054226475277e-07 0
3536 8.989898989898991e-06 8.229665071770326e-07 0
3537 8.989898989898991e-06 9.601275917065408e-07 0
3538 8.989898989898991e-06 1.097288676236046e-06 0
3539 8.989898989898991e-06 1.234449760765551e-06 0
3540 8.989898989898992e-06 1.371610845295055e-06 0
3541 8.989898989898991e-06 1.508771929824561e-06 0
3542 8.989898989898991e-06 1.645933014354066e-06 0
3543 8.989898989898991e-06 1.783094098883571e-06 0
3544 8.989898989898991e-06 1.920255183413076e-06 0
3545 8.989898989898992e-06 2.057416267942581e-06 0
3546 8.989898989898991e-06 2.194577352472087e-06 0
3547 8.989898989898991e-06 2.331738437001593e-06 0
3548 8.989898989898991e-06 2.468899521531098e-06 0
3549 8.989898989898991e-06 2.606060606060604e-06 0
3550 8.989898989898992e-06 2.995215311004783e-06 0
3551 8.989898989898992e-06 3.384370015948964e-06 0
3552 8.989898989898992e-06 3.773524720893142e-06 0
3553 8.989898989898992e-06 4.162679425837323e-06 0
3554 8.989898989898992e-06 4.551834130781503e-06 0
3555 8.989898989898992e-06 4.940988835725681e-06 0
3556 8.989898989898992e-06 5.330143540669859e-06 0
3557 8.989898989898992e-06 5.719298245614038e-06 0
3558 8.989898989898992e-06 6.108452950558217e-06 0
3559 8.989898989898992e-06 6.497607655502395e-06 0
3560 8.989898989898992e-06 6.886762360446573e-06 0
3561 8.989898989898991e-06 7.275917065390752e-06 0
3562 8.989898989898991e-06 7.66507177033493e-06 0
3563 8.989898989898992e-06 8.054226475279109e-06 0
3564 8.989898989898992e-06 8.443381180223287e-06 0
3565 8.989898989898992e-06 8.832535885167465e-06 0
3566 8.989898989898992e-06 9.221690590111643e-06 0
3567 8.989898989898992e-06 9.610845295055822e-06 0
3568 9.090909090909091e-06 1.339712918660303e-07 0
3569 9.090909090909091e-06 2.679425837320588e-07 0
3570 9.090909090909093e-06 4.019138755980865e-07 0
3571 9.090909090909091e-06 5.358851674641159e-07 0
3572 9.090909090909091e-06 6.698564593301453e-07 0
3573 9.090909090909091e-06 8.038277511961722e-07 0
3574 9.090909090909091e-06 9.377990430622033e-07 0
3575 9.090909090909091e-06 1.07177033492823e-06 0
3576 9.090909090909091e-06 1.205741626794259e-06 0
3577 9.090909090909093e-06 1.339712918660287e-06 0
3578 9.090909090909091e-06 1.473684210526315e-06 0
3579 9.090909090909091e-06 1.607655502392344e-06 0
3580 9.090909090909091e-06 1.741626794258372e-06 0
3581 9.090909090909093e-06 1.875598086124401e-06 0
3582 9.090909090909091e-06 2.009569377990428e-06 0
3583 9.090909090909091e-06 2.143540669856458e-06 0
3584 9.090909090909091e-06 2.277511961722486e-06 0
3585 9.090909090909091e-06 2.411483253588514e-06 0
3586 9.090909090909091e-06 2.545454545454544e-06 0
3587 9.090909090909093e-06 2.937799043062201e-06 0
3588 9.090909090909091e-06 3.330143540669856e-06 0
3589 9.090909090909091e-06 3.722488038277513e-06 0
3590 9.090909090909091e-06 4.11483253588517e-06 0
3591 9.090909090909093e-06 4.507177033492826e-06 0
3592 9.090909090909091e-06 4.899521531100482e-06 0
3593 9.090909090909093e-06 5.291866028708137e-06 0
3594 9.090909090909093e-06 5.684210526315793e-06 0
3595 9.090909090909093e-06 6.076555023923448e-06 0
3596 9.090909090909091e-06 6.468899521531104e-06 0
3597 9.090909090909093e-06 6.861244019138759e-06 0
3598 9.090909090909093e-06 7.253588516746414e-06 0
3599 9.090909090909093e-06 7.645933014354069e-06 0
3600 9.090909090909091e-06 8.038277511961725e-06 0
3601 9.090909090909093e-06 8.430622009569379e-06 0
3602 9.090909090909093e-06 8.822966507177036e-06 0
3603 9.090909090909093e-06 9.215311004784691e-06 0
3604 9.090909090909093e-06 9.607655502392346e-06 0
3605 9.191919191919195e-06 1.307814992025523e-07 0
3606 9.191919191919192e-06 2.615629984051045e-07 0
3607 9.191919191919192e-06 3.923444976076542e-07 0
3608 9.191919191919192e-06 5.231259968102082e-07 0
3609 9.191919191919192e-06 6.539074960127596e-07 0
3610 9.191919191919193e-06 7.846889952153118e-07 0
3611 9.191919191919193e-06 9.154704944178641e-07 0
3612 9.191919191919193e-06 1.046251993620414e-06 0
3613 9.191919191919193e-06 1.177033492822965e-06 0
3614 9.191919191919193e-06 1.307814992025518e-06 0
3615 9.191919191919193e-06 1.438596491228069e-06 0
3616 9.191919191919192e-06 1.569377990430622e-06 0
3617 9.191919191919192e-06 1.700159489633173e-06 0
3618 9.191919191919193e-06 1.830940988835724e-06 0
3619 9.191919191919192e-06 1.961722488038276e-06 0
3620 9.191919191919192e-06 2.092503987240828e-06 0
3621 9.191919191919193e-06 2.223285486443379e-06 0
3622 9.191919191919193e-06 2.354066985645931e-06 0
3623 9.191919191919192e-06 2.484848484848483e-06 0
3624 9.191919191919193e-06 2.880382775119617e-06 0
3625 9.191919191919193e-06 3.275917065390749e-06 0
3626 9.191919191919193e-06 3.671451355661884e-06 0
3627 9.191919191919193e-06 4.066985645933017e-06 0
3628 9.191919191919193e-06 4.462519936204151e-06 0
3629 9.191919191919193e-06 4.858054226475283e-06 0
3630 9.191919191919192e-06 5.253588516746415e-06 0
3631 9.191919191919193e-06 5.649122807017547e-06 0
3632 9.191919191919192e-06 6.044657097288679e-06 0
3633 9.191919191919193e-06 6.440191387559813e-06 0
3634 9.191919191919193e-06 6.835725677830943e-06 0
3635 9.191919191919193e-06 7.231259968102075e-06 0
3636 9.191919191919195e-06 7.626794258373207e-06 0
3637 9.191919191919192e-06 8.022328548644341e-06 0
3638 9.191919191919195e-06 8.417862838915472e-06 0
3639 9.191919191919193e-06 8.813397129186605e-06 0
3640 9.191919191919192e-06 9.208931419457738e-06 0
3641 9.191919191919193e-06 9.604465709728869e-06 0
3642 9.292929292929295e-06 1.275917065390759e-07 0
3643 9.29292929292929e-06 2.551834130781511e-07 0
3644 9.292929292929294e-06 3.827751196172253e-07 0
3645 9.292929292929292e-06 5.103668261562996e-07 0
3646 9.292929292929294e-06 6.379585326953764e-07 0
3647 9.292929292929295e-06 7.655502392344506e-07 0
3648 9.292929292929292e-06 8.931419457735249e-07 0
3649 9.292929292929294e-06 1.020733652312601e-06 0
3650 9.292929292929294e-06 1.148325358851673e-06 0
3651 9.292929292929292e-06 1.275917065390749e-06 0
3652 9.292929292929292e-06 1.403508771929824e-06 0
3653 9.292929292929294e-06 1.5311004784689e-06 0
3654 9.292929292929294e-06 1.658692185007974e-06 0
3655 9.292929292929295e-06 1.786283891547049e-06 0
3656 9.292929292929292e-06 1.913875598086122e-06 0
3657 9.292929292929294e-06 2.041467304625198e-06 0
3658 9.292929292929294e-06 2.169059011164274e-06 0
3659 9.292929292929295e-06 2.296650717703348e-06 0
3660 9.292929292929292e-06 2.424242424242423e-06 0
3661 9.292929292929294e-06 2.822966507177034e-06 0
3662 9.292929292929294e-06 3.221690590111643e-06 0
3663 9.292929292929294e-06 3.620414673046253e-06 0
3664 9.292929292929294e-06 4.019138755980864e-06 0
3665 9.292929292929292e-06 4.417862838915475e-06 0
3666 9.292929292929294e-06 4.816586921850084e-06 0
3667 9.292929292929292e-06 5.215311004784693e-06 0
3668 9.292929292929292e-06 5.614035087719302e-06 0
3669 9.292929292929292e-06 6.01275917065391e-06 0
3670 9.292929292929292e-06 6.411483253588521e-06 0
3671 9.292929292929294e-06 6.810207336523128e-06 0
3672 9.292929292929294e-06 7.208931419457739e-06 0
3673 9.292929292929292e-06 7.607655502392346e-06 0
3674 9.292929292929294e-06 8.006379585326956e-06 0
3675 9.292929292929292e-06 8.405103668261565e-06 0
3676 9.292929292929294e-06 8.803827751196174e-06 0
3677 9.292929292929292e-06 9.202551834130782e-06 0
3678 9.292929292929292e-06 9.601275917065391e-06 0
3679 9.393939393939394e-06 1.244019138755996e-07 0
3680 9.393939393939393e-06 2.488038277511976e-07 0
3681 9.393939393939396e-06 3.732057416267955e-07 0
3682 9.393939393939394e-06 4.976076555023918e-07 0
3683 9.393939393939394e-06 6.220095693779914e-07 0
3684 9.393939393939393e-06 7.464114832535894e-07 0
3685 9.393939393939394e-06 8.708133971291873e-07 0
3686 9.393939393939393e-06 9.952153110047844e-07 0
3687 9.393939393939394e-06 1.119617224880383e-06 0
3688 9.393939393939396e-06 1.244019138755981e-06 0
3689 9.393939393939393e-06 1.368421052631578e-06 0
3690 9.393939393939393e-06 1.492822966507177e-06 0
3691 9.393939393939393e-06 1.617224880382774e-06 0
3692 9.393939393939394e-06 1.741626794258372e-06 0
3693 9.393939393939393e-06 1.866028708133969e-06 0
3694 9.393939393939393e-06 1.990430622009568e-06 0
3695 9.393939393939394e-06 2.114832535885166e-06 0
3696 9.393939393939393e-06 2.239234449760765e-06 0
3697 9.393939393939393e-06 2.363636363636362e-06 0
3698 9.393939393939394e-06 2.76555023923445e-06 0
3699 9.393939393939394e-06 3.167464114832537e-06 0
3700 9.393939393939393e-06 3.569377990430624e-06 0
3701 9.393939393939394e-06 3.971291866028712e-06 0
3702 9.393939393939393e-06 4.373205741626798e-06 0
3703 9.393939393939393e-06 4.775119617224885e-06 0
3704 9.393939393939394e-06 5.17703349282297e-06 0
3705 9.393939393939394e-06 5.578947368421057e-06 0
3706 9.393939393939393e-06 5.980861244019141e-06 0
3707 9.393939393939394e-06 6.38277511961723e-06 0
3708 9.393939393939396e-06 6.784688995215314e-06 0
3709 9.393939393939393e-06 7.1866028708134e-06 0
3710 9.393939393939394e-06 7.588516746411485e-06 0
3711 9.393939393939394e-06 7.990430622009571e-06 0
3712 9.393939393939393e-06 8.392344497607656e-06 0
3713 9.393939393939393e-06 8.794258373205742e-06 0
3714 9.393939393939396e-06 9.196172248803829e-06 0
3715 9.393939393939393e-06 9.598086124401915e-06 0
3716 9.494949494949493e-06 1.212121212121208e-07 0
3717 9.494949494949495e-06 2.424242424242433e-07 0
3718 9.494949494949493e-06 3.636363636363624e-07 0
3719 9.494949494949493e-06 4.848484848484866e-07 0
3720 9.494949494949495e-06 6.060606060606065e-07 0
3721 9.494949494949493e-06 7.272727272727282e-07 0
3722 9.494949494949495e-06 8.484848484848481e-07 0
3723 9.494949494949493e-06 9.696969696969689e-07 0
3724 9.494949494949495e-06 1.090909090909092e-06 0
3725 9.494949494949495e-06 1.212121212121213e-06 0
3726 9.494949494949497e-06 1.333333333333334e-06 0
3727 9.494949494949495e-06 1.454545454545454e-06 0
3728 9.494949494949493e-06 1.575757575757575e-06 0
3729 9.494949494949493e-06 1.696969696969696e-06 0
3730 9.494949494949497e-06 1.818181818181816e-06 0
3731 9.494949494949495e-06 1.939393939393939e-06 0
3732 9.494949494949493e-06 2.06060606060606e-06 0
3733 9.494949494949493e-06 2.181818181818182e-06 0
3734 9.494949494949493e-06 2.303030303030302e-06 0
3735 9.494949494949495e-06 2.708133971291866e-06 0
3736 9.494949494949497e-06 3.11323763955343e-06 0
3737 9.494949494949495e-06 3.518341307814994e-06 0
3738 9.494949494949497e-06 3.923444976076559e-06 0
3739 9.494949494949497e-06 4.328548644338122e-06 0
3740 9.494949494949495e-06 4.733652312599686e-06 0
3741 9.494949494949493e-06 5.138755980861248e-06 0
3742 9.494949494949495e-06 5.54385964912281e-06 0
3743 9.494949494949497e-06 5.948963317384374e-06 0
3744 9.494949494949497e-06 6.354066985645937e-06 0
3745 9.494949494949497e-06 6.759170653907499e-06 0
3746 9.494949494949497e-06 7.164274322169062e-06 0
3747 9.494949494949497e-06 7.569377990430624e-06 0
3748 9.494949494949497e-06 7.974481658692187e-06 0
3749 9.494949494949497e-06 8.379585326953749e-06 0
3750 9.494949494949497e-06 8.784688995215313e-06 0
3751 9.494949494949497e-06 9.189792663476877e-06 0
3752 9.494949494949497e-06 9.594896331738439e-06 0
3753 9.595959595959597e-06 1.180223285486462e-07 0
3754 9.595959595959597e-06 2.36044657097289e-07 0
3755 9.595959595959597e-06 3.540669856459326e-07 0
3756 9.595959595959597e-06 4.72089314194578e-07 0
3757 9.595959595959597e-06 5.901116427432233e-07 0
3758 9.5959595959596e-06 7.081339712918669e-07 0
3759 9.595959595959597e-06 8.261562998405106e-07 0
3760 9.595959595959597e-06 9.441786283891551e-07 0
3761 9.595959595959597e-06 1.062200956937798e-06 0
3762 9.595959595959597e-06 1.180223285486443e-06 0
3763 9.595959595959597e-06 1.298245614035087e-06 0
3764 9.595959595959597e-06 1.416267942583731e-06 0
3765 9.595959595959597e-06 1.534290271132376e-06 0
3766 9.595959595959597e-06 1.65231259968102e-06 0
3767 9.595959595959597e-06 1.770334928229663e-06 0
3768 9.595959595959597e-06 1.888357256778308e-06 0
3769 9.595959595959597e-06 2.006379585326953e-06 0
3770 9.595959595959597e-06 2.124401913875597e-06 0
3771 9.595959595959597e-06 2.242424242424242e-06 0
3772 9.595959595959597e-06 2.650717703349283e-06 0
3773 9.595959595959597e-06 3.059011164274322e-06 0
3774 9.595959595959597e-06 3.467304625199364e-06 0
3775 9.595959595959597e-06 3.875598086124405e-06 0
3776 9.595959595959597e-06 4.283891547049446e-06 0
3777 9.595959595959597e-06 4.692185007974486e-06 0
3778 9.595959595959597e-06 5.100478468899525e-06 0
3779 9.595959595959597e-06 5.508771929824565e-06 0
3780 9.595959595959597e-06 5.917065390749604e-06 0
3781 9.595959595959597e-06 6.325358851674644e-06 0
3782 9.595959595959597e-06 6.733652312599684e-06 0
3783 9.595959595959597e-06 7.141945773524724e-06 0
3784 9.595959595959597e-06 7.550239234449763e-06 0
3785 9.595959595959597e-06 7.958532695374803e-06 0
3786 9.595959595959597e-06 8.366826156299843e-06 0
3787 9.595959595959597e-06 8.775119617224883e-06 0
3788 9.595959595959597e-06 9.183413078149923e-06 0
3789 9.595959595959597e-06 9.591706539074961e-06 0
3790 9.696969696969698e-06 1.14832535885169e-07 0
3791 9.696969696969698e-06 2.296650717703364e-07 0
3792 9.696969696969698e-06 3.444976076555037e-07 0
3793 9.696969696969698e-06 4.593301435406702e-07 0
3794 9.696969696969698e-06 5.741626794258384e-07 0
3795 9.696969696969698e-06 6.889952153110049e-07 0
3796 9.696969696969698e-06 8.038277511961731e-07 0
3797 9.696969696969698e-06 9.186602870813421e-07 0
3798 9.696969696969698e-06 1.033492822966507e-06 0
3799 9.696969696969698e-06 1.148325358851675e-06 0
3800 9.696969696969698e-06 1.263157894736842e-06 0
3801 9.696969696969698e-06 1.377990430622009e-06 0
3802 9.696969696969698e-06 1.492822966507178e-06 0
3803 9.696969696969698e-06 1.607655502392344e-06 0
3804 9.696969696969698e-06 1.72248803827751e-06 0
3805 9.696969696969698e-06 1.837320574162678e-06 0
3806 9.696969696969698e-06 1.952153110047846e-06 0
3807 9.696969696969698e-06 2.066985645933014e-06 0
3808 9.696969696969698e-06 2.181818181818181e-06 0
3809 9.696969696969698e-06 2.593301435406699e-06 0
3810 9.696969696969698e-06 3.004784688995217e-06 0
3811 9.696969696969698e-06 3.416267942583735e-06 0
3812 9.696969696969698e-06 3.827751196172253e-06 0
3813 9.696969696969698e-06 4.23923444976077e-06 0
3814 9.696969696969698e-06 4.650717703349286e-06 0
3815 9.696969696969698e-06 5.062200956937804e-06 0
3816 9.696969696969698e-06 5.47368421052632e-06 0
3817 9.696969696969698e-06 5.885167464114836e-06 0
3818 9.696969696969698e-06 6.296650717703353e-06 0
3819 9.696969696969698e-06 6.708133971291869e-06 0
3820 9.696969696969698e-06 7.119617224880387e-06 0
3821 9.696969696969698e-06 7.531100478468901e-06 0
3822 9.696969696969698e-06 7.942583732057418e-06 0
3823 9.696969696969698e-06 8.354066985645936e-06 0
3824 9.696969696969698e-06 8.765550239234452e-06 0
3825 9.696969696969698e-06 9.177033492822968e-06 0
3826 9.696969696969698e-06 9.588516746411485e-06 0
3827 9.797979797979796e-06 1.11642743221691e-07 0
3828 9.797979797979798e-06 2.232854864433812e-07 0
3829 9.797979797979798e-06 3.349282296650722e-07 0
3830 9.797979797979796e-06 4.465709728867624e-07 0
3831 9.7979797979798e-06 5.582137161084535e-07 0
3832 9.797979797979798e-06 6.698564593301436e-07 0
3833 9.797979797979798e-06 7.814992025518355e-07 0
3834 9.797979797979801e-06 8.931419457735266e-07 0
3835 9.797979797979798e-06 1.004784688995217e-06 0
3836 9.797979797979798e-06 1.116427432216907e-06 0
3837 9.797979797979798e-06 1.228070175438596e-06 0
3838 9.797979797979798e-06 1.339712918660287e-06 0
3839 9.797979797979798e-06 1.451355661881978e-06 0
3840 9.797979797979798e-06 1.562998405103668e-06 0
3841 9.797979797979798e-06 1.674641148325359e-06 0
3842 9.797979797979798e-06 1.786283891547048e-06 0
3843 9.797979797979798e-06 1.89792663476874e-06 0
3844 9.797979797979798e-06 2.00956937799043e-06 0
3845 9.797979797979798e-06 2.121212121212121e-06 0
3846 9.797979797979798e-06 2.535885167464115e-06 0
3847 9.797979797979798e-06 2.95055821371611e-06 0
3848 9.797979797979798e-06 3.365231259968105e-06 0
3849 9.797979797979798e-06 3.7799043062201e-06 0
3850 9.797979797979798e-06 4.194577352472094e-06 0
3851 9.797979797979798e-06 4.609250398724087e-06 0
3852 9.797979797979798e-06 5.023923444976081e-06 0
3853 9.797979797979798e-06 5.438596491228075e-06 0
3854 9.797979797979798e-06 5.853269537480067e-06 0
3855 9.797979797979798e-06 6.267942583732062e-06 0
3856 9.797979797979798e-06 6.682615629984053e-06 0
3857 9.797979797979798e-06 7.097288676236048e-06 0
3858 9.797979797979798e-06 7.51196172248804e-06 0
3859 9.797979797979798e-06 7.926634768740034e-06 0
3860 9.797979797979798e-06 8.341307814992029e-06 0
3861 9.797979797979798e-06 8.755980861244021e-06 0
3862 9.797979797979798e-06 9.170653907496016e-06 0
3863 9.797979797979798e-06 9.585326953748008e-06 0
3864 9.8989898989899e-06 1.084529505582147e-07 0
3865 9.8989898989899e-06 2.169059011164278e-07 0
3866 9.8989898989899e-06 3.253588516746433e-07 0
3867 9.8989898989899e-06 4.338118022328555e-07 0
3868 9.8989898989899e-06 5.422647527910702e-07 0
3869 9.898989898989899e-06 6.507177033492833e-07 0
3870 9.8989898989899e-06 7.59170653907498e-07 0
3871 9.898989898989902e-06 8.676236044657102e-07 0
3872 9.8989898989899e-06 9.760765550239241e-07 0
3873 9.8989898989899e-06 1.084529505582137e-06 0
3874 9.8989898989899e-06 1.192982456140351e-06 0
3875 9.8989898989899e-06 1.301435406698565e-06 0
3876 9.898989898989899e-06 1.409888357256778e-06 0
3877 9.8989898989899e-06 1.518341307814992e-06 0
3878 9.898989898989902e-06 1.626794258373206e-06 0
3879 9.8989898989899e-06 1.73524720893142e-06 0
3880 9.898989898989899e-06 1.843700159489633e-06 0
3881 9.898989898989899e-06 1.952153110047846e-06 0
3882 9.898989898989899e-06 2.06060606060606e-06 0
3883 9.898989898989899e-06 2.478468899521532e-06 0
3884 9.898989898989899e-06 2.896331738437003e-06 0
3885 9.898989898989899e-06 3.314194577352475e-06 0
3886 9.898989898989899e-06 3.732057416267946e-06 0
3887 9.8989898989899e-06 4.149920255183418e-06 0
3888 9.8989898989899e-06 4.567783094098888e-06 0
3889 9.8989898989899e-06 4.985645933014359e-06 0
3890 9.8989898989899e-06 5.403508771929829e-06 0
3891 9.8989898989899e-06 5.821371610845299e-06 0
3892 9.8989898989899e-06 6.239234449760771e-06 0
3893 9.8989898989899e-06 6.65709728867624e-06 0
3894 9.8989898989899e-06 7.07496012759171e-06 0
3895 9.898989898989899e-06 7.492822966507179e-06 0
3896 9.898989898989899e-06 7.91068580542265e-06 0
3897 9.8989898989899e-06 8.32854864433812e-06 0
3898 9.8989898989899e-06 8.746411483253589e-06 0
3899 9.8989898989899e-06 9.16427432216906e-06 0
3900 9.8989898989899e-06 9.58213716108453e-06 0
$EndNodes
$Elements
7562
1 1 2 8 2 2 105
2 1 2 8 2 105 106
3 1 2 8 2 106 107
4 1 2 8 2 107 108
5 1 2 8 2 108 109
6 1 2 8 2 109 110
7 1 2 8 2 110 111
8 1 2 8 2 111 112
9 1 2 8 2 112 113
10 1 2 8 2 113 114
11 1 2 8 2 114 115
12 1 2 8 2 115 116
13 1 2 8 2 116 117
14 1 2 8 2 117 118
15 1 2 8 2 118 119
16 1 2 8 2 119 120
17 1 2 8 2 120 121
18 1 2 8 2 121 122
19 1 2 8 2 122 3
20 1 2 7 5 5 239
21 1 2 7 5 239 240
22 1 2 7 5 240 241
23 1 2 7 5 241 242
24 1 2 7 5 242 243
25 1 2 7 5 243 244
26 1 2 7 5 244 245
27 1 2 7 5 245 246
28 1 2 7 5 246 247
29 1 2 7 5 247 248
30 1 2 7 5 248 249
31 1 2 7 5 249 250
32 1 2 7 5 250 251
33 1 2 7 5 251 252
34 1 2 7 5 252 253
35 1 2 7 5 253 254
36 1 2 7 5 254 255
37 1 2 7 5 255 256
38 1 2 7 5 256 6
39 2 2 1 1 1 7 274
40 2 2 1 1 274 7 275
41 2 2 1 1 274 275 273
42 2 2 1 1 273 275 276
43 2 2 1 1 273 276 272
44 2 2 1 1 272 276 277
45 2 2 1 1 272 277 271
46 2 2 1 1 271 277 278
47 2 2 1 1 271 278 270
48 2 2 1 1 270 278 279
49 2 2 1 1 270 279 269
50 2 2 1 1 269 279 280
51 2 2 1 1 269 280 268
52 2 2 1 1 268 280 281
53 2 2 1 1 268 281 267
54 2 2 1 1 267 281 282
55 2 2 1 1 267 282 266
56 2 2 1 1 266 282 283
57 2 2 1 1 266 283 265
58 2 2 1 1 265 283 284
59 2 2 1 1 265 284 264
60 2 2 1 1 264 284 285
61 2 2 1 1 264 285 263
62 2 2 1 1 263 285 286
63 2 2 1 1 263 286 262
64 2 2 1 1 262 286 287
65 2 2 1 1 262 287 261
66 2 2 1 1 261 287 288
67 2 2 1 1 261 288 260
68 2 2 1 1 260 288 289
69 2 2 1 1 260 289 259
70 2 2 1 1 259 289 290
71 2 2 1 1 259 290 258
72 2 2 1 1 258 290 291
73 2 2 1 1 258 291 257
74 2 2 1 1 257 291 292
75 2 2 1 1 257 292 6
76 2 2 1 1 6 292 293
77 2 2 1 1 6 293 256
78 2 2 1 1 256 293 294
79 2 2 1 1 256 294 255
80 2 2 1 1 255 294 295
81 2 2 1 1 255 295 254
82 2 2 1 1 254 295 296
83 2 2 1 1 254 296 253
84 2 2 1 1 253 296 297
85 2 2 1 1 253 297 252
86 2 2 1 1 252 297 298
87 2 2 1 1 252 298 251
88 2 2 1 1 251 298 299
89 2 2 1 1 251 299 250
90 2 2 1 1 250 299 300
91 2 2 1 1 250 300 249
92 2 2 1 1 249 300 301
93 2 2 1 1 249 301 248
94 2 2 1 1 248 301 302
95 2 2 1 1 248 302 247
96 2 2 1 1 247 302 303
97 2 2 1 1 247 303 246
98 2 2 1 1 246 303 304
99 2 2 1 1 246 304 245
100 2 2 1 1 245 304 305
101 2 2 1 1 245 305 244
102 2 2 1 1 244 305 306
103 2 2 1 1 244 306 243
104 2 2 1 1 243 306 307
105 2 2 1 1 243 307 242
106 2 2 1 1 242 307 308
107 2 2 1 1 242 308 241
108 2 2 1 1 241 308 309
109 2 2 1 1 241 309 240
110 2 2 1 1 240 309 310
111 2 2 1 1 240 310 239
112 2 2 1 1 239 310 311
113 2 2 1 1 239 311 5
114 2 2 1 1 5 311 238
115 2 2 1 1 7 8 275
116 2 2 1 1 275 8 312
117 2 2 1 1 275 312 276
118 2 2 1 1 276 312 313
119 2 2 1 1 276 313 277
120 2 2 1 1 277 313 314
121 2 2 1 1 277 314 278
122 2 2 1 1 278 314 315
123 2 2 1 1 278 315 279
124 2 2 1 1 279 315 316
125 2 2 1 1 279 316 280
126 2 2 1 1 280 316 317
127 2 2 1 1 280 317 281
128 2 2 1 1 281 317 318
129 2 2 1 1 281 318 282
130 2 2 1 1 282 318 319
131 2 2 1 1 282 319 283
132 2 2 1 1 283 319 320
133 2 2 1 1 283 320 284
134 2 2 1 1 284 320 321
135 2 2 1 1 284 321 285
136 2 2 1 1 285 321 322
137 2 2 1 1 285 322 286
138 2 2 1 1 286 322 323
139 2 2 1 1 286 323 287
140 2 2 1 1 287 323 324
141 2 2 1 1 287 324 288
142 2 2 1 1 288 324 325
143 2 2 1 1 288 325 289
144 2 2 1 1 289 325 326
145 2 2 1 1 289 326 290
146 2 2 1 1 290 326 327
147 2 2 1 1 290 327 291
148 2 2 1 1 291 327 328
149 2 2 1 1 291 328 292
150 2 2 1 1 292 328 329
151 2 2 1 1 292 329 293
152 2 2 1 1 293 329 330
153 2 2 1 1 293 330 294
154 2 2 1 1 294 330 331
155 2 2 1 1 294 331 295
156 2 2 1 1 295 331 332
157 2 2 1 1 295 332 296
158 2 2 1 1 296 332 333
159 2 2 1 1 296 333 297
160 2 2 1 1 297 333 334
161 2 2 1 1 297 334 298
162 2 2 1 1 298 334 335
163 2 2 1 1 298 335 299
164 2 2 1 1 299 335 336
165 2 2 1 1 299 336 300
166 2 2 1 1 300 336 337
167 2 2 1 1 300 337 301
168 2 2 1 1 301 337 338
169 2 2 1 1 301 338 302
170 2 2 1 1 302 338 339
171 2 2 1 1 302 339 303
172 2 2 1 1 303 339 340
173 2 2 1 1 303 340 304
174 2 2 1 1 304 340 341
175 2 2 1 1 304 341 305
176 2 2 1 1 305 341 342
177 2 2 1 1 305 342 306
178 2 2 1 1 306 342 343
179 2 2 1 1 306 343 307
180 2 2 1 1 307 343 344
181 2 2 1 1 307 344 308
182 2 2 1 1 308 344 345
183 2 2 1 1 308 345 309
184 2 2 1 1 309 345 346
185 2 2 1 1 309 346 310
186 2 2 1 1 310 346 347
187 2 2 1 1 310 347 311
188 2 2 1 1 311 347 348
189 2 2 1 1 311 348 238
190 2 2 1 1 238 348 237
191 2 2 1 1 8 9 312
192 2 2 1 1 312 9 349
193 2 2 1 1 312 349 313
194 2 2 1 1 313 349 350
195 2 2 1 1 313 350 314
196 2 2 1 1 314 350 351
197 2 2 1 1 314 351 315
198 2 2 1 1 315 351 352
199 2 2 1 1 315 352 316
200 2 2 1 1 316 352 353
201 2 2 1 1 316 353 317
202 2 2 1 1 317 353 354
203 2 2 1 1 317 354 318
204 2 2 1 1 318 354 355
205 2 2 1 1 318 355 319
206 2 2 1 1 319 355 356
207 2 2 1 1 319 356 320
208 2 2 1 1 320 356 357
209 2 2 1 1 320 357 321
210 2 2 1 1 321 357 358
211 2 2 1 1 321 358 322
212 2 2 1 1 322 358 359
213 2 2 1 1 322 359 323
214 2 2 1 1 323 359 360
215 2 2 1 1 323 360 324
216 2 2 1 1 324 360 361
217 2 2 1 1 324 361 325
218 2 2 1 1 325 361 362
219 2 2 1 1 325 362 326
220 2 2 1 1 326 362 363
221 2 2 1 1 326 363 327
222 2 2 1 1 327 363 364
223 2 2 1 1 327 364 328
224 2 2 1 1 328 364 365
225 2 2 1 1 328 365 329
226 2 2 1 1 329 365 366
227 2 2 1 1 329 366 330
228 2 2 1 1 330 366 367
229 2 2 1 1 330 367 331
230 2 2 1 1 331 367 368
231 2 2 1 1 331 368 332
232 2 2 1 1 332 368 369
233 2 2 1 1 332 369 333
234 2 2 1 1 333 369 370
235 2 2 1 1 333 370 334
236 2 2 1 1 334 370 371
237 2 2 1 1 334 371 335
238 2 2 1 1 335 371 372
239 2 2 1 1 335 372 336
240 2 2 1 1 336 372 373
241 2 2 1 1 336 373 337
242 2 2 1 1 337 373 374
243 2 2 1 1 337 374 338
244 2 2 1 1 338 374 375
245 2 2 1 1 338 375 339
246 2 2 1 1 339 375 376
247 2 2 1 1 339 376 340
248 2 2 1 1 340 376 377
249 2 2 1 1 340 377 341
250 2 2 1 1 341 377 378
251 2 2 1 1 341 378 342
252 2 2 1 1 342 378 379
253 2 2 1 1 342 379 343
254 2 2 1 1 343 379 380
255 2 2 1 1 343 380 344
256 2 2 1 1 344 380 381
257 2 2 1 1 344 381 345
258 2 2 1 1 345 381 382
259 2 2 1 1 345 382 346
260 2 2 1 1 346 382 383
261 2 2 1 1 346 383 347
262 2 2 1 1 347 383 384
263 2 2 1 1 347 384 348
264 2 2 1 1 348 384 385
265 2 2 1 1 348 385 237
266 2 2 1 1 237 385 236
267 2 2 1 1 9 10 349
268 2 2 1 1 349 10 386
269 2 2 1 1 349 386 350
270 2 2 1 1 350 386 387
271 2 2 1 1 350 387 351
272 2 2 1 1 351 387 388
273 2 2 1 1 351 388 352
274 2 2 1 1 352 388 389
275 2 2 1 1 352 389 353
276 2 2 1 1 353 389 390
277 2 2 1 1 353 390 354
278 2 2 1 1 354 390 391
279 2 2 1 1 354 391 355
280 2 2 1 1 355 391 392
281 2 2 1 1 355 392 356
282 2 2 1 1 356 392 393
283 2 2 1 1 356 393 357
284 2 2 1 1 357 393 394
285 2 2 1 1 357 394 358
286 2 2 1 1 358 394 395
287 2 2 1 1 358 395 359
288 2 2 1 1 359 395 396
289 2 2 1 1 359 396 360
290 2 2 1 1 360 396 397
291 2 2 1 1 360 397 361
292 2 2 1 1 361 397 398
293 2 2 1 1 361 398 362
294 2 2 1 1 362 398 399
295 2 2 1 1 362 399 363
296 2 2 1 1 363 399 400
297 2 2 1 1 363 400 364
298 2 2 1 1 364 400 401
299 2 2 1 1 364 401 365
300 2 2 1 1 365 401 402
301 2 2 1 1 365 402 366
302 2 2 1 1 366 402 403
303 2 2 1 1 366 403 367
304 2 2 1 1 367 403 404
305 2 2 1 1 367 404 368
306 2 2 1 1 368 404 405
307 2 2 1 1 368 405 369
308 2 2 1 1 369 405 406
309 2 2 1 1 369 406 370
310 2 2 1 1 370 406 407
311 2 2 1 1 370 407 371
312 2 2 1 1 371 407 408
313 2 2 1 1 371 408 372
314 2 2 1 1 372 408 409
315 2 2 1 1 372 409 373
316 2 2 1 1 373 409 410
317 2 2 1 1 373 410 374
318 2 2 1 1 374 410 411
319 2 2 1 1 374 411 375
320 2 2 1 1 375 411 412
321 2 2 1 1 375 412 376
322 2 2 1 1 376 412 413
323 2 2 1 1 376 413 377
324 2 2 1 1 377 413 414
325 2 2 1 1 377 414 378
326 2 2 1 1 378 414 415
327 2 2 1 1 378 415 379
328 2 2 1 1 379 415 416
329 2 2 1 1 379 416 380
330 2 2 1 1 380 416 417
331 2 2 1 1 380 417 381
332 2 2 1 1 381 417 418
333 2 2 1 1 381 418 382
334 2 2 1 1 382 418 419
335 2 2 1 1 382 419 383
336 2 2 1 1 383 419 420
337 2 2 1 1 383 420 384
338 2 2 1 1 384 420 421
339 2 2 1 1 384 421 385
340 2 2 1 1 385 421 422
341 2 2 1 1 385 422 236
342 2 2 1 1 236 422 235
343 2 2 1 1 10 11 386
344 2 2 1 1 386 11 423
345 2 2 1 1 386 423 387
346 2 2 1 1 387 423 424
347 2 2 1 1 387 424 388
348 2 2 1 1 388 424 425
349 2 2 1 1 388 425 389
350 2 2 1 1 389 425 426
351 2 2 1 1 389 426 390
352 2 2 1 1 390 426 427
353 2 2 1 1 390 427 391
354 2 2 1 1 391 427 428
355 2 2 1 1 391 428 392
356 2 2 1 1 392 428 429
357 2 2 1 1 392 429 393
358 2 2 1 1 393 429 430
359 2 2 1 1 393 430 394
360 2 2 1 1 394 430 431
361 2 2 1 1 394 431 395
362 2 2 1 1 395 431 432
363 2 2 1 1 395 432 396
364 2 2 1 1 396 432 433
365 2 2 1 1 396 433 397
366 2 2 1 1 397 433 434
367 2 2 1 1 397 434 398
368 2 2 1 1 398 434 435
369 2 2 1 1 398 435 399
370 2 2 1 1 399 435 436
371 2 2 1 1 399 436 400
372 2 2 1 1 400 436 437
373 2 2 1 1 400 437 401
374 2 2 1 1 401 437 438
375 2 2 1 1 401 438 402
376 2 2 1 1 402 438 439
377 2 2 1 1 402 439 403
378 2 2 1 1 403 439 440
379 2 2 1 1 403 440 404
380 2 2 1 1 404 440 441
381 2 2 1 1 404 441 405
382 2 2 1 1 405 441 442
383 2 2 1 1 405 442 406
384 2 2 1 1 406 442 443
385 2 2 1 1 406 443 407
386 2 2 1 1 407 443 444
387 2 2 1 1 407 444 408
388 2 2 1 1 408 444 445
389 2 2 1 1 408 445 409
390 2 2 1 1 409 445 446
391 2 2 1 1 409 446 410
392 2 2 1 1 410 446 447
393 2 2 1 1 410 447 411
394 2 2 1 1 411 447 448
395 2 2 1 1 411 448 412
396 2 2 1 1 412 448 449
397 2 2 1 1 412 449 413
398 2 2 1 1 413 449 450
399 2 2 1 1 413 450 414
400 2 2 1 1 414 450 451
401 2 2 1 1 414 451 415
402 2 2 1 1 415 451 452
403 2 2 1 1 415 452 416
404 2 2 1 1 416 452 453
405 2 2 1 1 416 453 417
406 2 2 1 1 417 453 454
407 2 2 1 1 417 454 418
408 2 2 1 1 418 454 455
409 2 2 1 1 418 455 419
410 2 2 1 1 419 455 456
411 2 2 1 1 419 456 420
412 2 2 1 1 420 456 457
413 2 2 1 1 420 457 421
414 2 2 1 1 421 457 458
415 2 2 1 1 421 458 422
416 2 2 1 1 422 458 459
417 2 2 1 1 422 459 235
418 2 2 1 1 235 459 234
419 2 2 1 1 11 12 423
420 2 2 1 1 423 12 460
421 2 2 1 1 423 460 424
422 2 2 1 1 424 460 461
423 2 2 1 1 424 461 425
424 2 2 1 1 425 461 462
425 2 2 1 1 425 462 426
426 2 2 1 1 426 462 463
427 2 2 1 1 426 463 427
428 2 2 1 1 427 463 464
429 2 2 1 1 427 464 428
430 2 2 1 1 428 464 465
431 2 2 1 1 428 465 429
432 2 2 1 1 429 465 466
433 2 2 1 1 429 466 430
434 2 2 1 1 430 466 467
435 2 2 1 1 430 467 431
436 2 2 1 1 431 467 468
437 2 2 1 1 431 468 432
438 2 2 1 1 432 468 469
439 2 2 1 1 432 469 433
440 2 2 1 1 433 469 470
441 2 2 1 1 433 470 434
442 2 2 1 1 434 470 471
443 2 2 1 1 434 471 435
444 2 2 1 1 435 471 472
445 2 2 1 1 435 472 436
446 2 2 1 1 436 472 473
447 2 2 1 1 436 473 437
448 2 2 1 1 437 473 474
449 2 2 1 1 437 474 438
450 2 2 1 1 438 474 475
451 2 2 1 1 438 475 439
452 2 2 1 1 439 475 476
453 2 2 1 1 439 476 440
454 2 2 1 1 440 476 477
455 2 2 1 1 440 477 441
456 2 2 1 1 441 477 478
457 2 2 1 1 441 478 442
458 2 2 1 1 442 478 479
459 2 2 1 1 442 479 443
460 2 2 1 1 443 479 480
461 2 2 1 1 443 480 444
462 2 2 1 1 444 480 481
463 2 2 1 1 444 481 445
464 2 2 1 1 445 481 482
465 2 2 1 1 445 482 446
466 2 2 1 1 446 482 483
467 2 2 1 1 446 483 447
468 2 2 1 1 447 483 484
469 2 2 1 1 447 484 448
470 2 2 1 1 448 484 485
471 2 2 1 1 448 485 449
472 2 2 1 1 449 485 486
473 2 2 1 1 449 486 450
474 2 2 1 1 450 486 487
475 2 2 1 1 450 487 451
476 2 2 1 1 451 487 488
477 2 2 1 1 451 488 452
478 2 2 1 1 452 488 489
479 2 2 1 1 452 489 453
480 2 2 1 1 453 489 490
481 2 2 1 1 453 490 454
482 2 2 1 1 454 490 491
483 2 2 1 1 454 491 455
484 2 2 1 1 455 491 492
485 2 2 1 1 455 492 456
486 2 2 1 1 456 492 493
487 2 2 1 1 456 493 457
488 2 2 1 1 457 493 494
489 2 2 1 1 457 494 458
490 2 2 1 1 458 494 495
491 2 2 1 1 458 495 459
492 2 2 1 1 459 495 496
493 2 2 1 1 459 496 234
494 2 2 1 1 234 496 233
495 2 2 1 1 12 13 460
496 2 2 1 1 460 13 497
497 2 2 1 1 460 497 461
498 2 2 1 1 461 497 498
499 2 2 1 1 461 498 462
500 2 2 1 1 462 498 499
501 2 2 1 1 462 499 463
502 2 2 1 1 463 499 500
503 2 2 1 1 463 500 464
504 2 2 1 1 464 500 501
505 2 2 1 1 464 501 465
506 2 2 1 1 465 501 502
507 2 2 1 1 465 502 466
508 2 2 1 1 466 502 503
509 2 2 1 1 466 503 467
510 2 2 1 1 467 503 504
511 2 2 1 1 467 504 468
512 2 2 1 1 468 504 505
513 2 2 1 1 468 505 469
514 2 2 1 1 469 505 506
515 2 2 1 1 469 506 470
516 2 2 1 1 470 506 507
517 2 2 1 1 470 507 471
518 2 2 1 1 471 507 508
519 2 2 1 1 471 508 472
520 2 2 1 1 472 508 509
521 2 2 1 1 472 509 473
522 2 2 1 1 473 509 510
523 2 2 1 1 473 510 474
524 2 2 1 1 474 510 511
525 2 2 1 1 474 511 475
526 2 2 1 1 475 511 512
527 2 2 1 1 475 512 476
528 2 2 1 1 476 512 513
529 2 2 1 1 476 513 477
530 2 2 1 1 477 513 514
531 2 2 1 1 477 514 478
532 2 2 1 1 478 514 515
533 2 2 1 1 478 515 479
534 2 2 1 1 479 515 516
535 2 2 1 1 479 516 480
536 2 2 1 1 480 516 517
537 2 2 1 1 480 517 481
538 2 2 1 1 481 517 518
539 2 2 1 1 481 518 482
540 2 2 1 1 482 518 519
541 2 2 1 1 482 519 483
542 2 2 1 1 483 519 520
543 2 2 1 1 483 520 484
544 2 2 1 1 484 520 521
545 2 2 1 1 484 521 485
546 2 2 1 1 485 521 522
547 2 2 1 1 485 522 486
548 2 2 1 1 486 522 523
549 2 2 1 1 486 523 487
550 2 2 1 1 487 523 524
551 2 2 1 1 487 524 488
552 2 2 1 1 488 524 525
553 2 2 1 1 488 525 489
554 2 2 1 1 489 525 526
555 2 2 1 1 489 526 490
556 2 2 1 1 490 526 527
557 2 2 1 1 490 527 491
558 2 2 1 1 491 527 528
559 2 2 1 1 491 528 492
560 2 2 1 1 492 528 529
561 2 2 1 1 492 529 493
562 2 2 1 1 493 529 530
563 2 2 1 1 493 530 494
564 2 2 1 1 494 530 531
565 2 2 1 1 494 531 495
566 2 2 1 1 495 531 532
567 2 2 1 1 495 532 496
568 2 2 1 1 496 532 533
569 2 2 1 1 496 533 233
570 2 2 1 1 233 533 232
571 2 2 1 1 13 14 497
572 2 2 1 1 497 14 534
573 2 2 1 1 497 534 498
574 2 2 1 1 498 534 535
575 2 2 1 1 498 535 499
576 2 2 1 1 499 535 536
577 2 2 1 1 499 536 500
578 2 2 1 1 500 536 537
579 2 2 1 1 500 537 501
580 2 2 1 1 501 537 538
581 2 2 1 1 501 538 502
582 2 2 1 1 502 538 539
583 2 2 1 1 502 539 503
584 2 2 1 1 503 539 540
585 2 2 1 1 503 540 504
586 2 2 1 1 504 540 541
587 2 2 1 1 504 541 505
588 2 2 1 1 505 541 542
589 2 2 1 1 505 542 506
590 2 2 1 1 506 542 543
591 2 2 1 1 506 543 507
592 2 2 1 1 507 543 544
593 2 2 1 1 507 544 508
594 2 2 1 1 508 544 545
595 2 2 1 1 508 545 509
596 2 2 1 1 509 545 546
597 2 2 1 1 509 546 510
598 2 2 1 1 510 546 547
599 2 2 1 1 510 547 511
600 2 2 1 1 511 547 548
601 2 2 1 1 511 548 512
602 2 2 1 1 512 548 549
603 2 2 1 1 512 549 513
604 2 2 1 1 513 549 550
605 2 2 1 1 513 550 514
606 2 2 1 1 514 550 551
607 2 2 1 1 514 551 515
608 2 2 1 1 515 551 552
609 2 2 1 1 515 552 516
610 2 2 1 1 516 552 553
611 2 2 1 1 516 553 517
612 2 2 1 1 517 553 554
613 2 2 1 1 517 554 518
614 2 2 1 1 518 554 555
615 2 2 1 1 518 555 519
616 2 2 1 1 519 555 556
617 2 2 1 1 519 556 520
618 2 2 1 1 520 556 557
619 2 2 1 1 520 557 521
620 2 2 1 1 521 557 558
621 2 2 1 1 521 558 522
622 2 2 1 1 522 558 559
623 2 2 1 1 522 559 523
624 2 2 1 1 523 559 560
625 2 2 1 1 523 560 524
626 2 2 1 1 524 560 561
627 2 2 1 1 524 561 525
628 2 2 1 1 525 561 562
629 2 2 1 1 525 562 526
630 2 2 1 1 526 562 563
631 2 2 1 1 526 563 527
632 2 2 1 1 527 563 564
633 2 2 1 1 527 564 528
634 2 2 1 1 528 564 565
635 2 2 1 1 528 565 529
636 2 2 1 1 529 565 566
637 2 2 1 1 529 566 530
638 2 2 1 1 530 566 567
639 2 2 1 1 530 567 531
640 2 2 1 1 531 567 568
641 2 2 1 1 531 568 532
642 2 2 1 1 532 568 569
643 2 2 1 1 532 569 533
644 2 2 1 1 533 569 570
645 2 2 1 1 533 570 232
646 2 2 1 1 232 570 231
647 2 2 1 1 14 15 534
648 2 2 1 1 534 15 571
649 2 2 1 1 534 571 535
650 2 2 1 1 535 571 572
651 2 2 1 1 535 572 536
652 2 2 1 1 536 572 573
653 2 2 1 1 536 573 537
654 2 2 1 1 537 573 574
655 2 2 1 1 537 574 538
656 2 2 1 1 538 574 575
657 2 2 1 1 538 575 539
658 2 2 1 1 539 575 576
659 2 2 1 1 539 576 540
660 2 2 1 1 540 576 577
661 2 2 1 1 540 577 541
662 2 2 1 1 541 577 578
663 2 2 1 1 541 578 542
664 2 2 1 1 542 578 579
665 2 2 1 1 542 579 543
666 2 2 1 1 543 579 580
667 2 2 1 1 543 580 544
668 2 2 1 1 544 580 581
669 2 2 1 1 544 581 545
670 2 2 1 1 545 581 582
671 2 2 1 1 545 582 546
672 2 2 1 1 546 582 583
673 2 2 1 1 546 583 547
674 2 2 1 1 547 583 584
675 2 2 1 1 547 584 548
676 2 2 1 1 548 584 585
677 2 2 1 1 548 585 549
678 2 2 1 1 549 585 586
679 2 2 1 1 549 586 550
680 2 2 1 1 550 586 587
681 2 2 1 1 550 587 551
682 2 2 1 1 551 587 588
683 2 2 1 1 551 588 552
684 2 2 1 1 552 588 589
685 2 2 1 1 552 589 553
686 2 2 1 1 553 589 590
687 2 2 1 1 553 590 554
688 2 2 1 1 554 590 591
689 2 2 1 1 554 591 555
690 2 2 1 1 555 591 592
691 2 2 1 1 555 592 556
692 2 2 1 1 556 592 593
693 2 2 1 1 556 593 557
694 2 2 1 1 557 593 594
695 2 2 1 1 557 594 558
696 2 2 1 1 558 594 595
697 2 2 1 1 558 595 559
698 2 2 1 1 559 595 596
699 2 2 1 1 559 596 560
700 2 2 1 1 560 596 597
701 2 2 1 1 560 597 561
702 2 2 1 1 561 597 598
703 2 2 1 1 561 598 562
704 2 2 1 1 562 598 599
705 2 2 1 1 562 599 563
706 2 2 1 1 563 599 600
707 2 2 1 1 563 600 564
708 2 2 1 1 564 600 601
709 2 2 1 1 564 601 565
710 2 2 1 1 565 601 602
711 2 2 1 1 565 602 566
712 2 2 1 1 566 602 603
713 2 2 1 1 566 603 567
714 2 2 1 1 567 603 604
715 2 2 1 1 567 604 568
716 2 2 1 1 568 604 605
717 2 2 1 1 568 605 569
718 2 2 1 1 569 605 606
719 2 2 1 1 569 606 570
720 2 2 1 1 570 606 607
721 2 2 1 1 570 607 231
722 2 2 1 1 231 607 230
723 2 2 1 1 15 16 571
724 2 2 1 1 571 16 608
725 2 2 1 1 571 608 572
726 2 2 1 1 572 608 609
727 2 2 1 1 572 609 573
728 2 2 1 1 573 609 610
729 2 2 1 1 573 610 574
730 2 2 1 1 574 610 611
731 2 2 1 1 574 611 575
732 2 2 1 1 575 611 612
733 2 2 1 1 575 612 576
734 2 2 1 1 576 612 613
735 2 2 1 1 576 613 577
736 2 2 1 1 577 613 614
737 2 2 1 1 577 614 578
738 2 2 1 1 578 614 615
739 2 2 1 1 578 615 579
740 2 2 1 1 579 615 616
741 2 2 1 1 579 616 580
742 2 2 1 1 580 616 617
743 2 2 1 1 580 617 581
744 2 2 1 1 581 617 618
745 2 2 1 1 581 618 582
746 2 2 1 1 582 618 619
747 2 2 1 1 582 619 583
748 2 2 1 1 583 619 620
749 2 2 1 1 583 620 584
750 2 2 1 1 584 620 621
751 2 2 1 1 584 621 585
752 2 2 1 1 585 621 622
753 2 2 1 1 585 622 586
754 2 2 1 1 586 622 623
755 2 2 1 1 586 623 587
756 2 2 1 1 587 623 624
757 2 2 1 1 587 624 588
758 2 2 1 1 588 624 625
759 2 2 1 1 588 625 589
760 2 2 1 1 589 625 626
761 2 2 1 1 589 626 590
762 2 2 1 1 590 626 627
763 2 2 1 1 590 627 591
764 2 2 1 1 591 627 628
765 2 2 1 1 591 628 592
766 2 2 1 1 592 628 629
767 2 2 1 1 592 629 593
768 2 2 1 1 593 629 630
769 2 2 1 1 593 630 594
770 2 2 1 1 594 630 631
771 2 2 1 1 594 631 595
772 2 2 1 1 595 631 632
773 2 2 1 1 595 632 596
774 2 2 1 1 596 632 633
775 2 2 1 1 596 633 597
776 2 2 1 1 597 633 634
777 2 2 1 1 597 634 598
778 2 2 1 1 598 634 635
779 2 2 1 1 598 635 599
780 2 2 1 1 599 635 636
781 2 2 1 1 599 636 600
782 2 2 1 1 600 636 637
783 2 2 1 1 600 637 601
784 2 2 1 1 601 637 638
785 2 2 1 1 601 638 602
786 2 2 1 1 602 638 639
787 2 2 1 1 602 639 603
788 2 2 1 1 603 639 640
789 2 2 1 1 603 640 604
790 2 2 1 1 604 640 641
791 2 2 1 1 604 641 605
792 2 2 1 1 605 641 642
793 2 2 1 1 605 642 606
794 2 2 1 1 606 642 643
795 2 2 1 1 606 643 607
796 2 2 1 1 607 643 644
797 2 2 1 1 607 644 230
798 2 2 1 1 230 644 229
799 2 2 1 1 16 17 608
800 2 2 1 1 608 17 645
801 2 2 1 1 608 645 609
802 2 2 1 1 609 645 646
803 2 2 1 1 609 646 610
804 2 2 1 1 610 646 647
805 2 2 1 1 610 647 611
806 2 2 1 1 611 647 648
807 2 2 1 1 611 648 612
808 2 2 1 1 612 648 649
809 2 2 1 1 612 649 613
810 2 2 1 1 613 649 650
811 2 2 1 1 613 650 614
812 2 2 1 1 614 650 651
813 2 2 1 1 614 651 615
814 2 2 1 1 615 651 652
815 2 2 1 1 615 652 616
816 2 2 1 1 616 652 653
817 2 2 1 1 616 653 617
818 2 2 1 1 617 653 654
819 2 2 1 1 617 654 618
820 2 2 1 1 618 654 655
821 2 2 1 1 618 655 619
822 2 2 1 1 619 655 656
823 2 2 1 1 619 656 620
824 2 2 1 1 620 656 657
825 2 2 1 1 620 657 621
826 2 2 1 1 621 657 658
827 2 2 1 1 621 658 622
828 2 2 1 1 622 658 659
829 2 2 1 1 622 659 623
830 2 2 1 1 623 659 660
831 2 2 1 1 623 660 624
832 2 2 1 1 624 660 661
833 2 2 1 1 624 661 625
834 2 2 1 1 625 661 662
835 2 2 1 1 625 662 626
836 2 2 1 1 626 662 663
837 2 2 1 1 626 663 627
838 2 2 1 1 627 663 664
839 2 2 1 1 627 664 628
840 2 2 1 1 628 664 665
841 2 2 1 1 628 665 629
842 2 2 1 1 629 665 666
843 2 2 1 1 629 666 630
844 2 2 1 1 630 666 667
845 2 2 1 1 630 667 631
846 2 2 1 1 631 667 668
847 2 2 1 1 631 668 632
848 2 2 1 1 632 668 669
849 2 2 1 1 632 669 633
850 2 2 1 1 633 669 670
851 2 2 1 1 633 670 634
852 2 2 1 1 634 670 671
853 2 2 1 1 634 671 635
854 2 2 1 1 635 671 672
855 2 2 1 1 635 672 636
856 2 2 1 1 636 672 673
857 2 2 1 1 636 673 637
858 2 2 1 1 637 673 674
859 2 2 1 1 637 674 638
860 2 2 1 1 638 674 675
861 2 2 1 1 638 675 639
862 2 2 1 1 639 675 676
863 2 2 1 1 639 676 640
864 2 2 1 1 640 676 677
865 2 2 1 1 640 677 641
866 2 2 1 1 641 677 678
867 2 2 1 1 641 678 642
868 2 2 1 1 642 678 679
869 2 2 1 1 642 679 643
870 2 2 1 1 643 679 680
871 2 2 1 1 643 680 644
872 2 2 1 1 644 680 681
873 2 2 1 1 644 681 229
874 2 2 1 1 229 681 228
875 2 2 1 1 17 18 645
876 2 2 1 1 645 18 682
877 2 2 1 1 645 682 646
878 2 2 1 1 646 682 683
879 2 2 1 1 646 683 647
880 2 2 1 1 647 683 684
881 2 2 1 1 647 684 648
882 2 2 1 1 648 684 685
883 2 2 1 1 648 685 649
884 2 2 1 1 649 685 686
885 2 2 1 1 649 686 650
886 2 2 1 1 650 686 687
887 2 2 1 1 650 687 651
888 2 2 1 1 651 687 688
889 2 2 1 1 651 688 652
890 2 2 1 1 652 688 689
891 2 2 1 1 652 689 653
892 2 2 1 1 653 689 690
893 2 2 1 1 653 690 654
894 2 2 1 1 654 690 691
895 2 2 1 1 654 691 655
896 2 2 1 1 655 691 692
897 2 2 1 1 655 692 656
898 2 2 1 1 656 692 693
899 2 2 1 1 656 693 657
900 2 2 1 1 657 693 694
901 2 2 1 1 657 694 658
902 2 2 1 1 658 694 695
903 2 2 1 1 658 695 659
904 2 2 1 1 659 695 696
905 2 2 1 1 659 696 660
906 2 2 1 1 660 696 697
907 2 2 1 1 660 697 661
908 2 2 1 1 661 697 698
909 2 2 1 1 661 698 662
910 2 2 1 1 662 698 699
911 2 2 1 1 662 699 663
912 2 2 1 1 663 699 700
913 2 2 1 1 663 700 664
914 2 2 1 1 664 700 701
915 2 2 1 1 664 701 665
916 2 2 1 1 665 701 702
917 2 2 1 1 665 702 666
918 2 2 1 1 666 702 703
919 2 2 1 1 666 703 667
920 2 2 1 1 667 703 704
921 2 2 1 1 667 704 668
922 2 2 1 1 668 704 705
923 2 2 1 1 668 705 669
924 2 2 1 1 669 705 706
925 2 2 1 1 669 706 670
926 2 2 1 1 670 706 707
927 2 2 1 1 670 707 671
928 2 2 1 1 671 707 708
929 2 2 1 1 671 708 672
930 2 2 1 1 672 708 709
931 2 2 1 1 672 709 673
932 2 2 1 1 673 709 710
933 2 2 1 1 673 710 674
934 2 2 1 1 674 710 711
935 2 2 1 1 674 711 675
936 2 2 1 1 675 711 712
937 2 2 1 1 675 712 676
938 2 2 1 1 676 712 713
939 2 2 1 1 676 713 677
940 2 2 1 1 677 713 714
941 2 2 1 1 677 714 678
942 2 2 1 1 678 714 715
943 2 2 1 1 678 715 679
944 2 2 1 1 679 715 716
945 2 2 1 1 679 716 680
946 2 2 1 1 680 716 717
947 2 2 1 1 680 717 681
948 2 2 1 1 681 717 718
949 2 2 1 1 681 718 228
950 2 2 1 1 228 718 227
951 2 2 1 1 18 19 682
952 2 2 1 1 682 19 719
953 2 2 1 1 682 719 683
954 2 2 1 1 683 719 720
955 2 2 1 1 683 720 684
956 2 2 1 1 684 720 721
957 2 2 1 1 684 721 685
958 2 2 1 1 685 721 722
959 2 2 1 1 685 722 686
960 2 2 1 1 686 722 723
961 2 2 1 1 686 723 687
962 2 2 1 1 687 723 724
963 2 2 1 1 687 724 688
964 2 2 1 1 688 724 725
965 2 2 1 1 688 725 689
966 2 2 1 1 689 725 726
967 2 2 1 1 689 726 690
968 2 2 1 1 690 726 727
969 2 2 1 1 690 727 691
970 2 2 1 1 691 727 728
971 2 2 1 1 691 728 692
972 2 2 1 1 692 728 729
973 2 2 1 1 692 729 693
974 2 2 1 1 693 729 730
975 2 2 1 1 693 730 694
976 2 2 1 1 694 730 731
977 2 2 1 1 694 731 695
978 2 2 1 1 695 731 732
979 2 2 1 1 695 732 696
980 2 2 1 1 696 732 733
981 2 2 1 1 696 733 697
982 2 2 1 1 697 733 734
983 2 2 1 1 697 734 698
984 2 2 1 1 698 734 735
985 2 2 1 1 698 735 699
986 2 2 1 1 699 735 736
987 2 2 1 1 699 736 700
988 2 2 1 1 700 736 737
989 2 2 1 1 700 737 701
990 2 2 1 1 701 737 738
991 2 2 1 1 701 738 702
992 2 2 1 1 702 738 739
993 2 2 1 1 702 739 703
994 2 2 1 1 703 739 740
995 2 2 1 1 703 740 704
996 2 2 1 1 704 740 741
997 2 2 1 1 704 741 705
998 2 2 1 1 705 741 742
999 2 2 1 1 705 742 706
1000 2 2 1 1 706 742 743
1001 2 2 1 1 706 743 707
1002 2 2 1 1 707 743 744
1003 2 2 1 1 707 744 708
1004 2 2 1 1 708 744 745
1005 2 2 1 1 708 745 709
1006 2 2 1 1 709 745 746
1007 2 2 1 1 709 746 710
1008 2 2 1 1 710 746 747
1009 2 2 1 1 710 747 711
1010 2 2 1 1 711 747 748
1011 2 2 1 1 711 748 712
1012 2 2 1 1 712 748 749
1013 2 2 1 1 712 749 713
1014 2 2 1 1 713 749 750
1015 2 2 1 1 713 750 714
1016 2 2 1 1 714 750 751
1017 2 2 1 1 714 751 715
1018 2 2 1 1 715 751 752
1019 2 2 1 1 715 752 716
1020 2 2 1 1 716 752 753
1021 2 2 1 1 716 753 717
1022 2 2 1 1 717 753 754
1023 2 2 1 1 717 754 718
1024 2 2 1 1 718 754 755
1025 2 2 1 1 718 755 227
1026 2 2 1 1 227 755 226
1027 2 2 1 1 19 20 719
1028 2 2 1 1 719 20 756
1029 2 2 1 1 719 756 720
1030 2 2 1 1 720 756 757
1031 2 2 1 1 720 757 721
1032 2 2 1 1 721 757 758
1033 2 2 1 1 721 758 722
1034 2 2 1 1 722 758 759
1035 2 2 1 1 722 759 723
1036 2 2 1 1 723 759 760
1037 2 2 1 1 723 760 724
1038 2 2 1 1 724 760 761
1039 2 2 1 1 724 761 725
1040 2 2 1 1 725 761 762
1041 2 2 1 1 725 762 726
1042 2 2 1 1 726 762 763
1043 2 2 1 1 726 763 727
1044 2 2 1 1 727 763 764
1045 2 2 1 1 727 764 728
1046 2 2 1 1 728 764 765
1047 2 2 1 1 728 765 729
1048 2 2 1 1 729 765 766
1049 2 2 1 1 729 766 730
1050 2 2 1 1 730 766 767
1051 2 2 1 1 730 767 731
1052 2 2 1 1 731 767 768
1053 2 2 1 1 731 768 732
1054 2 2 1 1 732 768 769
1055 2 2 1 1 732 769 733
1056 2 2 1 1 733 769 770
1057 2 2 1 1 733 770 734
1058 2 2 1 1 734 770 771
1059 2 2 1 1 734 771 735
1060 2 2 1 1 735 771 772
1061 2 2 1 1 735 772 736
1062 2 2 1 1 736 772 773
1063 2 2 1 1 736 773 737
1064 2 2 1 1 737 773 774
1065 2 2 1 1 737 774 738
1066 2 2 1 1 738 774 775
1067 2 2 1 1 738 775 739
1068 2 2 1 1 739 775 776
1069 2 2 1 1 739 776 740
1070 2 2 1 1 740 776 777
1071 2 2 1 1 740 777 741
1072 2 2 1 1 741 777 778
1073 2 2 1 1 741 778 742
1074 2 2 1 1 742 778 779
1075 2 2 1 1 742 779 743
1076 2 2 1 1 743 779 780
1077 2 2 1 1 743 780 744
1078 2 2 1 1 744 780 781
1079 2 2 1 1 744 781 745
1080 2 2 1 1 745 781 782
1081 2 2 1 1 745 782 746
1082 2 2 1 1 746 782 783
1083 2 2 1 1 746 783 747
1084 2 2 1 1 747 783 784
1085 2 2 1 1 747 784 748
1086 2 2 1 1 748 784 785
1087 2 2 1 1 748 785 749
1088 2 2 1 1 749 785 786
1089 2 2 1 1 749 786 750
1090 2 2 1 1 750 786 787
1091 2 2 1 1 750 787 751
1092 2 2 1 1 751 787 788
1093 2 2 1 1 751 788 752
1094 2 2 1 1 752 788 789
1095 2 2 1 1 752 789 753
1096 2 2 1 1 753 789 790
1097 2 2 1 1 753 790 754
1098 2 2 1 1 754 790 791
1099 2 2 1 1 754 791 755
1100 2 2 1 1 755 791 792
1101 2 2 1 1 755 792 226
1102 2 2 1 1 226 792 225
1103 2 2 1 1 20 21 756
1104 2 2 1 1 756 21 793
1105 2 2 1 1 756 793 757
1106 2 2 1 1 757 793 794
1107 2 2 1 1 757 794 758
1108 2 2 1 1 758 794 795
1109 2 2 1 1 758 795 759
1110 2 2 1 1 759 795 796
1111 2 2 1 1 759 796 760
1112 2 2 1 1 760 796 797
1113 2 2 1 1 760 797 761
1114 2 2 1 1 761 797 798
1115 2 2 1 1 761 798 762
1116 2 2 1 1 762 798 799
1117 2 2 1 1 762 799 763
1118 2 2 1 1 763 799 800
1119 2 2 1 1 763 800 764
1120 2 2 1 1 764 800 801
1121 2 2 1 1 764 801 765
1122 2 2 1 1 765 801 802
1123 2 2 1 1 765 802 766
1124 2 2 1 1 766 802 803
1125 2 2 1 1 766 803 767
1126 2 2 1 1 767 803 804
1127 2 2 1 1 767 804 768
1128 2 2 1 1 768 804 805
1129 2 2 1 1 768 805 769
1130 2 2 1 1 769 805 806
1131 2 2 1 1 769 806 770
1132 2 2 1 1 770 806 807
1133 2 2 1 1 770 807 771
1134 2 2 1 1 771 807 808
1135 2 2 1 1 771 808 772
1136 2 2 1 1 772 808 809
1137 2 2 1 1 772 809 773
1138 2 2 1 1 773 809 810
1139 2 2 1 1 773 810 774
1140 2 2 1 1 774 810 811
1141 2 2 1 1 774 811 775
1142 2 2 1 1 775 811 812
1143 2 2 1 1 775 812 776
1144 2 2 1 1 776 812 813
1145 2 2 1 1 776 813 777
1146 2 2 1 1 777 813 814
1147 2 2 1 1 777 814 778
1148 2 2 1 1 778 814 815
1149 2 2 1 1 778 815 779
1150 2 2 1 1 779 815 816
1151 2 2 1 1 779 816 780
1152 2 2 1 1 780 816 817
1153 2 2 1 1 780 817 781
1154 2 2 1 1 781 817 818
1155 2 2 1 1 781 818 782
1156 2 2 1 1 782 818 819
1157 2 2 1 1 782 819 783
1158 2 2 1 1 783 819 820
1159 2 2 1 1 783 820 784
1160 2 2 1 1 784 820 821
1161 2 2 1 1 784 821 785
1162 2 2 1 1 785 821 822
1163 2 2 1 1 785 822 786
1164 2 2 1 1 786 822 823
1165 2 2 1 1 786 823 787
1166 2 2 1 1 787 823 824
1167 2 2 1 1 787 824 788
1168 2 2 1 1 788 824 825
1169 2 2 1 1 788 825 789
1170 2 2 1 1 789 825 826
1171 2 2 1 1 789 826 790
1172 2 2 1 1 790 826 827
1173 2 2 1 1 790 827 791
1174 2 2 1 1 791 827 828
1175 2 2 1 1 791 828 792
1176 2 2 1 1 792 828 829
1177 2 2 1 1 792 829 225
1178 2 2 1 1 225 829 224
1179 2 2 1 1 21 22 793
1180 2 2 1 1 793 22 830
1181 2 2 1 1 793 830 794
1182 2 2 1 1 794 830 831
1183 2 2 1 1 794 831 795
1184 2 2 1 1 795 831 832
1185 2 2 1 1 795 832 796
1186 2 2 1 1 796 832 833
1187 2 2 1 1 796 833 797
1188 2 2 1 1 797 833 834
1189 2 2 1 1 797 834 798
1190 2 2 1 1 798 834 835
1191 2 2 1 1 798 835 799
1192 2 2 1 1 799 835 836
1193 2 2 1 1 799 836 800
1194 2 2 1 1 800 836 837
1195 2 2 1 1 800 837 801
1196 2 2 1 1 801 837 838
1197 2 2 1 1 801 838 802
1198 2 2 1 1 802 838 839
1199 2 2 1 1 802 839 803
1200 2 2 1 1 803 839 840
1201 2 2 1 1 803 840 804
1202 2 2 1 1 804 840 841
1203 2 2 1 1 804 841 805
1204 2 2 1 1 805 841 842
1205 2 2 1 1 805 842 806
1206 2 2 1 1 806 842 843
1207 2 2 1 1 806 843 807
1208 2 2 1 1 807 843 844
1209 2 2 1 1 807 844 808
1210 2 2 1 1 808 844 845
1211 2 2 1 1 808 845 809
1212 2 2 1 1 809 845 846
1213 2 2 1 1 809 846 810
1214 2 2 1 1 810 846 847
1215 2 2 1 1 810 847 811
1216 2 2 1 1 811 847 848
1217 2 2 1 1 811 848 812
1218 2 2 1 1 812 848 849
1219 2 2 1 1 812 849 813
1220 2 2 1 1 813 849 850
1221 2 2 1 1 813 850 814
1222 2 2 1 1 814 850 851
1223 2 2 1 1 814 851 815
1224 2 2 1 1 815 851 852
1225 2 2 1 1 815 852 816
1226 2 2 1 1 816 852 853
1227 2 2 1 1 816 853 817
1228 2 2 1 1 817 853 854
1229 2 2 1 1 817 854 818
1230 2 2 1 1 818 854 855
1231 2 2 1 1 818 855 819
1232 2 2 1 1 819 855 856
1233 2 2 1 1 819 856 820
1234 2 2 1 1 820 856 857
1235 2 2 1 1 820 857 821
1236 2 2 1 1 821 857 858
1237 2 2 1 1 821 858 822
1238 2 2 1 1 822 858 859
1239 2 2 1 1 822 859 823
1240 2 2 1 1 823 859 860
1241 2 2 1 1 823 860 824
1242 2 2 1 1 824 860 861
1243 2 2 1 1 824 861 825
1244 2 2 1 1 825 861 862
1245 2 2 1 1 825 862 826
1246 2 2 1 1 826 862 863
1247 2 2 1 1 826 863 827
1248 2 2 1 1 827 863 864
1249 2 2 1 1 827 864 828
1250 2 2 1 1 828 864 865
1251 2 2 1 1 828 865 829
1252 2 2 1 1 829 865 866
1253 2 2 1 1 829 866 224
1254 2 2 1 1 224 866 223
1255 2 2 1 1 22 23 830
1256 2 2 1 1 830 23 867
1257 2 2 1 1 830 867 831
1258 2 2 1 1 831 867 868
1259 2 2 1 1 831 868 832
1260 2 2 1 1 832 868 869
1261 2 2 1 1 832 869 833
1262 2 2 1 1 833 869 870
1263 2 2 1 1 833 870 834
1264 2 2 1 1 834 870 871
1265 2 2 1 1 834 871 835
1266 2 2 1 1 835 871 872
1267 2 2 1 1 835 872 836
1268 2 2 1 1 836 872 873
1269 2 2 1 1 836 873 837
1270 2 2 1 1 837 873 874
1271 2 2 1 1 837 874 838
1272 2 2 1 1 838 874 875
1273 2 2 1 1 838 875 839
1274 2 2 1 1 839 875 876
1275 2 2 1 1 839 876 840
1276 2 2 1 1 840 876 877
1277 2 2 1 1 840 877 841
1278 2 2 1 1 841 877 878
1279 2 2 1 1 841 878 842
1280 2 2 1 1 842 878 879
1281 2 2 1 1 842 879 843
1282 2 2 1 1 843 879 880
1283 2 2 1 1 843 880 844
1284 2 2 1 1 844 880 881
1285 2 2 1 1 844 881 845
1286 2 2 1 1 845 881 882
1287 2 2 1 1 845 882 846
1288 2 2 1 1 846 882 883
1289 2 2 1 1 846 883 847
1290 2 2 1 1 847 883 884
1291 2 2 1 1 847 884 848
1292 2 2 1 1 848 884 885
1293 2 2 1 1 848 885 849
1294 2 2 1 1 849 885 886
1295 2 2 1 1 849 886 850
1296 2 2 1 1 850 886 887
1297 2 2 1 1 850 887 851
1298 2 2 1 1 851 887 888
1299 2 2 1 1 851 888 852
1300 2 2 1 1 852 888 889
1301 2 2 1 1 852 889 853
1302 2 2 1 1 853 889 890
1303 2 2 1 1 853 890 854
1304 2 2 1 1 854 890 891
1305 2 2 1 1 854 891 855
1306 2 2 1 1 855 891 892
1307 2 2 1 1 855 892 856
1308 2 2 1 1 856 892 893
1309 2 2 1 1 856 893 857
1310 2 2 1 1 857 893 894
1311 2 2 1 1 857 894 858
1312 2 2 1 1 858 894 895
1313 2 2 1 1 858 895 859
1314 2 2 1 1 859 895 896
1315 2 2 1 1 859 896 860
1316 2 2 1 1 860 896 897
1317 2 2 1 1 860 897 861
1318 2 2 1 1 861 897 898
1319 2 2 1 1 861 898 862
1320 2 2 1 1 862 898 899
1321 2 2 1 1 862 899 863
1322 2 2 1 1 863 899 900
1323 2 2 1 1 863 900 864
1324 2 2 1 1 864 900 901
1325 2 2 1 1 864 901 865
1326 2 2 1 1 865 901 902
1327 2 2 1 1 865 902 866
1328 2 2 1 1 866 902 903
1329 2 2 1 1 866 903 223
1330 2 2 1 1 223 903 222
1331 2 2 1 1 23 24 867
1332 2 2 1 1 867 24 904
1333 2 2 1 1 867 904 868
1334 2 2 1 1 868 904 905
1335 2 2 1 1 868 905 869
1336 2 2 1 1 869 905 906
1337 2 2 1 1 869 906 870
1338 2 2 1 1 870 906 907
1339 2 2 1 1 870 907 871
1340 2 2 1 1 871 907 908
1341 2 2 1 1 871 908 872
1342 2 2 1 1 872 908 909
1343 2 2 1 1 872 909 873
1344 2 2 1 1 873 909 910
1345 2 2 1 1 873 910 874
1346 2 2 1 1 874 910 911
1347 2 2 1 1 874 911 875
1348 2 2 1 1 875 911 912
1349 2 2 1 1 875 912 876
1350 2 2 1 1 876 912 913
1351 2 2 1 1 876 913 877
1352 2 2 1 1 877 913 914
1353 2 2 1 1 877 914 878
1354 2 2 1 1 878 914 915
1355 2 2 1 1 878 915 879
1356 2 2 1 1 879 915 916
1357 2 2 1 1 879 916 880
1358 2 2 1 1 880 916 917
1359 2 2 1 1 880 917 881
1360 2 2 1 1 881 917 918
1361 2 2 1 1 881 918 882
1362 2 2 1 1 882 918 919
1363 2 2 1 1 882 919 883
1364 2 2 1 1 883 919 920
1365 2 2 1 1 883 920 884
1366 2 2 1 1 884 920 921
1367 2 2 1 1 884 921 885
1368 2 2 1 1 885 921 922
1369 2 2 1 1 885 922 886
1370 2 2 1 1 886 922 923
1371 2 2 1 1 886 923 887
1372 2 2 1 1 887 923 924
1373 2 2 1 1 887 924 888
1374 2 2 1 1 888 924 925
1375 2 2 1 1 888 925 889
1376 2 2 1 1 889 925 926
1377 2 2 1 1 889 926 890
1378 2 2 1 1 890 926 927
1379 2 2 1 1 890 927 891
1380 2 2 1 1 891 927 928
1381 2 2 1 1 891 928 892
1382 2 2 1 1 892 928 929
1383 2 2 1 1 892 929 893
1384 2 2 1 1 893 929 930
1385 2 2 1 1 893 930 894
1386 2 2 1 1 894 930 931
1387 2 2 1 1 894 931 895
1388 2 2 1 1 895 931 932
1389 2 2 1 1 895 932 896
1390 2 2 1 1 896 932 933
1391 2 2 1 1 896 933 897
1392 2 2 1 1 897 933 934
1393 2 2 1 1 897 934 898
1394 2 2 1 1 898 934 935
1395 2 2 1 1 898 935 899
1396 2 2 1 1 899 935 936
1397 2 2 1 1 899 936 900
1398 2 2 1 1 900 936 937
1399 2 2 1 1 900 937 901
1400 2 2 1 1 901 937 938
1401 2 2 1 1 901 938 902
1402 2 2 1 1 902 938 939
1403 2 2 1 1 902 939 903
1404 2 2 1 1 903 939 940
1405 2 2 1 1 903 940 222
1406 2 2 1 1 222 940 221
1407 2 2 1 1 24 25 904
1408 2 2 1 1 904 25 941
1409 2 2 1 1 904 941 905
1410 2 2 1 1 905 941 942
1411 2 2 1 1 905 942 906
1412 2 2 1 1 906 942 943
1413 2 2 1 1 906 943 907
1414 2 2 1 1 907 943 944
1415 2 2 1 1 907 944 908
1416 2 2 1 1 908 944 945
1417 2 2 1 1 908 945 909
1418 2 2 1 1 909 945 946
1419 2 2 1 1 909 946 910
1420 2 2 1 1 910 946 947
1421 2 2 1 1 910 947 911
1422 2 2 1 1 911 947 948
1423 2 2 1 1 911 948 912
1424 2 2 1 1 912 948 949
1425 2 2 1 1 912 949 913
1426 2 2 1 1 913 949 950
1427 2 2 1 1 913 950 914
1428 2 2 1 1 914 950 951
1429 2 2 1 1 914 951 915
1430 2 2 1 1 915 951 952
1431 2 2 1 1 915 952 916
1432 2 2 1 1 916 952 953
1433 2 2 1 1 916 953 917
1434 2 2 1 1 917 953 954
1435 2 2 1 1 917 954 918
1436 2 2 1 1 918 954 955
1437 2 2 1 1 918 955 919
1438 2 2 1 1 919 955 956
1439 2 2 1 1 919 956 920
1440 2 2 1 1 920 956 957
1441 2 2 1 1 920 957 921
1442 2 2 1 1 921 957 958
1443 2 2 1 1 921 958 922
1444 2 2 1 1 922 958 959
1445 2 2 1 1 922 959 923
1446 2 2 1 1 923 959 960
1447 2 2 1 1 923 960 924
1448 2 2 1 1 924 960 961
1449 2 2 1 1 924 961 925
1450 2 2 1 1 925 961 962
1451 2 2 1 1 925 962 926
1452 2 2 1 1 926 962 963
1453 2 2 1 1 926 963 927
1454 2 2 1 1 927 963 964
1455 2 2 1 1 927 964 928
1456 2 2 1 1 928 964 965
1457 2 2 1 1 928 965 929
1458 2 2 1 1 929 965 966
1459 2 2 1 1 929 966 930
1460 2 2 1 1 930 966 967
1461 2 2 1 1 930 967 931
1462 2 2 1 1 931 967 968
1463 2 2 1 1 931 968 932
1464 2 2 1 1 932 968 969
1465 2 2 1 1 932 969 933
1466 2 2 1 1 933 969 970
1467 2 2 1 1 933 970 934
1468 2 2 1 1 934 970 971
1469 2 2 1 1 934 971 935
1470 2 2 1 1 935 971 972
1471 2 2 1 1 935 972 936
1472 2 2 1 1 936 972 973
1473 2 2 1 1 936 973 937
1474 2 2 1 1 937 973 974
1475 2 2 1 1 937 974 938
1476 2 2 1 1 938 974 975
1477 2 2 1 1 938 975 939
1478 2 2 1 1 939 975 976
1479 2 2 1 1 939 976 940
1480 2 2 1 1 940 976 977
1481 2 2 1 1 940 977 221
1482 2 2 1 1 221 977 220
1483 2 2 1 1 25 26 941
1484 2 2 1 1 941 26 978
1485 2 2 1 1 941 978 942
1486 2 2 1 1 942 978 979
1487 2 2 1 1 942 979 943
1488 2 2 1 1 943 979 980
1489 2 2 1 1 943 980 944
1490 2 2 1 1 944 980 981
1491 2 2 1 1 944 981 945
1492 2 2 1 1 945 981 982
1493 2 2 1 1 945 982 946
1494 2 2 1 1 946 982 983
1495 2 2 1 1 946 983 947
1496 2 2 1 1 947 983 984
1497 2 2 1 1 947 984 948
1498 2 2 1 1 948 984 985
1499 2 2 1 1 948 985 949
1500 2 2 1 1 949 985 986
1501 2 2 1 1 949 986 950
1502 2 2 1 1 950 986 987
1503 2 2 1 1 950 987 951
1504 2 2 1 1 951 987 988
1505 2 2 1 1 951 988 952
1506 2 2 1 1 952 988 989
1507 2 2 1 1 952 989 953
1508 2 2 1 1 953 989 990
1509 2 2 1 1 953 990 954
1510 2 2 1 1 954 990 991
1511 2 2 1 1 954 991 955
1512 2 2 1 1 955 991 992
1513 2 2 1 1 955 992 956
1514 2 2 1 1 956 992 993
1515 2 2 1 1 956 993 957
1516 2 2 1 1 957 993 994
1517 2 2 1 1 957 994 958
1518 2 2 1 1 958 994 995
1519 2 2 1 1 958 995 959
1520 2 2 1 1 959 995 996
1521 2 2 1 1 959 996 960
1522 2 2 1 1 960 996 997
1523 2 2 1 1 960 997 961
1524 2 2 1 1 961 997 998
1525 2 2 1 1 961 998 962
1526 2 2 1 1 962 998 999
1527 2 2 1 1 962 999 963
1528 2 2 1 1 963 999 1000
1529 2 2 1 1 963 1000 964
1530 2 2 1 1 964 1000 1001
1531 2 2 1 1 964 1001 965
1532 2 2 1 1 965 1001 1002
1533 2 2 1 1 965 1002 966
1534 2 2 1 1 966 1002 1003
1535 2 2 1 1 966 1003 967
1536 2 2 1 1 967 1003 1004
1537 2 2 1 1 967 1004 968
1538 2 2 1 1 968 1004 1005
1539 2 2 1 1 968 1005 969
1540 2 2 1 1 969 1005 1006
1541 2 2 1 1 969 1006 970
1542 2 2 1 1 970 1006 1007
1543 2 2 1 1 970 1007 971
1544 2 2 1 1 971 1007 1008
1545 2 2 1 1 971 1008 972
1546 2 2 1 1 972 1008 1009
1547 2 2 1 1 972 1009 973
1548 2 2 1 1 973 1009 1010
1549 2 2 1 1 973 1010 974
1550 2 2 1 1 974 1010 1011
1551 2 2 1 1 974 1011 975
1552 2 2 1 1 975 1011 1012
1553 2 2 1 1 975 1012 976
1554 2 2 1 1 976 1012 1013
1555 2 2 1 1 976 1013 977
1556 2 2 1 1 977 1013 1014
1557 2 2 1 1 977 1014 220
1558 2 2 1 1 220 1014 219
1559 2 2 1 1 26 27 978
1560 2 2 1 1 978 27 1015
1561 2 2 1 1 978 1015 979
1562 2 2 1 1 979 1015 1016
1563 2 2 1 1 979 1016 980
1564 2 2 1 1 980 1016 1017
1565 2 2 1 1 980 1017 981
1566 2 2 1 1 981 1017 1018
1567 2 2 1 1 981 1018 982
1568 2 2 1 1 982 1018 1019
1569 2 2 1 1 982 1019 983
1570 2 2 1 1 983 1019 1020
1571 2 2 1 1 983 1020 984
1572 2 2 1 1 984 1020 1021
1573 2 2 1 1 984 1021 985
1574 2 2 1 1 985 1021 1022
1575 2 2 1 1 985 1022 986
1576 2 2 1 1 986 1022 1023
1577 2 2 1 1 986 1023 987
1578 2 2 1 1 987 1023 1024
1579 2 2 1 1 987 1024 988
1580 2 2 1 1 988 1024 1025
1581 2 2 1 1 988 1025 989
1582 2 2 1 1 989 1025 1026
1583 2 2 1 1 989 1026 990
1584 2 2 1 1 990 1026 1027
1585 2 2 1 1 990 1027 991
1586 2 2 1 1 991 1027 1028
1587 2 2 1 1 991 1028 992
1588 2 2 1 1 992 1028 1029
1589 2 2 1 1 992 1029 993
1590 2 2 1 1 993 1029 1030
1591 2 2 1 1 993 1030 994
1592 2 2 1 1 994 1030 1031
1593 2 2 1 1 994 1031 995
1594 2 2 1 1 995 1031 1032
1595 2 2 1 1 995 1032 996
1596 2 2 1 1 996 1032 1033
1597 2 2 1 1 996 1033 997
1598 2 2 1 1 997 1033 1034
1599 2 2 1 1 997 1034 998
1600 2 2 1 1 998 1034 1035
1601 2 2 1 1 998 1035 999
1602 2 2 1 1 999 1035 1036
1603 2 2 1 1 999 1036 1000
1604 2 2 1 1 1000 1036 1037
1605 2 2 1 1 1000 1037 1001
1606 2 2 1 1 1001 1037 1038
1607 2 2 1 1 1001 1038 1002
1608 2 2 1 1 1002 1038 1039
1609 2 2 1 1 1002 1039 1003
1610 2 2 1 1 1003 1039 1040
1611 2 2 1 1 1003 1040 1004
1612 2 2 1 1 1004 1040 1041
1613 2 2 1 1 1004 1041 1005
1614 2 2 1 1 1005 1041 1042
1615 2 2 1 1 1005 1042 1006
1616 2 2 1 1 1006 1042 1043
1617 2 2 1 1 1006 1043 1007
1618 2 2 1 1 1007 1043 1044
1619 2 2 1 1 1007 1044 1008
1620 2 2 1 1 1008 1044 1045
1621 2 2 1 1 1008 1045 1009
1622 2 2 1 1 1009 1045 1046
1623 2 2 1 1 1009 1046 1010
1624 2 2 1 1 1010 1046 1047
1625 2 2 1 1 1010 1047 1011
1626 2 2 1 1 1011 1047 1048
1627 2 2 1 1 1011 1048 1012
1628 2 2 1 1 1012 1048 1049
1629 2 2 1 1 1012 1049 1013
1630 2 2 1 1 1013 1049 1050
1631 2 2 1 1 1013 1050 1014
1632 2 2 1 1 1014 1050 1051
1633 2 2 1 1 1014 1051 219
1634 2 2 1 1 219 1051 218
1635 2 2 1 1 27 28 1015
1636 2 2 1 1 1015 28 1052
1637 2 2 1 1 1015 1052 1016
1638 2 2 1 1 1016 1052 1053
1639 2 2 1 1 1016 1053 1017
1640 2 2 1 1 1017 1053 1054
1641 2 2 1 1 1017 1054 1018
1642 2 2 1 1 1018 1054 1055
1643 2 2 1 1 1018 1055 1019
1644 2 2 1 1 1019 1055 1056
1645 2 2 1 1 1019 1056 1020
1646 2 2 1 1 1020 1056 1057
1647 2 2 1 1 1020 1057 1021
1648 2 2 1 1 1021 1057 1058
1649 2 2 1 1 1021 1058 1022
1650 2 2 1 1 1022 1058 1059
1651 2 2 1 1 1022 1059 1023
1652 2 2 1 1 1023 1059 1060
1653 2 2 1 1 1023 1060 1024
1654 2 2 1 1 1024 1060 1061
1655 2 2 1 1 1024 1061 1025
1656 2 2 1 1 1025 1061 1062
1657 2 2 1 1 1025 1062 1026
1658 2 2 1 1 1026 1062 1063
1659 2 2 1 1 1026 1063 1027
1660 2 2 1 1 1027 1063 1064
1661 2 2 1 1 1027 1064 1028
1662 2 2 1 1 1028 1064 1065
1663 2 2 1 1 1028 1065 1029
1664 2 2 1 1 1029 1065 1066
1665 2 2 1 1 1029 1066 1030
1666 2 2 1 1 1030 1066 1067
1667 2 2 1 1 1030 1067 1031
1668 2 2 1 1 1031 1067 1068
1669 2 2 1 1 1031 1068 1032
1670 2 2 1 1 1032 1068 1069
1671 2 2 1 1 1032 1069 1033
1672 2 2 1 1 1033 1069 1070
1673 2 2 1 1 1033 1070 1034
1674 2 2 1 1 1034 1070 1071
1675 2 2 1 1 1034 1071 1035
1676 2 2 1 1 1035 1071 1072
1677 2 2 1 1 1035 1072 1036
1678 2 2 1 1 1036 1072 1073
1679 2 2 1 1 1036 1073 1037
1680 2 2 1 1 1037 1073 1074
1681 2 2 1 1 1037 1074 1038
1682 2 2 1 1 1038 1074 1075
1683 2 2 1 1 1038 1075 1039
1684 2 2 1 1 1039 1075 1076
1685 2 2 1 1 1039 1076 1040
1686 2 2 1 1 1040 1076 1077
1687 2 2 1 1 1040 1077 1041
1688 2 2 1 1 1041 1077 1078
1689 2 2 1 1 1041 1078 1042
1690 2 2 1 1 1042 1078 1079
1691 2 2 1 1 1042 1079 1043
1692 2 2 1 1 1043 1079 1080
1693 2 2 1 1 1043 1080 1044
1694 2 2 1 1 1044 1080 1081
1695 2 2 1 1 1044 1081 1045
1696 2 2 1 1 1045 1081 1082
1697 2 2 1 1 1045 1082 1046
1698 2 2 1 1 1046 1082 1083
1699 2 2 1 1 1046 1083 1047
1700 2 2 1 1 1047 1083 1084
1701 2 2 1 1 1047 1084 1048
1702 2 2 1 1 1048 1084 1085
1703 2 2 1 1 1048 1085 1049
1704 2 2 1 1 1049 1085 1086
1705 2 2 1 1 1049 1086 1050
1706 2 2 1 1 1050 1086 1087
1707 2 2 1 1 1050 1087 1051
1708 2 2 1 1 1051 1087 1088
1709 2 2 1 1 1051 1088 218
1710 2 2 1 1 218 1088 217
1711 2 2 1 1 28 29 1052
1712 2 2 1 1 1052 29 1089
1713 2 2 1 1 1052 1089 1053
1714 2 2 1 1 1053 1089 1090
1715 2 2 1 1 1053 1090 1054
1716 2 2 1 1 1054 1090 1091
1717 2 2 1 1 1054 1091 1055
1718 2 2 1 1 1055 1091 1092
1719 2 2 1 1 1055 1092 1056
1720 2 2 1 1 1056 1092 1093
1721 2 2 1 1 1056 1093 1057
1722 2 2 1 1 1057 1093 1094
1723 2 2 1 1 1057 1094 1058
1724 2 2 1 1 1058 1094 1095
1725 2 2 1 1 1058 1095 1059
1726 2 2 1 1 1059 1095 1096
1727 2 2 1 1 1059 1096 1060
1728 2 2 1 1 1060 1096 1097
1729 2 2 1 1 1060 1097 1061
1730 2 2 1 1 1061 1097 1098
1731 2 2 1 1 1061 1098 1062
1732 2 2 1 1 1062 1098 1099
1733 2 2 1 1 1062 1099 1063
1734 2 2 1 1 1063 1099 1100
1735 2 2 1 1 1063 1100 1064
1736 2 2 1 1 1064 1100 1101
1737 2 2 1 1 1064 1101 1065
1738 2 2 1 1 1065 1101 1102
1739 2 2 1 1 1065 1102 1066
1740 2 2 1 1 1066 1102 1103
1741 2 2 1 1 1066 1103 1067
1742 2 2 1 1 1067 1103 1104
1743 2 2 1 1 1067 1104 1068
1744 2 2 1 1 1068 1104 1105
1745 2 2 1 1 1068 1105 1069
1746 2 2 1 1 1069 1105 1106
1747 2 2 1 1 1069 1106 1070
1748 2 2 1 1 1070 1106 1107
1749 2 2 1 1 1070 1107 1071
1750 2 2 1 1 1071 1107 1108
1751 2 2 1 1 1071 1108 1072
1752 2 2 1 1 1072 1108 1109
1753 2 2 1 1 1072 1109 1073
1754 2 2 1 1 1073 1109 1110
1755 2 2 1 1 1073 1110 1074
1756 2 2 1 1 1074 1110 1111
1757 2 2 1 1 1074 1111 1075
1758 2 2 1 1 1075 1111 1112
1759 2 2 1 1 1075 1112 1076
1760 2 2 1 1 1076 1112 1113
1761 2 2 1 1 1076 1113 1077
1762 2 2 1 1 1077 1113 1114
1763 2 2 1 1 1077 1114 1078
1764 2 2 1 1 1078 1114 1115
1765 2 2 1 1 1078 1115 1079
1766 2 2 1 1 1079 1115 1116
1767 2 2 1 1 1079 1116 1080
1768 2 2 1 1 1080 1116 1117
1769 2 2 1 1 1080 1117 1081
1770 2 2 1 1 1081 1117 1118
1771 2 2 1 1 1081 1118 1082
1772 2 2 1 1 1082 1118 1119
1773 2 2 1 1 1082 1119 1083
1774 2 2 1 1 1083 1119 1120
1775 2 2 1 1 1083 1120 1084
1776 2 2 1 1 1084 1120 1121
1777 2 2 1 1 1084 1121 1085
1778 2 2 1 1 1085 1121 1122
1779 2 2 1 1 1085 1122 1086
1780 2 2 1 1 1086 1122 1123
1781 2 2 1 1 1086 1123 1087
1782 2 2 1 1 1087 1123 1124
1783 2 2 1 1 1087 1124 1088
1784 2 2 1 1 1088 1124 1125
1785 2 2 1 1 1088 1125 217
1786 2 2 1 1 217 1125 216
1787 2 2 1 1 29 30 1089
1788 2 2 1 1 1089 30 1126
1789 2 2 1 1 1089 1126 1090
1790 2 2 1 1 1090 1126 1127
1791 2 2 1 1 1090 1127 1091
1792 2 2 1 1 1091 1127 1128
1793 2 2 1 1 1091 1128 1092
1794 2 2 1 1 1092 1128 1129
1795 2 2 1 1 1092 1129 1093
1796 2 2 1 1 1093 1129 1130
1797 2 2 1 1 1093 1130 1094
1798 2 2 1 1 1094 1130 1131
1799 2 2 1 1 1094 1131 1095
1800 2 2 1 1 1095 1131 1132
1801 2 2 1 1 1095 1132 1096
1802 2 2 1 1 1096 1132 1133
1803 2 2 1 1 1096 1133 1097
1804 2 2 1 1 1097 1133 1134
1805 2 2 1 1 1097 1134 1098
1806 2 2 1 1 1098 1134 1135
1807 2 2 1 1 1098 1135 1099
1808 2 2 1 1 1099 1135 1136
1809 2 2 1 1 1099 1136 1100
1810 2 2 1 1 1100 1136 1137
1811 2 2 1 1 1100 1137 1101
1812 2 2 1 1 1101 1137 1138
1813 2 2 1 1 1101 1138 1102
1814 2 2 1 1 1102 1138 1139
1815 2 2 1 1 1102 1139 1103
1816 2 2 1 1 1103 1139 1140
1817 2 2 1 1 1103 1140 1104
1818 2 2 1 1 1104 1140 1141
1819 2 2 1 1 1104 1141 1105
1820 2 2 1 1 1105 1141 1142
1821 2 2 1 1 1105 1142 1106
1822 2 2 1 1 1106 1142 1143
1823 2 2 1 1 1106 1143 1107
1824 2 2 1 1 1107 1143 1144
1825 2 2 1 1 1107 1144 1108
1826 2 2 1 1 1108 1144 1145
1827 2 2 1 1 1108 1145 1109
1828 2 2 1 1 1109 1145 1146
1829 2 2 1 1 1109 1146 1110
1830 2 2 1 1 1110 1146 1147
1831 2 2 1 1 1110 1147 1111
1832 2 2 1 1 1111 1147 1148
1833 2 2 1 1 1111 1148 1112
1834 2 2 1 1 1112 1148 1149
1835 2 2 1 1 1112 1149 1113
1836 2 2 1 1 1113 1149 1150
1837 2 2 1 1 1113 1150 1114
1838 2 2 1 1 1114 1150 1151
1839 2 2 1 1 1114 1151 1115
1840 2 2 1 1 1115 1151 1152
1841 2 2 1 1 1115 1152 1116
1842 2 2 1 1 1116 1152 1153
1843 2 2 1 1 1116 1153 1117
1844 2 2 1 1 1117 1153 1154
1845 2 2 1 1 1117 1154 1118
1846 2 2 1 1 1118 1154 1155
1847 2 2 1 1 1118 1155 1119
1848 2 2 1 1 1119 1155 1156
1849 2 2 1 1 1119 1156 1120
1850 2 2 1 1 1120 1156 1157
1851 2 2 1 1 1120 1157 1121
1852 2 2 1 1 1121 1157 1158
1853 2 2 1 1 1121 1158 1122
1854 2 2 1 1 1122 1158 1159
1855 2 2 1 1 1122 1159 1123
1856 2 2 1 1 1123 1159 1160
1857 2 2 1 1 1123 1160 1124
1858 2 2 1 1 1124 1160 1161
1859 2 2 1 1 1124 1161 1125
1860 2 2 1 1 1125 1161 1162
1861 2 2 1 1 1125 1162 216
1862 2 2 1 1 216 1162 215
1863 2 2 1 1 30 31 1126
1864 2 2 1 1 1126 31 1163
1865 2 2 1 1 1126 1163 1127
1866 2 2 1 1 1127 1163 1164
1867 2 2 1 1 1127 1164 1128
1868 2 2 1 1 1128 1164 1165
1869 2 2 1 1 1128 1165 1129
1870 2 2 1 1 1129 1165 1166
1871 2 2 1 1 1129 1166 1130
1872 2 2 1 1 1130 1166 1167
1873 2 2 1 1 1130 1167 1131
1874 2 2 1 1 1131 1167 1168
1875 2 2 1 1 1131 1168 1132
1876 2 2 1 1 1132 1168 1169
1877 2 2 1 1 1132 1169 1133
1878 2 2 1 1 1133 1169 1170
1879 2 2 1 1 1133 1170 1134
1880 2 2 1 1 1134 1170 1171
1881 2 2 1 1 1134 1171 1135
1882 2 2 1 1 1135 1171 1172
1883 2 2 1 1 1135 1172 1136
1884 2 2 1 1 1136 1172 1173
1885 2 2 1 1 1136 1173 1137
1886 2 2 1 1 1137 1173 1174
1887 2 2 1 1 1137 1174 1138
1888 2 2 1 1 1138 1174 1175
1889 2 2 1 1 1138 1175 1139
1890 2 2 1 1 1139 1175 1176
1891 2 2 1 1 1139 1176 1140
1892 2 2 1 1 1140 1176 1177
1893 2 2 1 1 1140 1177 1141
1894 2 2 1 1 1141 1177 1178
1895 2 2 1 1 1141 1178 1142
1896 2 2 1 1 1142 1178 1179
1897 2 2 1 1 1142 1179 1143
1898 2 2 1 1 1143 1179 1180
1899 2 2 1 1 1143 1180 1144
1900 2 2 1 1 1144 1180 1181
1901 2 2 1 1 1144 1181 1145
1902 2 2 1 1 1145 1181 1182
1903 2 2 1 1 1145 1182 1146
1904 2 2 1 1 1146 1182 1183
1905 2 2 1 1 1146 1183 1147
1906 2 2 1 1 1147 1183 1184
1907 2 2 1 1 1147 1184 1148
1908 2 2 1 1 1148 1184 1185
1909 2 2 1 1 1148 1185 1149
1910 2 2 1 1 1149 1185 1186
1911 2 2 1 1 1149 1186 1150
1912 2 2 1 1 1150 1186 1187
1913 2 2 1 1 1150 1187 1151
1914 2 2 1 1 1151 1187 1188
1915 2 2 1 1 1151 1188 1152
1916 2 2 1 1 1152 1188 1189
1917 2 2 1 1 1152 1189 1153
1918 2 2 1 1 1153 1189 1190
1919 2 2 1 1 1153 1190 1154
1920 2 2 1 1 1154 1190 1191
1921 2 2 1 1 1154 1191 1155
1922 2 2 1 1 1155 1191 1192
1923 2 2 1 1 1155 1192 1156
1924 2 2 1 1 1156 1192 1193
1925 2 2 1 1 1156 1193 1157
1926 2 2 1 1 1157 1193 1194
1927 2 2 1 1 1157 1194 1158
1928 2 2 1 1 1158 1194 1195
1929 2 2 1 1 1158 1195 1159
1930 2 2 1 1 1159 1195 1196
1931 2 2 1 1 1159 1196 1160
1932 2 2 1 1 1160 1196 1197
1933 2 2 1 1 1160 1197 1161
1934 2 2 1 1 1161 1197 1198
1935 2 2 1 1 1161 1198 1162
1936 2 2 1 1 1162 1198 1199
1937 2 2 1 1 1162 1199 215
1938 2 2 1 1 215 1199 214
1939 2 2 1 1 31 32 1163
1940 2 2 1 1 1163 32 1200
1941 2 2 1 1 1163 1200 1164
1942 2 2 1 1 1164 1200 1201
1943 2 2 1 1 1164 1201 1165
1944 2 2 1 1 1165 1201 1202
1945 2 2 1 1 1165 1202 1166
1946 2 2 1 1 1166 1202 1203
1947 2 2 1 1 1166 1203 1167
1948 2 2 1 1 1167 1203 1204
1949 2 2 1 1 1167 1204 1168
1950 2 2 1 1 1168 1204 1205
1951 2 2 1 1 1168 1205 1169
1952 2 2 1 1 1169 1205 1206
1953 2 2 1 1 1169 1206 1170
1954 2 2 1 1 1170 1206 1207
1955 2 2 1 1 1170 1207 1171
1956 2 2 1 1 1171 1207 1208
1957 2 2 1 1 1171 1208 1172
1958 2 2 1 1 1172 1208 1209
1959 2 2 1 1 1172 1209 1173
1960 2 2 1 1 1173 1209 1210
1961 2 2 1 1 1173 1210 1174
1962 2 2 1 1 1174 1210 1211
1963 2 2 1 1 1174 1211 1175
1964 2 2 1 1 1175 1211 1212
1965 2 2 1 1 1175 1212 1176
1966 2 2 1 1 1176 1212 1213
1967 2 2 1 1 1176 1213 1177
1968 2 2 1 1 1177 1213 1214
1969 2 2 1 1 1177 1214 1178
1970 2 2 1 1 1178 1214 1215
1971 2 2 1 1 1178 1215 1179
1972 2 2 1 1 1179 1215 1216
1973 2 2 1 1 1179 1216 1180
1974 2 2 1 1 1180 1216 1217
1975 2 2 1 1 1180 1217 1181
1976 2 2 1 1 1181 1217 1218
1977 2 2 1 1 1181 1218 1182
1978 2 2 1 1 1182 1218 1219
1979 2 2 1 1 1182 1219 1183
1980 2 2 1 1 1183 1219 1220
1981 2 2 1 1 1183 1220 1184
1982 2 2 1 1 1184 1220 1221
1983 2 2 1 1 1184 1221 1185
1984 2 2 1 1 1185 1221 1222
1985 2 2 1 1 1185 1222 1186
1986 2 2 1 1 1186 1222 1223
1987 2 2 1 1 1186 1223 1187
1988 2 2 1 1 1187 1223 1224
1989 2 2 1 1 1187 1224 1188
1990 2 2 1 1 1188 1224 1225
1991 2 2 1 1 1188 1225 1189
1992 2 2 1 1 1189 1225 1226
1993 2 2 1 1 1189 1226 1190
1994 2 2 1 1 1190 1226 1227
1995 2 2 1 1 1190 1227 1191
1996 2 2 1 1 1191 1227 1228
1997 2 2 1 1 1191 1228 1192
1998 2 2 1 1 1192 1228 1229
1999 2 2 1 1 1192 1229 1193
2000 2 2 1 1 1193 1229 1230
2001 2 2 1 1 1193 1230 1194
2002 2 2 1 1 1194 1230 1231
2003 2 2 1 1 1194 1231 1195
2004 2 2 1 1 1195 1231 1232
2005 2 2 1 1 1195 1232 1196
2006 2 2 1 1 1196 1232 1233
2007 2 2 1 1 1196 1233 1197
2008 2 2 1 1 1197 1233 1234
2009 2 2 1 1 1197 1234 1198
2010 2 2 1 1 1198 1234 1235
2011 2 2 1 1 1198 1235 1199
2012 2 2 1 1 1199 1235 1236
2013 2 2 1 1 1199 1236 214
2014 2 2 1 1 214 1236 213
2015 2 2 1 1 32 33 1200
2016 2 2 1 1 1200 33 1237
2017 2 2 1 1 1200 1237 1201
2018 2 2 1 1 1201 1237 1238
2019 2 2 1 1 1201 1238 1202
2020 2 2 1 1 1202 1238 1239
2021 2 2 1 1 1202 1239 1203
2022 2 2 1 1 1203 1239 1240
2023 2 2 1 1 1203 1240 1204
2024 2 2 1 1 1204 1240 1241
2025 2 2 1 1 1204 1241 1205
2026 2 2 1 1 1205 1241 1242
2027 2 2 1 1 1205 1242 1206
2028 2 2 1 1 1206 1242 1243
2029 2 2 1 1 1206 1243 1207
2030 2 2 1 1 1207 1243 1244
2031 2 2 1 1 1207 1244 1208
2032 2 2 1 1 1208 1244 1245
2033 2 2 1 1 1208 1245 1209
2034 2 2 1 1 1209 1245 1246
2035 2 2 1 1 1209 1246 1210
2036 2 2 1 1 1210 1246 1247
2037 2 2 1 1 1210 1247 1211
2038 2 2 1 1 1211 1247 1248
2039 2 2 1 1 1211 1248 1212
2040 2 2 1 1 1212 1248 1249
2041 2 2 1 1 1212 1249 1213
2042 2 2 1 1 1213 1249 1250
2043 2 2 1 1 1213 1250 1214
2044 2 2 1 1 1214 1250 1251
2045 2 2 1 1 1214 1251 1215
2046 2 2 1 1 1215 1251 1252
2047 2 2 1 1 1215 1252 1216
2048 2 2 1 1 1216 1252 1253
2049 2 2 1 1 1216 1253 1217
2050 2 2 1 1 1217 1253 1254
2051 2 2 1 1 1217 1254 1218
2052 2 2 1 1 1218 1254 1255
2053 2 2 1 1 1218 1255 1219
2054 2 2 1 1 1219 1255 1256
2055 2 2 1 1 1219 1256 1220
2056 2 2 1 1 1220 1256 1257
2057 2 2 1 1 1220 1257 1221
2058 2 2 1 1 1221 1257 1258
2059 2 2 1 1 1221 1258 1222
2060 2 2 1 1 1222 1258 1259
2061 2 2 1 1 1222 1259 1223
2062 2 2 1 1 1223 1259 1260
2063 2 2 1 1 1223 1260 1224
2064 2 2 1 1 1224 1260 1261
2065 2 2 1 1 1224 1261 1225
2066 2 2 1 1 1225 1261 1262
2067 2 2 1 1 1225 1262 1226
2068 2 2 1 1 1226 1262 1263
2069 2 2 1 1 1226 1263 1227
2070 2 2 1 1 1227 1263 1264
2071 2 2 1 1 1227 1264 1228
2072 2 2 1 1 1228 1264 1265
2073 2 2 1 1 1228 1265 1229
2074 2 2 1 1 1229 1265 1266
2075 2 2 1 1 1229 1266 1230
2076 2 2 1 1 1230 1266 1267
2077 2 2 1 1 1230 1267 1231
2078 2 2 1 1 1231 1267 1268
2079 2 2 1 1 1231 1268 1232
2080 2 2 1 1 1232 1268 1269
2081 2 2 1 1 1232 1269 1233
2082 2 2 1 1 1233 1269 1270
2083 2 2 1 1 1233 1270 1234
2084 2 2 1 1 1234 1270 1271
2085 2 2 1 1 1234 1271 1235
2086 2 2 1 1 1235 1271 1272
2087 2 2 1 1 1235 1272 1236
2088 2 2 1 1 1236 1272 1273
2089 2 2 1 1 1236 1273 213
2090 2 2 1 1 213 1273 212
2091 2 2 1 1 33 34 1237
2092 2 2 1 1 1237 34 1274
2093 2 2 1 1 1237 1274 1238
2094 2 2 1 1 1238 1274 1275
2095 2 2 1 1 1238 1275 1239
2096 2 2 1 1 1239 1275 1276
2097 2 2 1 1 1239 1276 1240
2098 2 2 1 1 1240 1276 1277
2099 2 2 1 1 1240 1277 1241
2100 2 2 1 1 1241 1277 1278
2101 2 2 1 1 1241 1278 1242
2102 2 2 1 1 1242 1278 1279
2103 2 2 1 1 1242 1279 1243
2104 2 2 1 1 1243 1279 1280
2105 2 2 1 1 1243 1280 1244
2106 2 2 1 1 1244 1280 1281
2107 2 2 1 1 1244 1281 1245
2108 2 2 1 1 1245 1281 1282
2109 2 2 1 1 1245 1282 1246
2110 2 2 1 1 1246 1282 1283
2111 2 2 1 1 1246 1283 1247
2112 2 2 1 1 1247 1283 1284
2113 2 2 1 1 1247 1284 1248
2114 2 2 1 1 1248 1284 1285
2115 2 2 1 1 1248 1285 1249
2116 2 2 1 1 1249 1285 1286
2117 2 2 1 1 1249 1286 1250
2118 2 2 1 1 1250 1286 1287
2119 2 2 1 1 1250 1287 1251
2120 2 2 1 1 1251 1287 1288
2121 2 2 1 1 1251 1288 1252
2122 2 2 1 1 1252 1288 1289
2123 2 2 1 1 1252 1289 1253
2124 2 2 1 1 1253 1289 1290
2125 2 2 1 1 1253 1290 1254
2126 2 2 1 1 1254 1290 1291
2127 2 2 1 1 1254 1291 1255
2128 2 2 1 1 1255 1291 1292
2129 2 2 1 1 1255 1292 1256
2130 2 2 1 1 1256 1292 1293
2131 2 2 1 1 1256 1293 1257
2132 2 2 1 1 1257 1293 1294
2133 2 2 1 1 1257 1294 1258
2134 2 2 1 1 1258 1294 1295
2135 2 2 1 1 1258 1295 1259
2136 2 2 1 1 1259 1295 1296
2137 2 2 1 1 1259 1296 1260
2138 2 2 1 1 1260 1296 1297
2139 2 2 1 1 1260 1297 1261
2140 2 2 1 1 1261 1297 1298
2141 2 2 1 1 1261 1298 1262
2142 2 2 1 1 1262 1298 1299
2143 2 2 1 1 1262 1299 1263
2144 2 2 1 1 1263 1299 1300
2145 2 2 1 1 1263 1300 1264
2146 2 2 1 1 1264 1300 1301
2147 2 2 1 1 1264 1301 1265
2148 2 2 1 1 1265 1301 1302
2149 2 2 1 1 1265 1302 1266
2150 2 2 1 1 1266 1302 1303
2151 2 2 1 1 1266 1303 1267
2152 2 2 1 1 1267 1303 1304
2153 2 2 1 1 1267 1304 1268
2154 2 2 1 1 1268 1304 1305
2155 2 2 1 1 1268 1305 1269
2156 2 2 1 1 1269 1305 1306
2157 2 2 1 1 1269 1306 1270
2158 2 2 1 1 1270 1306 1307
2159 2 2 1 1 1270 1307 1271
2160 2 2 1 1 1271 1307 1308
2161 2 2 1 1 1271 1308 1272
2162 2 2 1 1 1272 1308 1309
2163 2 2 1 1 1272 1309 1273
2164 2 2 1 1 1273 1309 1310
2165 2 2 1 1 1273 1310 212
2166 2 2 1 1 212 1310 211
2167 2 2 1 1 34 35 1274
2168 2 2 1 1 1274 35 1311
2169 2 2 1 1 1274 1311 1275
2170 2 2 1 1 1275 1311 1312
2171 2 2 1 1 1275 1312 1276
2172 2 2 1 1 1276 1312 1313
2173 2 2 1 1 1276 1313 1277
2174 2 2 1 1 1277 1313 1314
2175 2 2 1 1 1277 1314 1278
2176 2 2 1 1 1278 1314 1315
2177 2 2 1 1 1278 1315 1279
2178 2 2 1 1 1279 1315 1316
2179 2 2 1 1 1279 1316 1280
2180 2 2 1 1 1280 1316 1317
2181 2 2 1 1 1280 1317 1281
2182 2 2 1 1 1281 1317 1318
2183 2 2 1 1 1281 1318 1282
2184 2 2 1 1 1282 1318 1319
2185 2 2 1 1 1282 1319 1283
2186 2 2 1 1 1283 1319 1320
2187 2 2 1 1 1283 1320 1284
2188 2 2 1 1 1284 1320 1321
2189 2 2 1 1 1284 1321 1285
2190 2 2 1 1 1285 1321 1322
2191 2 2 1 1 1285 1322 1286
2192 2 2 1 1 1286 1322 1323
2193 2 2 1 1 1286 1323 1287
2194 2 2 1 1 1287 1323 1324
2195 2 2 1 1 1287 1324 1288
2196 2 2 1 1 1288 1324 1325
2197 2 2 1 1 1288 1325 1289
2198 2 2 1 1 1289 1325 1326
2199 2 2 1 1 1289 1326 1290
2200 2 2 1 1 1290 1326 1327
2201 2 2 1 1 1290 1327 1291
2202 2 2 1 1 1291 1327 1328
2203 2 2 1 1 1291 1328 1292
2204 2 2 1 1 1292 1328 1329
2205 2 2 1 1 1292 1329 1293
2206 2 2 1 1 1293 1329 1330
2207 2 2 1 1 1293 1330 1294
2208 2 2 1 1 1294 1330 1331
2209 2 2 1 1 1294 1331 1295
2210 2 2 1 1 1295 1331 1332
2211 2 2 1 1 1295 1332 1296
2212 2 2 1 1 1296 1332 1333
2213 2 2 1 1 1296 1333 1297
2214 2 2 1 1 1297 1333 1334
2215 2 2 1 1 1297 1334 1298
2216 2 2 1 1 1298 1334 1335
2217 2 2 1 1 1298 1335 1299
2218 2 2 1 1 1299 1335 1336
2219 2 2 1 1 1299 1336 1300
2220 2 2 1 1 1300 1336 1337
2221 2 2 1 1 1300 1337 1301
2222 2 2 1 1 1301 1337 1338
2223 2 2 1 1 1301 1338 1302
2224 2 2 1 1 1302 1338 1339
2225 2 2 1 1 1302 1339 1303
2226 2 2 1 1 1303 1339 1340
2227 2 2 1 1 1303 1340 1304
2228 2 2 1 1 1304 1340 1341
2229 2 2 1 1 1304 1341 1305
2230 2 2 1 1 1305 1341 1342
2231 2 2 1 1 1305 1342 1306
2232 2 2 1 1 1306 1342 1343
2233 2 2 1 1 1306 1343 1307
2234 2 2 1 1 1307 1343 1344
2235 2 2 1 1 1307 1344 1308
2236 2 2 1 1 1308 1344 1345
2237 2 2 1 1 1308 1345 1309
2238 2 2 1 1 1309 1345 1346
2239 2 2 1 1 1309 1346 1310
2240 2 2 1 1 1310 1346 1347
2241 2 2 1 1 1310 1347 211
2242 2 2 1 1 211 1347 210
2243 2 2 1 1 35 36 1311
2244 2 2 1 1 1311 36 1348
2245 2 2 1 1 1311 1348 1312
2246 2 2 1 1 1312 1348 1349
2247 2 2 1 1 1312 1349 1313
2248 2 2 1 1 1313 1349 1350
2249 2 2 1 1 1313 1350 1314
2250 2 2 1 1 1314 1350 1351
2251 2 2 1 1 1314 1351 1315
2252 2 2 1 1 1315 1351 1352
2253 2 2 1 1 1315 1352 1316
2254 2 2 1 1 1316 1352 1353
2255 2 2 1 1 1316 1353 1317
2256 2 2 1 1 1317 1353 1354
2257 2 2 1 1 1317 1354 1318
2258 2 2 1 1 1318 1354 1355
2259 2 2 1 1 1318 1355 1319
2260 2 2 1 1 1319 1355 1356
2261 2 2 1 1 1319 1356 1320
2262 2 2 1 1 1320 1356 1357
2263 2 2 1 1 1320 1357 1321
2264 2 2 1 1 1321 1357 1358
2265 2 2 1 1 1321 1358 1322
2266 2 2 1 1 1322 1358 1359
2267 2 2 1 1 1322 1359 1323
2268 2 2 1 1 1323 1359 1360
2269 2 2 1 1 1323 1360 1324
2270 2 2 1 1 1324 1360 1361
2271 2 2 1 1 1324 1361 1325
2272 2 2 1 1 1325 1361 1362
2273 2 2 1 1 1325 1362 1326
2274 2 2 1 1 1326 1362 1363
2275 2 2 1 1 1326 1363 1327
2276 2 2 1 1 1327 1363 1364
2277 2 2 1 1 1327 1364 1328
2278 2 2 1 1 1328 1364 1365
2279 2 2 1 1 1328 1365 1329
2280 2 2 1 1 1329 1365 1366
2281 2 2 1 1 1329 1366 1330
2282 2 2 1 1 1330 1366 1367
2283 2 2 1 1 1330 1367 1331
2284 2 2 1 1 1331 1367 1368
2285 2 2 1 1 1331 1368 1332
2286 2 2 1 1 1332 1368 1369
2287 2 2 1 1 1332 1369 1333
2288 2 2 1 1 1333 1369 1370
2289 2 2 1 1 1333 1370 1334
2290 2 2 1 1 1334 1370 1371
2291 2 2 1 1 1334 1371 1335
2292 2 2 1 1 1335 1371 1372
2293 2 2 1 1 1335 1372 1336
2294 2 2 1 1 1336 1372 1373
2295 2 2 1 1 1336 1373 1337
2296 2 2 1 1 1337 1373 1374
2297 2 2 1 1 1337 1374 1338
2298 2 2 1 1 1338 1374 1375
2299 2 2 1 1 1338 1375 1339
2300 2 2 1 1 1339 1375 1376
2301 2 2 1 1 1339 1376 1340
2302 2 2 1 1 1340 1376 1377
2303 2 2 1 1 1340 1377 1341
2304 2 2 1 1 1341 1377 1378
2305 2 2 1 1 1341 1378 1342
2306 2 2 1 1 1342 1378 1379
2307 2 2 1 1 1342 1379 1343
2308 2 2 1 1 1343 1379 1380
2309 2 2 1 1 1343 1380 1344
2310 2 2 1 1 1344 1380 1381
2311 2 2 1 1 1344 1381 1345
2312 2 2 1 1 1345 1381 1382
2313 2 2 1 1 1345 1382 1346
2314 2 2 1 1 1346 1382 1383
2315 2 2 1 1 1346 1383 1347
2316 2 2 1 1 1347 1383 1384
2317 2 2 1 1 1347 1384 210
2318 2 2 1 1 210 1384 209
2319 2 2 1 1 36 37 1348
2320 2 2 1 1 1348 37 1385
2321 2 2 1 1 1348 1385 1349
2322 2 2 1 1 1349 1385 1386
2323 2 2 1 1 1349 1386 1350
2324 2 2 1 1 1350 1386 1387
2325 2 2 1 1 1350 1387 1351
2326 2 2 1 1 1351 1387 1388
2327 2 2 1 1 1351 1388 1352
2328 2 2 1 1 1352 1388 1389
2329 2 2 1 1 1352 1389 1353
2330 2 2 1 1 1353 1389 1390
2331 2 2 1 1 1353 1390 1354
2332 2 2 1 1 1354 1390 1391
2333 2 2 1 1 1354 1391 1355
2334 2 2 1 1 1355 1391 1392
2335 2 2 1 1 1355 1392 1356
2336 2 2 1 1 1356 1392 1393
2337 2 2 1 1 1356 1393 1357
2338 2 2 1 1 1357 1393 1394
2339 2 2 1 1 1357 1394 1358
2340 2 2 1 1 1358 1394 1395
2341 2 2 1 1 1358 1395 1359
2342 2 2 1 1 1359 1395 1396
2343 2 2 1 1 1359 1396 1360
2344 2 2 1 1 1360 1396 1397
2345 2 2 1 1 1360 1397 1361
2346 2 2 1 1 1361 1397 1398
2347 2 2 1 1 1361 1398 1362
2348 2 2 1 1 1362 1398 1399
2349 2 2 1 1 1362 1399 1363
2350 2 2 1 1 1363 1399 1400
2351 2 2 1 1 1363 1400 1364
2352 2 2 1 1 1364 1400 1401
2353 2 2 1 1 1364 1401 1365
2354 2 2 1 1 1365 1401 1402
2355 2 2 1 1 1365 1402 1366
2356 2 2 1 1 1366 1402 1403
2357 2 2 1 1 1366 1403 1367
2358 2 2 1 1 1367 1403 1404
2359 2 2 1 1 1367 1404 1368
2360 2 2 1 1 1368 1404 1405
2361 2 2 1 1 1368 1405 1369
2362 2 2 1 1 1369 1405 1406
2363 2 2 1 1 1369 1406 1370
2364 2 2 1 1 1370 1406 1407
2365 2 2 1 1 1370 1407 1371
2366 2 2 1 1 1371 1407 1408
2367 2 2 1 1 1371 1408 1372
2368 2 2 1 1 1372 1408 1409
2369 2 2 1 1 1372 1409 1373
2370 2 2 1 1 1373 1409 1410
2371 2 2 1 1 1373 1410 1374
2372 2 2 1 1 1374 1410 1411
2373 2 2 1 1 1374 1411 1375
2374 2 2 1 1 1375 1411 1412
2375 2 2 1 1 1375 1412 1376
2376 2 2 1 1 1376 1412 1413
2377 2 2 1 1 1376 1413 1377
2378 2 2 1 1 1377 1413 1414
2379 2 2 1 1 1377 1414 1378
2380 2 2 1 1 1378 1414 1415
2381 2 2 1 1 1378 1415 1379
2382 2 2 1 1 1379 1415 1416
2383 2 2 1 1 1379 1416 1380
2384 2 2 1 1 1380 1416 1417
2385 2 2 1 1 1380 1417 1381
2386 2 2 1 1 1381 1417 1418
2387 2 2 1 1 1381 1418 1382
2388 2 2 1 1 1382 1418 1419
2389 2 2 1 1 1382 1419 1383
2390 2 2 1 1 1383 1419 1420
2391 2 2 1 1 1383 1420 1384
2392 2 2 1 1 1384 1420 1421
2393 2 2 1 1 1384 1421 209
2394 2 2 1 1 209 1421 208
2395 2 2 1 1 37 38 1385
2396 2 2 1 1 1385 38 1422
2397 2 2 1 1 1385 1422 1386
2398 2 2 1 1 1386 1422 1423
2399 2 2 1 1 1386 1423 1387
2400 2 2 1 1 1387 1423 1424
2401 2 2 1 1 1387 1424 1388
2402 2 2 1 1 1388 1424 1425
2403 2 2 1 1 1388 1425 1389
2404 2 2 1 1 1389 1425 1426
2405 2 2 1 1 1389 1426 1390
2406 2 2 1 1 1390 1426 1427
2407 2 2 1 1 1390 1427 1391
2408 2 2 1 1 1391 1427 1428
2409 2 2 1 1 1391 1428 1392
2410 2 2 1 1 1392 1428 1429
2411 2 2 1 1 1392 1429 1393
2412 2 2 1 1 1393 1429 1430
2413 2 2 1 1 1393 1430 1394
2414 2 2 1 1 1394 1430 1431
2415 2 2 1 1 1394 1431 1395
2416 2 2 1 1 1395 1431 1432
2417 2 2 1 1 1395 1432 1396
2418 2 2 1 1 1396 1432 1433
2419 2 2 1 1 1396 1433 1397
2420 2 2 1 1 1397 1433 1434
2421 2 2 1 1 1397 1434 1398
2422 2 2 1 1 1398 1434 1435
2423 2 2 1 1 1398 1435 1399
2424 2 2 1 1 1399 1435 1436
2425 2 2 1 1 1399 1436 1400
2426 2 2 1 1 1400 1436 1437
2427 2 2 1 1 1400 1437 1401
2428 2 2 1 1 1401 1437 1438
2429 2 2 1 1 1401 1438 1402
2430 2 2 1 1 1402 1438 1439
2431 2 2 1 1 1402 1439 1403
2432 2 2 1 1 1403 1439 1440
2433 2 2 1 1 1403 1440 1404
2434 2 2 1 1 1404 1440 1441
2435 2 2 1 1 1404 1441 1405
2436 2 2 1 1 1405 1441 1442
2437 2 2 1 1 1405 1442 1406
2438 2 2 1 1 1406 1442 1443
2439 2 2 1 1 1406 1443 1407
2440 2 2 1 1 1407 1443 1444
2441 2 2 1 1 1407 1444 1408
2442 2 2 1 1 1408 1444 1445
2443 2 2 1 1 1408 1445 1409
2444 2 2 1 1 1409 1445 1446
2445 2 2 1 1 1409 1446 1410
2446 2 2 1 1 1410 1446 1447
2447 2 2 1 1 1410 1447 1411
2448 2 2 1 1 1411 1447 1448
2449 2 2 1 1 1411 1448 1412
2450 2 2 1 1 1412 1448 1449
2451 2 2 1 1 1412 1449 1413
2452 2 2 1 1 1413 1449 1450
2453 2 2 1 1 1413 1450 1414
2454 2 2 1 1 1414 1450 1451
2455 2 2 1 1 1414 1451 1415
2456 2 2 1 1 1415 1451 1452
2457 2 2 1 1 1415 1452 1416
2458 2 2 1 1 1416 1452 1453
2459 2 2 1 1 1416 1453 1417
2460 2 2 1 1 1417 1453 1454
2461 2 2 1 1 1417 1454 1418
2462 2 2 1 1 1418 1454 1455
2463 2 2 1 1 1418 1455 1419
2464 2 2 1 1 1419 1455 1456
2465 2 2 1 1 1419 1456 1420
2466 2 2 1 1 1420 1456 1457
2467 2 2 1 1 1420 1457 1421
2468 2 2 1 1 1421 1457 1458
2469 2 2 1 1 1421 1458 208
2470 2 2 1 1 208 1458 207
2471 2 2 1 1 38 39 1422
2472 2 2 1 1 1422 39 1459
2473 2 2 1 1 1422 1459 1423
2474 2 2 1 1 1423 1459 1460
2475 2 2 1 1 1423 1460 1424
2476 2 2 1 1 1424 1460 1461
2477 2 2 1 1 1424 1461 1425
2478 2 2 1 1 1425 1461 1462
2479 2 2 1 1 1425 1462 1426
2480 2 2 1 1 1426 1462 1463
2481 2 2 1 1 1426 1463 1427
2482 2 2 1 1 1427 1463 1464
2483 2 2 1 1 1427 1464 1428
2484 2 2 1 1 1428 1464 1465
2485 2 2 1 1 1428 1465 1429
2486 2 2 1 1 1429 1465 1466
2487 2 2 1 1 1429 1466 1430
2488 2 2 1 1 1430 1466 1467
2489 2 2 1 1 1430 1467 1431
2490 2 2 1 1 1431 1467 1468
2491 2 2 1 1 1431 1468 1432
2492 2 2 1 1 1432 1468 1469
2493 2 2 1 1 1432 1469 1433
2494 2 2 1 1 1433 1469 1470
2495 2 2 1 1 1433 1470 1434
2496 2 2 1 1 1434 1470 1471
2497 2 2 1 1 1434 1471 1435
2498 2 2 1 1 1435 1471 1472
2499 2 2 1 1 1435 1472 1436
2500 2 2 1 1 1436 1472 1473
2501 2 2 1 1 1436 1473 1437
2502 2 2 1 1 1437 1473 1474
2503 2 2 1 1 1437 1474 1438
2504 2 2 1 1 1438 1474 1475
2505 2 2 1 1 1438 1475 1439
2506 2 2 1 1 1439 1475 1476
2507 2 2 1 1 1439 1476 1440
2508 2 2 1 1 1440 1476 1477
2509 2 2 1 1 1440 1477 1441
2510 2 2 1 1 1441 1477 1478
2511 2 2 1 1 1441 1478 1442
2512 2 2 1 1 1442 1478 1479
2513 2 2 1 1 1442 1479 1443
2514 2 2 1 1 1443 1479 1480
2515 2 2 1 1 1443 1480 1444
2516 2 2 1 1 1444 1480 1481
2517 2 2 1 1 1444 1481 1445
2518 2 2 1 1 1445 1481 1482
2519 2 2 1 1 1445 1482 1446
2520 2 2 1 1 1446 1482 1483
2521 2 2 1 1 1446 1483 1447
2522 2 2 1 1 1447 1483 1484
2523 2 2 1 1 1447 1484 1448
2524 2 2 1 1 1448 1484 1485
2525 2 2 1 1 1448 1485 1449
2526 2 2 1 1 1449 1485 1486
2527 2 2 1 1 1449 1486 1450
2528 2 2 1 1 1450 1486 1487
2529 2 2 1 1 1450 1487 1451
2530 2 2 1 1 1451 1487 1488
2531 2 2 1 1 1451 1488 1452
2532 2 2 1 1 1452 1488 1489
2533 2 2 1 1 1452 1489 1453
2534 2 2 1 1 1453 1489 1490
2535 2 2 1 1 1453 1490 1454
2536 2 2 1 1 1454 1490 1491
2537 2 2 1 1 1454 1491 1455
2538 2 2 1 1 1455 1491 1492
2539 2 2 1 1 1455 1492 1456
2540 2 2 1 1 1456 1492 1493
2541 2 2 1 1 1456 1493 1457
2542 2 2 1 1 1457 1493 1494
2543 2 2 1 1 1457 1494 1458
2544 2 2 1 1 1458 1494 1495
2545 2 2 1 1 1458 1495 207
2546 2 2 1 1 207 1495 206
2547 2 2 1 1 39 40 1459
2548 2 2 1 1 1459 40 1496
2549 2 2 1 1 1459 1496 1460
2550 2 2 1 1 1460 1496 1497
2551 2 2 1 1 1460 1497 1461
2552 2 2 1 1 1461 1497 1498
2553 2 2 1 1 1461 1498 1462
2554 2 2 1 1 1462 1498 1499
2555 2 2 1 1 1462 1499 1463
2556 2 2 1 1 1463 1499 1500
2557 2 2 1 1 1463 1500 1464
2558 2 2 1 1 1464 1500 1501
2559 2 2 1 1 1464 1501 1465
2560 2 2 1 1 1465 1501 1502
2561 2 2 1 1 1465 1502 1466
2562 2 2 1 1 1466 1502 1503
2563 2 2 1 1 1466 1503 1467
2564 2 2 1 1 1467 1503 1504
2565 2 2 1 1 1467 1504 1468
2566 2 2 1 1 1468 1504 1505
2567 2 2 1 1 1468 1505 1469
2568 2 2 1 1 1469 1505 1506
2569 2 2 1 1 1469 1506 1470
2570 2 2 1 1 1470 1506 1507
2571 2 2 1 1 1470 1507 1471
2572 2 2 1 1 1471 1507 1508
2573 2 2 1 1 1471 1508 1472
2574 2 2 1 1 1472 1508 1509
2575 2 2 1 1 1472 1509 1473
2576 2 2 1 1 1473 1509 1510
2577 2 2 1 1 1473 1510 1474
2578 2 2 1 1 1474 1510 1511
2579 2 2 1 1 1474 1511 1475
2580 2 2 1 1 1475 1511 1512
2581 2 2 1 1 1475 1512 1476
2582 2 2 1 1 1476 1512 1513
2583 2 2 1 1 1476 1513 1477
2584 2 2 1 1 1477 1513 1514
2585 2 2 1 1 1477 1514 1478
2586 2 2 1 1 1478 1514 1515
2587 2 2 1 1 1478 1515 1479
2588 2 2 1 1 1479 1515 1516
2589 2 2 1 1 1479 1516 1480
2590 2 2 1 1 1480 1516 1517
2591 2 2 1 1 1480 1517 1481
2592 2 2 1 1 1481 1517 1518
2593 2 2 1 1 1481 1518 1482
2594 2 2 1 1 1482 1518 1519
2595 2 2 1 1 1482 1519 1483
2596 2 2 1 1 1483 1519 1520
2597 2 2 1 1 1483 1520 1484
2598 2 2 1 1 1484 1520 1521
2599 2 2 1 1 1484 1521 1485
2600 2 2 1 1 1485 1521 1522
2601 2 2 1 1 1485 1522 1486
2602 2 2 1 1 1486 1522 1523
2603 2 2 1 1 1486 1523 1487
2604 2 2 1 1 1487 1523 1524
2605 2 2 1 1 1487 1524 1488
2606 2 2 1 1 1488 1524 1525
2607 2 2 1 1 1488 1525 1489
2608 2 2 1 1 1489 1525 1526
2609 2 2 1 1 1489 1526 1490
2610 2 2 1 1 1490 1526 1527
2611 2 2 1 1 1490 1527 1491
2612 2 2 1 1 1491 1527 1528
2613 2 2 1 1 1491 1528 1492
2614 2 2 1 1 1492 1528 1529
2615 2 2 1 1 1492 1529 1493
2616 2 2 1 1 1493 1529 1530
2617 2 2 1 1 1493 1530 1494
2618 2 2 1 1 1494 1530 1531
2619 2 2 1 1 1494 1531 1495
2620 2 2 1 1 1495 1531 1532
2621 2 2 1 1 1495 1532 206
2622 2 2 1 1 206 1532 205
2623 2 2 1 1 40 41 1496
2624 2 2 1 1 1496 41 1533
2625 2 2 1 1 1496 1533 1497
2626 2 2 1 1 1497 1533 1534
2627 2 2 1 1 1497 1534 1498
2628 2 2 1 1 1498 1534 1535
2629 2 2 1 1 1498 1535 1499
2630 2 2 1 1 1499 1535 1536
2631 2 2 1 1 1499 1536 1500
2632 2 2 1 1 1500 1536 1537
2633 2 2 1 1 1500 1537 1501
2634 2 2 1 1 1501 1537 1538
2635 2 2 1 1 1501 1538 1502
2636 2 2 1 1 1502 1538 1539
2637 2 2 1 1 1502 1539 1503
2638 2 2 1 1 1503 1539 1540
2639 2 2 1 1 1503 1540 1504
2640 2 2 1 1 1504 1540 1541
2641 2 2 1 1 1504 1541 1505
2642 2 2 1 1 1505 1541 1542
2643 2 2 1 1 1505 1542 1506
2644 2 2 1 1 1506 1542 1543
2645 2 2 1 1 1506 1543 1507
2646 2 2 1 1 1507 1543 1544
2647 2 2 1 1 1507 1544 1508
2648 2 2 1 1 1508 1544 1545
2649 2 2 1 1 1508 1545 1509
2650 2 2 1 1 1509 1545 1546
2651 2 2 1 1 1509 1546 1510
2652 2 2 1 1 1510 1546 1547
2653 2 2 1 1 1510 1547 1511
2654 2 2 1 1 1511 1547 1548
2655 2 2 1 1 1511 1548 1512
2656 2 2 1 1 1512 1548 1549
2657 2 2 1 1 1512 1549 1513
2658 2 2 1 1 1513 1549 1550
2659 2 2 1 1 1513 1550 1514
2660 2 2 1 1 1514 1550 1551
2661 2 2 1 1 1514 1551 1515
2662 2 2 1 1 1515 1551 1552
2663 2 2 1 1 1515 1552 1516
2664 2 2 1 1 1516 1552 1553
2665 2 2 1 1 1516 1553 1517
2666 2 2 1 1 1517 1553 1554
2667 2 2 1 1 1517 1554 1518
2668 2 2 1 1 1518 1554 1555
2669 2 2 1 1 1518 1555 1519
2670 2 2 1 1 1519 1555 1556
2671 2 2 1 1 1519 1556 1520
2672 2 2 1 1 1520 1556 1557
2673 2 2 1 1 1520 1557 1521
2674 2 2 1 1 1521 1557 1558
2675 2 2 1 1 1521 1558 1522
2676 2 2 1 1 1522 1558 1559
2677 2 2 1 1 1522 1559 1523
2678 2 2 1 1 1523 1559 1560
2679 2 2 1 1 1523 1560 1524
2680 2 2 1 1 1524 1560 1561
2681 2 2 1 1 1524 1561 1525
2682 2 2 1 1 1525 1561 1562
2683 2 2 1 1 1525 1562 1526
2684 2 2 1 1 1526 1562 1563
2685 2 2 1 1 1526 1563 1527
2686 2 2 1 1 1527 1563 1564
2687 2 2 1 1 1527 1564 1528
2688 2 2 1 1 1528 1564 1565
2689 2 2 1 1 1528 1565 1529
2690 2 2 1 1 1529 1565 1566
2691 2 2 1 1 1529 1566 1530
2692 2 2 1 1 1530 1566 1567
2693 2 2 1 1 1530 1567 1531
2694 2 2 1 1 1531 1567 1568
2695 2 2 1 1 1531 1568 1532
2696 2 2 1 1 1532 1568 1569
2697 2 2 1 1 1532 1569 205
2698 2 2 1 1 205 1569 204
2699 2 2 1 1 41 42 1533
2700 2 2 1 1 1533 42 1570
2701 2 2 1 1 1533 1570 1534
2702 2 2 1 1 1534 1570 1571
2703 2 2 1 1 1534 1571 1535
2704 2 2 1 1 1535 1571 1572
2705 2 2 1 1 1535 1572 1536
2706 2 2 1 1 1536 1572 1573
2707 2 2 1 1 1536 1573 1537
2708 2 2 1 1 1537 1573 1574
2709 2 2 1 1 1537 1574 1538
2710 2 2 1 1 1538 1574 1575
2711 2 2 1 1 1538 1575 1539
2712 2 2 1 1 1539 1575 1576
2713 2 2 1 1 1539 1576 1540
2714 2 2 1 1 1540 1576 1577
2715 2 2 1 1 1540 1577 1541
2716 2 2 1 1 1541 1577 1578
2717 2 2 1 1 1541 1578 1542
2718 2 2 1 1 1542 1578 1579
2719 2 2 1 1 1542 1579 1543
2720 2 2 1 1 1543 1579 1580
2721 2 2 1 1 1543 1580 1544
2722 2 2 1 1 1544 1580 1581
2723 2 2 1 1 1544 1581 1545
2724 2 2 1 1 1545 1581 1582
2725 2 2 1 1 1545 1582 1546
2726 2 2 1 1 1546 1582 1583
2727 2 2 1 1 1546 1583 1547
2728 2 2 1 1 1547 1583 1584
2729 2 2 1 1 1547 1584 1548
2730 2 2 1 1 1548 1584 1585
2731 2 2 1 1 1548 1585 1549
2732 2 2 1 1 1549 1585 1586
2733 2 2 1 1 1549 1586 1550
2734 2 2 1 1 1550 1586 1587
2735 2 2 1 1 1550 1587 1551
2736 2 2 1 1 1551 1587 1588
2737 2 2 1 1 1551 1588 1552
2738 2 2 1 1 1552 1588 1589
2739 2 2 1 1 1552 1589 1553
2740 2 2 1 1 1553 1589 1590
2741 2 2 1 1 1553 1590 1554
2742 2 2 1 1 1554 1590 1591
2743 2 2 1 1 1554 1591 1555
2744 2 2 1 1 1555 1591 1592
2745 2 2 1 1 1555 1592 1556
2746 2 2 1 1 1556 1592 1593
2747 2 2 1 1 1556 1593 1557
2748 2 2 1 1 1557 1593 1594
2749 2 2 1 1 1557 1594 1558
2750 2 2 1 1 1558 1594 1595
2751 2 2 1 1 1558 1595 1559
2752 2 2 1 1 1559 1595 1596
2753 2 2 1 1 1559 1596 1560
2754 2 2 1 1 1560 1596 1597
2755 2 2 1 1 1560 1597 1561
2756 2 2 1 1 1561 1597 1598
2757 2 2 1 1 1561 1598 1562
2758 2 2 1 1 1562 1598 1599
2759 2 2 1 1 1562 1599 1563
2760 2 2 1 1 1563 1599 1600
2761 2 2 1 1 1563 1600 1564
2762 2 2 1 1 1564 1600 1601
2763 2 2 1 1 1564 1601 1565
2764 2 2 1 1 1565 1601 1602
2765 2 2 1 1 1565 1602 1566
2766 2 2 1 1 1566 1602 1603
2767 2 2 1 1 1566 1603 1567
2768 2 2 1 1 1567 1603 1604
2769 2 2 1 1 1567 1604 1568
2770 2 2 1 1 1568 1604 1605
2771 2 2 1 1 1568 1605 1569
2772 2 2 1 1 1569 1605 1606
2773 2 2 1 1 1569 1606 204
2774 2 2 1 1 204 1606 203
2775 2 2 1 1 42 43 1570
2776 2 2 1 1 1570 43 1607
2777 2 2 1 1 1570 1607 1571
2778 2 2 1 1 1571 1607 1608
2779 2 2 1 1 1571 1608 1572
2780 2 2 1 1 1572 1608 1609
2781 2 2 1 1 1572 1609 1573
2782 2 2 1 1 1573 1609 1610
2783 2 2 1 1 1573 1610 1574
2784 2 2 1 1 1574 1610 1611
2785 2 2 1 1 1574 1611 1575
2786 2 2 1 1 1575 1611 1612
2787 2 2 1 1 1575 1612 1576
2788 2 2 1 1 1576 1612 1613
2789 2 2 1 1 1576 1613 1577
2790 2 2 1 1 1577 1613 1614
2791 2 2 1 1 1577 1614 1578
2792 2 2 1 1 1578 1614 1615
2793 2 2 1 1 1578 1615 1579
2794 2 2 1 1 1579 1615 1616
2795 2 2 1 1 1579 1616 1580
2796 2 2 1 1 1580 1616 1617
2797 2 2 1 1 1580 1617 1581
2798 2 2 1 1 1581 1617 1618
2799 2 2 1 1 1581 1618 1582
2800 2 2 1 1 1582 1618 1619
2801 2 2 1 1 1582 1619 1583
2802 2 2 1 1 1583 1619 1620
2803 2 2 1 1 1583 1620 1584
2804 2 2 1 1 1584 1620 1621
2805 2 2 1 1 1584 1621 1585
2806 2 2 1 1 1585 1621 1622
2807 2 2 1 1 1585 1622 1586
2808 2 2 1 1 1586 1622 1623
2809 2 2 1 1 1586 1623 1587
2810 2 2 1 1 1587 1623 1624
2811 2 2 1 1 1587 1624 1588
2812 2 2 1 1 1588 1624 1625
2813 2 2 1 1 1588 1625 1589
2814 2 2 1 1 1589 1625 1626
2815 2 2 1 1 1589 1626 1590
2816 2 2 1 1 1590 1626 1627
2817 2 2 1 1 1590 1627 1591
2818 2 2 1 1 1591 1627 1628
2819 2 2 1 1 1591 1628 1592
2820 2 2 1 1 1592 1628 1629
2821 2 2 1 1 1592 1629 1593
2822 2 2 1 1 1593 1629 1630
2823 2 2 1 1 1593 1630 1594
2824 2 2 1 1 1594 1630 1631
2825 2 2 1 1 1594 1631 1595
2826 2 2 1 1 1595 1631 1632
2827 2 2 1 1 1595 1632 1596
2828 2 2 1 1 1596 1632 1633
2829 2 2 1 1 1596 1633 1597
2830 2 2 1 1 1597 1633 1634
2831 2 2 1 1 1597 1634 1598
2832 2 2 1 1 1598 1634 1635
2833 2 2 1 1 1598 1635 1599
2834 2 2 1 1 1599 1635 1636
2835 2 2 1 1 1599 1636 1600
2836 2 2 1 1 1600 1636 1637
2837 2 2 1 1 1600 1637 1601
2838 2 2 1 1 1601 1637 1638
2839 2 2 1 1 1601 1638 1602
2840 2 2 1 1 1602 1638 1639
2841 2 2 1 1 1602 1639 1603
2842 2 2 1 1 1603 1639 1640
2843 2 2 1 1 1603 1640 1604
2844 2 2 1 1 1604 1640 1641
2845 2 2 1 1 1604 1641 1605
2846 2 2 1 1 1605 1641 1642
2847 2 2 1 1 1605 1642 1606
2848 2 2 1 1 1606 1642 1643
2849 2 2 1 1 1606 1643 203
2850 2 2 1 1 203 1643 202
2851 2 2 1 1 43 44 1607
2852 2 2 1 1 1607 44 1644
2853 2 2 1 1 1607 1644 1608
2854 2 2 1 1 1608 1644 1645
2855 2 2 1 1 1608 1645 1609
2856 2 2 1 1 1609 1645 1646
2857 2 2 1 1 1609 1646 1610
2858 2 2 1 1 1610 1646 1647
2859 2 2 1 1 1610 1647 1611
2860 2 2 1 1 1611 1647 1648
2861 2 2 1 1 1611 1648 1612
2862 2 2 1 1 1612 1648 1649
2863 2 2 1 1 1612 1649 1613
2864 2 2 1 1 1613 1649 1650
2865 2 2 1 1 1613 1650 1614
2866 2 2 1 1 1614 1650 1651
2867 2 2 1 1 1614 1651 1615
2868 2 2 1 1 1615 1651 1652
2869 2 2 1 1 1615 1652 1616
2870 2 2 1 1 1616 1652 1653
2871 2 2 1 1 1616 1653 1617
2872 2 2 1 1 1617 1653 1654
2873 2 2 1 1 1617 1654 1618
2874 2 2 1 1 1618 1654 1655
2875 2 2 1 1 1618 1655 1619
2876 2 2 1 1 1619 1655 1656
2877 2 2 1 1 1619 1656 1620
2878 2 2 1 1 1620 1656 1657
2879 2 2 1 1 1620 1657 1621
2880 2 2 1 1 1621 1657 1658
2881 2 2 1 1 1621 1658 1622
2882 2 2 1 1 1622 1658 1659
2883 2 2 1 1 1622 1659 1623
2884 2 2 1 1 1623 1659 1660
2885 2 2 1 1 1623 1660 1624
2886 2 2 1 1 1624 1660 1661
2887 2 2 1 1 1624 1661 1625
2888 2 2 1 1 1625 1661 1662
2889 2 2 1 1 1625 1662 1626
2890 2 2 1 1 1626 1662 1663
2891 2 2 1 1 1626 1663 1627
2892 2 2 1 1 1627 1663 1664
2893 2 2 1 1 1627 1664 1628
2894 2 2 1 1 1628 1664 1665
2895 2 2 1 1 1628 1665 1629
2896 2 2 1 1 1629 1665 1666
2897 2 2 1 1 1629 1666 1630
2898 2 2 1 1 1630 1666 1667
2899 2 2 1 1 1630 1667 1631
2900 2 2 1 1 1631 1667 1668
2901 2 2 1 1 1631 1668 1632
2902 2 2 1 1 1632 1668 1669
2903 2 2 1 1 1632 1669 1633
2904 2 2 1 1 1633 1669 1670
2905 2 2 1 1 1633 1670 1634
2906 2 2 1 1 1634 1670 1671
2907 2 2 1 1 1634 1671 1635
2908 2 2 1 1 1635 1671 1672
2909 2 2 1 1 1635 1672 1636
2910 2 2 1 1 1636 1672 1673
2911 2 2 1 1 1636 1673 1637
2912 2 2 1 1 1637 1673 1674
2913 2 2 1 1 1637 1674 1638
2914 2 2 1 1 1638 1674 1675
2915 2 2 1 1 1638 1675 1639
2916 2 2 1 1 1639 1675 1676
2917 2 2 1 1 1639 1676 1640
2918 2 2 1 1 1640 1676 1677
2919 2 2 1 1 1640 1677 1641
2920 2 2 1 1 1641 1677 1678
2921 2 2 1 1 1641 1678 1642
2922 2 2 1 1 1642 1678 1679
2923 2 2 1 1 1642 1679 1643
2924 2 2 1 1 1643 1679 1680
2925 2 2 1 1 1643 1680 202
2926 2 2 1 1 202 1680 201
2927 2 2 1 1 44 45 1644
2928 2 2 1 1 1644 45 1681
2929 2 2 1 1 1644 1681 1645
2930 2 2 1 1 1645 1681 1682
2931 2 2 1 1 1645 1682 1646
2932 2 2 1 1 1646 1682 1683
2933 2 2 1 1 1646 1683 1647
2934 2 2 1 1 1647 1683 1684
2935 2 2 1 1 1647 1684 1648
2936 2 2 1 1 1648 1684 1685
2937 2 2 1 1 1648 1685 1649
2938 2 2 1 1 1649 1685 1686
2939 2 2 1 1 1649 1686 1650
2940 2 2 1 1 1650 1686 1687
2941 2 2 1 1 1650 1687 1651
2942 2 2 1 1 1651 1687 1688
2943 2 2 1 1 1651 1688 1652
2944 2 2 1 1 1652 1688 1689
2945 2 2 1 1 1652 1689 1653
2946 2 2 1 1 1653 1689 1690
2947 2 2 1 1 1653 1690 1654
2948 2 2 1 1 1654 1690 1691
2949 2 2 1 1 1654 1691 1655
2950 2 2 1 1 1655 1691 1692
2951 2 2 1 1 1655 1692 1656
2952 2 2 1 1 1656 1692 1693
2953 2 2 1 1 1656 1693 1657
2954 2 2 1 1 1657 1693 1694
2955 2 2 1 1 1657 1694 1658
2956 2 2 1 1 1658 1694 1695
2957 2 2 1 1 1658 1695 1659
2958 2 2 1 1 1659 1695 1696
2959 2 2 1 1 1659 1696 1660
2960 2 2 1 1 1660 1696 1697
2961 2 2 1 1 1660 1697 1661
2962 2 2 1 1 1661 1697 1698
2963 2 2 1 1 1661 1698 1662
2964 2 2 1 1 1662 1698 1699
2965 2 2 1 1 1662 1699 1663
2966 2 2 1 1 1663 1699 1700
2967 2 2 1 1 1663 1700 1664
2968 2 2 1 1 1664 1700 1701
2969 2 2 1 1 1664 1701 1665
2970 2 2 1 1 1665 1701 1702
2971 2 2 1 1 1665 1702 1666
2972 2 2 1 1 1666 1702 1703
2973 2 2 1 1 1666 1703 1667
2974 2 2 1 1 1667 1703 1704
2975 2 2 1 1 1667 1704 1668
2976 2 2 1 1 1668 1704 1705
2977 2 2 1 1 1668 1705 1669
2978 2 2 1 1 1669 1705 1706
2979 2 2 1 1 1669 1706 1670
2980 2 2 1 1 1670 1706 1707
2981 2 2 1 1 1670 1707 1671
2982 2 2 1 1 1671 1707 1708
2983 2 2 1 1 1671 1708 1672
2984 2 2 1 1 1672 1708 1709
2985 2 2 1 1 1672 1709 1673
2986 2 2 1 1 1673 1709 1710
2987 2 2 1 1 1673 1710 1674
2988 2 2 1 1 1674 1710 1711
2989 2 2 1 1 1674 1711 1675
2990 2 2 1 1 1675 1711 1712
2991 2 2 1 1 1675 1712 1676
2992 2 2 1 1 1676 1712 1713
2993 2 2 1 1 1676 1713 1677
2994 2 2 1 1 1677 1713 1714
2995 2 2 1 1 1677 1714 1678
2996 2 2 1 1 1678 1714 1715
2997 2 2 1 1 1678 1715 1679
2998 2 2 1 1 1679 1715 1716
2999 2 2 1 1 1679 1716 1680
3000 2 2 1 1 1680 1716 1717
3001 2 2 1 1 1680 1717 201
3002 2 2 1 1 201 1717 200
3003 2 2 1 1 45 46 1681
3004 2 2 1 1 1681 46 1718
3005 2 2 1 1 1681 1718 1682
3006 2 2 1 1 1682 1718 1719
3007 2 2 1 1 1682 1719 1683
3008 2 2 1 1 1683 1719 1720
3009 2 2 1 1 1683 1720 1684
3010 2 2 1 1 1684 1720 1721
3011 2 2 1 1 1684 1721 1685
3012 2 2 1 1 1685 1721 1722
3013 2 2 1 1 1685 1722 1686
3014 2 2 1 1 1686 1722 1723
3015 2 2 1 1 1686 1723 1687
3016 2 2 1 1 1687 1723 1724
3017 2 2 1 1 1687 1724 1688
3018 2 2 1 1 1688 1724 1725
3019 2 2 1 1 1688 1725 1689
3020 2 2 1 1 1689 1725 1726
3021 2 2 1 1 1689 1726 1690
3022 2 2 1 1 1690 1726 1727
3023 2 2 1 1 1690 1727 1691
3024 2 2 1 1 1691 1727 1728
3025 2 2 1 1 1691 1728 1692
3026 2 2 1 1 1692 1728 1729
3027 2 2 1 1 1692 1729 1693
3028 2 2 1 1 1693 1729 1730
3029 2 2 1 1 1693 1730 1694
3030 2 2 1 1 1694 1730 1731
3031 2 2 1 1 1694 1731 1695
3032 2 2 1 1 1695 1731 1732
3033 2 2 1 1 1695 1732 1696
3034 2 2 1 1 1696 1732 1733
3035 2 2 1 1 1696 1733 1697
3036 2 2 1 1 1697 1733 1734
3037 2 2 1 1 1697 1734 1698
3038 2 2 1 1 1698 1734 1735
3039 2 2 1 1 1698 1735 1699
3040 2 2 1 1 1699 1735 1736
3041 2 2 1 1 1699 1736 1700
3042 2 2 1 1 1700 1736 1737
3043 2 2 1 1 1700 1737 1701
3044 2 2 1 1 1701 1737 1738
3045 2 2 1 1 1701 1738 1702
3046 2 2 1 1 1702 1738 1739
3047 2 2 1 1 1702 1739 1703
3048 2 2 1 1 1703 1739 1740
3049 2 2 1 1 1703 1740 1704
3050 2 2 1 1 1704 1740 1741
3051 2 2 1 1 1704 1741 1705
3052 2 2 1 1 1705 1741 1742
3053 2 2 1 1 1705 1742 1706
3054 2 2 1 1 1706 1742 1743
3055 2 2 1 1 1706 1743 1707
3056 2 2 1 1 1707 1743 1744
3057 2 2 1 1 1707 1744 1708
3058 2 2 1 1 1708 1744 1745
3059 2 2 1 1 1708 1745 1709
3060 2 2 1 1 1709 1745 1746
3061 2 2 1 1 1709 1746 1710
3062 2 2 1 1 1710 1746 1747
3063 2 2 1 1 1710 1747 1711
3064 2 2 1 1 1711 1747 1748
3065 2 2 1 1 1711 1748 1712
3066 2 2 1 1 1712 1748 1749
3067 2 2 1 1 1712 1749 1713
3068 2 2 1 1 1713 1749 1750
3069 2 2 1 1 1713 1750 1714
3070 2 2 1 1 1714 1750 1751
3071 2 2 1 1 1714 1751 1715
3072 2 2 1 1 1715 1751 1752
3073 2 2 1 1 1715 1752 1716
3074 2 2 1 1 1716 1752 1753
3075 2 2 1 1 1716 1753 1717
3076 2 2 1 1 1717 1753 1754
3077 2 2 1 1 1717 1754 200
3078 2 2 1 1 200 1754 199
3079 2 2 1 1 46 47 1718
3080 2 2 1 1 1718 47 1755
3081 2 2 1 1 1718 1755 1719
3082 2 2 1 1 1719 1755 1756
3083 2 2 1 1 1719 1756 1720
3084 2 2 1 1 1720 1756 1757
3085 2 2 1 1 1720 1757 1721
3086 2 2 1 1 1721 1757 1758
3087 2 2 1 1 1721 1758 1722
3088 2 2 1 1 1722 1758 1759
3089 2 2 1 1 1722 1759 1723
3090 2 2 1 1 1723 1759 1760
3091 2 2 1 1 1723 1760 1724
3092 2 2 1 1 1724 1760 1761
3093 2 2 1 1 1724 1761 1725
3094 2 2 1 1 1725 1761 1762
3095 2 2 1 1 1725 1762 1726
3096 2 2 1 1 1726 1762 1763
3097 2 2 1 1 1726 1763 1727
3098 2 2 1 1 1727 1763 1764
3099 2 2 1 1 1727 1764 1728
3100 2 2 1 1 1728 1764 1765
3101 2 2 1 1 1728 1765 1729
3102 2 2 1 1 1729 1765 1766
3103 2 2 1 1 1729 1766 1730
3104 2 2 1 1 1730 1766 1767
3105 2 2 1 1 1730 1767 1731
3106 2 2 1 1 1731 1767 1768
3107 2 2 1 1 1731 1768 1732
3108 2 2 1 1 1732 1768 1769
3109 2 2 1 1 1732 1769 1733
3110 2 2 1 1 1733 1769 1770
3111 2 2 1 1 1733 1770 1734
3112 2 2 1 1 1734 1770 1771
3113 2 2 1 1 1734 1771 1735
3114 2 2 1 1 1735 1771 1772
3115 2 2 1 1 1735 1772 1736
3116 2 2 1 1 1736 1772 1773
3117 2 2 1 1 1736 1773 1737
3118 2 2 1 1 1737 1773 1774
3119 2 2 1 1 1737 1774 1738
3120 2 2 1 1 1738 1774 1775
3121 2 2 1 1 1738 1775 1739
3122 2 2 1 1 1739 1775 1776
3123 2 2 1 1 1739 1776 1740
3124 2 2 1 1 1740 1776 1777
3125 2 2 1 1 1740 1777 1741
3126 2 2 1 1 1741 1777 1778
3127 2 2 1 1 1741 1778 1742
3128 2 2 1 1 1742 1778 1779
3129 2 2 1 1 1742 1779 1743
3130 2 2 1 1 1743 1779 1780
3131 2 2 1 1 1743 1780 1744
3132 2 2 1 1 1744 1780 1781
3133 2 2 1 1 1744 1781 1745
3134 2 2 1 1 1745 1781 1782
3135 2 2 1 1 1745 1782 1746
3136 2 2 1 1 1746 1782 1783
3137 2 2 1 1 1746 1783 1747
3138 2 2 1 1 1747 1783 1784
3139 2 2 1 1 1747 1784 1748
3140 2 2 1 1 1748 1784 1785
3141 2 2 1 1 1748 1785 1749
3142 2 2 1 1 1749 1785 1786
3143 2 2 1 1 1749 1786 1750
3144 2 2 1 1 1750 1786 1787
3145 2 2 1 1 1750 1787 1751
3146 2 2 1 1 1751 1787 1788
3147 2 2 1 1 1751 1788 1752
3148 2 2 1 1 1752 1788 1789
3149 2 2 1 1 1752 1789 1753
3150 2 2 1 1 1753 1789 1790
3151 2 2 1 1 1753 1790 1754
3152 2 2 1 1 1754 1790 1791
3153 2 2 1 1 1754 1791 199
3154 2 2 1 1 199 1791 198
3155 2 2 1 1 47 48 1755
3156 2 2 1 1 1755 48 1792
3157 2 2 1 1 1755 1792 1756
3158 2 2 1 1 1756 1792 1793
3159 2 2 1 1 1756 1793 1757
3160 2 2 1 1 1757 1793 1794
3161 2 2 1 1 1757 1794 1758
3162 2 2 1 1 1758 1794 1795
3163 2 2 1 1 1758 1795 1759
3164 2 2 1 1 1759 1795 1796
3165 2 2 1 1 1759 1796 1760
3166 2 2 1 1 1760 1796 1797
3167 2 2 1 1 1760 1797 1761
3168 2 2 1 1 1761 1797 1798
3169 2 2 1 1 1761 1798 1762
3170 2 2 1 1 1762 1798 1799
3171 2 2 1 1 1762 1799 1763
3172 2 2 1 1 1763 1799 1800
3173 2 2 1 1 1763 1800 1764
3174 2 2 1 1 1764 1800 1801
3175 2 2 1 1 1764 1801 1765
3176 2 2 1 1 1765 1801 1802
3177 2 2 1 1 1765 1802 1766
3178 2 2 1 1 1766 1802 1803
3179 2 2 1 1 1766 1803 1767
3180 2 2 1 1 1767 1803 1804
3181 2 2 1 1 1767 1804 1768
3182 2 2 1 1 1768 1804 1805
3183 2 2 1 1 1768 1805 1769
3184 2 2 1 1 1769 1805 1806
3185 2 2 1 1 1769 1806 1770
3186 2 2 1 1 1770 1806 1807
3187 2 2 1 1 1770 1807 1771
3188 2 2 1 1 1771 1807 1808
3189 2 2 1 1 1771 1808 1772
3190 2 2 1 1 1772 1808 1809
3191 2 2 1 1 1772 1809 1773
3192 2 2 1 1 1773 1809 1810
3193 2 2 1 1 1773 1810 1774
3194 2 2 1 1 1774 1810 1811
3195 2 2 1 1 1774 1811 1775
3196 2 2 1 1 1775 1811 1812
3197 2 2 1 1 1775 1812 1776
3198 2 2 1 1 1776 1812 1813
3199 2 2 1 1 1776 1813 1777
3200 2 2 1 1 1777 1813 1814
3201 2 2 1 1 1777 1814 1778
3202 2 2 1 1 1778 1814 1815
3203 2 2 1 1 1778 1815 1779
3204 2 2 1 1 1779 1815 1816
3205 2 2 1 1 1779 1816 1780
3206 2 2 1 1 1780 1816 1817
3207 2 2 1 1 1780 1817 1781
3208 2 2 1 1 1781 1817 1818
3209 2 2 1 1 1781 1818 1782
3210 2 2 1 1 1782 1818 1819
3211 2 2 1 1 1782 1819 1783
3212 2 2 1 1 1783 1819 1820
3213 2 2 1 1 1783 1820 1784
3214 2 2 1 1 1784 1820 1821
3215 2 2 1 1 1784 1821 1785
3216 2 2 1 1 1785 1821 1822
3217 2 2 1 1 1785 1822 1786
3218 2 2 1 1 1786 1822 1823
3219 2 2 1 1 1786 1823 1787
3220 2 2 1 1 1787 1823 1824
3221 2 2 1 1 1787 1824 1788
3222 2 2 1 1 1788 1824 1825
3223 2 2 1 1 1788 1825 1789
3224 2 2 1 1 1789 1825 1826
3225 2 2 1 1 1789 1826 1790
3226 2 2 1 1 1790 1826 1827
3227 2 2 1 1 1790 1827 1791
3228 2 2 1 1 1791 1827 1828
3229 2 2 1 1 1791 1828 198
3230 2 2 1 1 198 1828 197
3231 2 2 1 1 48 49 1792
3232 2 2 1 1 1792 49 1829
3233 2 2 1 1 1792 1829 1793
3234 2 2 1 1 1793 1829 1830
3235 2 2 1 1 1793 1830 1794
3236 2 2 1 1 1794 1830 1831
3237 2 2 1 1 1794 1831 1795
3238 2 2 1 1 1795 1831 1832
3239 2 2 1 1 1795 1832 1796
3240 2 2 1 1 1796 1832 1833
3241 2 2 1 1 1796 1833 1797
3242 2 2 1 1 1797 1833 1834
3243 2 2 1 1 1797 1834 1798
3244 2 2 1 1 1798 1834 1835
3245 2 2 1 1 1798 1835 1799
3246 2 2 1 1 1799 1835 1836
3247 2 2 1 1 1799 1836 1800
3248 2 2 1 1 1800 1836 1837
3249 2 2 1 1 1800 1837 1801
3250 2 2 1 1 1801 1837 1838
3251 2 2 1 1 1801 1838 1802
3252 2 2 1 1 1802 1838 1839
3253 2 2 1 1 1802 1839 1803
3254 2 2 1 1 1803 1839 1840
3255 2 2 1 1 1803 1840 1804
3256 2 2 1 1 1804 1840 1841
3257 2 2 1 1 1804 1841 1805
3258 2 2 1 1 1805 1841 1842
3259 2 2 1 1 1805 1842 1806
3260 2 2 1 1 1806 1842 1843
3261 2 2 1 1 1806 1843 1807
3262 2 2 1 1 1807 1843 1844
3263 2 2 1 1 1807 1844 1808
3264 2 2 1 1 1808 1844 1845
3265 2 2 1 1 1808 1845 1809
3266 2 2 1 1 1809 1845 1846
3267 2 2 1 1 1809 1846 1810
3268 2 2 1 1 1810 1846 1847
3269 2 2 1 1 1810 1847 1811
3270 2 2 1 1 1811 1847 1848
3271 2 2 1 1 1811 1848 1812
3272 2 2 1 1 1812 1848 1849
3273 2 2 1 1 1812 1849 1813
3274 2 2 1 1 1813 1849 1850
3275 2 2 1 1 1813 1850 1814
3276 2 2 1 1 1814 1850 1851
3277 2 2 1 1 1814 1851 1815
3278 2 2 1 1 1815 1851 1852
3279 2 2 1 1 1815 1852 1816
3280 2 2 1 1 1816 1852 1853
3281 2 2 1 1 1816 1853 1817
3282 2 2 1 1 1817 1853 1854
3283 2 2 1 1 1817 1854 1818
3284 2 2 1 1 1818 1854 1855
3285 2 2 1 1 1818 1855 1819
3286 2 2 1 1 1819 1855 1856
3287 2 2 1 1 1819 1856 1820
3288 2 2 1 1 1820 1856 1857
3289 2 2 1 1 1820 1857 1821
3290 2 2 1 1 1821 1857 1858
3291 2 2 1 1 1821 1858 1822
3292 2 2 1 1 1822 1858 1859
3293 2 2 1 1 1822 1859 1823
3294 2 2 1 1 1823 1859 1860
3295 2 2 1 1 1823 1860 1824
3296 2 2 1 1 1824 1860 1861
3297 2 2 1 1 1824 1861 1825
3298 2 2 1 1 1825 1861 1862
3299 2 2 1 1 1825 1862 1826
3300 2 2 1 1 1826 1862 1863
3301 2 2 1 1 1826 1863 1827
3302 2 2 1 1 1827 1863 1864
3303 2 2 1 1 1827 1864 1828
3304 2 2 1 1 1828 1864 1865
3305 2 2 1 1 1828 1865 197
3306 2 2 1 1 197 1865 196
3307 2 2 1 1 49 50 1829
3308 2 2 1 1 1829 50 1866
3309 2 2 1 1 1829 1866 1830
3310 2 2 1 1 1830 1866 1867
3311 2 2 1 1 1830 1867 1831
3312 2 2 1 1 1831 1867 1868
3313 2 2 1 1 1831 1868 1832
3314 2 2 1 1 1832 1868 1869
3315 2 2 1 1 1832 1869 1833
3316 2 2 1 1 1833 1869 1870
3317 2 2 1 1 1833 1870 1834
3318 2 2 1 1 1834 1870 1871
3319 2 2 1 1 1834 1871 1835
3320 2 2 1 1 1835 1871 1872
3321 2 2 1 1 1835 1872 1836
3322 2 2 1 1 1836 1872 1873
3323 2 2 1 1 1836 1873 1837
3324 2 2 1 1 1837 1873 1874
3325 2 2 1 1 1837 1874 1838
3326 2 2 1 1 1838 1874 1875
3327 2 2 1 1 1838 1875 1839
3328 2 2 1 1 1839 1875 1876
3329 2 2 1 1 1839 1876 1840
3330 2 2 1 1 1840 1876 1877
3331 2 2 1 1 1840 1877 1841
3332 2 2 1 1 1841 1877 1878
3333 2 2 1 1 1841 1878 1842
3334 2 2 1 1 1842 1878 1879
3335 2 2 1 1 1842 1879 1843
3336 2 2 1 1 1843 1879 1880
3337 2 2 1 1 1843 1880 1844
3338 2 2 1 1 1844 1880 1881
3339 2 2 1 1 1844 1881 1845
3340 2 2 1 1 1845 1881 1882
3341 2 2 1 1 1845 1882 1846
3342 2 2 1 1 1846 1882 1883
3343 2 2 1 1 1846 1883 1847
3344 2 2 1 1 1847 1883 1884
3345 2 2 1 1 1847 1884 1848
3346 2 2 1 1 1848 1884 1885
3347 2 2 1 1 1848 1885 1849
3348 2 2 1 1 1849 1885 1886
3349 2 2 1 1 1849 1886 1850
3350 2 2 1 1 1850 1886 1887
3351 2 2 1 1 1850 1887 1851
3352 2 2 1 1 1851 1887 1888
3353 2 2 1 1 1851 1888 1852
3354 2 2 1 1 1852 1888 1889
3355 2 2 1 1 1852 1889 1853
3356 2 2 1 1 1853 1889 1890
3357 2 2 1 1 1853 1890 1854
3358 2 2 1 1 1854 1890 1891
3359 2 2 1 1 1854 1891 1855
3360 2 2 1 1 1855 1891 1892
3361 2 2 1 1 1855 1892 1856
3362 2 2 1 1 1856 1892 1893
3363 2 2 1 1 1856 1893 1857
3364 2 2 1 1 1857 1893 1894
3365 2 2 1 1 1857 1894 1858
3366 2 2 1 1 1858 1894 1895
3367 2 2 1 1 1858 1895 1859
3368 2 2 1 1 1859 1895 1896
3369 2 2 1 1 1859 1896 1860
3370 2 2 1 1 1860 1896 1897
3371 2 2 1 1 1860 1897 1861
3372 2 2 1 1 1861 1897 1898
3373 2 2 1 1 1861 1898 1862
3374 2 2 1 1 1862 1898 1899
3375 2 2 1 1 1862 1899 1863
3376 2 2 1 1 1863 1899 1900
3377 2 2 1 1 1863 1900 1864
3378 2 2 1 1 1864 1900 1901
3379 2 2 1 1 1864 1901 1865
3380 2 2 1 1 1865 1901 1902
3381 2 2 1 1 1865 1902 196
3382 2 2 1 1 196 1902 195
3383 2 2 1 1 50 51 1866
3384 2 2 1 1 1866 51 1903
3385 2 2 1 1 1866 1903 1867
3386 2 2 1 1 1867 1903 1904
3387 2 2 1 1 1867 1904 1868
3388 2 2 1 1 1868 1904 1905
3389 2 2 1 1 1868 1905 1869
3390 2 2 1 1 1869 1905 1906
3391 2 2 1 1 1869 1906 1870
3392 2 2 1 1 1870 1906 1907
3393 2 2 1 1 1870 1907 1871
3394 2 2 1 1 1871 1907 1908
3395 2 2 1 1 1871 1908 1872
3396 2 2 1 1 1872 1908 1909
3397 2 2 1 1 1872 1909 1873
3398 2 2 1 1 1873 1909 1910
3399 2 2 1 1 1873 1910 1874
3400 2 2 1 1 1874 1910 1911
3401 2 2 1 1 1874 1911 1875
3402 2 2 1 1 1875 1911 1912
3403 2 2 1 1 1875 1912 1876
3404 2 2 1 1 1876 1912 1913
3405 2 2 1 1 1876 1913 1877
3406 2 2 1 1 1877 1913 1914
3407 2 2 1 1 1877 1914 1878
3408 2 2 1 1 1878 1914 1915
3409 2 2 1 1 1878 1915 1879
3410 2 2 1 1 1879 1915 1916
3411 2 2 1 1 1879 1916 1880
3412 2 2 1 1 1880 1916 1917
3413 2 2 1 1 1880 1917 1881
3414 2 2 1 1 1881 1917 1918
3415 2 2 1 1 1881 1918 1882
3416 2 2 1 1 1882 1918 1919
3417 2 2 1 1 1882 1919 1883
3418 2 2 1 1 1883 1919 1920
3419 2 2 1 1 1883 1920 1884
3420 2 2 1 1 1884 1920 1921
3421 2 2 1 1 1884 1921 1885
3422 2 2 1 1 1885 1921 1922
3423 2 2 1 1 1885 1922 1886
3424 2 2 1 1 1886 1922 1923
3425 2 2 1 1 1886 1923 1887
3426 2 2 1 1 1887 1923 1924
3427 2 2 1 1 1887 1924 1888
3428 2 2 1 1 1888 1924 1925
3429 2 2 1 1 1888 1925 1889
3430 2 2 1 1 1889 1925 1926
3431 2 2 1 1 1889 1926 1890
3432 2 2 1 1 1890 1926 1927
3433 2 2 1 1 1890 1927 1891
3434 2 2 1 1 1891 1927 1928
3435 2 2 1 1 1891 1928 1892
3436 2 2 1 1 1892 1928 1929
3437 2 2 1 1 1892 1929 1893
3438 2 2 1 1 1893 1929 1930
3439 2 2 1 1 1893 1930 1894
3440 2 2 1 1 1894 1930 1931
3441 2 2 1 1 1894 1931 1895
3442 2 2 1 1 1895 1931 1932
3443 2 2 1 1 1895 1932 1896
3444 2 2 1 1 1896 1932 1933
3445 2 2 1 1 1896 1933 1897
3446 2 2 1 1 1897 1933 1934
3447 2 2 1 1 1897 1934 1898
3448 2 2 1 1 1898 1934 1935
3449 2 2 1 1 1898 1935 1899
3450 2 2 1 1 1899 1935 1936
3451 2 2 1 1 1899 1936 1900
3452 2 2 1 1 1900 1936 1937
3453 2 2 1 1 1900 1937 1901
3454 2 2 1 1 1901 1937 1938
3455 2 2 1 1 1901 1938 1902
3456 2 2 1 1 1902 1938 1939
3457 2 2 1 1 1902 1939 195
3458 2 2 1 1 195 1939 194
3459 2 2 1 1 51 52 1903
3460 2 2 1 1 1903 52 1940
3461 2 2 1 1 1903 1940 1904
3462 2 2 1 1 1904 1940 1941
3463 2 2 1 1 1904 1941 1905
3464 2 2 1 1 1905 1941 1942
3465 2 2 1 1 1905 1942 1906
3466 2 2 1 1 1906 1942 1943
3467 2 2 1 1 1906 1943 1907
3468 2 2 1 1 1907 1943 1944
3469 2 2 1 1 1907 1944 1908
3470 2 2 1 1 1908 1944 1945
3471 2 2 1 1 1908 1945 1909
3472 2 2 1 1 1909 1945 1946
3473 2 2 1 1 1909 1946 1910
3474 2 2 1 1 1910 1946 1947
3475 2 2 1 1 1910 1947 1911
3476 2 2 1 1 1911 1947 1948
3477 2 2 1 1 1911 1948 1912
3478 2 2 1 1 1912 1948 1949
3479 2 2 1 1 1912 1949 1913
3480 2 2 1 1 1913 1949 1950
3481 2 2 1 1 1913 1950 1914
3482 2 2 1 1 1914 1950 1951
3483 2 2 1 1 1914 1951 1915
3484 2 2 1 1 1915 1951 1952
3485 2 2 1 1 1915 1952 1916
3486 2 2 1 1 1916 1952 1953
3487 2 2 1 1 1916 1953 1917
3488 2 2 1 1 1917 1953 1954
3489 2 2 1 1 1917 1954 1918
3490 2 2 1 1 1918 1954 1955
3491 2 2 1 1 1918 1955 1919
3492 2 2 1 1 1919 1955 1956
3493 2 2 1 1 1919 1956 1920
3494 2 2 1 1 1920 1956 1957
3495 2 2 1 1 1920 1957 1921
3496 2 2 1 1 1921 1957 1958
3497 2 2 1 1 1921 1958 1922
3498 2 2 1 1 1922 1958 1959
3499 2 2 1 1 1922 1959 1923
3500 2 2 1 1 1923 1959 1960
3501 2 2 1 1 1923 1960 1924
3502 2 2 1 1 1924 1960 1961
3503 2 2 1 1 1924 1961 1925
3504 2 2 1 1 1925 1961 1962
3505 2 2 1 1 1925 1962 1926
3506 2 2 1 1 1926 1962 1963
3507 2 2 1 1 1926 1963 1927
3508 2 2 1 1 1927 1963 1964
3509 2 2 1 1 1927 1964 1928
3510 2 2 1 1 1928 1964 1965
3511 2 2 1 1 1928 1965 1929
3512 2 2 1 1 1929 1965 1966
3513 2 2 1 1 1929 1966 1930
3514 2 2 1 1 1930 1966 1967
3515 2 2 1 1 1930 1967 1931
3516 2 2 1 1 1931 1967 1968
3517 2 2 1 1 1931 1968 1932
3518 2 2 1 1 1932 1968 1969
3519 2 2 1 1 1932 1969 1933
3520 2 2 1 1 1933 1969 1970
3521 2 2 1 1 1933 1970 1934
3522 2 2 1 1 1934 1970 1971
3523 2 2 1 1 1934 1971 1935
3524 2 2 1 1 1935 1971 1972
3525 2 2 1 1 1935 1972 1936
3526 2 2 1 1 1936 1972 1973
3527 2 2 1 1 1936 1973 1937
3528 2 2 1 1 1937 1973 1974
3529 2 2 1 1 1937 1974 1938
3530 2 2 1 1 1938 1974 1975
3531 2 2 1 1 1938 1975 1939
3532 2 2 1 1 1939 1975 1976
3533 2 2 1 1 1939 1976 194
3534 2 2 1 1 194 1976 193
3535 2 2 1 1 52 53 1940
3536 2 2 1 1 1940 53 1977
3537 2 2 1 1 1940 1977 1941
3538 2 2 1 1 1941 1977 1978
3539 2 2 1 1 1941 1978 1942
3540 2 2 1 1 1942 1978 1979
3541 2 2 1 1 1942 1979 1943
3542 2 2 1 1 1943 1979 1980
3543 2 2 1 1 1943 1980 1944
3544 2 2 1 1 1944 1980 1981
3545 2 2 1 1 1944 1981 1945
3546 2 2 1 1 1945 1981 1982
3547 2 2 1 1 1945 1982 1946
3548 2 2 1 1 1946 1982 1983
3549 2 2 1 1 1946 1983 1947
3550 2 2 1 1 1947 1983 1984
3551 2 2 1 1 1947 1984 1948
3552 2 2 1 1 1948 1984 1985
3553 2 2 1 1 1948 1985 1949
3554 2 2 1 1 1949 1985 1986
3555 2 2 1 1 1949 1986 1950
3556 2 2 1 1 1950 1986 1987
3557 2 2 1 1 1950 1987 1951
3558 2 2 1 1 1951 1987 1988
3559 2 2 1 1 1951 1988 1952
3560 2 2 1 1 1952 1988 1989
3561 2 2 1 1 1952 1989 1953
3562 2 2 1 1 1953 1989 1990
3563 2 2 1 1 1953 1990 1954
3564 2 2 1 1 1954 1990 1991
3565 2 2 1 1 1954 1991 1955
3566 2 2 1 1 1955 1991 1992
3567 2 2 1 1 1955 1992 1956
3568 2 2 1 1 1956 1992 1993
3569 2 2 1 1 1956 1993 1957
3570 2 2 1 1 1957 1993 1994
3571 2 2 1 1 1957 1994 1958
3572 2 2 1 1 1958 1994 1995
3573 2 2 1 1 1958 1995 1959
3574 2 2 1 1 1959 1995 1996
3575 2 2 1 1 1959 1996 1960
3576 2 2 1 1 1960 1996 1997
3577 2 2 1 1 1960 1997 1961
3578 2 2 1 1 1961 1997 1998
3579 2 2 1 1 1961 1998 1962
3580 2 2 1 1 1962 1998 1999
3581 2 2 1 1 1962 1999 1963
3582 2 2 1 1 1963 1999 2000
3583 2 2 1 1 1963 2000 1964
3584 2 2 1 1 1964 2000 2001
3585 2 2 1 1 1964 2001 1965
3586 2 2 1 1 1965 2001 2002
3587 2 2 1 1 1965 2002 1966
3588 2 2 1 1 1966 2002 2003
3589 2 2 1 1 1966 2003 1967
3590 2 2 1 1 1967 2003 2004
3591 2 2 1 1 1967 2004 1968
3592 2 2 1 1 1968 2004 2005
3593 2 2 1 1 1968 2005 1969
3594 2 2 1 1 1969 2005 2006
3595 2 2 1 1 1969 2006 1970
3596 2 2 1 1 1970 2006 2007
3597 2 2 1 1 1970 2007 1971
3598 2 2 1 1 1971 2007 2008
3599 2 2 1 1 1971 2008 1972
3600 2 2 1 1 1972 2008 2009
3601 2 2 1 1 1972 2009 1973
3602 2 2 1 1 1973 2009 2010
3603 2 2 1 1 1973 2010 1974
3604 2 2 1 1 1974 2010 2011
3605 2 2 1 1 1974 2011 1975
3606 2 2 1 1 1975 2011 2012
3607 2 2 1 1 1975 2012 1976
3608 2 2 1 1 1976 2012 2013
3609 2 2 1 1 1976 2013 193
3610 2 2 1 1 193 2013 192
3611 2 2 1 1 53 54 1977
3612 2 2 1 1 1977 54 2014
3613 2 2 1 1 1977 2014 1978
3614 2 2 1 1 1978 2014 2015
3615 2 2 1 1 1978 2015 1979
3616 2 2 1 1 1979 2015 2016
3617 2 2 1 1 1979 2016 1980
3618 2 2 1 1 1980 2016 2017
3619 2 2 1 1 1980 2017 1981
3620 2 2 1 1 1981 2017 2018
3621 2 2 1 1 1981 2018 1982
3622 2 2 1 1 1982 2018 2019
3623 2 2 1 1 1982 2019 1983
3624 2 2 1 1 1983 2019 2020
3625 2 2 1 1 1983 2020 1984
3626 2 2 1 1 1984 2020 2021
3627 2 2 1 1 1984 2021 1985
3628 2 2 1 1 1985 2021 2022
3629 2 2 1 1 1985 2022 1986
3630 2 2 1 1 1986 2022 2023
3631 2 2 1 1 1986 2023 1987
3632 2 2 1 1 1987 2023 2024
3633 2 2 1 1 1987 2024 1988
3634 2 2 1 1 1988 2024 2025
3635 2 2 1 1 1988 2025 1989
3636 2 2 1 1 1989 2025 2026
3637 2 2 1 1 1989 2026 1990
3638 2 2 1 1 1990 2026 2027
3639 2 2 1 1 1990 2027 1991
3640 2 2 1 1 1991 2027 2028
3641 2 2 1 1 1991 2028 1992
3642 2 2 1 1 1992 2028 2029
3643 2 2 1 1 1992 2029 1993
3644 2 2 1 1 1993 2029 2030
3645 2 2 1 1 1993 2030 1994
3646 2 2 1 1 1994 2030 2031
3647 2 2 1 1 1994 2031 1995
3648 2 2 1 1 1995 2031 2032
3649 2 2 1 1 1995 2032 1996
3650 2 2 1 1 1996 2032 2033
3651 2 2 1 1 1996 2033 1997
3652 2 2 1 1 1997 2033 2034
3653 2 2 1 1 1997 2034 1998
3654 2 2 1 1 1998 2034 2035
3655 2 2 1 1 1998 2035 1999
3656 2 2 1 1 1999 2035 2036
3657 2 2 1 1 1999 2036 2000
3658 2 2 1 1 2000 2036 2037
3659 2 2 1 1 2000 2037 2001
3660 2 2 1 1 2001 2037 2038
3661 2 2 1 1 2001 2038 2002
3662 2 2 1 1 2002 2038 2039
3663 2 2 1 1 2002 2039 2003
3664 2 2 1 1 2003 2039 2040
3665 2 2 1 1 2003 2040 2004
3666 2 2 1 1 2004 2040 2041
3667 2 2 1 1 2004 2041 2005
3668 2 2 1 1 2005 2041 2042
3669 2 2 1 1 2005 2042 2006
3670 2 2 1 1 2006 2042 2043
3671 2 2 1 1 2006 2043 2007
3672 2 2 1 1 2007 2043 2044
3673 2 2 1 1 2007 2044 2008
3674 2 2 1 1 2008 2044 2045
3675 2 2 1 1 2008 2045 2009
3676 2 2 1 1 2009 2045 2046
3677 2 2 1 1 2009 2046 2010
3678 2 2 1 1 2010 2046 2047
3679 2 2 1 1 2010 2047 2011
3680 2 2 1 1 2011 2047 2048
3681 2 2 1 1 2011 2048 2012
3682 2 2 1 1 2012 2048 2049
3683 2 2 1 1 2012 2049 2013
3684 2 2 1 1 2013 2049 2050
3685 2 2 1 1 2013 2050 192
3686 2 2 1 1 192 2050 191
3687 2 2 1 1 54 55 2014
3688 2 2 1 1 2014 55 2051
3689 2 2 1 1 2014 2051 2015
3690 2 2 1 1 2015 2051 2052
3691 2 2 1 1 2015 2052 2016
3692 2 2 1 1 2016 2052 2053
3693 2 2 1 1 2016 2053 2017
3694 2 2 1 1 2017 2053 2054
3695 2 2 1 1 2017 2054 2018
3696 2 2 1 1 2018 2054 2055
3697 2 2 1 1 2018 2055 2019
3698 2 2 1 1 2019 2055 2056
3699 2 2 1 1 2019 2056 2020
3700 2 2 1 1 2020 2056 2057
3701 2 2 1 1 2020 2057 2021
3702 2 2 1 1 2021 2057 2058
3703 2 2 1 1 2021 2058 2022
3704 2 2 1 1 2022 2058 2059
3705 2 2 1 1 2022 2059 2023
3706 2 2 1 1 2023 2059 2060
3707 2 2 1 1 2023 2060 2024
3708 2 2 1 1 2024 2060 2061
3709 2 2 1 1 2024 2061 2025
3710 2 2 1 1 2025 2061 2062
3711 2 2 1 1 2025 2062 2026
3712 2 2 1 1 2026 2062 2063
3713 2 2 1 1 2026 2063 2027
3714 2 2 1 1 2027 2063 2064
3715 2 2 1 1 2027 2064 2028
3716 2 2 1 1 2028 2064 2065
3717 2 2 1 1 2028 2065 2029
3718 2 2 1 1 2029 2065 2066
3719 2 2 1 1 2029 2066 2030
3720 2 2 1 1 2030 2066 2067
3721 2 2 1 1 2030 2067 2031
3722 2 2 1 1 2031 2067 2068
3723 2 2 1 1 2031 2068 2032
3724 2 2 1 1 2032 2068 2069
3725 2 2 1 1 2032 2069 2033
3726 2 2 1 1 2033 2069 2070
3727 2 2 1 1 2033 2070 2034
3728 2 2 1 1 2034 2070 2071
3729 2 2 1 1 2034 2071 2035
3730 2 2 1 1 2035 2071 2072
3731 2 2 1 1 2035 2072 2036
3732 2 2 1 1 2036 2072 2073
3733 2 2 1 1 2036 2073 2037
3734 2 2 1 1 2037 2073 2074
3735 2 2 1 1 2037 2074 2038
3736 2 2 1 1 2038 2074 2075
3737 2 2 1 1 2038 2075 2039
3738 2 2 1 1 2039 2075 2076
3739 2 2 1 1 2039 2076 2040
3740 2 2 1 1 2040 2076 2077
3741 2 2 1 1 2040 2077 2041
3742 2 2 1 1 2041 2077 2078
3743 2 2 1 1 2041 2078 2042
3744 2 2 1 1 2042 2078 2079
3745 2 2 1 1 2042 2079 2043
3746 2 2 1 1 2043 2079 2080
3747 2 2 1 1 2043 2080 2044
3748 2 2 1 1 2044 2080 2081
3749 2 2 1 1 2044 2081 2045
3750 2 2 1 1 2045 2081 2082
3751 2 2 1 1 2045 2082 2046
3752 2 2 1 1 2046 2082 2083
3753 2 2 1 1 2046 2083 2047
3754 2 2 1 1 2047 2083 2084
3755 2 2 1 1 2047 2084 2048
3756 2 2 1 1 2048 2084 2085
3757 2 2 1 1 2048 2085 2049
3758 2 2 1 1 2049 2085 2086
3759 2 2 1 1 2049 2086 2050
3760 2 2 1 1 2050 2086 2087
3761 2 2 1 1 2050 2087 191
3762 2 2 1 1 191 2087 190
3763 2 2 1 1 55 56 2051
3764 2 2 1 1 2051 56 2088
3765 2 2 1 1 2051 2088 2052
3766 2 2 1 1 2052 2088 2089
3767 2 2 1 1 2052 2089 2053
3768 2 2 1 1 2053 2089 2090
3769 2 2 1 1 2053 2090 2054
3770 2 2 1 1 2054 2090 2091
3771 2 2 1 1 2054 2091 2055
3772 2 2 1 1 2055 2091 2092
3773 2 2 1 1 2055 2092 2056
3774 2 2 1 1 2056 2092 2093
3775 2 2 1 1 2056 2093 2057
3776 2 2 1 1 2057 2093 2094
3777 2 2 1 1 2057 2094 2058
3778 2 2 1 1 2058 2094 2095
3779 2 2 1 1 2058 2095 2059
3780 2 2 1 1 2059 2095 2096
3781 2 2 1 1 2059 2096 2060
3782 2 2 1 1 2060 2096 2097
3783 2 2 1 1 2060 2097 2061
3784 2 2 1 1 2061 2097 2098
3785 2 2 1 1 2061 2098 2062
3786 2 2 1 1 2062 2098 2099
3787 2 2 1 1 2062 2099 2063
3788 2 2 1 1 2063 2099 2100
3789 2 2 1 1 2063 2100 2064
3790 2 2 1 1 2064 2100 2101
3791 2 2 1 1 2064 2101 2065
3792 2 2 1 1 2065 2101 2102
3793 2 2 1 1 2065 2102 2066
3794 2 2 1 1 2066 2102 2103
3795 2 2 1 1 2066 2103 2067
3796 2 2 1 1 2067 2103 2104
3797 2 2 1 1 2067 2104 2068
3798 2 2 1 1 2068 2104 2105
3799 2 2 1 1 2068 2105 2069
3800 2 2 1 1 2069 2105 2106
3801 2 2 1 1 2069 2106 2070
3802 2 2 1 1 2070 2106 2107
3803 2 2 1 1 2070 2107 2071
3804 2 2 1 1 2071 2107 2108
3805 2 2 1 1 2071 2108 2072
3806 2 2 1 1 2072 2108 2109
3807 2 2 1 1 2072 2109 2073
3808 2 2 1 1 2073 2109 2110
3809 2 2 1 1 2073 2110 2074
3810 2 2 1 1 2074 2110 2111
3811 2 2 1 1 2074 2111 2075
3812 2 2 1 1 2075 2111 2112
3813 2 2 1 1 2075 2112 2076
3814 2 2 1 1 2076 2112 2113
3815 2 2 1 1 2076 2113 2077
3816 2 2 1 1 2077 2113 2114
3817 2 2 1 1 2077 2114 2078
3818 2 2 1 1 2078 2114 2115
3819 2 2 1 1 2078 2115 2079
3820 2 2 1 1 2079 2115 2116
3821 2 2 1 1 2079 2116 2080
3822 2 2 1 1 2080 2116 2117
3823 2 2 1 1 2080 2117 2081
3824 2 2 1 1 2081 2117 2118
3825 2 2 1 1 2081 2118 2082
3826 2 2 1 1 2082 2118 2119
3827 2 2 1 1 2082 2119 2083
3828 2 2 1 1 2083 2119 2120
3829 2 2 1 1 2083 2120 2084
3830 2 2 1 1 2084 2120 2121
3831 2 2 1 1 2084 2121 2085
3832 2 2 1 1 2085 2121 2122
3833 2 2 1 1 2085 2122 2086
3834 2 2 1 1 2086 2122 2123
3835 2 2 1 1 2086 2123 2087
3836 2 2 1 1 2087 2123 2124
3837 2 2 1 1 2087 2124 190
3838 2 2 1 1 190 2124 189
3839 2 2 1 1 56 57 2088
3840 2 2 1 1 2088 57 2125
3841 2 2 1 1 2088 2125 2089
3842 2 2 1 1 2089 2125 2126
3843 2 2 1 1 2089 2126 2090
3844 2 2 1 1 2090 2126 2127
3845 2 2 1 1 2090 2127 2091
3846 2 2 1 1 2091 2127 2128
3847 2 2 1 1 2091 2128 2092
3848 2 2 1 1 2092 2128 2129
3849 2 2 1 1 2092 2129 2093
3850 2 2 1 1 2093 2129 2130
3851 2 2 1 1 2093 2130 2094
3852 2 2 1 1 2094 2130 2131
3853 2 2 1 1 2094 2131 2095
3854 2 2 1 1 2095 2131 2132
3855 2 2 1 1 2095 2132 2096
3856 2 2 1 1 2096 2132 2133
3857 2 2 1 1 2096 2133 2097
3858 2 2 1 1 2097 2133 2134
3859 2 2 1 1 2097 2134 2098
3860 2 2 1 1 2098 2134 2135
3861 2 2 1 1 2098 2135 2099
3862 2 2 1 1 2099 2135 2136
3863 2 2 1 1 2099 2136 2100
3864 2 2 1 1 2100 2136 2137
3865 2 2 1 1 2100 2137 2101
3866 2 2 1 1 2101 2137 2138
3867 2 2 1 1 2101 2138 2102
3868 2 2 1 1 2102 2138 2139
3869 2 2 1 1 2102 2139 2103
3870 2 2 1 1 2103 2139 2140
3871 2 2 1 1 2103 2140 2104
3872 2 2 1 1 2104 2140 2141
3873 2 2 1 1 2104 2141 2105
3874 2 2 1 1 2105 2141 2142
3875 2 2 1 1 2105 2142 2106
3876 2 2 1 1 2106 2142 2143
3877 2 2 1 1 2106 2143 2107
3878 2 2 1 1 2107 2143 2144
3879 2 2 1 1 2107 2144 2108
3880 2 2 1 1 2108 2144 2145
3881 2 2 1 1 2108 2145 2109
3882 2 2 1 1 2109 2145 2146
3883 2 2 1 1 2109 2146 2110
3884 2 2 1 1 2110 2146 2147
3885 2 2 1 1 2110 2147 2111
3886 2 2 1 1 2111 2147 2148
3887 2 2 1 1 2111 2148 2112
3888 2 2 1 1 2112 2148 2149
3889 2 2 1 1 2112 2149 2113
3890 2 2 1 1 2113 2149 2150
3891 2 2 1 1 2113 2150 2114
3892 2 2 1 1 2114 2150 2151
3893 2 2 1 1 2114 2151 2115
3894 2 2 1 1 2115 2151 2152
3895 2 2 1 1 2115 2152 2116
3896 2 2 1 1 2116 2152 2153
3897 2 2 1 1 2116 2153 2117
3898 2 2 1 1 2117 2153 2154
3899 2 2 1 1 2117 2154 2118
3900 2 2 1 1 2118 2154 2155
3901 2 2 1 1 2118 2155 2119
3902 2 2 1 1 2119 2155 2156
3903 2 2 1 1 2119 2156 2120
3904 2 2 1 1 2120 2156 2157
3905 2 2 1 1 2120 2157 2121
3906 2 2 1 1 2121 2157 2158
3907 2 2 1 1 2121 2158 2122
3908 2 2 1 1 2122 2158 2159
3909 2 2 1 1 2122 2159 2123
3910 2 2 1 1 2123 2159 2160
3911 2 2 1 1 2123 2160 2124
3912 2 2 1 1 2124 2160 2161
3913 2 2 1 1 2124 2161 189
3914 2 2 1 1 189 2161 188
3915 2 2 1 1 57 58 2125
3916 2 2 1 1 2125 58 2162
3917 2 2 1 1 2125 2162 2126
3918 2 2 1 1 2126 2162 2163
3919 2 2 1 1 2126 2163 2127
3920 2 2 1 1 2127 2163 2164
3921 2 2 1 1 2127 2164 2128
3922 2 2 1 1 2128 2164 2165
3923 2 2 1 1 2128 2165 2129
3924 2 2 1 1 2129 2165 2166
3925 2 2 1 1 2129 2166 2130
3926 2 2 1 1 2130 2166 2167
3927 2 2 1 1 2130 2167 2131
3928 2 2 1 1 2131 2167 2168
3929 2 2 1 1 2131 2168 2132
3930 2 2 1 1 2132 2168 2169
3931 2 2 1 1 2132 2169 2133
3932 2 2 1 1 2133 2169 2170
3933 2 2 1 1 2133 2170 2134
3934 2 2 1 1 2134 2170 2171
3935 2 2 1 1 2134 2171 2135
3936 2 2 1 1 2135 2171 2172
3937 2 2 1 1 2135 2172 2136
3938 2 2 1 1 2136 2172 2173
3939 2 2 1 1 2136 2173 2137
3940 2 2 1 1 2137 2173 2174
3941 2 2 1 1 2137 2174 2138
3942 2 2 1 1 2138 2174 2175
3943 2 2 1 1 2138 2175 2139
3944 2 2 1 1 2139 2175 2176
3945 2 2 1 1 2139 2176 2140
3946 2 2 1 1 2140 2176 2177
3947 2 2 1 1 2140 2177 2141
3948 2 2 1 1 2141 2177 2178
3949 2 2 1 1 2141 2178 2142
3950 2 2 1 1 2142 2178 2179
3951 2 2 1 1 2142 2179 2143
3952 2 2 1 1 2143 2179 2180
3953 2 2 1 1 2143 2180 2144
3954 2 2 1 1 2144 2180 2181
3955 2 2 1 1 2144 2181 2145
3956 2 2 1 1 2145 2181 2182
3957 2 2 1 1 2145 2182 2146
3958 2 2 1 1 2146 2182 2183
3959 2 2 1 1 2146 2183 2147
3960 2 2 1 1 2147 2183 2184
3961 2 2 1 1 2147 2184 2148
3962 2 2 1 1 2148 2184 2185
3963 2 2 1 1 2148 2185 2149
3964 2 2 1 1 2149 2185 2186
3965 2 2 1 1 2149 2186 2150
3966 2 2 1 1 2150 2186 2187
3967 2 2 1 1 2150 2187 2151
3968 2 2 1 1 2151 2187 2188
3969 2 2 1 1 2151 2188 2152
3970 2 2 1 1 2152 2188 2189
3971 2 2 1 1 2152 2189 2153
3972 2 2 1 1 2153 2189 2190
3973 2 2 1 1 2153 2190 2154
3974 2 2 1 1 2154 2190 2191
3975 2 2 1 1 2154 2191 2155
3976 2 2 1 1 2155 2191 2192
3977 2 2 1 1 2155 2192 2156
3978 2 2 1 1 2156 2192 2193
3979 2 2 1 1 2156 2193 2157
3980 2 2 1 1 2157 2193 2194
3981 2 2 1 1 2157 2194 2158
3982 2 2 1 1 2158 2194 2195
3983 2 2 1 1 2158 2195 2159
3984 2 2 1 1 2159 2195 2196
3985 2 2 1 1 2159 2196 2160
3986 2 2 1 1 2160 2196 2197
3987 2 2 1 1 2160 2197 2161
3988 2 2 1 1 2161 2197 2198
3989 2 2 1 1 2161 2198 188
3990 2 2 1 1 188 2198 187
3991 2 2 1 1 58 59 2162
3992 2 2 1 1 2162 59 2199
3993 2 2 1 1 2162 2199 2163
3994 2 2 1 1 2163 2199 2200
3995 2 2 1 1 2163 2200 2164
3996 2 2 1 1 2164 2200 2201
3997 2 2 1 1 2164 2201 2165
3998 2 2 1 1 2165 2201 2202
3999 2 2 1 1 2165 2202 2166
4000 2 2 1 1 2166 2202 2203
4001 2 2 1 1 2166 2203 2167
4002 2 2 1 1 2167 2203 2204
4003 2 2 1 1 2167 2204 2168
4004 2 2 1 1 2168 2204 2205
4005 2 2 1 1 2168 2205 2169
4006 2 2 1 1 2169 2205 2206
4007 2 2 1 1 2169 2206 2170
4008 2 2 1 1 2170 2206 2207
4009 2 2 1 1 2170 2207 2171
4010 2 2 1 1 2171 2207 2208
4011 2 2 1 1 2171 2208 2172
4012 2 2 1 1 2172 2208 2209
4013 2 2 1 1 2172 2209 2173
4014 2 2 1 1 2173 2209 2210
4015 2 2 1 1 2173 2210 2174
4016 2 2 1 1 2174 2210 2211
4017 2 2 1 1 2174 2211 2175
4018 2 2 1 1 2175 2211 2212
4019 2 2 1 1 2175 2212 2176
4020 2 2 1 1 2176 2212 2213
4021 2 2 1 1 2176 2213 2177
4022 2 2 1 1 2177 2213 2214
4023 2 2 1 1 2177 2214 2178
4024 2 2 1 1 2178 2214 2215
4025 2 2 1 1 2178 2215 2179
4026 2 2 1 1 2179 2215 2216
4027 2 2 1 1 2179 2216 2180
4028 2 2 1 1 2180 2216 2217
4029 2 2 1 1 2180 2217 2181
4030 2 2 1 1 2181 2217 2218
4031 2 2 1 1 2181 2218 2182
4032 2 2 1 1 2182 2218 2219
4033 2 2 1 1 2182 2219 2183
4034 2 2 1 1 2183 2219 2220
4035 2 2 1 1 2183 2220 2184
4036 2 2 1 1 2184 2220 2221
4037 2 2 1 1 2184 2221 2185
4038 2 2 1 1 2185 2221 2222
4039 2 2 1 1 2185 2222 2186
4040 2 2 1 1 2186 2222 2223
4041 2 2 1 1 2186 2223 2187
4042 2 2 1 1 2187 2223 2224
4043 2 2 1 1 2187 2224 2188
4044 2 2 1 1 2188 2224 2225
4045 2 2 1 1 2188 2225 2189
4046 2 2 1 1 2189 2225 2226
4047 2 2 1 1 2189 2226 2190
4048 2 2 1 1 2190 2226 2227
4049 2 2 1 1 2190 2227 2191
4050 2 2 1 1 2191 2227 2228
4051 2 2 1 1 2191 2228 2192
4052 2 2 1 1 2192 2228 2229
4053 2 2 1 1 2192 2229 2193
4054 2 2 1 1 2193 2229 2230
4055 2 2 1 1 2193 2230 2194
4056 2 2 1 1 2194 2230 2231
4057 2 2 1 1 2194 2231 2195
4058 2 2 1 1 2195 2231 2232
4059 2 2 1 1 2195 2232 2196
4060 2 2 1 1 2196 2232 2233
4061 2 2 1 1 2196 2233 2197
4062 2 2 1 1 2197 2233 2234
4063 2 2 1 1 2197 2234 2198
4064 2 2 1 1 2198 2234 2235
4065 2 2 1 1 2198 2235 187
4066 2 2 1 1 187 2235 186
4067 2 2 1 1 59 60 2199
4068 2 2 1 1 2199 60 2236
4069 2 2 1 1 2199 2236 2200
4070 2 2 1 1 2200 2236 2237
4071 2 2 1 1 2200 2237 2201
4072 2 2 1 1 2201 2237 2238
4073 2 2 1 1 2201 2238 2202
4074 2 2 1 1 2202 2238 2239
4075 2 2 1 1 2202 2239 2203
4076 2 2 1 1 2203 2239 2240
4077 2 2 1 1 2203 2240 2204
4078 2 2 1 1 2204 2240 2241
4079 2 2 1 1 2204 2241 2205
4080 2 2 1 1 2205 2241 2242
4081 2 2 1 1 2205 2242 2206
4082 2 2 1 1 2206 2242 2243
4083 2 2 1 1 2206 2243 2207
4084 2 2 1 1 2207 2243 2244
4085 2 2 1 1 2207 2244 2208
4086 2 2 1 1 2208 2244 2245
4087 2 2 1 1 2208 2245 2209
4088 2 2 1 1 2209 2245 2246
4089 2 2 1 1 2209 2246 2210
4090 2 2 1 1 2210 2246 2247
4091 2 2 1 1 2210 2247 2211
4092 2 2 1 1 2211 2247 2248
4093 2 2 1 1 2211 2248 2212
4094 2 2 1 1 2212 2248 2249
4095 2 2 1 1 2212 2249 2213
4096 2 2 1 1 2213 2249 2250
4097 2 2 1 1 2213 2250 2214
4098 2 2 1 1 2214 2250 2251
4099 2 2 1 1 2214 2251 2215
4100 2 2 1 1 2215 2251 2252
4101 2 2 1 1 2215 2252 2216
4102 2 2 1 1 2216 2252 2253
4103 2 2 1 1 2216 2253 2217
4104 2 2 1 1 2217 2253 2254
4105 2 2 1 1 2217 2254 2218
4106 2 2 1 1 2218 2254 2255
4107 2 2 1 1 2218 2255 2219
4108 2 2 1 1 2219 2255 2256
4109 2 2 1 1 2219 2256 2220
4110 2 2 1 1 2220 2256 2257
4111 2 2 1 1 2220 2257 2221
4112 2 2 1 1 2221 2257 2258
4113 2 2 1 1 2221 2258 2222
4114 2 2 1 1 2222 2258 2259
4115 2 2 1 1 2222 2259 2223
4116 2 2 1 1 2223 2259 2260
4117 2 2 1 1 2223 2260 2224
4118 2 2 1 1 2224 2260 2261
4119 2 2 1 1 2224 2261 2225
4120 2 2 1 1 2225 2261 2262
4121 2 2 1 1 2225 2262 2226
4122 2 2 1 1 2226 2262 2263
4123 2 2 1 1 2226 2263 2227
4124 2 2 1 1 2227 2263 2264
4125 2 2 1 1 2227 2264 2228
4126 2 2 1 1 2228 2264 2265
4127 2 2 1 1 2228 2265 2229
4128 2 2 1 1 2229 2265 2266
4129 2 2 1 1 2229 2266 2230
4130 2 2 1 1 2230 2266 2267
4131 2 2 1 1 2230 2267 2231
4132 2 2 1 1 2231 2267 2268
4133 2 2 1 1 2231 2268 2232
4134 2 2 1 1 2232 2268 2269
4135 2 2 1 1 2232 2269 2233
4136 2 2 1 1 2233 2269 2270
4137 2 2 1 1 2233 2270 2234
4138 2 2 1 1 2234 2270 2271
4139 2 2 1 1 2234 2271 2235
4140 2 2 1 1 2235 2271 2272
4141 2 2 1 1 2235 2272 186
4142 2 2 1 1 186 2272 185
4143 2 2 1 1 60 61 2236
4144 2 2 1 1 2236 61 2273
4145 2 2 1 1 2236 2273 2237
4146 2 2 1 1 2237 2273 2274
4147 2 2 1 1 2237 2274 2238
4148 2 2 1 1 2238 2274 2275
4149 2 2 1 1 2238 2275 2239
4150 2 2 1 1 2239 2275 2276
4151 2 2 1 1 2239 2276 2240
4152 2 2 1 1 2240 2276 2277
4153 2 2 1 1 2240 2277 2241
4154 2 2 1 1 2241 2277 2278
4155 2 2 1 1 2241 2278 2242
4156 2 2 1 1 2242 2278 2279
4157 2 2 1 1 2242 2279 2243
4158 2 2 1 1 2243 2279 2280
4159 2 2 1 1 2243 2280 2244
4160 2 2 1 1 2244 2280 2281
4161 2 2 1 1 2244 2281 2245
4162 2 2 1 1 2245 2281 2282
4163 2 2 1 1 2245 2282 2246
4164 2 2 1 1 2246 2282 2283
4165 2 2 1 1 2246 2283 2247
4166 2 2 1 1 2247 2283 2284
4167 2 2 1 1 2247 2284 2248
4168 2 2 1 1 2248 2284 2285
4169 2 2 1 1 2248 2285 2249
4170 2 2 1 1 2249 2285 2286
4171 2 2 1 1 2249 2286 2250
4172 2 2 1 1 2250 2286 2287
4173 2 2 1 1 2250 2287 2251
4174 2 2 1 1 2251 2287 2288
4175 2 2 1 1 2251 2288 2252
4176 2 2 1 1 2252 2288 2289
4177 2 2 1 1 2252 2289 2253
4178 2 2 1 1 2253 2289 2290
4179 2 2 1 1 2253 2290 2254
4180 2 2 1 1 2254 2290 2291
4181 2 2 1 1 2254 2291 2255
4182 2 2 1 1 2255 2291 2292
4183 2 2 1 1 2255 2292 2256
4184 2 2 1 1 2256 2292 2293
4185 2 2 1 1 2256 2293 2257
4186 2 2 1 1 2257 2293 2294
4187 2 2 1 1 2257 2294 2258
4188 2 2 1 1 2258 2294 2295
4189 2 2 1 1 2258 2295 2259
4190 2 2 1 1 2259 2295 2296
4191 2 2 1 1 2259 2296 2260
4192 2 2 1 1 2260 2296 2297
4193 2 2 1 1 2260 2297 2261
4194 2 2 1 1 2261 2297 2298
4195 2 2 1 1 2261 2298 2262
4196 2 2 1 1 2262 2298 2299
4197 2 2 1 1 2262 2299 2263
4198 2 2 1 1 2263 2299 2300
4199 2 2 1 1 2263 2300 2264
4200 2 2 1 1 2264 2300 2301
4201 2 2 1 1 2264 2301 2265
4202 2 2 1 1 2265 2301 2302
4203 2 2 1 1 2265 2302 2266
4204 2 2 1 1 2266 2302 2303
4205 2 2 1 1 2266 2303 2267
4206 2 2 1 1 2267 2303 2304
4207 2 2 1 1 2267 2304 2268
4208 2 2 1 1 2268 2304 2305
4209 2 2 1 1 2268 2305 2269
4210 2 2 1 1 2269 2305 2306
4211 2 2 1 1 2269 2306 2270
4212 2 2 1 1 2270 2306 2307
4213 2 2 1 1 2270 2307 2271
4214 2 2 1 1 2271 2307 2308
4215 2 2 1 1 2271 2308 2272
4216 2 2 1 1 2272 2308 2309
4217 2 2 1 1 2272 2309 185
4218 2 2 1 1 185 2309 184
4219 2 2 1 1 61 62 2273
4220 2 2 1 1 2273 62 2310
4221 2 2 1 1 2273 2310 2274
4222 2 2 1 1 2274 2310 2311
4223 2 2 1 1 2274 2311 2275
4224 2 2 1 1 2275 2311 2312
4225 2 2 1 1 2275 2312 2276
4226 2 2 1 1 2276 2312 2313
4227 2 2 1 1 2276 2313 2277
4228 2 2 1 1 2277 2313 2314
4229 2 2 1 1 2277 2314 2278
4230 2 2 1 1 2278 2314 2315
4231 2 2 1 1 2278 2315 2279
4232 2 2 1 1 2279 2315 2316
4233 2 2 1 1 2279 2316 2280
4234 2 2 1 1 2280 2316 2317
4235 2 2 1 1 2280 2317 2281
4236 2 2 1 1 2281 2317 2318
4237 2 2 1 1 2281 2318 2282
4238 2 2 1 1 2282 2318 2319
4239 2 2 1 1 2282 2319 2283
4240 2 2 1 1 2283 2319 2320
4241 2 2 1 1 2283 2320 2284
4242 2 2 1 1 2284 2320 2321
4243 2 2 1 1 2284 2321 2285
4244 2 2 1 1 2285 2321 2322
4245 2 2 1 1 2285 2322 2286
4246 2 2 1 1 2286 2322 2323
4247 2 2 1 1 2286 2323 2287
4248 2 2 1 1 2287 2323 2324
4249 2 2 1 1 2287 2324 2288
4250 2 2 1 1 2288 2324 2325
4251 2 2 1 1 2288 2325 2289
4252 2 2 1 1 2289 2325 2326
4253 2 2 1 1 2289 2326 2290
4254 2 2 1 1 2290 2326 2327
4255 2 2 1 1 2290 2327 2291
4256 2 2 1 1 2291 2327 2328
4257 2 2 1 1 2291 2328 2292
4258 2 2 1 1 2292 2328 2329
4259 2 2 1 1 2292 2329 2293
4260 2 2 1 1 2293 2329 2330
4261 2 2 1 1 2293 2330 2294
4262 2 2 1 1 2294 2330 2331
4263 2 2 1 1 2294 2331 2295
4264 2 2 1 1 2295 2331 2332
4265 2 2 1 1 2295 2332 2296
4266 2 2 1 1 2296 2332 2333
4267 2 2 1 1 2296 2333 2297
4268 2 2 1 1 2297 2333 2334
4269 2 2 1 1 2297 2334 2298
4270 2 2 1 1 2298 2334 2335
4271 2 2 1 1 2298 2335 2299
4272 2 2 1 1 2299 2335 2336
4273 2 2 1 1 2299 2336 2300
4274 2 2 1 1 2300 2336 2337
4275 2 2 1 1 2300 2337 2301
4276 2 2 1 1 2301 2337 2338
4277 2 2 1 1 2301 2338 2302
4278 2 2 1 1 2302 2338 2339
4279 2 2 1 1 2302 2339 2303
4280 2 2 1 1 2303 2339 2340
4281 2 2 1 1 2303 2340 2304
4282 2 2 1 1 2304 2340 2341
4283 2 2 1 1 2304 2341 2305
4284 2 2 1 1 2305 2341 2342
4285 2 2 1 1 2305 2342 2306
4286 2 2 1 1 2306 2342 2343
4287 2 2 1 1 2306 2343 2307
4288 2 2 1 1 2307 2343 2344
4289 2 2 1 1 2307 2344 2308
4290 2 2 1 1 2308 2344 2345
4291 2 2 1 1 2308 2345 2309
4292 2 2 1 1 2309 2345 2346
4293 2 2 1 1 2309 2346 184
4294 2 2 1 1 184 2346 183
4295 2 2 1 1 62 63 2310
4296 2 2 1 1 2310 63 2347
4297 2 2 1 1 2310 2347 2311
4298 2 2 1 1 2311 2347 2348
4299 2 2 1 1 2311 2348 2312
4300 2 2 1 1 2312 2348 2349
4301 2 2 1 1 2312 2349 2313
4302 2 2 1 1 2313 2349 2350
4303 2 2 1 1 2313 2350 2314
4304 2 2 1 1 2314 2350 2351
4305 2 2 1 1 2314 2351 2315
4306 2 2 1 1 2315 2351 2352
4307 2 2 1 1 2315 2352 2316
4308 2 2 1 1 2316 2352 2353
4309 2 2 1 1 2316 2353 2317
4310 2 2 1 1 2317 2353 2354
4311 2 2 1 1 2317 2354 2318
4312 2 2 1 1 2318 2354 2355
4313 2 2 1 1 2318 2355 2319
4314 2 2 1 1 2319 2355 2356
4315 2 2 1 1 2319 2356 2320
4316 2 2 1 1 2320 2356 2357
4317 2 2 1 1 2320 2357 2321
4318 2 2 1 1 2321 2357 2358
4319 2 2 1 1 2321 2358 2322
4320 2 2 1 1 2322 2358 2359
4321 2 2 1 1 2322 2359 2323
4322 2 2 1 1 2323 2359 2360
4323 2 2 1 1 2323 2360 2324
4324 2 2 1 1 2324 2360 2361
4325 2 2 1 1 2324 2361 2325
4326 2 2 1 1 2325 2361 2362
4327 2 2 1 1 2325 2362 2326
4328 2 2 1 1 2326 2362 2363
4329 2 2 1 1 2326 2363 2327
4330 2 2 1 1 2327 2363 2364
4331 2 2 1 1 2327 2364 2328
4332 2 2 1 1 2328 2364 2365
4333 2 2 1 1 2328 2365 2329
4334 2 2 1 1 2329 2365 2366
4335 2 2 1 1 2329 2366 2330
4336 2 2 1 1 2330 2366 2367
4337 2 2 1 1 2330 2367 2331
4338 2 2 1 1 2331 2367 2368
4339 2 2 1 1 2331 2368 2332
4340 2 2 1 1 2332 2368 2369
4341 2 2 1 1 2332 2369 2333
4342 2 2 1 1 2333 2369 2370
4343 2 2 1 1 2333 2370 2334
4344 2 2 1 1 2334 2370 2371
4345 2 2 1 1 2334 2371 2335
4346 2 2 1 1 2335 2371 2372
4347 2 2 1 1 2335 2372 2336
4348 2 2 1 1 2336 2372 2373
4349 2 2 1 1 2336 2373 2337
4350 2 2 1 1 2337 2373 2374
4351 2 2 1 1 2337 2374 2338
4352 2 2 1 1 2338 2374 2375
4353 2 2 1 1 2338 2375 2339
4354 2 2 1 1 2339 2375 2376
4355 2 2 1 1 2339 2376 2340
4356 2 2 1 1 2340 2376 2377
4357 2 2 1 1 2340 2377 2341
4358 2 2 1 1 2341 2377 2378
4359 2 2 1 1 2341 2378 2342
4360 2 2 1 1 2342 2378 2379
4361 2 2 1 1 2342 2379 2343
4362 2 2 1 1 2343 2379 2380
4363 2 2 1 1 2343 2380 2344
4364 2 2 1 1 2344 2380 2381
4365 2 2 1 1 2344 2381 2345
4366 2 2 1 1 2345 2381 2382
4367 2 2 1 1 2345 2382 2346
4368 2 2 1 1 2346 2382 2383
4369 2 2 1 1 2346 2383 183
4370 2 2 1 1 183 2383 182
4371 2 2 1 1 63 64 2347
4372 2 2 1 1 2347 64 2384
4373 2 2 1 1 2347 2384 2348
4374 2 2 1 1 2348 2384 2385
4375 2 2 1 1 2348 2385 2349
4376 2 2 1 1 2349 2385 2386
4377 2 2 1 1 2349 2386 2350
4378 2 2 1 1 2350 2386 2387
4379 2 2 1 1 2350 2387 2351
4380 2 2 1 1 2351 2387 2388
4381 2 2 1 1 2351 2388 2352
4382 2 2 1 1 2352 2388 2389
4383 2 2 1 1 2352 2389 2353
4384 2 2 1 1 2353 2389 2390
4385 2 2 1 1 2353 2390 2354
4386 2 2 1 1 2354 2390 2391
4387 2 2 1 1 2354 2391 2355
4388 2 2 1 1 2355 2391 2392
4389 2 2 1 1 2355 2392 2356
4390 2 2 1 1 2356 2392 2393
4391 2 2 1 1 2356 2393 2357
4392 2 2 1 1 2357 2393 2394
4393 2 2 1 1 2357 2394 2358
4394 2 2 1 1 2358 2394 2395
4395 2 2 1 1 2358 2395 2359
4396 2 2 1 1 2359 2395 2396
4397 2 2 1 1 2359 2396 2360
4398 2 2 1 1 2360 2396 2397
4399 2 2 1 1 2360 2397 2361
4400 2 2 1 1 2361 2397 2398
4401 2 2 1 1 2361 2398 2362
4402 2 2 1 1 2362 2398 2399
4403 2 2 1 1 2362 2399 2363
4404 2 2 1 1 2363 2399 2400
4405 2 2 1 1 2363 2400 2364
4406 2 2 1 1 2364 2400 2401
4407 2 2 1 1 2364 2401 2365
4408 2 2 1 1 2365 2401 2402
4409 2 2 1 1 2365 2402 2366
4410 2 2 1 1 2366 2402 2403
4411 2 2 1 1 2366 2403 2367
4412 2 2 1 1 2367 2403 2404
4413 2 2 1 1 2367 2404 2368
4414 2 2 1 1 2368 2404 2405
4415 2 2 1 1 2368 2405 2369
4416 2 2 1 1 2369 2405 2406
4417 2 2 1 1 2369 2406 2370
4418 2 2 1 1 2370 2406 2407
4419 2 2 1 1 2370 2407 2371
4420 2 2 1 1 2371 2407 2408
4421 2 2 1 1 2371 2408 2372
4422 2 2 1 1 2372 2408 2409
4423 2 2 1 1 2372 2409 2373
4424 2 2 1 1 2373 2409 2410
4425 2 2 1 1 2373 2410 2374
4426 2 2 1 1 2374 2410 2411
4427 2 2 1 1 2374 2411 2375
4428 2 2 1 1 2375 2411 2412
4429 2 2 1 1 2375 2412 2376
4430 2 2 1 1 2376 2412 2413
4431 2 2 1 1 2376 2413 2377
4432 2 2 1 1 2377 2413 2414
4433 2 2 1 1 2377 2414 2378
4434 2 2 1 1 2378 2414 2415
4435 2 2 1 1 2378 2415 2379
4436 2 2 1 1 2379 2415 2416
4437 2 2 1 1 2379 2416 2380
4438 2 2 1 1 2380 2416 2417
4439 2 2 1 1 2380 2417 2381
4440 2 2 1 1 2381 2417 2418
4441 2 2 1 1 2381 2418 2382
4442 2 2 1 1 2382 2418 2419
4443 2 2 1 1 2382 2419 2383
4444 2 2 1 1 2383 2419 2420
4445 2 2 1 1 2383 2420 182
4446 2 2 1 1 182 2420 181
4447 2 2 1 1 64 65 2384
4448 2 2 1 1 2384 65 2421
4449 2 2 1 1 2384 2421 2385
4450 2 2 1 1 2385 2421 2422
4451 2 2 1 1 2385 2422 2386
4452 2 2 1 1 2386 2422 2423
4453 2 2 1 1 2386 2423 2387
4454 2 2 1 1 2387 2423 2424
4455 2 2 1 1 2387 2424 2388
4456 2 2 1 1 2388 2424 2425
4457 2 2 1 1 2388 2425 2389
4458 2 2 1 1 2389 2425 2426
4459 2 2 1 1 2389 2426 2390
4460 2 2 1 1 2390 2426 2427
4461 2 2 1 1 2390 2427 2391
4462 2 2 1 1 2391 2427 2428
4463 2 2 1 1 2391 2428 2392
4464 2 2 1 1 2392 2428 2429
4465 2 2 1 1 2392 2429 2393
4466 2 2 1 1 2393 2429 2430
4467 2 2 1 1 2393 2430 2394
4468 2 2 1 1 2394 2430 2431
4469 2 2 1 1 2394 2431 2395
4470 2 2 1 1 2395 2431 2432
4471 2 2 1 1 2395 2432 2396
4472 2 2 1 1 2396 2432 2433
4473 2 2 1 1 2396 2433 2397
4474 2 2 1 1 2397 2433 2434
4475 2 2 1 1 2397 2434 2398
4476 2 2 1 1 2398 2434 2435
4477 2 2 1 1 2398 2435 2399
4478 2 2 1 1 2399 2435 2436
4479 2 2 1 1 2399 2436 2400
4480 2 2 1 1 2400 2436 2437
4481 2 2 1 1 2400 2437 2401
4482 2 2 1 1 2401 2437 2438
4483 2 2 1 1 2401 2438 2402
4484 2 2 1 1 2402 2438 2439
4485 2 2 1 1 2402 2439 2403
4486 2 2 1 1 2403 2439 2440
4487 2 2 1 1 2403 2440 2404
4488 2 2 1 1 2404 2440 2441
4489 2 2 1 1 2404 2441 2405
4490 2 2 1 1 2405 2441 2442
4491 2 2 1 1 2405 2442 2406
4492 2 2 1 1 2406 2442 2443
4493 2 2 1 1 2406 2443 2407
4494 2 2 1 1 2407 2443 2444
4495 2 2 1 1 2407 2444 2408
4496 2 2 1 1 2408 2444 2445
4497 2 2 1 1 2408 2445 2409
4498 2 2 1 1 2409 2445 2446
4499 2 2 1 1 2409 2446 2410
4500 2 2 1 1 2410 2446 2447
4501 2 2 1 1 2410 2447 2411
4502 2 2 1 1 2411 2447 2448
4503 2 2 1 1 2411 2448 2412
4504 2 2 1 1 2412 2448 2449
4505 2 2 1 1 2412 2449 2413
4506 2 2 1 1 2413 2449 2450
4507 2 2 1 1 2413 2450 2414
4508 2 2 1 1 2414 2450 2451
4509 2 2 1 1 2414 2451 2415
4510 2 2 1 1 2415 2451 2452
4511 2 2 1 1 2415 2452 2416
4512 2 2 1 1 2416 2452 2453
4513 2 2 1 1 2416 2453 2417
4514 2 2 1 1 2417 2453 2454
4515 2 2 1 1 2417 2454 2418
4516 2 2 1 1 2418 2454 2455
4517 2 2 1 1 2418 2455 2419
4518 2 2 1 1 2419 2455 2456
4519 2 2 1 1 2419 2456 2420
4520 2 2 1 1 2420 2456 2457
4521 2 2 1 1 2420 2457 181
4522 2 2 1 1 181 2457 180
4523 2 2 1 1 65 66 2421
4524 2 2 1 1 2421 66 2458
4525 2 2 1 1 2421 2458 2422
4526 2 2 1 1 2422 2458 2459
4527 2 2 1 1 2422 2459 2423
4528 2 2 1 1 2423 2459 2460
4529 2 2 1 1 2423 2460 2424
4530 2 2 1 1 2424 2460 2461
4531 2 2 1 1 2424 2461 2425
4532 2 2 1 1 2425 2461 2462
4533 2 2 1 1 2425 2462 2426
4534 2 2 1 1 2426 2462 2463
4535 2 2 1 1 2426 2463 2427
4536 2 2 1 1 2427 2463 2464
4537 2 2 1 1 2427 2464 2428
4538 2 2 1 1 2428 2464 2465
4539 2 2 1 1 2428 2465 2429
4540 2 2 1 1 2429 2465 2466
4541 2 2 1 1 2429 2466 2430
4542 2 2 1 1 2430 2466 2467
4543 2 2 1 1 2430 2467 2431
4544 2 2 1 1 2431 2467 2468
4545 2 2 1 1 2431 2468 2432
4546 2 2 1 1 2432 2468 2469
4547 2 2 1 1 2432 2469 2433
4548 2 2 1 1 2433 2469 2470
4549 2 2 1 1 2433 2470 2434
4550 2 2 1 1 2434 2470 2471
4551 2 2 1 1 2434 2471 2435
4552 2 2 1 1 2435 2471 2472
4553 2 2 1 1 2435 2472 2436
4554 2 2 1 1 2436 2472 2473
4555 2 2 1 1 2436 2473 2437
4556 2 2 1 1 2437 2473 2474
4557 2 2 1 1 2437 2474 2438
4558 2 2 1 1 2438 2474 2475
4559 2 2 1 1 2438 2475 2439
4560 2 2 1 1 2439 2475 2476
4561 2 2 1 1 2439 2476 2440
4562 2 2 1 1 2440 2476 2477
4563 2 2 1 1 2440 2477 2441
4564 2 2 1 1 2441 2477 2478
4565 2 2 1 1 2441 2478 2442
4566 2 2 1 1 2442 2478 2479
4567 2 2 1 1 2442 2479 2443
4568 2 2 1 1 2443 2479 2480
4569 2 2 1 1 2443 2480 2444
4570 2 2 1 1 2444 2480 2481
4571 2 2 1 1 2444 2481 2445
4572 2 2 1 1 2445 2481 2482
4573 2 2 1 1 2445 2482 2446
4574 2 2 1 1 2446 2482 2483
4575 2 2 1 1 2446 2483 2447
4576 2 2 1 1 2447 2483 2484
4577 2 2 1 1 2447 2484 2448
4578 2 2 1 1 2448 2484 2485
4579 2 2 1 1 2448 2485 2449
4580 2 2 1 1 2449 2485 2486
4581 2 2 1 1 2449 2486 2450
4582 2 2 1 1 2450 2486 2487
4583 2 2 1 1 2450 2487 2451
4584 2 2 1 1 2451 2487 2488
4585 2 2 1 1 2451 2488 2452
4586 2 2 1 1 2452 2488 2489
4587 2 2 1 1 2452 2489 2453
4588 2 2 1 1 2453 2489 2490
4589 2 2 1 1 2453 2490 2454
4590 2 2 1 1 2454 2490 2491
4591 2 2 1 1 2454 2491 2455
4592 2 2 1 1 2455 2491 2492
4593 2 2 1 1 2455 2492 2456
4594 2 2 1 1 2456 2492 2493
4595 2 2 1 1 2456 2493 2457
4596 2 2 1 1 2457 2493 2494
4597 2 2 1 1 2457 2494 180
4598 2 2 1 1 180 2494 179
4599 2 2 1 1 66 67 2458
4600 2 2 1 1 2458 67 2495
4601 2 2 1 1 2458 2495 2459
4602 2 2 1 1 2459 2495 2496
4603 2 2 1 1 2459 2496 2460
4604 2 2 1 1 2460 2496 2497
4605 2 2 1 1 2460 2497 2461
4606 2 2 1 1 2461 2497 2498
4607 2 2 1 1 2461 2498 2462
4608 2 2 1 1 2462 2498 2499
4609 2 2 1 1 2462 2499 2463
4610 2 2 1 1 2463 2499 2500
4611 2 2 1 1 2463 2500 2464
4612 2 2 1 1 2464 2500 2501
4613 2 2 1 1 2464 2501 2465
4614 2 2 1 1 2465 2501 2502
4615 2 2 1 1 2465 2502 2466
4616 2 2 1 1 2466 2502 2503
4617 2 2 1 1 2466 2503 2467
4618 2 2 1 1 2467 2503 2504
4619 2 2 1 1 2467 2504 2468
4620 2 2 1 1 2468 2504 2505
4621 2 2 1 1 2468 2505 2469
4622 2 2 1 1 2469 2505 2506
4623 2 2 1 1 2469 2506 2470
4624 2 2 1 1 2470 2506 2507
4625 2 2 1 1 2470 2507 2471
4626 2 2 1 1 2471 2507 2508
4627 2 2 1 1 2471 2508 2472
4628 2 2 1 1 2472 2508 2509
4629 2 2 1 1 2472 2509 2473
4630 2 2 1 1 2473 2509 2510
4631 2 2 1 1 2473 2510 2474
4632 2 2 1 1 2474 2510 2511
4633 2 2 1 1 2474 2511 2475
4634 2 2 1 1 2475 2511 2512
4635 2 2 1 1 2475 2512 2476
4636 2 2 1 1 2476 2512 2513
4637 2 2 1 1 2476 2513 2477
4638 2 2 1 1 2477 2513 2514
4639 2 2 1 1 2477 2514 2478
4640 2 2 1 1 2478 2514 2515
4641 2 2 1 1 2478 2515 2479
4642 2 2 1 1 2479 2515 2516
4643 2 2 1 1 2479 2516 2480
4644 2 2 1 1 2480 2516 2517
4645 2 2 1 1 2480 2517 2481
4646 2 2 1 1 2481 2517 2518
4647 2 2 1 1 2481 2518 2482
4648 2 2 1 1 2482 2518 2519
4649 2 2 1 1 2482 2519 2483
4650 2 2 1 1 2483 2519 2520
4651 2 2 1 1 2483 2520 2484
4652 2 2 1 1 2484 2520 2521
4653 2 2 1 1 2484 2521 2485
4654 2 2 1 1 2485 2521 2522
4655 2 2 1 1 2485 2522 2486
4656 2 2 1 1 2486 2522 2523
4657 2 2 1 1 2486 2523 2487
4658 2 2 1 1 2487 2523 2524
4659 2 2 1 1 2487 2524 2488
4660 2 2 1 1 2488 2524 2525
4661 2 2 1 1 2488 2525 2489
4662 2 2 1 1 2489 2525 2526
4663 2 2 1 1 2489 2526 2490
4664 2 2 1 1 2490 2526 2527
4665 2 2 1 1 2490 2527 2491
4666 2 2 1 1 2491 2527 2528
4667 2 2 1 1 2491 2528 2492
4668 2 2 1 1 2492 2528 2529
4669 2 2 1 1 2492 2529 2493
4670 2 2 1 1 2493 2529 2530
4671 2 2 1 1 2493 2530 2494
4672 2 2 1 1 2494 2530 2531
4673 2 2 1 1 2494 2531 179
4674 2 2 1 1 179 2531 178
4675 2 2 1 1 67 68 2495
4676 2 2 1 1 2495 68 2532
4677 2 2 1 1 2495 2532 2496
4678 2 2 1 1 2496 2532 2533
4679 2 2 1 1 2496 2533 2497
4680 2 2 1 1 2497 2533 2534
4681 2 2 1 1 2497 2534 2498
4682 2 2 1 1 2498 2534 2535
4683 2 2 1 1 2498 2535 2499
4684 2 2 1 1 2499 2535 2536
4685 2 2 1 1 2499 2536 2500
4686 2 2 1 1 2500 2536 2537
4687 2 2 1 1 2500 2537 2501
4688 2 2 1 1 2501 2537 2538
4689 2 2 1 1 2501 2538 2502
4690 2 2 1 1 2502 2538 2539
4691 2 2 1 1 2502 2539 2503
4692 2 2 1 1 2503 2539 2540
4693 2 2 1 1 2503 2540 2504
4694 2 2 1 1 2504 2540 2541
4695 2 2 1 1 2504 2541 2505
4696 2 2 1 1 2505 2541 2542
4697 2 2 1 1 2505 2542 2506
4698 2 2 1 1 2506 2542 2543
4699 2 2 1 1 2506 2543 2507
4700 2 2 1 1 2507 2543 2544
4701 2 2 1 1 2507 2544 2508
4702 2 2 1 1 2508 2544 2545
4703 2 2 1 1 2508 2545 2509
4704 2 2 1 1 2509 2545 2546
4705 2 2 1 1 2509 2546 2510
4706 2 2 1 1 2510 2546 2547
4707 2 2 1 1 2510 2547 2511
4708 2 2 1 1 2511 2547 2548
4709 2 2 1 1 2511 2548 2512
4710 2 2 1 1 2512 2548 2549
4711 2 2 1 1 2512 2549 2513
4712 2 2 1 1 2513 2549 2550
4713 2 2 1 1 2513 2550 2514
4714 2 2 1 1 2514 2550 2551
4715 2 2 1 1 2514 2551 2515
4716 2 2 1 1 2515 2551 2552
4717 2 2 1 1 2515 2552 2516
4718 2 2 1 1 2516 2552 2553
4719 2 2 1 1 2516 2553 2517
4720 2 2 1 1 2517 2553 2554
4721 2 2 1 1 2517 2554 2518
4722 2 2 1 1 2518 2554 2555
4723 2 2 1 1 2518 2555 2519
4724 2 2 1 1 2519 2555 2556
4725 2 2 1 1 2519 2556 2520
4726 2 2 1 1 2520 2556 2557
4727 2 2 1 1 2520 2557 2521
4728 2 2 1 1 2521 2557 2558
4729 2 2 1 1 2521 2558 2522
4730 2 2 1 1 2522 2558 2559
4731 2 2 1 1 2522 2559 2523
4732 2 2 1 1 2523 2559 2560
4733 2 2 1 1 2523 2560 2524
4734 2 2 1 1 2524 2560 2561
4735 2 2 1 1 2524 2561 2525
4736 2 2 1 1 2525 2561 2562
4737 2 2 1 1 2525 2562 2526
4738 2 2 1 1 2526 2562 2563
4739 2 2 1 1 2526 2563 2527
4740 2 2 1 1 2527 2563 2564
4741 2 2 1 1 2527 2564 2528
4742 2 2 1 1 2528 2564 2565
4743 2 2 1 1 2528 2565 2529
4744 2 2 1 1 2529 2565 2566
4745 2 2 1 1 2529 2566 2530
4746 2 2 1 1 2530 2566 2567
4747 2 2 1 1 2530 2567 2531
4748 2 2 1 1 2531 2567 2568
4749 2 2 1 1 2531 2568 178
4750 2 2 1 1 178 2568 177
4751 2 2 1 1 68 69 2532
4752 2 2 1 1 2532 69 2569
4753 2 2 1 1 2532 2569 2533
4754 2 2 1 1 2533 2569 2570
4755 2 2 1 1 2533 2570 2534
4756 2 2 1 1 2534 2570 2571
4757 2 2 1 1 2534 2571 2535
4758 2 2 1 1 2535 2571 2572
4759 2 2 1 1 2535 2572 2536
4760 2 2 1 1 2536 2572 2573
4761 2 2 1 1 2536 2573 2537
4762 2 2 1 1 2537 2573 2574
4763 2 2 1 1 2537 2574 2538
4764 2 2 1 1 2538 2574 2575
4765 2 2 1 1 2538 2575 2539
4766 2 2 1 1 2539 2575 2576
4767 2 2 1 1 2539 2576 2540
4768 2 2 1 1 2540 2576 2577
4769 2 2 1 1 2540 2577 2541
4770 2 2 1 1 2541 2577 2578
4771 2 2 1 1 2541 2578 2542
4772 2 2 1 1 2542 2578 2579
4773 2 2 1 1 2542 2579 2543
4774 2 2 1 1 2543 2579 2580
4775 2 2 1 1 2543 2580 2544
4776 2 2 1 1 2544 2580 2581
4777 2 2 1 1 2544 2581 2545
4778 2 2 1 1 2545 2581 2582
4779 2 2 1 1 2545 2582 2546
4780 2 2 1 1 2546 2582 2583
4781 2 2 1 1 2546 2583 2547
4782 2 2 1 1 2547 2583 2584
4783 2 2 1 1 2547 2584 2548
4784 2 2 1 1 2548 2584 2585
4785 2 2 1 1 2548 2585 2549
4786 2 2 1 1 2549 2585 2586
4787 2 2 1 1 2549 2586 2550
4788 2 2 1 1 2550 2586 2587
4789 2 2 1 1 2550 2587 2551
4790 2 2 1 1 2551 2587 2588
4791 2 2 1 1 2551 2588 2552
4792 2 2 1 1 2552 2588 2589
4793 2 2 1 1 2552 2589 2553
4794 2 2 1 1 2553 2589 2590
4795 2 2 1 1 2553 2590 2554
4796 2 2 1 1 2554 2590 2591
4797 2 2 1 1 2554 2591 2555
4798 2 2 1 1 2555 2591 2592
4799 2 2 1 1 2555 2592 2556
4800 2 2 1 1 2556 2592 2593
4801 2 2 1 1 2556 2593 2557
4802 2 2 1 1 2557 2593 2594
4803 2 2 1 1 2557 2594 2558
4804 2 2 1 1 2558 2594 2595
4805 2 2 1 1 2558 2595 2559
4806 2 2 1 1 2559 2595 2596
4807 2 2 1 1 2559 2596 2560
4808 2 2 1 1 2560 2596 2597
4809 2 2 1 1 2560 2597 2561
4810 2 2 1 1 2561 2597 2598
4811 2 2 1 1 2561 2598 2562
4812 2 2 1 1 2562 2598 2599
4813 2 2 1 1 2562 2599 2563
4814 2 2 1 1 2563 2599 2600
4815 2 2 1 1 2563 2600 2564
4816 2 2 1 1 2564 2600 2601
4817 2 2 1 1 2564 2601 2565
4818 2 2 1 1 2565 2601 2602
4819 2 2 1 1 2565 2602 2566
4820 2 2 1 1 2566 2602 2603
4821 2 2 1 1 2566 2603 2567
4822 2 2 1 1 2567 2603 2604
4823 2 2 1 1 2567 2604 2568
4824 2 2 1 1 2568 2604 2605
4825 2 2 1 1 2568 2605 177
4826 2 2 1 1 177 2605 176
4827 2 2 1 1 69 70 2569
4828 2 2 1 1 2569 70 2606
4829 2 2 1 1 2569 2606 2570
4830 2 2 1 1 2570 2606 2607
4831 2 2 1 1 2570 2607 2571
4832 2 2 1 1 2571 2607 2608
4833 2 2 1 1 2571 2608 2572
4834 2 2 1 1 2572 2608 2609
4835 2 2 1 1 2572 2609 2573
4836 2 2 1 1 2573 2609 2610
4837 2 2 1 1 2573 2610 2574
4838 2 2 1 1 2574 2610 2611
4839 2 2 1 1 2574 2611 2575
4840 2 2 1 1 2575 2611 2612
4841 2 2 1 1 2575 2612 2576
4842 2 2 1 1 2576 2612 2613
4843 2 2 1 1 2576 2613 2577
4844 2 2 1 1 2577 2613 2614
4845 2 2 1 1 2577 2614 2578
4846 2 2 1 1 2578 2614 2615
4847 2 2 1 1 2578 2615 2579
4848 2 2 1 1 2579 2615 2616
4849 2 2 1 1 2579 2616 2580
4850 2 2 1 1 2580 2616 2617
4851 2 2 1 1 2580 2617 2581
4852 2 2 1 1 2581 2617 2618
4853 2 2 1 1 2581 2618 2582
4854 2 2 1 1 2582 2618 2619
4855 2 2 1 1 2582 2619 2583
4856 2 2 1 1 2583 2619 2620
4857 2 2 1 1 2583 2620 2584
4858 2 2 1 1 2584 2620 2621
4859 2 2 1 1 2584 2621 2585
4860 2 2 1 1 2585 2621 2622
4861 2 2 1 1 2585 2622 2586
4862 2 2 1 1 2586 2622 2623
4863 2 2 1 1 2586 2623 2587
4864 2 2 1 1 2587 2623 2624
4865 2 2 1 1 2587 2624 2588
4866 2 2 1 1 2588 2624 2625
4867 2 2 1 1 2588 2625 2589
4868 2 2 1 1 2589 2625 2626
4869 2 2 1 1 2589 2626 2590
4870 2 2 1 1 2590 2626 2627
4871 2 2 1 1 2590 2627 2591
4872 2 2 1 1 2591 2627 2628
4873 2 2 1 1 2591 2628 2592
4874 2 2 1 1 2592 2628 2629
4875 2 2 1 1 2592 2629 2593
4876 2 2 1 1 2593 2629 2630
4877 2 2 1 1 2593 2630 2594
4878 2 2 1 1 2594 2630 2631
4879 2 2 1 1 2594 2631 2595
4880 2 2 1 1 2595 2631 2632
4881 2 2 1 1 2595 2632 2596
4882 2 2 1 1 2596 2632 2633
4883 2 2 1 1 2596 2633 2597
4884 2 2 1 1 2597 2633 2634
4885 2 2 1 1 2597 2634 2598
4886 2 2 1 1 2598 2634 2635
4887 2 2 1 1 2598 2635 2599
4888 2 2 1 1 2599 2635 2636
4889 2 2 1 1 2599 2636 2600
4890 2 2 1 1 2600 2636 2637
4891 2 2 1 1 2600 2637 2601
4892 2 2 1 1 2601 2637 2638
4893 2 2 1 1 2601 2638 2602
4894 2 2 1 1 2602 2638 2639
4895 2 2 1 1 2602 2639 2603
4896 2 2 1 1 2603 2639 2640
4897 2 2 1 1 2603 2640 2604
4898 2 2 1 1 2604 2640 2641
4899 2 2 1 1 2604 2641 2605
4900 2 2 1 1 2605 2641 2642
4901 2 2 1 1 2605 2642 176
4902 2 2 1 1 176 2642 175
4903 2 2 1 1 70 71 2606
4904 2 2 1 1 2606 71 2643
4905 2 2 1 1 2606 2643 2607
4906 2 2 1 1 2607 2643 2644
4907 2 2 1 1 2607 2644 2608
4908 2 2 1 1 2608 2644 2645
4909 2 2 1 1 2608 2645 2609
4910 2 2 1 1 2609 2645 2646
4911 2 2 1 1 2609 2646 2610
4912 2 2 1 1 2610 2646 2647
4913 2 2 1 1 2610 2647 2611
4914 2 2 1 1 2611 2647 2648
4915 2 2 1 1 2611 2648 2612
4916 2 2 1 1 2612 2648 2649
4917 2 2 1 1 2612 2649 2613
4918 2 2 1 1 2613 2649 2650
4919 2 2 1 1 2613 2650 2614
4920 2 2 1 1 2614 2650 2651
4921 2 2 1 1 2614 2651 2615
4922 2 2 1 1 2615 2651 2652
4923 2 2 1 1 2615 2652 2616
4924 2 2 1 1 2616 2652 2653
4925 2 2 1 1 2616 2653 2617
4926 2 2 1 1 2617 2653 2654
4927 2 2 1 1 2617 2654 2618
4928 2 2 1 1 2618 2654 2655
4929 2 2 1 1 2618 2655 2619
4930 2 2 1 1 2619 2655 2656
4931 2 2 1 1 2619 2656 2620
4932 2 2 1 1 2620 2656 2657
4933 2 2 1 1 2620 2657 2621
4934 2 2 1 1 2621 2657 2658
4935 2 2 1 1 2621 2658 2622
4936 2 2 1 1 2622 2658 2659
4937 2 2 1 1 2622 2659 2623
4938 2 2 1 1 2623 2659 2660
4939 2 2 1 1 2623 2660 2624
4940 2 2 1 1 2624 2660 2661
4941 2 2 1 1 2624 2661 2625
4942 2 2 1 1 2625 2661 2662
4943 2 2 1 1 2625 2662 2626
4944 2 2 1 1 2626 2662 2663
4945 2 2 1 1 2626 2663 2627
4946 2 2 1 1 2627 2663 2664
4947 2 2 1 1 2627 2664 2628
4948 2 2 1 1 2628 2664 2665
4949 2 2 1 1 2628 2665 2629
4950 2 2 1 1 2629 2665 2666
4951 2 2 1 1 2629 2666 2630
4952 2 2 1 1 2630 2666 2667
4953 2 2 1 1 2630 2667 2631
4954 2 2 1 1 2631 2667 2668
4955 2 2 1 1 2631 2668 2632
4956 2 2 1 1 2632 2668 2669
4957 2 2 1 1 2632 2669 2633
4958 2 2 1 1 2633 2669 2670
4959 2 2 1 1 2633 2670 2634
4960 2 2 1 1 2634 2670 2671
4961 2 2 1 1 2634 2671 2635
4962 2 2 1 1 2635 2671 2672
4963 2 2 1 1 2635 2672 2636
4964 2 2 1 1 2636 2672 2673
4965 2 2 1 1 2636 2673 2637
4966 2 2 1 1 2637 2673 2674
4967 2 2 1 1 2637 2674 2638
4968 2 2 1 1 2638 2674 2675
4969 2 2 1 1 2638 2675 2639
4970 2 2 1 1 2639 2675 2676
4971 2 2 1 1 2639 2676 2640
4972 2 2 1 1 2640 2676 2677
4973 2 2 1 1 2640 2677 2641
4974 2 2 1 1 2641 2677 2678
4975 2 2 1 1 2641 2678 2642
4976 2 2 1 1 2642 2678 2679
4977 2 2 1 1 2642 2679 175
4978 2 2 1 1 175 2679 174
4979 2 2 1 1 71 72 2643
4980 2 2 1 1 2643 72 2680
4981 2 2 1 1 2643 2680 2644
4982 2 2 1 1 2644 2680 2681
4983 2 2 1 1 2644 2681 2645
4984 2 2 1 1 2645 2681 2682
4985 2 2 1 1 2645 2682 2646
4986 2 2 1 1 2646 2682 2683
4987 2 2 1 1 2646 2683 2647
4988 2 2 1 1 2647 2683 2684
4989 2 2 1 1 2647 2684 2648
4990 2 2 1 1 2648 2684 2685
4991 2 2 1 1 2648 2685 2649
4992 2 2 1 1 2649 2685 2686
4993 2 2 1 1 2649 2686 2650
4994 2 2 1 1 2650 2686 2687
4995 2 2 1 1 2650 2687 2651
4996 2 2 1 1 2651 2687 2688
4997 2 2 1 1 2651 2688 2652
4998 2 2 1 1 2652 2688 2689
4999 2 2 1 1 2652 2689 2653
5000 2 2 1 1 2653 2689 2690
5001 2 2 1 1 2653 2690 2654
5002 2 2 1 1 2654 2690 2691
5003 2 2 1 1 2654 2691 2655
5004 2 2 1 1 2655 2691 2692
5005 2 2 1 1 2655 2692 2656
5006 2 2 1 1 2656 2692 2693
5007 2 2 1 1 2656 2693 2657
5008 2 2 1 1 2657 2693 2694
5009 2 2 1 1 2657 2694 2658
5010 2 2 1 1 2658 2694 2695
5011 2 2 1 1 2658 2695 2659
5012 2 2 1 1 2659 2695 2696
5013 2 2 1 1 2659 2696 2660
5014 2 2 1 1 2660 2696 2697
5015 2 2 1 1 2660 2697 2661
5016 2 2 1 1 2661 2697 2698
5017 2 2 1 1 2661 2698 2662
5018 2 2 1 1 2662 2698 2699
5019 2 2 1 1 2662 2699 2663
5020 2 2 1 1 2663 2699 2700
5021 2 2 1 1 2663 2700 2664
5022 2 2 1 1 2664 2700 2701
5023 2 2 1 1 2664 2701 2665
5024 2 2 1 1 2665 2701 2702
5025 2 2 1 1 2665 2702 2666
5026 2 2 1 1 2666 2702 2703
5027 2 2 1 1 2666 2703 2667
5028 2 2 1 1 2667 2703 2704
5029 2 2 1 1 2667 2704 2668
5030 2 2 1 1 2668 2704 2705
5031 2 2 1 1 2668 2705 2669
5032 2 2 1 1 2669 2705 2706
5033 2 2 1 1 2669 2706 2670
5034 2 2 1 1 2670 2706 2707
5035 2 2 1 1 2670 2707 2671
5036 2 2 1 1 2671 2707 2708
5037 2 2 1 1 2671 2708 2672
5038 2 2 1 1 2672 2708 2709
5039 2 2 1 1 2672 2709 2673
5040 2 2 1 1 2673 2709 2710
5041 2 2 1 1 2673 2710 2674
5042 2 2 1 1 2674 2710 2711
5043 2 2 1 1 2674 2711 2675
5044 2 2 1 1 2675 2711 2712
5045 2 2 1 1 2675 2712 2676
5046 2 2 1 1 2676 2712 2713
5047 2 2 1 1 2676 2713 2677
5048 2 2 1 1 2677 2713 2714
5049 2 2 1 1 2677 2714 2678
5050 2 2 1 1 2678 2714 2715
5051 2 2 1 1 2678 2715 2679
5052 2 2 1 1 2679 2715 2716
5053 2 2 1 1 2679 2716 174
5054 2 2 1 1 174 2716 173
5055 2 2 1 1 72 73 2680
5056 2 2 1 1 2680 73 2717
5057 2 2 1 1 2680 2717 2681
5058 2 2 1 1 2681 2717 2718
5059 2 2 1 1 2681 2718 2682
5060 2 2 1 1 2682 2718 2719
5061 2 2 1 1 2682 2719 2683
5062 2 2 1 1 2683 2719 2720
5063 2 2 1 1 2683 2720 2684
5064 2 2 1 1 2684 2720 2721
5065 2 2 1 1 2684 2721 2685
5066 2 2 1 1 2685 2721 2722
5067 2 2 1 1 2685 2722 2686
5068 2 2 1 1 2686 2722 2723
5069 2 2 1 1 2686 2723 2687
5070 2 2 1 1 2687 2723 2724
5071 2 2 1 1 2687 2724 2688
5072 2 2 1 1 2688 2724 2725
5073 2 2 1 1 2688 2725 2689
5074 2 2 1 1 2689 2725 2726
5075 2 2 1 1 2689 2726 2690
5076 2 2 1 1 2690 2726 2727
5077 2 2 1 1 2690 2727 2691
5078 2 2 1 1 2691 2727 2728
5079 2 2 1 1 2691 2728 2692
5080 2 2 1 1 2692 2728 2729
5081 2 2 1 1 2692 2729 2693
5082 2 2 1 1 2693 2729 2730
5083 2 2 1 1 2693 2730 2694
5084 2 2 1 1 2694 2730 2731
5085 2 2 1 1 2694 2731 2695
5086 2 2 1 1 2695 2731 2732
5087 2 2 1 1 2695 2732 2696
5088 2 2 1 1 2696 2732 2733
5089 2 2 1 1 2696 2733 2697
5090 2 2 1 1 2697 2733 2734
5091 2 2 1 1 2697 2734 2698
5092 2 2 1 1 2698 2734 2735
5093 2 2 1 1 2698 2735 2699
5094 2 2 1 1 2699 2735 2736
5095 2 2 1 1 2699 2736 2700
5096 2 2 1 1 2700 2736 2737
5097 2 2 1 1 2700 2737 2701
5098 2 2 1 1 2701 2737 2738
5099 2 2 1 1 2701 2738 2702
5100 2 2 1 1 2702 2738 2739
5101 2 2 1 1 2702 2739 2703
5102 2 2 1 1 2703 2739 2740
5103 2 2 1 1 2703 2740 2704
5104 2 2 1 1 2704 2740 2741
5105 2 2 1 1 2704 2741 2705
5106 2 2 1 1 2705 2741 2742
5107 2 2 1 1 2705 2742 2706
5108 2 2 1 1 2706 2742 2743
5109 2 2 1 1 2706 2743 2707
5110 2 2 1 1 2707 2743 2744
5111 2 2 1 1 2707 2744 2708
5112 2 2 1 1 2708 2744 2745
5113 2 2 1 1 2708 2745 2709
5114 2 2 1 1 2709 2745 2746
5115 2 2 1 1 2709 2746 2710
5116 2 2 1 1 2710 2746 2747
5117 2 2 1 1 2710 2747 2711
5118 2 2 1 1 2711 2747 2748
5119 2 2 1 1 2711 2748 2712
5120 2 2 1 1 2712 2748 2749
5121 2 2 1 1 2712 2749 2713
5122 2 2 1 1 2713 2749 2750
5123 2 2 1 1 2713 2750 2714
5124 2 2 1 1 2714 2750 2751
5125 2 2 1 1 2714 2751 2715
5126 2 2 1 1 2715 2751 2752
5127 2 2 1 1 2715 2752 2716
5128 2 2 1 1 2716 2752 2753
5129 2 2 1 1 2716 2753 173
5130 2 2 1 1 173 2753 172
5131 2 2 1 1 73 74 2717
5132 2 2 1 1 2717 74 2754
5133 2 2 1 1 2717 2754 2718
5134 2 2 1 1 2718 2754 2755
5135 2 2 1 1 2718 2755 2719
5136 2 2 1 1 2719 2755 2756
5137 2 2 1 1 2719 2756 2720
5138 2 2 1 1 2720 2756 2757
5139 2 2 1 1 2720 2757 2721
5140 2 2 1 1 2721 2757 2758
5141 2 2 1 1 2721 2758 2722
5142 2 2 1 1 2722 2758 2759
5143 2 2 1 1 2722 2759 2723
5144 2 2 1 1 2723 2759 2760
5145 2 2 1 1 2723 2760 2724
5146 2 2 1 1 2724 2760 2761
5147 2 2 1 1 2724 2761 2725
5148 2 2 1 1 2725 2761 2762
5149 2 2 1 1 2725 2762 2726
5150 2 2 1 1 2726 2762 2763
5151 2 2 1 1 2726 2763 2727
5152 2 2 1 1 2727 2763 2764
5153 2 2 1 1 2727 2764 2728
5154 2 2 1 1 2728 2764 2765
5155 2 2 1 1 2728 2765 2729
5156 2 2 1 1 2729 2765 2766
5157 2 2 1 1 2729 2766 2730
5158 2 2 1 1 2730 2766 2767
5159 2 2 1 1 2730 2767 2731
5160 2 2 1 1 2731 2767 2768
5161 2 2 1 1 2731 2768 2732
5162 2 2 1 1 2732 2768 2769
5163 2 2 1 1 2732 2769 2733
5164 2 2 1 1 2733 2769 2770
5165 2 2 1 1 2733 2770 2734
5166 2 2 1 1 2734 2770 2771
5167 2 2 1 1 2734 2771 2735
5168 2 2 1 1 2735 2771 2772
5169 2 2 1 1 2735 2772 2736
5170 2 2 1 1 2736 2772 2773
5171 2 2 1 1 2736 2773 2737
5172 2 2 1 1 2737 2773 2774
5173 2 2 1 1 2737 2774 2738
5174 2 2 1 1 2738 2774 2775
5175 2 2 1 1 2738 2775 2739
5176 2 2 1 1 2739 2775 2776
5177 2 2 1 1 2739 2776 2740
5178 2 2 1 1 2740 2776 2777
5179 2 2 1 1 2740 2777 2741
5180 2 2 1 1 2741 2777 2778
5181 2 2 1 1 2741 2778 2742
5182 2 2 1 1 2742 2778 2779
5183 2 2 1 1 2742 2779 2743
5184 2 2 1 1 2743 2779 2780
5185 2 2 1 1 2743 2780 2744
5186 2 2 1 1 2744 2780 2781
5187 2 2 1 1 2744 2781 2745
5188 2 2 1 1 2745 2781 2782
5189 2 2 1 1 2745 2782 2746
5190 2 2 1 1 2746 2782 2783
5191 2 2 1 1 2746 2783 2747
5192 2 2 1 1 2747 2783 2784
5193 2 2 1 1 2747 2784 2748
5194 2 2 1 1 2748 2784 2785
5195 2 2 1 1 2748 2785 2749
5196 2 2 1 1 2749 2785 2786
5197 2 2 1 1 2749 2786 2750
5198 2 2 1 1 2750 2786 2787
5199 2 2 1 1 2750 2787 2751
5200 2 2 1 1 2751 2787 2788
5201 2 2 1 1 2751 2788 2752
5202 2 2 1 1 2752 2788 2789
5203 2 2 1 1 2752 2789 2753
5204 2 2 1 1 2753 2789 2790
5205 2 2 1 1 2753 2790 172
5206 2 2 1 1 172 2790 171
5207 2 2 1 1 74 75 2754
5208 2 2 1 1 2754 75 2791
5209 2 2 1 1 2754 2791 2755
5210 2 2 1 1 2755 2791 2792
5211 2 2 1 1 2755 2792 2756
5212 2 2 1 1 2756 2792 2793
5213 2 2 1 1 2756 2793 2757
5214 2 2 1 1 2757 2793 2794
5215 2 2 1 1 2757 2794 2758
5216 2 2 1 1 2758 2794 2795
5217 2 2 1 1 2758 2795 2759
5218 2 2 1 1 2759 2795 2796
5219 2 2 1 1 2759 2796 2760
5220 2 2 1 1 2760 2796 2797
5221 2 2 1 1 2760 2797 2761
5222 2 2 1 1 2761 2797 2798
5223 2 2 1 1 2761 2798 2762
5224 2 2 1 1 2762 2798 2799
5225 2 2 1 1 2762 2799 2763
5226 2 2 1 1 2763 2799 2800
5227 2 2 1 1 2763 2800 2764
5228 2 2 1 1 2764 2800 2801
5229 2 2 1 1 2764 2801 2765
5230 2 2 1 1 2765 2801 2802
5231 2 2 1 1 2765 2802 2766
5232 2 2 1 1 2766 2802 2803
5233 2 2 1 1 2766 2803 2767
5234 2 2 1 1 2767 2803 2804
5235 2 2 1 1 2767 2804 2768
5236 2 2 1 1 2768 2804 2805
5237 2 2 1 1 2768 2805 2769
5238 2 2 1 1 2769 2805 2806
5239 2 2 1 1 2769 2806 2770
5240 2 2 1 1 2770 2806 2807
5241 2 2 1 1 2770 2807 2771
5242 2 2 1 1 2771 2807 2808
5243 2 2 1 1 2771 2808 2772
5244 2 2 1 1 2772 2808 2809
5245 2 2 1 1 2772 2809 2773
5246 2 2 1 1 2773 2809 2810
5247 2 2 1 1 2773 2810 2774
5248 2 2 1 1 2774 2810 2811
5249 2 2 1 1 2774 2811 2775
5250 2 2 1 1 2775 2811 2812
5251 2 2 1 1 2775 2812 2776
5252 2 2 1 1 2776 2812 2813
5253 2 2 1 1 2776 2813 2777
5254 2 2 1 1 2777 2813 2814
5255 2 2 1 1 2777 2814 2778
5256 2 2 1 1 2778 2814 2815
5257 2 2 1 1 2778 2815 2779
5258 2 2 1 1 2779 2815 2816
5259 2 2 1 1 2779 2816 2780
5260 2 2 1 1 2780 2816 2817
5261 2 2 1 1 2780 2817 2781
5262 2 2 1 1 2781 2817 2818
5263 2 2 1 1 2781 2818 2782
5264 2 2 1 1 2782 2818 2819
5265 2 2 1 1 2782 2819 2783
5266 2 2 1 1 2783 2819 2820
5267 2 2 1 1 2783 2820 2784
5268 2 2 1 1 2784 2820 2821
5269 2 2 1 1 2784 2821 2785
5270 2 2 1 1 2785 2821 2822
5271 2 2 1 1 2785 2822 2786
5272 2 2 1 1 2786 2822 2823
5273 2 2 1 1 2786 2823 2787
5274 2 2 1 1 2787 2823 2824
5275 2 2 1 1 2787 2824 2788
5276 2 2 1 1 2788 2824 2825
5277 2 2 1 1 2788 2825 2789
5278 2 2 1 1 2789 2825 2826
5279 2 2 1 1 2789 2826 2790
5280 2 2 1 1 2790 2826 2827
5281 2 2 1 1 2790 2827 171
5282 2 2 1 1 171 2827 170
5283 2 2 1 1 75 76 2791
5284 2 2 1 1 2791 76 2828
5285 2 2 1 1 2791 2828 2792
5286 2 2 1 1 2792 2828 2829
5287 2 2 1 1 2792 2829 2793
5288 2 2 1 1 2793 2829 2830
5289 2 2 1 1 2793 2830 2794
5290 2 2 1 1 2794 2830 2831
5291 2 2 1 1 2794 2831 2795
5292 2 2 1 1 2795 2831 2832
5293 2 2 1 1 2795 2832 2796
5294 2 2 1 1 2796 2832 2833
5295 2 2 1 1 2796 2833 2797
5296 2 2 1 1 2797 2833 2834
5297 2 2 1 1 2797 2834 2798
5298 2 2 1 1 2798 2834 2835
5299 2 2 1 1 2798 2835 2799
5300 2 2 1 1 2799 2835 2836
5301 2 2 1 1 2799 2836 2800
5302 2 2 1 1 2800 2836 2837
5303 2 2 1 1 2800 2837 2801
5304 2 2 1 1 2801 2837 2838
5305 2 2 1 1 2801 2838 2802
5306 2 2 1 1 2802 2838 2839
5307 2 2 1 1 2802 2839 2803
5308 2 2 1 1 2803 2839 2840
5309 2 2 1 1 2803 2840 2804
5310 2 2 1 1 2804 2840 2841
5311 2 2 1 1 2804 2841 2805
5312 2 2 1 1 2805 2841 2842
5313 2 2 1 1 2805 2842 2806
5314 2 2 1 1 2806 2842 2843
5315 2 2 1 1 2806 2843 2807
5316 2 2 1 1 2807 2843 2844
5317 2 2 1 1 2807 2844 2808
5318 2 2 1 1 2808 2844 2845
5319 2 2 1 1 2808 2845 2809
5320 2 2 1 1 2809 2845 2846
5321 2 2 1 1 2809 2846 2810
5322 2 2 1 1 2810 2846 2847
5323 2 2 1 1 2810 2847 2811
5324 2 2 1 1 2811 2847 2848
5325 2 2 1 1 2811 2848 2812
5326 2 2 1 1 2812 2848 2849
5327 2 2 1 1 2812 2849 2813
5328 2 2 1 1 2813 2849 2850
5329 2 2 1 1 2813 2850 2814
5330 2 2 1 1 2814 2850 2851
5331 2 2 1 1 2814 2851 2815
5332 2 2 1 1 2815 2851 2852
5333 2 2 1 1 2815 2852 2816
5334 2 2 1 1 2816 2852 2853
5335 2 2 1 1 2816 2853 2817
5336 2 2 1 1 2817 2853 2854
5337 2 2 1 1 2817 2854 2818
5338 2 2 1 1 2818 2854 2855
5339 2 2 1 1 2818 2855 2819
5340 2 2 1 1 2819 2855 2856
5341 2 2 1 1 2819 2856 2820
5342 2 2 1 1 2820 2856 2857
5343 2 2 1 1 2820 2857 2821
5344 2 2 1 1 2821 2857 2858
5345 2 2 1 1 2821 2858 2822
5346 2 2 1 1 2822 2858 2859
5347 2 2 1 1 2822 2859 2823
5348 2 2 1 1 2823 2859 2860
5349 2 2 1 1 2823 2860 2824
5350 2 2 1 1 2824 2860 2861
5351 2 2 1 1 2824 2861 2825
5352 2 2 1 1 2825 2861 2862
5353 2 2 1 1 2825 2862 2826
5354 2 2 1 1 2826 2862 2863
5355 2 2 1 1 2826 2863 2827
5356 2 2 1 1 2827 2863 2864
5357 2 2 1 1 2827 2864 170
5358 2 2 1 1 170 2864 169
5359 2 2 1 1 76 77 2828
5360 2 2 1 1 2828 77 2865
5361 2 2 1 1 2828 2865 2829
5362 2 2 1 1 2829 2865 2866
5363 2 2 1 1 2829 2866 2830
5364 2 2 1 1 2830 2866 2867
5365 2 2 1 1 2830 2867 2831
5366 2 2 1 1 2831 2867 2868
5367 2 2 1 1 2831 2868 2832
5368 2 2 1 1 2832 2868 2869
5369 2 2 1 1 2832 2869 2833
5370 2 2 1 1 2833 2869 2870
5371 2 2 1 1 2833 2870 2834
5372 2 2 1 1 2834 2870 2871
5373 2 2 1 1 2834 2871 2835
5374 2 2 1 1 2835 2871 2872
5375 2 2 1 1 2835 2872 2836
5376 2 2 1 1 2836 2872 2873
5377 2 2 1 1 2836 2873 2837
5378 2 2 1 1 2837 2873 2874
5379 2 2 1 1 2837 2874 2838
5380 2 2 1 1 2838 2874 2875
5381 2 2 1 1 2838 2875 2839
5382 2 2 1 1 2839 2875 2876
5383 2 2 1 1 2839 2876 2840
5384 2 2 1 1 2840 2876 2877
5385 2 2 1 1 2840 2877 2841
5386 2 2 1 1 2841 2877 2878
5387 2 2 1 1 2841 2878 2842
5388 2 2 1 1 2842 2878 2879
5389 2 2 1 1 2842 2879 2843
5390 2 2 1 1 2843 2879 2880
5391 2 2 1 1 2843 2880 2844
5392 2 2 1 1 2844 2880 2881
5393 2 2 1 1 2844 2881 2845
5394 2 2 1 1 2845 2881 2882
5395 2 2 1 1 2845 2882 2846
5396 2 2 1 1 2846 2882 2883
5397 2 2 1 1 2846 2883 2847
5398 2 2 1 1 2847 2883 2884
5399 2 2 1 1 2847 2884 2848
5400 2 2 1 1 2848 2884 2885
5401 2 2 1 1 2848 2885 2849
5402 2 2 1 1 2849 2885 2886
5403 2 2 1 1 2849 2886 2850
5404 2 2 1 1 2850 2886 2887
5405 2 2 1 1 2850 2887 2851
5406 2 2 1 1 2851 2887 2888
5407 2 2 1 1 2851 2888 2852
5408 2 2 1 1 2852 2888 2889
5409 2 2 1 1 2852 2889 2853
5410 2 2 1 1 2853 2889 2890
5411 2 2 1 1 2853 2890 2854
5412 2 2 1 1 2854 2890 2891
5413 2 2 1 1 2854 2891 2855
5414 2 2 1 1 2855 2891 2892
5415 2 2 1 1 2855 2892 2856
5416 2 2 1 1 2856 2892 2893
5417 2 2 1 1 2856 2893 2857
5418 2 2 1 1 2857 2893 2894
5419 2 2 1 1 2857 2894 2858
5420 2 2 1 1 2858 2894 2895
5421 2 2 1 1 2858 2895 2859
5422 2 2 1 1 2859 2895 2896
5423 2 2 1 1 2859 2896 2860
5424 2 2 1 1 2860 2896 2897
5425 2 2 1 1 2860 2897 2861
5426 2 2 1 1 2861 2897 2898
5427 2 2 1 1 2861 2898 2862
5428 2 2 1 1 2862 2898 2899
5429 2 2 1 1 2862 2899 2863
5430 2 2 1 1 2863 2899 2900
5431 2 2 1 1 2863 2900 2864
5432 2 2 1 1 2864 2900 2901
5433 2 2 1 1 2864 2901 169
5434 2 2 1 1 169 2901 168
5435 2 2 1 1 77 78 2865
5436 2 2 1 1 2865 78 2902
5437 2 2 1 1 2865 2902 2866
5438 2 2 1 1 2866 2902 2903
5439 2 2 1 1 2866 2903 2867
5440 2 2 1 1 2867 2903 2904
5441 2 2 1 1 2867 2904 2868
5442 2 2 1 1 2868 2904 2905
5443 2 2 1 1 2868 2905 2869
5444 2 2 1 1 2869 2905 2906
5445 2 2 1 1 2869 2906 2870
5446 2 2 1 1 2870 2906 2907
5447 2 2 1 1 2870 2907 2871
5448 2 2 1 1 2871 2907 2908
5449 2 2 1 1 2871 2908 2872
5450 2 2 1 1 2872 2908 2909
5451 2 2 1 1 2872 2909 2873
5452 2 2 1 1 2873 2909 2910
5453 2 2 1 1 2873 2910 2874
5454 2 2 1 1 2874 2910 2911
5455 2 2 1 1 2874 2911 2875
5456 2 2 1 1 2875 2911 2912
5457 2 2 1 1 2875 2912 2876
5458 2 2 1 1 2876 2912 2913
5459 2 2 1 1 2876 2913 2877
5460 2 2 1 1 2877 2913 2914
5461 2 2 1 1 2877 2914 2878
5462 2 2 1 1 2878 2914 2915
5463 2 2 1 1 2878 2915 2879
5464 2 2 1 1 2879 2915 2916
5465 2 2 1 1 2879 2916 2880
5466 2 2 1 1 2880 2916 2917
5467 2 2 1 1 2880 2917 2881
5468 2 2 1 1 2881 2917 2918
5469 2 2 1 1 2881 2918 2882
5470 2 2 1 1 2882 2918 2919
5471 2 2 1 1 2882 2919 2883
5472 2 2 1 1 2883 2919 2920
5473 2 2 1 1 2883 2920 2884
5474 2 2 1 1 2884 2920 2921
5475 2 2 1 1 2884 2921 2885
5476 2 2 1 1 2885 2921 2922
5477 2 2 1 1 2885 2922 2886
5478 2 2 1 1 2886 2922 2923
5479 2 2 1 1 2886 2923 2887
5480 2 2 1 1 2887 2923 2924
5481 2 2 1 1 2887 2924 2888
5482 2 2 1 1 2888 2924 2925
5483 2 2 1 1 2888 2925 2889
5484 2 2 1 1 2889 2925 2926
5485 2 2 1 1 2889 2926 2890
5486 2 2 1 1 2890 2926 2927
5487 2 2 1 1 2890 2927 2891
5488 2 2 1 1 2891 2927 2928
5489 2 2 1 1 2891 2928 2892
5490 2 2 1 1 2892 2928 2929
5491 2 2 1 1 2892 2929 2893
5492 2 2 1 1 2893 2929 2930
5493 2 2 1 1 2893 2930 2894
5494 2 2 1 1 2894 2930 2931
5495 2 2 1 1 2894 2931 2895
5496 2 2 1 1 2895 2931 2932
5497 2 2 1 1 2895 2932 2896
5498 2 2 1 1 2896 2932 2933
5499 2 2 1 1 2896 2933 2897
5500 2 2 1 1 2897 2933 2934
5501 2 2 1 1 2897 2934 2898
5502 2 2 1 1 2898 2934 2935
5503 2 2 1 1 2898 2935 2899
5504 2 2 1 1 2899 2935 2936
5505 2 2 1 1 2899 2936 2900
5506 2 2 1 1 2900 2936 2937
5507 2 2 1 1 2900 2937 2901
5508 2 2 1 1 2901 2937 2938
5509 2 2 1 1 2901 2938 168
5510 2 2 1 1 168 2938 167
5511 2 2 1 1 78 79 2902
5512 2 2 1 1 2902 79 2939
5513 2 2 1 1 2902 2939 2903
5514 2 2 1 1 2903 2939 2940
5515 2 2 1 1 2903 2940 2904
5516 2 2 1 1 2904 2940 2941
5517 2 2 1 1 2904 2941 2905
5518 2 2 1 1 2905 2941 2942
5519 2 2 1 1 2905 2942 2906
5520 2 2 1 1 2906 2942 2943
5521 2 2 1 1 2906 2943 2907
5522 2 2 1 1 2907 2943 2944
5523 2 2 1 1 2907 2944 2908
5524 2 2 1 1 2908 2944 2945
5525 2 2 1 1 2908 2945 2909
5526 2 2 1 1 2909 2945 2946
5527 2 2 1 1 2909 2946 2910
5528 2 2 1 1 2910 2946 2947
5529 2 2 1 1 2910 2947 2911
5530 2 2 1 1 2911 2947 2948
5531 2 2 1 1 2911 2948 2912
5532 2 2 1 1 2912 2948 2949
5533 2 2 1 1 2912 2949 2913
5534 2 2 1 1 2913 2949 2950
5535 2 2 1 1 2913 2950 2914
5536 2 2 1 1 2914 2950 2951
5537 2 2 1 1 2914 2951 2915
5538 2 2 1 1 2915 2951 2952
5539 2 2 1 1 2915 2952 2916
5540 2 2 1 1 2916 2952 2953
5541 2 2 1 1 2916 2953 2917
5542 2 2 1 1 2917 2953 2954
5543 2 2 1 1 2917 2954 2918
5544 2 2 1 1 2918 2954 2955
5545 2 2 1 1 2918 2955 2919
5546 2 2 1 1 2919 2955 2956
5547 2 2 1 1 2919 2956 2920
5548 2 2 1 1 2920 2956 2957
5549 2 2 1 1 2920 2957 2921
5550 2 2 1 1 2921 2957 2958
5551 2 2 1 1 2921 2958 2922
5552 2 2 1 1 2922 2958 2959
5553 2 2 1 1 2922 2959 2923
5554 2 2 1 1 2923 2959 2960
5555 2 2 1 1 2923 2960 2924
5556 2 2 1 1 2924 2960 2961
5557 2 2 1 1 2924 2961 2925
5558 2 2 1 1 2925 2961 2962
5559 2 2 1 1 2925 2962 2926
5560 2 2 1 1 2926 2962 2963
5561 2 2 1 1 2926 2963 2927
5562 2 2 1 1 2927 2963 2964
5563 2 2 1 1 2927 2964 2928
5564 2 2 1 1 2928 2964 2965
5565 2 2 1 1 2928 2965 2929
5566 2 2 1 1 2929 2965 2966
5567 2 2 1 1 2929 2966 2930
5568 2 2 1 1 2930 2966 2967
5569 2 2 1 1 2930 2967 2931
5570 2 2 1 1 2931 2967 2968
5571 2 2 1 1 2931 2968 2932
5572 2 2 1 1 2932 2968 2969
5573 2 2 1 1 2932 2969 2933
5574 2 2 1 1 2933 2969 2970
5575 2 2 1 1 2933 2970 2934
5576 2 2 1 1 2934 2970 2971
5577 2 2 1 1 2934 2971 2935
5578 2 2 1 1 2935 2971 2972
5579 2 2 1 1 2935 2972 2936
5580 2 2 1 1 2936 2972 2973
5581 2 2 1 1 2936 2973 2937
5582 2 2 1 1 2937 2973 2974
5583 2 2 1 1 2937 2974 2938
5584 2 2 1 1 2938 2974 2975
5585 2 2 1 1 2938 2975 167
5586 2 2 1 1 167 2975 166
5587 2 2 1 1 79 80 2939
5588 2 2 1 1 2939 80 2976
5589 2 2 1 1 2939 2976 2940
5590 2 2 1 1 2940 2976 2977
5591 2 2 1 1 2940 2977 2941
5592 2 2 1 1 2941 2977 2978
5593 2 2 1 1 2941 2978 2942
5594 2 2 1 1 2942 2978 2979
5595 2 2 1 1 2942 2979 2943
5596 2 2 1 1 2943 2979 2980
5597 2 2 1 1 2943 2980 2944
5598 2 2 1 1 2944 2980 2981
5599 2 2 1 1 2944 2981 2945
5600 2 2 1 1 2945 2981 2982
5601 2 2 1 1 2945 2982 2946
5602 2 2 1 1 2946 2982 2983
5603 2 2 1 1 2946 2983 2947
5604 2 2 1 1 2947 2983 2984
5605 2 2 1 1 2947 2984 2948
5606 2 2 1 1 2948 2984 2985
5607 2 2 1 1 2948 2985 2949
5608 2 2 1 1 2949 2985 2986
5609 2 2 1 1 2949 2986 2950
5610 2 2 1 1 2950 2986 2987
5611 2 2 1 1 2950 2987 2951
5612 2 2 1 1 2951 2987 2988
5613 2 2 1 1 2951 2988 2952
5614 2 2 1 1 2952 2988 2989
5615 2 2 1 1 2952 2989 2953
5616 2 2 1 1 2953 2989 2990
5617 2 2 1 1 2953 2990 2954
5618 2 2 1 1 2954 2990 2991
5619 2 2 1 1 2954 2991 2955
5620 2 2 1 1 2955 2991 2992
5621 2 2 1 1 2955 2992 2956
5622 2 2 1 1 2956 2992 2993
5623 2 2 1 1 2956 2993 2957
5624 2 2 1 1 2957 2993 2994
5625 2 2 1 1 2957 2994 2958
5626 2 2 1 1 2958 2994 2995
5627 2 2 1 1 2958 2995 2959
5628 2 2 1 1 2959 2995 2996
5629 2 2 1 1 2959 2996 2960
5630 2 2 1 1 2960 2996 2997
5631 2 2 1 1 2960 2997 2961
5632 2 2 1 1 2961 2997 2998
5633 2 2 1 1 2961 2998 2962
5634 2 2 1 1 2962 2998 2999
5635 2 2 1 1 2962 2999 2963
5636 2 2 1 1 2963 2999 3000
5637 2 2 1 1 2963 3000 2964
5638 2 2 1 1 2964 3000 3001
5639 2 2 1 1 2964 3001 2965
5640 2 2 1 1 2965 3001 3002
5641 2 2 1 1 2965 3002 2966
5642 2 2 1 1 2966 3002 3003
5643 2 2 1 1 2966 3003 2967
5644 2 2 1 1 2967 3003 3004
5645 2 2 1 1 2967 3004 2968
5646 2 2 1 1 2968 3004 3005
5647 2 2 1 1 2968 3005 2969
5648 2 2 1 1 2969 3005 3006
5649 2 2 1 1 2969 3006 2970
5650 2 2 1 1 2970 3006 3007
5651 2 2 1 1 2970 3007 2971
5652 2 2 1 1 2971 3007 3008
5653 2 2 1 1 2971 3008 2972
5654 2 2 1 1 2972 3008 3009
5655 2 2 1 1 2972 3009 2973
5656 2 2 1 1 2973 3009 3010
5657 2 2 1 1 2973 3010 2974
5658 2 2 1 1 2974 3010 3011
5659 2 2 1 1 2974 3011 2975
5660 2 2 1 1 2975 3011 3012
5661 2 2 1 1 2975 3012 166
5662 2 2 1 1 166 3012 165
5663 2 2 1 1 80 81 2976
5664 2 2 1 1 2976 81 3013
5665 2 2 1 1 2976 3013 2977
5666 2 2 1 1 2977 3013 3014
5667 2 2 1 1 2977 3014 2978
5668 2 2 1 1 2978 3014 3015
5669 2 2 1 1 2978 3015 2979
5670 2 2 1 1 2979 3015 3016
5671 2 2 1 1 2979 3016 2980
5672 2 2 1 1 2980 3016 3017
5673 2 2 1 1 2980 3017 2981
5674 2 2 1 1 2981 3017 3018
5675 2 2 1 1 2981 3018 2982
5676 2 2 1 1 2982 3018 3019
5677 2 2 1 1 2982 3019 2983
5678 2 2 1 1 2983 3019 3020
5679 2 2 1 1 2983 3020 2984
5680 2 2 1 1 2984 3020 3021
5681 2 2 1 1 2984 3021 2985
5682 2 2 1 1 2985 3021 3022
5683 2 2 1 1 2985 3022 2986
5684 2 2 1 1 2986 3022 3023
5685 2 2 1 1 2986 3023 2987
5686 2 2 1 1 2987 3023 3024
5687 2 2 1 1 2987 3024 2988
5688 2 2 1 1 2988 3024 3025
5689 2 2 1 1 2988 3025 2989
5690 2 2 1 1 2989 3025 3026
5691 2 2 1 1 2989 3026 2990
5692 2 2 1 1 2990 3026 3027
5693 2 2 1 1 2990 3027 2991
5694 2 2 1 1 2991 3027 3028
5695 2 2 1 1 2991 3028 2992
5696 2 2 1 1 2992 3028 3029
5697 2 2 1 1 2992 3029 2993
5698 2 2 1 1 2993 3029 3030
5699 2 2 1 1 2993 3030 2994
5700 2 2 1 1 2994 3030 3031
5701 2 2 1 1 2994 3031 2995
5702 2 2 1 1 2995 3031 3032
5703 2 2 1 1 2995 3032 2996
5704 2 2 1 1 2996 3032 3033
5705 2 2 1 1 2996 3033 2997
5706 2 2 1 1 2997 3033 3034
5707 2 2 1 1 2997 3034 2998
5708 2 2 1 1 2998 3034 3035
5709 2 2 1 1 2998 3035 2999
5710 2 2 1 1 2999 3035 3036
5711 2 2 1 1 2999 3036 3000
5712 2 2 1 1 3000 3036 3037
5713 2 2 1 1 3000 3037 3001
5714 2 2 1 1 3001 3037 3038
5715 2 2 1 1 3001 3038 3002
5716 2 2 1 1 3002 3038 3039
5717 2 2 1 1 3002 3039 3003
5718 2 2 1 1 3003 3039 3040
5719 2 2 1 1 3003 3040 3004
5720 2 2 1 1 3004 3040 3041
5721 2 2 1 1 3004 3041 3005
5722 2 2 1 1 3005 3041 3042
5723 2 2 1 1 3005 3042 3006
5724 2 2 1 1 3006 3042 3043
5725 2 2 1 1 3006 3043 3007
5726 2 2 1 1 3007 3043 3044
5727 2 2 1 1 3007 3044 3008
5728 2 2 1 1 3008 3044 3045
5729 2 2 1 1 3008 3045 3009
5730 2 2 1 1 3009 3045 3046
5731 2 2 1 1 3009 3046 3010
5732 2 2 1 1 3010 3046 3047
5733 2 2 1 1 3010 3047 3011
5734 2 2 1 1 3011 3047 3048
5735 2 2 1 1 3011 3048 3012
5736 2 2 1 1 3012 3048 3049
5737 2 2 1 1 3012 3049 165
5738 2 2 1 1 165 3049 164
5739 2 2 1 1 81 82 3013
5740 2 2 1 1 3013 82 3050
5741 2 2 1 1 3013 3050 3014
5742 2 2 1 1 3014 3050 3051
5743 2 2 1 1 3014 3051 3015
5744 2 2 1 1 3015 3051 3052
5745 2 2 1 1 3015 3052 3016
5746 2 2 1 1 3016 3052 3053
5747 2 2 1 1 3016 3053 3017
5748 2 2 1 1 3017 3053 3054
5749 2 2 1 1 3017 3054 3018
5750 2 2 1 1 3018 3054 3055
5751 2 2 1 1 3018 3055 3019
5752 2 2 1 1 3019 3055 3056
5753 2 2 1 1 3019 3056 3020
5754 2 2 1 1 3020 3056 3057
5755 2 2 1 1 3020 3057 3021
5756 2 2 1 1 3021 3057 3058
5757 2 2 1 1 3021 3058 3022
5758 2 2 1 1 3022 3058 3059
5759 2 2 1 1 3022 3059 3023
5760 2 2 1 1 3023 3059 3060
5761 2 2 1 1 3023 3060 3024
5762 2 2 1 1 3024 3060 3061
5763 2 2 1 1 3024 3061 3025
5764 2 2 1 1 3025 3061 3062
5765 2 2 1 1 3025 3062 3026
5766 2 2 1 1 3026 3062 3063
5767 2 2 1 1 3026 3063 3027
5768 2 2 1 1 3027 3063 3064
5769 2 2 1 1 3027 3064 3028
5770 2 2 1 1 3028 3064 3065
5771 2 2 1 1 3028 3065 3029
5772 2 2 1 1 3029 3065 3066
5773 2 2 1 1 3029 3066 3030
5774 2 2 1 1 3030 3066 3067
5775 2 2 1 1 3030 3067 3031
5776 2 2 1 1 3031 3067 3068
5777 2 2 1 1 3031 3068 3032
5778 2 2 1 1 3032 3068 3069
5779 2 2 1 1 3032 3069 3033
5780 2 2 1 1 3033 3069 3070
5781 2 2 1 1 3033 3070 3034
5782 2 2 1 1 3034 3070 3071
5783 2 2 1 1 3034 3071 3035
5784 2 2 1 1 3035 3071 3072
5785 2 2 1 1 3035 3072 3036
5786 2 2 1 1 3036 3072 3073
5787 2 2 1 1 3036 3073 3037
5788 2 2 1 1 3037 3073 3074
5789 2 2 1 1 3037 3074 3038
5790 2 2 1 1 3038 3074 3075
5791 2 2 1 1 3038 3075 3039
5792 2 2 1 1 3039 3075 3076
5793 2 2 1 1 3039 3076 3040
5794 2 2 1 1 3040 3076 3077
5795 2 2 1 1 3040 3077 3041
5796 2 2 1 1 3041 3077 3078
5797 2 2 1 1 3041 3078 3042
5798 2 2 1 1 3042 3078 3079
5799 2 2 1 1 3042 3079 3043
5800 2 2 1 1 3043 3079 3080
5801 2 2 1 1 3043 3080 3044
5802 2 2 1 1 3044 3080 3081
5803 2 2 1 1 3044 3081 3045
5804 2 2 1 1 3045 3081 3082
5805 2 2 1 1 3045 3082 3046
5806 2 2 1 1 3046 3082 3083
5807 2 2 1 1 3046 3083 3047
5808 2 2 1 1 3047 3083 3084
5809 2 2 1 1 3047 3084 3048
5810 2 2 1 1 3048 3084 3085
5811 2 2 1 1 3048 3085 3049
5812 2 2 1 1 3049 3085 3086
5813 2 2 1 1 3049 3086 164
5814 2 2 1 1 164 3086 163
5815 2 2 1 1 82 83 3050
5816 2 2 1 1 3050 83 3087
5817 2 2 1 1 3050 3087 3051
5818 2 2 1 1 3051 3087 3088
5819 2 2 1 1 3051 3088 3052
5820 2 2 1 1 3052 3088 3089
5821 2 2 1 1 3052 3089 3053
5822 2 2 1 1 3053 3089 3090
5823 2 2 1 1 3053 3090 3054
5824 2 2 1 1 3054 3090 3091
5825 2 2 1 1 3054 3091 3055
5826 2 2 1 1 3055 3091 3092
5827 2 2 1 1 3055 3092 3056
5828 2 2 1 1 3056 3092 3093
5829 2 2 1 1 3056 3093 3057
5830 2 2 1 1 3057 3093 3094
5831 2 2 1 1 3057 3094 3058
5832 2 2 1 1 3058 3094 3095
5833 2 2 1 1 3058 3095 3059
5834 2 2 1 1 3059 3095 3096
5835 2 2 1 1 3059 3096 3060
5836 2 2 1 1 3060 3096 3097
5837 2 2 1 1 3060 3097 3061
5838 2 2 1 1 3061 3097 3098
5839 2 2 1 1 3061 3098 3062
5840 2 2 1 1 3062 3098 3099
5841 2 2 1 1 3062 3099 3063
5842 2 2 1 1 3063 3099 3100
5843 2 2 1 1 3063 3100 3064
5844 2 2 1 1 3064 3100 3101
5845 2 2 1 1 3064 3101 3065
5846 2 2 1 1 3065 3101 3102
5847 2 2 1 1 3065 3102 3066
5848 2 2 1 1 3066 3102 3103
5849 2 2 1 1 3066 3103 3067
5850 2 2 1 1 3067 3103 3104
5851 2 2 1 1 3067 3104 3068
5852 2 2 1 1 3068 3104 3105
5853 2 2 1 1 3068 3105 3069
5854 2 2 1 1 3069 3105 3106
5855 2 2 1 1 3069 3106 3070
5856 2 2 1 1 3070 3106 3107
5857 2 2 1 1 3070 3107 3071
5858 2 2 1 1 3071 3107 3108
5859 2 2 1 1 3071 3108 3072
5860 2 2 1 1 3072 3108 3109
5861 2 2 1 1 3072 3109 3073
5862 2 2 1 1 3073 3109 3110
5863 2 2 1 1 3073 3110 3074
5864 2 2 1 1 3074 3110 3111
5865 2 2 1 1 3074 3111 3075
5866 2 2 1 1 3075 3111 3112
5867 2 2 1 1 3075 3112 3076
5868 2 2 1 1 3076 3112 3113
5869 2 2 1 1 3076 3113 3077
5870 2 2 1 1 3077 3113 3114
5871 2 2 1 1 3077 3114 3078
5872 2 2 1 1 3078 3114 3115
5873 2 2 1 1 3078 3115 3079
5874 2 2 1 1 3079 3115 3116
5875 2 2 1 1 3079 3116 3080
5876 2 2 1 1 3080 3116 3117
5877 2 2 1 1 3080 3117 3081
5878 2 2 1 1 3081 3117 3118
5879 2 2 1 1 3081 3118 3082
5880 2 2 1 1 3082 3118 3119
5881 2 2 1 1 3082 3119 3083
5882 2 2 1 1 3083 3119 3120
5883 2 2 1 1 3083 3120 3084
5884 2 2 1 1 3084 3120 3121
5885 2 2 1 1 3084 3121 3085
5886 2 2 1 1 3085 3121 3122
5887 2 2 1 1 3085 3122 3086
5888 2 2 1 1 3086 3122 3123
5889 2 2 1 1 3086 3123 163
5890 2 2 1 1 163 3123 162
5891 2 2 1 1 83 84 3087
5892 2 2 1 1 3087 84 3124
5893 2 2 1 1 3087 3124 3088
5894 2 2 1 1 3088 3124 3125
5895 2 2 1 1 3088 3125 3089
5896 2 2 1 1 3089 3125 3126
5897 2 2 1 1 3089 3126 3090
5898 2 2 1 1 3090 3126 3127
5899 2 2 1 1 3090 3127 3091
5900 2 2 1 1 3091 3127 3128
5901 2 2 1 1 3091 3128 3092
5902 2 2 1 1 3092 3128 3129
5903 2 2 1 1 3092 3129 3093
5904 2 2 1 1 3093 3129 3130
5905 2 2 1 1 3093 3130 3094
5906 2 2 1 1 3094 3130 3131
5907 2 2 1 1 3094 3131 3095
5908 2 2 1 1 3095 3131 3132
5909 2 2 1 1 3095 3132 3096
5910 2 2 1 1 3096 3132 3133
5911 2 2 1 1 3096 3133 3097
5912 2 2 1 1 3097 3133 3134
5913 2 2 1 1 3097 3134 3098
5914 2 2 1 1 3098 3134 3135
5915 2 2 1 1 3098 3135 3099
5916 2 2 1 1 3099 3135 3136
5917 2 2 1 1 3099 3136 3100
5918 2 2 1 1 3100 3136 3137
5919 2 2 1 1 3100 3137 3101
5920 2 2 1 1 3101 3137 3138
5921 2 2 1 1 3101 3138 3102
5922 2 2 1 1 3102 3138 3139
5923 2 2 1 1 3102 3139 3103
5924 2 2 1 1 3103 3139 3140
5925 2 2 1 1 3103 3140 3104
5926 2 2 1 1 3104 3140 3141
5927 2 2 1 1 3104 3141 3105
5928 2 2 1 1 3105 3141 3142
5929 2 2 1 1 3105 3142 3106
5930 2 2 1 1 3106 3142 3143
5931 2 2 1 1 3106 3143 3107
5932 2 2 1 1 3107 3143 3144
5933 2 2 1 1 3107 3144 3108
5934 2 2 1 1 3108 3144 3145
5935 2 2 1 1 3108 3145 3109
5936 2 2 1 1 3109 3145 3146
5937 2 2 1 1 3109 3146 3110
5938 2 2 1 1 3110 3146 3147
5939 2 2 1 1 3110 3147 3111
5940 2 2 1 1 3111 3147 3148
5941 2 2 1 1 3111 3148 3112
5942 2 2 1 1 3112 3148 3149
5943 2 2 1 1 3112 3149 3113
5944 2 2 1 1 3113 3149 3150
5945 2 2 1 1 3113 3150 3114
5946 2 2 1 1 3114 3150 3151
5947 2 2 1 1 3114 3151 3115
5948 2 2 1 1 3115 3151 3152
5949 2 2 1 1 3115 3152 3116
5950 2 2 1 1 3116 3152 3153
5951 2 2 1 1 3116 3153 3117
5952 2 2 1 1 3117 3153 3154
5953 2 2 1 1 3117 3154 3118
5954 2 2 1 1 3118 3154 3155
5955 2 2 1 1 3118 3155 3119
5956 2 2 1 1 3119 3155 3156
5957 2 2 1 1 3119 3156 3120
5958 2 2 1 1 3120 3156 3157
5959 2 2 1 1 3120 3157 3121
5960 2 2 1 1 3121 3157 3158
5961 2 2 1 1 3121 3158 3122
5962 2 2 1 1 3122 3158 3159
5963 2 2 1 1 3122 3159 3123
5964 2 2 1 1 3123 3159 3160
5965 2 2 1 1 3123 3160 162
5966 2 2 1 1 162 3160 161
5967 2 2 1 1 84 85 3124
5968 2 2 1 1 3124 85 3161
5969 2 2 1 1 3124 3161 3125
5970 2 2 1 1 3125 3161 3162
5971 2 2 1 1 3125 3162 3126
5972 2 2 1 1 3126 3162 3163
5973 2 2 1 1 3126 3163 3127
5974 2 2 1 1 3127 3163 3164
5975 2 2 1 1 3127 3164 3128
5976 2 2 1 1 3128 3164 3165
5977 2 2 1 1 3128 3165 3129
5978 2 2 1 1 3129 3165 3166
5979 2 2 1 1 3129 3166 3130
5980 2 2 1 1 3130 3166 3167
5981 2 2 1 1 3130 3167 3131
5982 2 2 1 1 3131 3167 3168
5983 2 2 1 1 3131 3168 3132
5984 2 2 1 1 3132 3168 3169
5985 2 2 1 1 3132 3169 3133
5986 2 2 1 1 3133 3169 3170
5987 2 2 1 1 3133 3170 3134
5988 2 2 1 1 3134 3170 3171
5989 2 2 1 1 3134 3171 3135
5990 2 2 1 1 3135 3171 3172
5991 2 2 1 1 3135 3172 3136
5992 2 2 1 1 3136 3172 3173
5993 2 2 1 1 3136 3173 3137
5994 2 2 1 1 3137 3173 3174
5995 2 2 1 1 3137 3174 3138
5996 2 2 1 1 3138 3174 3175
5997 2 2 1 1 3138 3175 3139
5998 2 2 1 1 3139 3175 3176
5999 2 2 1 1 3139 3176 3140
6000 2 2 1 1 3140 3176 3177
6001 2 2 1 1 3140 3177 3141
6002 2 2 1 1 3141 3177 3178
6003 2 2 1 1 3141 3178 3142
6004 2 2 1 1 3142 3178 3179
6005 2 2 1 1 3142 3179 3143
6006 2 2 1 1 3143 3179 3180
6007 2 2 1 1 3143 3180 3144
6008 2 2 1 1 3144 3180 3181
6009 2 2 1 1 3144 3181 3145
6010 2 2 1 1 3145 3181 3182
6011 2 2 1 1 3145 3182 3146
6012 2 2 1 1 3146 3182 3183
6013 2 2 1 1 3146 3183 3147
6014 2 2 1 1 3147 3183 3184
6015 2 2 1 1 3147 3184 3148
6016 2 2 1 1 3148 3184 3185
6017 2 2 1 1 3148 3185 3149
6018 2 2 1 1 3149 3185 3186
6019 2 2 1 1 3149 3186 3150
6020 2 2 1 1 3150 3186 3187
6021 2 2 1 1 3150 3187 3151
6022 2 2 1 1 3151 3187 3188
6023 2 2 1 1 3151 3188 3152
6024 2 2 1 1 3152 3188 3189
6025 2 2 1 1 3152 3189 3153
6026 2 2 1 1 3153 3189 3190
6027 2 2 1 1 3153 3190 3154
6028 2 2 1 1 3154 3190 3191
6029 2 2 1 1 3154 3191 3155
6030 2 2 1 1 3155 3191 3192
6031 2 2 1 1 3155 3192 3156
6032 2 2 1 1 3156 3192 3193
6033 2 2 1 1 3156 3193 3157
6034 2 2 1 1 3157 3193 3194
6035 2 2 1 1 3157 3194 3158
6036 2 2 1 1 3158 3194 3195
6037 2 2 1 1 3158 3195 3159
6038 2 2 1 1 3159 3195 3196
6039 2 2 1 1 3159 3196 3160
6040 2 2 1 1 3160 3196 3197
6041 2 2 1 1 3160 3197 161
6042 2 2 1 1 161 3197 160
6043 2 2 1 1 85 86 3161
6044 2 2 1 1 3161 86 3198
6045 2 2 1 1 3161 3198 3162
6046 2 2 1 1 3162 3198 3199
6047 2 2 1 1 3162 3199 3163
6048 2 2 1 1 3163 3199 3200
6049 2 2 1 1 3163 3200 3164
6050 2 2 1 1 3164 3200 3201
6051 2 2 1 1 3164 3201 3165
6052 2 2 1 1 3165 3201 3202
6053 2 2 1 1 3165 3202 3166
6054 2 2 1 1 3166 3202 3203
6055 2 2 1 1 3166 3203 3167
6056 2 2 1 1 3167 3203 3204
6057 2 2 1 1 3167 3204 3168
6058 2 2 1 1 3168 3204 3205
6059 2 2 1 1 3168 3205 3169
6060 2 2 1 1 3169 3205 3206
6061 2 2 1 1 3169 3206 3170
6062 2 2 1 1 3170 3206 3207
6063 2 2 1 1 3170 3207 3171
6064 2 2 1 1 3171 3207 3208
6065 2 2 1 1 3171 3208 3172
6066 2 2 1 1 3172 3208 3209
6067 2 2 1 1 3172 3209 3173
6068 2 2 1 1 3173 3209 3210
6069 2 2 1 1 3173 3210 3174
6070 2 2 1 1 3174 3210 3211
6071 2 2 1 1 3174 3211 3175
6072 2 2 1 1 3175 3211 3212
6073 2 2 1 1 3175 3212 3176
6074 2 2 1 1 3176 3212 3213
6075 2 2 1 1 3176 3213 3177
6076 2 2 1 1 3177 3213 3214
6077 2 2 1 1 3177 3214 3178
6078 2 2 1 1 3178 3214 3215
6079 2 2 1 1 3178 3215 3179
6080 2 2 1 1 3179 3215 3216
6081 2 2 1 1 3179 3216 3180
6082 2 2 1 1 3180 3216 3217
6083 2 2 1 1 3180 3217 3181
6084 2 2 1 1 3181 3217 3218
6085 2 2 1 1 3181 3218 3182
6086 2 2 1 1 3182 3218 3219
6087 2 2 1 1 3182 3219 3183
6088 2 2 1 1 3183 3219 3220
6089 2 2 1 1 3183 3220 3184
6090 2 2 1 1 3184 3220 3221
6091 2 2 1 1 3184 3221 3185
6092 2 2 1 1 3185 3221 3222
6093 2 2 1 1 3185 3222 3186
6094 2 2 1 1 3186 3222 3223
6095 2 2 1 1 3186 3223 3187
6096 2 2 1 1 3187 3223 3224
6097 2 2 1 1 3187 3224 3188
6098 2 2 1 1 3188 3224 3225
6099 2 2 1 1 3188 3225 3189
6100 2 2 1 1 3189 3225 3226
6101 2 2 1 1 3189 3226 3190
6102 2 2 1 1 3190 3226 3227
6103 2 2 1 1 3190 3227 3191
6104 2 2 1 1 3191 3227 3228
6105 2 2 1 1 3191 3228 3192
6106 2 2 1 1 3192 3228 3229
6107 2 2 1 1 3192 3229 3193
6108 2 2 1 1 3193 3229 3230
6109 2 2 1 1 3193 3230 3194
6110 2 2 1 1 3194 3230 3231
6111 2 2 1 1 3194 3231 3195
6112 2 2 1 1 3195 3231 3232
6113 2 2 1 1 3195 3232 3196
6114 2 2 1 1 3196 3232 3233
6115 2 2 1 1 3196 3233 3197
6116 2 2 1 1 3197 3233 3234
6117 2 2 1 1 3197 3234 160
6118 2 2 1 1 160 3234 159
6119 2 2 1 1 86 87 3198
6120 2 2 1 1 3198 87 3235
6121 2 2 1 1 3198 3235 3199
6122 2 2 1 1 3199 3235 3236
6123 2 2 1 1 3199 3236 3200
6124 2 2 1 1 3200 3236 3237
6125 2 2 1 1 3200 3237 3201
6126 2 2 1 1 3201 3237 3238
6127 2 2 1 1 3201 3238 3202
6128 2 2 1 1 3202 3238 3239
6129 2 2 1 1 3202 3239 3203
6130 2 2 1 1 3203 3239 3240
6131 2 2 1 1 3203 3240 3204
6132 2 2 1 1 3204 3240 3241
6133 2 2 1 1 3204 3241 3205
6134 2 2 1 1 3205 3241 3242
6135 2 2 1 1 3205 3242 3206
6136 2 2 1 1 3206 3242 3243
6137 2 2 1 1 3206 3243 3207
6138 2 2 1 1 3207 3243 3244
6139 2 2 1 1 3207 3244 3208
6140 2 2 1 1 3208 3244 3245
6141 2 2 1 1 3208 3245 3209
6142 2 2 1 1 3209 3245 3246
6143 2 2 1 1 3209 3246 3210
6144 2 2 1 1 3210 3246 3247
6145 2 2 1 1 3210 3247 3211
6146 2 2 1 1 3211 3247 3248
6147 2 2 1 1 3211 3248 3212
6148 2 2 1 1 3212 3248 3249
6149 2 2 1 1 3212 3249 3213
6150 2 2 1 1 3213 3249 3250
6151 2 2 1 1 3213 3250 3214
6152 2 2 1 1 3214 3250 3251
6153 2 2 1 1 3214 3251 3215
6154 2 2 1 1 3215 3251 3252
6155 2 2 1 1 3215 3252 3216
6156 2 2 1 1 3216 3252 3253
6157 2 2 1 1 3216 3253 3217
6158 2 2 1 1 3217 3253 3254
6159 2 2 1 1 3217 3254 3218
6160 2 2 1 1 3218 3254 3255
6161 2 2 1 1 3218 3255 3219
6162 2 2 1 1 3219 3255 3256
6163 2 2 1 1 3219 3256 3220
6164 2 2 1 1 3220 3256 3257
6165 2 2 1 1 3220 3257 3221
6166 2 2 1 1 3221 3257 3258
6167 2 2 1 1 3221 3258 3222
6168 2 2 1 1 3222 3258 3259
6169 2 2 1 1 3222 3259 3223
6170 2 2 1 1 3223 3259 3260
6171 2 2 1 1 3223 3260 3224
6172 2 2 1 1 3224 3260 3261
6173 2 2 1 1 3224 3261 3225
6174 2 2 1 1 3225 3261 3262
6175 2 2 1 1 3225 3262 3226
6176 2 2 1 1 3226 3262 3263
6177 2 2 1 1 3226 3263 3227
6178 2 2 1 1 3227 3263 3264
6179 2 2 1 1 3227 3264 3228
6180 2 2 1 1 3228 3264 3265
6181 2 2 1 1 3228 3265 3229
6182 2 2 1 1 3229 3265 3266
6183 2 2 1 1 3229 3266 3230
6184 2 2 1 1 3230 3266 3267
6185 2 2 1 1 3230 3267 3231
6186 2 2 1 1 3231 3267 3268
6187 2 2 1 1 3231 3268 3232
6188 2 2 1 1 3232 3268 3269
6189 2 2 1 1 3232 3269 3233
6190 2 2 1 1 3233 3269 3270
6191 2 2 1 1 3233 3270 3234
6192 2 2 1 1 3234 3270 3271
6193 2 2 1 1 3234 3271 159
6194 2 2 1 1 159 3271 158
6195 2 2 1 1 87 88 3235
6196 2 2 1 1 3235 88 3272
6197 2 2 1 1 3235 3272 3236
6198 2 2 1 1 3236 3272 3273
6199 2 2 1 1 3236 3273 3237
6200 2 2 1 1 3237 3273 3274
6201 2 2 1 1 3237 3274 3238
6202 2 2 1 1 3238 3274 3275
6203 2 2 1 1 3238 3275 3239
6204 2 2 1 1 3239 3275 3276
6205 2 2 1 1 3239 3276 3240
6206 2 2 1 1 3240 3276 3277
6207 2 2 1 1 3240 3277 3241
6208 2 2 1 1 3241 3277 3278
6209 2 2 1 1 3241 3278 3242
6210 2 2 1 1 3242 3278 3279
6211 2 2 1 1 3242 3279 3243
6212 2 2 1 1 3243 3279 3280
6213 2 2 1 1 3243 3280 3244
6214 2 2 1 1 3244 3280 3281
6215 2 2 1 1 3244 3281 3245
6216 2 2 1 1 3245 3281 3282
6217 2 2 1 1 3245 3282 3246
6218 2 2 1 1 3246 3282 3283
6219 2 2 1 1 3246 3283 3247
6220 2 2 1 1 3247 3283 3284
6221 2 2 1 1 3247 3284 3248
6222 2 2 1 1 3248 3284 3285
6223 2 2 1 1 3248 3285 3249
6224 2 2 1 1 3249 3285 3286
6225 2 2 1 1 3249 3286 3250
6226 2 2 1 1 3250 3286 3287
6227 2 2 1 1 3250 3287 3251
6228 2 2 1 1 3251 3287 3288
6229 2 2 1 1 3251 3288 3252
6230 2 2 1 1 3252 3288 3289
6231 2 2 1 1 3252 3289 3253
6232 2 2 1 1 3253 3289 3290
6233 2 2 1 1 3253 3290 3254
6234 2 2 1 1 3254 3290 3291
6235 2 2 1 1 3254 3291 3255
6236 2 2 1 1 3255 3291 3292
6237 2 2 1 1 3255 3292 3256
6238 2 2 1 1 3256 3292 3293
6239 2 2 1 1 3256 3293 3257
6240 2 2 1 1 3257 3293 3294
6241 2 2 1 1 3257 3294 3258
6242 2 2 1 1 3258 3294 3295
6243 2 2 1 1 3258 3295 3259
6244 2 2 1 1 3259 3295 3296
6245 2 2 1 1 3259 3296 3260
6246 2 2 1 1 3260 3296 3297
6247 2 2 1 1 3260 3297 3261
6248 2 2 1 1 3261 3297 3298
6249 2 2 1 1 3261 3298 3262
6250 2 2 1 1 3262 3298 3299
6251 2 2 1 1 3262 3299 3263
6252 2 2 1 1 3263 3299 3300
6253 2 2 1 1 3263 3300 3264
6254 2 2 1 1 3264 3300 3301
6255 2 2 1 1 3264 3301 3265
6256 2 2 1 1 3265 3301 3302
6257 2 2 1 1 3265 3302 3266
6258 2 2 1 1 3266 3302 3303
6259 2 2 1 1 3266 3303 3267
6260 2 2 1 1 3267 3303 3304
6261 2 2 1 1 3267 3304 3268
6262 2 2 1 1 3268 3304 3305
6263 2 2 1 1 3268 3305 3269
6264 2 2 1 1 3269 3305 3306
6265 2 2 1 1 3269 3306 3270
6266 2 2 1 1 3270 3306 3307
6267 2 2 1 1 3270 3307 3271
6268 2 2 1 1 3271 3307 3308
6269 2 2 1 1 3271 3308 158
6270 2 2 1 1 158 3308 157
6271 2 2 1 1 88 89 3272
6272 2 2 1 1 3272 89 3309
6273 2 2 1 1 3272 3309 3273
6274 2 2 1 1 3273 3309 3310
6275 2 2 1 1 3273 3310 3274
6276 2 2 1 1 3274 3310 3311
6277 2 2 1 1 3274 3311 3275
6278 2 2 1 1 3275 3311 3312
6279 2 2 1 1 3275 3312 3276
6280 2 2 1 1 3276 3312 3313
6281 2 2 1 1 3276 3313 3277
6282 2 2 1 1 3277 3313 3314
6283 2 2 1 1 3277 3314 3278
6284 2 2 1 1 3278 3314 3315
6285 2 2 1 1 3278 3315 3279
6286 2 2 1 1 3279 3315 3316
6287 2 2 1 1 3279 3316 3280
6288 2 2 1 1 3280 3316 3317
6289 2 2 1 1 3280 3317 3281
6290 2 2 1 1 3281 3317 3318
6291 2 2 1 1 3281 3318 3282
6292 2 2 1 1 3282 3318 3319
6293 2 2 1 1 3282 3319 3283
6294 2 2 1 1 3283 3319 3320
6295 2 2 1 1 3283 3320 3284
6296 2 2 1 1 3284 3320 3321
6297 2 2 1 1 3284 3321 3285
6298 2 2 1 1 3285 3321 3322
6299 2 2 1 1 3285 3322 3286
6300 2 2 1 1 3286 3322 3323
6301 2 2 1 1 3286 3323 3287
6302 2 2 1 1 3287 3323 3324
6303 2 2 1 1 3287 3324 3288
6304 2 2 1 1 3288 3324 3325
6305 2 2 1 1 3288 3325 3289
6306 2 2 1 1 3289 3325 3326
6307 2 2 1 1 3289 3326 3290
6308 2 2 1 1 3290 3326 3327
6309 2 2 1 1 3290 3327 3291
6310 2 2 1 1 3291 3327 3328
6311 2 2 1 1 3291 3328 3292
6312 2 2 1 1 3292 3328 3329
6313 2 2 1 1 3292 3329 3293
6314 2 2 1 1 3293 3329 3330
6315 2 2 1 1 3293 3330 3294
6316 2 2 1 1 3294 3330 3331
6317 2 2 1 1 3294 3331 3295
6318 2 2 1 1 3295 3331 3332
6319 2 2 1 1 3295 3332 3296
6320 2 2 1 1 3296 3332 3333
6321 2 2 1 1 3296 3333 3297
6322 2 2 1 1 3297 3333 3334
6323 2 2 1 1 3297 3334 3298
6324 2 2 1 1 3298 3334 3335
6325 2 2 1 1 3298 3335 3299
6326 2 2 1 1 3299 3335 3336
6327 2 2 1 1 3299 3336 3300
6328 2 2 1 1 3300 3336 3337
6329 2 2 1 1 3300 3337 3301
6330 2 2 1 1 3301 3337 3338
6331 2 2 1 1 3301 3338 3302
6332 2 2 1 1 3302 3338 3339
6333 2 2 1 1 3302 3339 3303
6334 2 2 1 1 3303 3339 3340
6335 2 2 1 1 3303 3340 3304
6336 2 2 1 1 3304 3340 3341
6337 2 2 1 1 3304 3341 3305
6338 2 2 1 1 3305 3341 3342
6339 2 2 1 1 3305 3342 3306
6340 2 2 1 1 3306 3342 3343
6341 2 2 1 1 3306 3343 3307
6342 2 2 1 1 3307 3343 3344
6343 2 2 1 1 3307 3344 3308
6344 2 2 1 1 3308 3344 3345
6345 2 2 1 1 3308 3345 157
6346 2 2 1 1 157 3345 156
6347 2 2 1 1 89 90 3309
6348 2 2 1 1 3309 90 3346
6349 2 2 1 1 3309 3346 3310
6350 2 2 1 1 3310 3346 3347
6351 2 2 1 1 3310 3347 3311
6352 2 2 1 1 3311 3347 3348
6353 2 2 1 1 3311 3348 3312
6354 2 2 1 1 3312 3348 3349
6355 2 2 1 1 3312 3349 3313
6356 2 2 1 1 3313 3349 3350
6357 2 2 1 1 3313 3350 3314
6358 2 2 1 1 3314 3350 3351
6359 2 2 1 1 3314 3351 3315
6360 2 2 1 1 3315 3351 3352
6361 2 2 1 1 3315 3352 3316
6362 2 2 1 1 3316 3352 3353
6363 2 2 1 1 3316 3353 3317
6364 2 2 1 1 3317 3353 3354
6365 2 2 1 1 3317 3354 3318
6366 2 2 1 1 3318 3354 3355
6367 2 2 1 1 3318 3355 3319
6368 2 2 1 1 3319 3355 3356
6369 2 2 1 1 3319 3356 3320
6370 2 2 1 1 3320 3356 3357
6371 2 2 1 1 3320 3357 3321
6372 2 2 1 1 3321 3357 3358
6373 2 2 1 1 3321 3358 3322
6374 2 2 1 1 3322 3358 3359
6375 2 2 1 1 3322 3359 3323
6376 2 2 1 1 3323 3359 3360
6377 2 2 1 1 3323 3360 3324
6378 2 2 1 1 3324 3360 3361
6379 2 2 1 1 3324 3361 3325
6380 2 2 1 1 3325 3361 3362
6381 2 2 1 1 3325 3362 3326
6382 2 2 1 1 3326 3362 3363
6383 2 2 1 1 3326 3363 3327
6384 2 2 1 1 3327 3363 3364
6385 2 2 1 1 3327 3364 3328
6386 2 2 1 1 3328 3364 3365
6387 2 2 1 1 3328 3365 3329
6388 2 2 1 1 3329 3365 3366
6389 2 2 1 1 3329 3366 3330
6390 2 2 1 1 3330 3366 3367
6391 2 2 1 1 3330 3367 3331
6392 2 2 1 1 3331 3367 3368
6393 2 2 1 1 3331 3368 3332
6394 2 2 1 1 3332 3368 3369
6395 2 2 1 1 3332 3369 3333
6396 2 2 1 1 3333 3369 3370
6397 2 2 1 1 3333 3370 3334
6398 2 2 1 1 3334 3370 3371
6399 2 2 1 1 3334 3371 3335
6400 2 2 1 1 3335 3371 3372
6401 2 2 1 1 3335 3372 3336
6402 2 2 1 1 3336 3372 3373
6403 2 2 1 1 3336 3373 3337
6404 2 2 1 1 3337 3373 3374
6405 2 2 1 1 3337 3374 3338
6406 2 2 1 1 3338 3374 3375
6407 2 2 1 1 3338 3375 3339
6408 2 2 1 1 3339 3375 3376
6409 2 2 1 1 3339 3376 3340
6410 2 2 1 1 3340 3376 3377
6411 2 2 1 1 3340 3377 3341
6412 2 2 1 1 3341 3377 3378
6413 2 2 1 1 3341 3378 3342
6414 2 2 1 1 3342 3378 3379
6415 2 2 1 1 3342 3379 3343
6416 2 2 1 1 3343 3379 3380
6417 2 2 1 1 3343 3380 3344
6418 2 2 1 1 3344 3380 3381
6419 2 2 1 1 3344 3381 3345
6420 2 2 1 1 3345 3381 3382
6421 2 2 1 1 3345 3382 156
6422 2 2 1 1 156 3382 155
6423 2 2 1 1 90 91 3346
6424 2 2 1 1 3346 91 3383
6425 2 2 1 1 3346 3383 3347
6426 2 2 1 1 3347 3383 3384
6427 2 2 1 1 3347 3384 3348
6428 2 2 1 1 3348 3384 3385
6429 2 2 1 1 3348 3385 3349
6430 2 2 1 1 3349 3385 3386
6431 2 2 1 1 3349 3386 3350
6432 2 2 1 1 3350 3386 3387
6433 2 2 1 1 3350 3387 3351
6434 2 2 1 1 3351 3387 3388
6435 2 2 1 1 3351 3388 3352
6436 2 2 1 1 3352 3388 3389
6437 2 2 1 1 3352 3389 3353
6438 2 2 1 1 3353 3389 3390
6439 2 2 1 1 3353 3390 3354
6440 2 2 1 1 3354 3390 3391
6441 2 2 1 1 3354 3391 3355
6442 2 2 1 1 3355 3391 3392
6443 2 2 1 1 3355 3392 3356
6444 2 2 1 1 3356 3392 3393
6445 2 2 1 1 3356 3393 3357
6446 2 2 1 1 3357 3393 3394
6447 2 2 1 1 3357 3394 3358
6448 2 2 1 1 3358 3394 3395
6449 2 2 1 1 3358 3395 3359
6450 2 2 1 1 3359 3395 3396
6451 2 2 1 1 3359 3396 3360
6452 2 2 1 1 3360 3396 3397
6453 2 2 1 1 3360 3397 3361
6454 2 2 1 1 3361 3397 3398
6455 2 2 1 1 3361 3398 3362
6456 2 2 1 1 3362 3398 3399
6457 2 2 1 1 3362 3399 3363
6458 2 2 1 1 3363 3399 3400
6459 2 2 1 1 3363 3400 3364
6460 2 2 1 1 3364 3400 3401
6461 2 2 1 1 3364 3401 3365
6462 2 2 1 1 3365 3401 3402
6463 2 2 1 1 3365 3402 3366
6464 2 2 1 1 3366 3402 3403
6465 2 2 1 1 3366 3403 3367
6466 2 2 1 1 3367 3403 3404
6467 2 2 1 1 3367 3404 3368
6468 2 2 1 1 3368 3404 3405
6469 2 2 1 1 3368 3405 3369
6470 2 2 1 1 3369 3405 3406
6471 2 2 1 1 3369 3406 3370
6472 2 2 1 1 3370 3406 3407
6473 2 2 1 1 3370 3407 3371
6474 2 2 1 1 3371 3407 3408
6475 2 2 1 1 3371 3408 3372
6476 2 2 1 1 3372 3408 3409
6477 2 2 1 1 3372 3409 3373
6478 2 2 1 1 3373 3409 3410
6479 2 2 1 1 3373 3410 3374
6480 2 2 1 1 3374 3410 3411
6481 2 2 1 1 3374 3411 3375
6482 2 2 1 1 3375 3411 3412
6483 2 2 1 1 3375 3412 3376
6484 2 2 1 1 3376 3412 3413
6485 2 2 1 1 3376 3413 3377
6486 2 2 1 1 3377 3413 3414
6487 2 2 1 1 3377 3414 3378
6488 2 2 1 1 3378 3414 3415
6489 2 2 1 1 3378 3415 3379
6490 2 2 1 1 3379 3415 3416
6491 2 2 1 1 3379 3416 3380
6492 2 2 1 1 3380 3416 3417
6493 2 2 1 1 3380 3417 3381
6494 2 2 1 1 3381 3417 3418
6495 2 2 1 1 3381 3418 3382
6496 2 2 1 1 3382 3418 3419
6497 2 2 1 1 3382 3419 155
6498 2 2 1 1 155 3419 154
6499 2 2 1 1 91 92 3383
6500 2 2 1 1 3383 92 3420
6501 2 2 1 1 3383 3420 3384
6502 2 2 1 1 3384 3420 3421
6503 2 2 1 1 3384 3421 3385
6504 2 2 1 1 3385 3421 3422
6505 2 2 1 1 3385 3422 3386
6506 2 2 1 1 3386 3422 3423
6507 2 2 1 1 3386 3423 3387
6508 2 2 1 1 3387 3423 3424
6509 2 2 1 1 3387 3424 3388
6510 2 2 1 1 3388 3424 3425
6511 2 2 1 1 3388 3425 3389
6512 2 2 1 1 3389 3425 3426
6513 2 2 1 1 3389 3426 3390
6514 2 2 1 1 3390 3426 3427
6515 2 2 1 1 3390 3427 3391
6516 2 2 1 1 3391 3427 3428
6517 2 2 1 1 3391 3428 3392
6518 2 2 1 1 3392 3428 3429
6519 2 2 1 1 3392 3429 3393
6520 2 2 1 1 3393 3429 3430
6521 2 2 1 1 3393 3430 3394
6522 2 2 1 1 3394 3430 3431
6523 2 2 1 1 3394 3431 3395
6524 2 2 1 1 3395 3431 3432
6525 2 2 1 1 3395 3432 3396
6526 2 2 1 1 3396 3432 3433
6527 2 2 1 1 3396 3433 3397
6528 2 2 1 1 3397 3433 3434
6529 2 2 1 1 3397 3434 3398
6530 2 2 1 1 3398 3434 3435
6531 2 2 1 1 3398 3435 3399
6532 2 2 1 1 3399 3435 3436
6533 2 2 1 1 3399 3436 3400
6534 2 2 1 1 3400 3436 3437
6535 2 2 1 1 3400 3437 3401
6536 2 2 1 1 3401 3437 3438
6537 2 2 1 1 3401 3438 3402
6538 2 2 1 1 3402 3438 3439
6539 2 2 1 1 3402 3439 3403
6540 2 2 1 1 3403 3439 3440
6541 2 2 1 1 3403 3440 3404
6542 2 2 1 1 3404 3440 3441
6543 2 2 1 1 3404 3441 3405
6544 2 2 1 1 3405 3441 3442
6545 2 2 1 1 3405 3442 3406
6546 2 2 1 1 3406 3442 3443
6547 2 2 1 1 3406 3443 3407
6548 2 2 1 1 3407 3443 3444
6549 2 2 1 1 3407 3444 3408
6550 2 2 1 1 3408 3444 3445
6551 2 2 1 1 3408 3445 3409
6552 2 2 1 1 3409 3445 3446
6553 2 2 1 1 3409 3446 3410
6554 2 2 1 1 3410 3446 3447
6555 2 2 1 1 3410 3447 3411
6556 2 2 1 1 3411 3447 3448
6557 2 2 1 1 3411 3448 3412
6558 2 2 1 1 3412 3448 3449
6559 2 2 1 1 3412 3449 3413
6560 2 2 1 1 3413 3449 3450
6561 2 2 1 1 3413 3450 3414
6562 2 2 1 1 3414 3450 3451
6563 2 2 1 1 3414 3451 3415
6564 2 2 1 1 3415 3451 3452
6565 2 2 1 1 3415 3452 3416
6566 2 2 1 1 3416 3452 3453
6567 2 2 1 1 3416 3453 3417
6568 2 2 1 1 3417 3453 3454
6569 2 2 1 1 3417 3454 3418
6570 2 2 1 1 3418 3454 3455
6571 2 2 1 1 3418 3455 3419
6572 2 2 1 1 3419 3455 3456
6573 2 2 1 1 3419 3456 154
6574 2 2 1 1 154 3456 153
6575 2 2 1 1 92 93 3420
6576 2 2 1 1 3420 93 3457
6577 2 2 1 1 3420 3457 3421
6578 2 2 1 1 3421 3457 3458
6579 2 2 1 1 3421 3458 3422
6580 2 2 1 1 3422 3458 3459
6581 2 2 1 1 3422 3459 3423
6582 2 2 1 1 3423 3459 3460
6583 2 2 1 1 3423 3460 3424
6584 2 2 1 1 3424 3460 3461
6585 2 2 1 1 3424 3461 3425
6586 2 2 1 1 3425 3461 3462
6587 2 2 1 1 3425 3462 3426
6588 2 2 1 1 3426 3462 3463
6589 2 2 1 1 3426 3463 3427
6590 2 2 1 1 3427 3463 3464
6591 2 2 1 1 3427 3464 3428
6592 2 2 1 1 3428 3464 3465
6593 2 2 1 1 3428 3465 3429
6594 2 2 1 1 3429 3465 3466
6595 2 2 1 1 3429 3466 3430
6596 2 2 1 1 3430 3466 3467
6597 2 2 1 1 3430 3467 3431
6598 2 2 1 1 3431 3467 3468
6599 2 2 1 1 3431 3468 3432
6600 2 2 1 1 3432 3468 3469
6601 2 2 1 1 3432 3469 3433
6602 2 2 1 1 3433 3469 3470
6603 2 2 1 1 3433 3470 3434
6604 2 2 1 1 3434 3470 3471
6605 2 2 1 1 3434 3471 3435
6606 2 2 1 1 3435 3471 3472
6607 2 2 1 1 3435 3472 3436
6608 2 2 1 1 3436 3472 3473
6609 2 2 1 1 3436 3473 3437
6610 2 2 1 1 3437 3473 3474
6611 2 2 1 1 3437 3474 3438
6612 2 2 1 1 3438 3474 3475
6613 2 2 1 1 3438 3475 3439
6614 2 2 1 1 3439 3475 3476
6615 2 2 1 1 3439 3476 3440
6616 2 2 1 1 3440 3476 3477
6617 2 2 1 1 3440 3477 3441
6618 2 2 1 1 3441 3477 3478
6619 2 2 1 1 3441 3478 3442
6620 2 2 1 1 3442 3478 3479
6621 2 2 1 1 3442 3479 3443
6622 2 2 1 1 3443 3479 3480
6623 2 2 1 1 3443 3480 3444
6624 2 2 1 1 3444 3480 3481
6625 2 2 1 1 3444 3481 3445
6626 2 2 1 1 3445 3481 3482
6627 2 2 1 1 3445 3482 3446
6628 2 2 1 1 3446 3482 3483
6629 2 2 1 1 3446 3483 3447
6630 2 2 1 1 3447 3483 3484
6631 2 2 1 1 3447 3484 3448
6632 2 2 1 1 3448 3484 3485
6633 2 2 1 1 3448 3485 3449
6634 2 2 1 1 3449 3485 3486
6635 2 2 1 1 3449 3486 3450
6636 2 2 1 1 3450 3486 3487
6637 2 2 1 1 3450 3487 3451
6638 2 2 1 1 3451 3487 3488
6639 2 2 1 1 3451 3488 3452
6640 2 2 1 1 3452 3488 3489
6641 2 2 1 1 3452 3489 3453
6642 2 2 1 1 3453 3489 3490
6643 2 2 1 1 3453 3490 3454
6644 2 2 1 1 3454 3490 3491
6645 2 2 1 1 3454 3491 3455
6646 2 2 1 1 3455 3491 3492
6647 2 2 1 1 3455 3492 3456
6648 2 2 1 1 3456 3492 3493
6649 2 2 1 1 3456 3493 153
6650 2 2 1 1 153 3493 152
6651 2 2 1 1 93 94 3457
6652 2 2 1 1 3457 94 3494
6653 2 2 1 1 3457 3494 3458
6654 2 2 1 1 3458 3494 3495
6655 2 2 1 1 3458 3495 3459
6656 2 2 1 1 3459 3495 3496
6657 2 2 1 1 3459 3496 3460
6658 2 2 1 1 3460 3496 3497
6659 2 2 1 1 3460 3497 3461
6660 2 2 1 1 3461 3497 3498
6661 2 2 1 1 3461 3498 3462
6662 2 2 1 1 3462 3498 3499
6663 2 2 1 1 3462 3499 3463
6664 2 2 1 1 3463 3499 3500
6665 2 2 1 1 3463 3500 3464
6666 2 2 1 1 3464 3500 3501
6667 2 2 1 1 3464 3501 3465
6668 2 2 1 1 3465 3501 3502
6669 2 2 1 1 3465 3502 3466
6670 2 2 1 1 3466 3502 3503
6671 2 2 1 1 3466 3503 3467
6672 2 2 1 1 3467 3503 3504
6673 2 2 1 1 3467 3504 3468
6674 2 2 1 1 3468 3504 3505
6675 2 2 1 1 3468 3505 3469
6676 2 2 1 1 3469 3505 3506
6677 2 2 1 1 3469 3506 3470
6678 2 2 1 1 3470 3506 3507
6679 2 2 1 1 3470 3507 3471
6680 2 2 1 1 3471 3507 3508
6681 2 2 1 1 3471 3508 3472
6682 2 2 1 1 3472 3508 3509
6683 2 2 1 1 3472 3509 3473
6684 2 2 1 1 3473 3509 3510
6685 2 2 1 1 3473 3510 3474
6686 2 2 1 1 3474 3510 3511
6687 2 2 1 1 3474 3511 3475
6688 2 2 1 1 3475 3511 3512
6689 2 2 1 1 3475 3512 3476
6690 2 2 1 1 3476 3512 3513
6691 2 2 1 1 3476 3513 3477
6692 2 2 1 1 3477 3513 3514
6693 2 2 1 1 3477 3514 3478
6694 2 2 1 1 3478 3514 3515
6695 2 2 1 1 3478 3515 3479
6696 2 2 1 1 3479 3515 3516
6697 2 2 1 1 3479 3516 3480
6698 2 2 1 1 3480 3516 3517
6699 2 2 1 1 3480 3517 3481
6700 2 2 1 1 3481 3517 3518
6701 2 2 1 1 3481 3518 3482
6702 2 2 1 1 3482 3518 3519
6703 2 2 1 1 3482 3519 3483
6704 2 2 1 1 3483 3519 3520
6705 2 2 1 1 3483 3520 3484
6706 2 2 1 1 3484 3520 3521
6707 2 2 1 1 3484 3521 3485
6708 2 2 1 1 3485 3521 3522
6709 2 2 1 1 3485 3522 3486
6710 2 2 1 1 3486 3522 3523
6711 2 2 1 1 3486 3523 3487
6712 2 2 1 1 3487 3523 3524
6713 2 2 1 1 3487 3524 3488
6714 2 2 1 1 3488 3524 3525
6715 2 2 1 1 3488 3525 3489
6716 2 2 1 1 3489 3525 3526
6717 2 2 1 1 3489 3526 3490
6718 2 2 1 1 3490 3526 3527
6719 2 2 1 1 3490 3527 3491
6720 2 2 1 1 3491 3527 3528
6721 2 2 1 1 3491 3528 3492
6722 2 2 1 1 3492 3528 3529
6723 2 2 1 1 3492 3529 3493
6724 2 2 1 1 3493 3529 3530
6725 2 2 1 1 3493 3530 152
6726 2 2 1 1 152 3530 151
6727 2 2 1 1 94 95 3494
6728 2 2 1 1 3494 95 3531
6729 2 2 1 1 3494 3531 3495
6730 2 2 1 1 3495 3531 3532
6731 2 2 1 1 3495 3532 3496
6732 2 2 1 1 3496 3532 3533
6733 2 2 1 1 3496 3533 3497
6734 2 2 1 1 3497 3533 3534
6735 2 2 1 1 3497 3534 3498
6736 2 2 1 1 3498 3534 3535
6737 2 2 1 1 3498 3535 3499
6738 2 2 1 1 3499 3535 3536
6739 2 2 1 1 3499 3536 3500
6740 2 2 1 1 3500 3536 3537
6741 2 2 1 1 3500 3537 3501
6742 2 2 1 1 3501 3537 3538
6743 2 2 1 1 3501 3538 3502
6744 2 2 1 1 3502 3538 3539
6745 2 2 1 1 3502 3539 3503
6746 2 2 1 1 3503 3539 3540
6747 2 2 1 1 3503 3540 3504
6748 2 2 1 1 3504 3540 3541
6749 2 2 1 1 3504 3541 3505
6750 2 2 1 1 3505 3541 3542
6751 2 2 1 1 3505 3542 3506
6752 2 2 1 1 3506 3542 3543
6753 2 2 1 1 3506 3543 3507
6754 2 2 1 1 3507 3543 3544
6755 2 2 1 1 3507 3544 3508
6756 2 2 1 1 3508 3544 3545
6757 2 2 1 1 3508 3545 3509
6758 2 2 1 1 3509 3545 3546
6759 2 2 1 1 3509 3546 3510
6760 2 2 1 1 3510 3546 3547
6761 2 2 1 1 3510 3547 3511
6762 2 2 1 1 3511 3547 3548
6763 2 2 1 1 3511 3548 3512
6764 2 2 1 1 3512 3548 3549
6765 2 2 1 1 3512 3549 3513
6766 2 2 1 1 3513 3549 3550
6767 2 2 1 1 3513 3550 3514
6768 2 2 1 1 3514 3550 3551
6769 2 2 1 1 3514 3551 3515
6770 2 2 1 1 3515 3551 3552
6771 2 2 1 1 3515 3552 3516
6772 2 2 1 1 3516 3552 3553
6773 2 2 1 1 3516 3553 3517
6774 2 2 1 1 3517 3553 3554
6775 2 2 1 1 3517 3554 3518
6776 2 2 1 1 3518 3554 3555
6777 2 2 1 1 3518 3555 3519
6778 2 2 1 1 3519 3555 3556
6779 2 2 1 1 3519 3556 3520
6780 2 2 1 1 3520 3556 3557
6781 2 2 1 1 3520 3557 3521
6782 2 2 1 1 3521 3557 3558
6783 2 2 1 1 3521 3558 3522
6784 2 2 1 1 3522 3558 3559
6785 2 2 1 1 3522 3559 3523
6786 2 2 1 1 3523 3559 3560
6787 2 2 1 1 3523 3560 3524
6788 2 2 1 1 3524 3560 3561
6789 2 2 1 1 3524 3561 3525
6790 2 2 1 1 3525 3561 3562
6791 2 2 1 1 3525 3562 3526
6792 2 2 1 1 3526 3562 3563
6793 2 2 1 1 3526 3563 3527
6794 2 2 1 1 3527 3563 3564
6795 2 2 1 1 3527 3564 3528
6796 2 2 1 1 3528 3564 3565
6797 2 2 1 1 3528 3565 3529
6798 2 2 1 1 3529 3565 3566
6799 2 2 1 1 3529 3566 3530
6800 2 2 1 1 3530 3566 3567
6801 2 2 1 1 3530 3567 151
6802 2 2 1 1 151 3567 150
6803 2 2 1 1 95 96 3531
6804 2 2 1 1 3531 96 3568
6805 2 2 1 1 3531 3568 3532
6806 2 2 1 1 3532 3568 3569
6807 2 2 1 1 3532 3569 3533
6808 2 2 1 1 3533 3569 3570
6809 2 2 1 1 3533 3570 3534
6810 2 2 1 1 3534 3570 3571
6811 2 2 1 1 3534 3571 3535
6812 2 2 1 1 3535 3571 3572
6813 2 2 1 1 3535 3572 3536
6814 2 2 1 1 3536 3572 3573
6815 2 2 1 1 3536 3573 3537
6816 2 2 1 1 3537 3573 3574
6817 2 2 1 1 3537 3574 3538
6818 2 2 1 1 3538 3574 3575
6819 2 2 1 1 3538 3575 3539
6820 2 2 1 1 3539 3575 3576
6821 2 2 1 1 3539 3576 3540
6822 2 2 1 1 3540 3576 3577
6823 2 2 1 1 3540 3577 3541
6824 2 2 1 1 3541 3577 3578
6825 2 2 1 1 3541 3578 3542
6826 2 2 1 1 3542 3578 3579
6827 2 2 1 1 3542 3579 3543
6828 2 2 1 1 3543 3579 3580
6829 2 2 1 1 3543 3580 3544
6830 2 2 1 1 3544 3580 3581
6831 2 2 1 1 3544 3581 3545
6832 2 2 1 1 3545 3581 3582
6833 2 2 1 1 3545 3582 3546
6834 2 2 1 1 3546 3582 3583
6835 2 2 1 1 3546 3583 3547
6836 2 2 1 1 3547 3583 3584
6837 2 2 1 1 3547 3584 3548
6838 2 2 1 1 3548 3584 3585
6839 2 2 1 1 3548 3585 3549
6840 2 2 1 1 3549 3585 3586
6841 2 2 1 1 3549 3586 3550
6842 2 2 1 1 3550 3586 3587
6843 2 2 1 1 3550 3587 3551
6844 2 2 1 1 3551 3587 3588
6845 2 2 1 1 3551 3588 3552
6846 2 2 1 1 3552 3588 3589
6847 2 2 1 1 3552 3589 3553
6848 2 2 1 1 3553 3589 3590
6849 2 2 1 1 3553 3590 3554
6850 2 2 1 1 3554 3590 3591
6851 2 2 1 1 3554 3591 3555
6852 2 2 1 1 3555 3591 3592
6853 2 2 1 1 3555 3592 3556
6854 2 2 1 1 3556 3592 3593
6855 2 2 1 1 3556 3593 3557
6856 2 2 1 1 3557 3593 3594
6857 2 2 1 1 3557 3594 3558
6858 2 2 1 1 3558 3594 3595
6859 2 2 1 1 3558 3595 3559
6860 2 2 1 1 3559 3595 3596
6861 2 2 1 1 3559 3596 3560
6862 2 2 1 1 3560 3596 3597
6863 2 2 1 1 3560 3597 3561
6864 2 2 1 1 3561 3597 3598
6865 2 2 1 1 3561 3598 3562
6866 2 2 1 1 3562 3598 3599
6867 2 2 1 1 3562 3599 3563
6868 2 2 1 1 3563 3599 3600
6869 2 2 1 1 3563 3600 3564
6870 2 2 1 1 3564 3600 3601
6871 2 2 1 1 3564 3601 3565
6872 2 2 1 1 3565 3601 3602
6873 2 2 1 1 3565 3602 3566
6874 2 2 1 1 3566 3602 3603
6875 2 2 1 1 3566 3603 3567
6876 2 2 1 1 3567 3603 3604
6877 2 2 1 1 3567 3604 150
6878 2 2 1 1 150 3604 149
6879 2 2 1 1 96 97 3568
6880 2 2 1 1 3568 97 3605
6881 2 2 1 1 3568 3605 3569
6882 2 2 1 1 3569 3605 3606
6883 2 2 1 1 3569 3606 3570
6884 2 2 1 1 3570 3606 3607
6885 2 2 1 1 3570 3607 3571
6886 2 2 1 1 3571 3607 3608
6887 2 2 1 1 3571 3608 3572
6888 2 2 1 1 3572 3608 3609
6889 2 2 1 1 3572 3609 3573
6890 2 2 1 1 3573 3609 3610
6891 2 2 1 1 3573 3610 3574
6892 2 2 1 1 3574 3610 3611
6893 2 2 1 1 3574 3611 3575
6894 2 2 1 1 3575 3611 3612
6895 2 2 1 1 3575 3612 3576
6896 2 2 1 1 3576 3612 3613
6897 2 2 1 1 3576 3613 3577
6898 2 2 1 1 3577 3613 3614
6899 2 2 1 1 3577 3614 3578
6900 2 2 1 1 3578 3614 3615
6901 2 2 1 1 3578 3615 3579
6902 2 2 1 1 3579 3615 3616
6903 2 2 1 1 3579 3616 3580
6904 2 2 1 1 3580 3616 3617
6905 2 2 1 1 3580 3617 3581
6906 2 2 1 1 3581 3617 3618
6907 2 2 1 1 3581 3618 3582
6908 2 2 1 1 3582 3618 3619
6909 2 2 1 1 3582 3619 3583
6910 2 2 1 1 3583 3619 3620
6911 2 2 1 1 3583 3620 3584
6912 2 2 1 1 3584 3620 3621
6913 2 2 1 1 3584 3621 3585
6914 2 2 1 1 3585 3621 3622
6915 2 2 1 1 3585 3622 3586
6916 2 2 1 1 3586 3622 3623
6917 2 2 1 1 3586 3623 3587
6918 2 2 1 1 3587 3623 3624
6919 2 2 1 1 3587 3624 3588
6920 2 2 1 1 3588 3624 3625
6921 2 2 1 1 3588 3625 3589
6922 2 2 1 1 3589 3625 3626
6923 2 2 1 1 3589 3626 3590
6924 2 2 1 1 3590 3626 3627
6925 2 2 1 1 3590 3627 3591
6926 2 2 1 1 3591 3627 3628
6927 2 2 1 1 3591 3628 3592
6928 2 2 1 1 3592 3628 3629
6929 2 2 1 1 3592 3629 3593
6930 2 2 1 1 3593 3629 3630
6931 2 2 1 1 3593 3630 3594
6932 2 2 1 1 3594 3630 3631
6933 2 2 1 1 3594 3631 3595
6934 2 2 1 1 3595 3631 3632
6935 2 2 1 1 3595 3632 3596
6936 2 2 1 1 3596 3632 3633
6937 2 2 1 1 3596 3633 3597
6938 2 2 1 1 3597 3633 3634
6939 2 2 1 1 3597 3634 3598
6940 2 2 1 1 3598 3634 3635
6941 2 2 1 1 3598 3635 3599
6942 2 2 1 1 3599 3635 3636
6943 2 2 1 1 3599 3636 3600
6944 2 2 1 1 3600 3636 3637
6945 2 2 1 1 3600 3637 3601
6946 2 2 1 1 3601 3637 3638
6947 2 2 1 1 3601 3638 3602
6948 2 2 1 1 3602 3638 3639
6949 2 2 1 1 3602 3639 3603
6950 2 2 1 1 3603 3639 3640
6951 2 2 1 1 3603 3640 3604
6952 2 2 1 1 3604 3640 3641
6953 2 2 1 1 3604 3641 149
6954 2 2 1 1 149 3641 148
6955 2 2 1 1 97 98 3605
6956 2 2 1 1 3605 98 3642
6957 2 2 1 1 3605 3642 3606
6958 2 2 1 1 3606 3642 3643
6959 2 2 1 1 3606 3643 3607
6960 2 2 1 1 3607 3643 3644
6961 2 2 1 1 3607 3644 3608
6962 2 2 1 1 3608 3644 3645
6963 2 2 1 1 3608 3645 3609
6964 2 2 1 1 3609 3645 3646
6965 2 2 1 1 3609 3646 3610
6966 2 2 1 1 3610 3646 3647
6967 2 2 1 1 3610 3647 3611
6968 2 2 1 1 3611 3647 3648
6969 2 2 1 1 3611 3648 3612
6970 2 2 1 1 3612 3648 3649
6971 2 2 1 1 3612 3649 3613
6972 2 2 1 1 3613 3649 3650
6973 2 2 1 1 3613 3650 3614
6974 2 2 1 1 3614 3650 3651
6975 2 2 1 1 3614 3651 3615
6976 2 2 1 1 3615 3651 3652
6977 2 2 1 1 3615 3652 3616
6978 2 2 1 1 3616 3652 3653
6979 2 2 1 1 3616 3653 3617
6980 2 2 1 1 3617 3653 3654
6981 2 2 1 1 3617 3654 3618
6982 2 2 1 1 3618 3654 3655
6983 2 2 1 1 3618 3655 3619
6984 2 2 1 1 3619 3655 3656
6985 2 2 1 1 3619 3656 3620
6986 2 2 1 1 3620 3656 3657
6987 2 2 1 1 3620 3657 3621
6988 2 2 1 1 3621 3657 3658
6989 2 2 1 1 3621 3658 3622
6990 2 2 1 1 3622 3658 3659
6991 2 2 1 1 3622 3659 3623
6992 2 2 1 1 3623 3659 3660
6993 2 2 1 1 3623 3660 3624
6994 2 2 1 1 3624 3660 3661
6995 2 2 1 1 3624 3661 3625
6996 2 2 1 1 3625 3661 3662
6997 2 2 1 1 3625 3662 3626
6998 2 2 1 1 3626 3662 3663
6999 2 2 1 1 3626 3663 3627
7000 2 2 1 1 3627 3663 3664
7001 2 2 1 1 3627 3664 3628
7002 2 2 1 1 3628 3664 3665
7003 2 2 1 1 3628 3665 3629
7004 2 2 1 1 3629 3665 3666
7005 2 2 1 1 3629 3666 3630
7006 2 2 1 1 3630 3666 3667
7007 2 2 1 1 3630 3667 3631
7008 2 2 1 1 3631 3667 3668
7009 2 2 1 1 3631 3668 3632
7010 2 2 1 1 3632 3668 3669
7011 2 2 1 1 3632 3669 3633
7012 2 2 1 1 3633 3669 3670
7013 2 2 1 1 3633 3670 3634
7014 2 2 1 1 3634 3670 3671
7015 2 2 1 1 3634 3671 3635
7016 2 2 1 1 3635 3671 3672
7017 2 2 1 1 3635 3672 3636
7018 2 2 1 1 3636 3672 3673
7019 2 2 1 1 3636 3673 3637
7020 2 2 1 1 3637 3673 3674
7021 2 2 1 1 3637 3674 3638
7022 2 2 1 1 3638 3674 3675
7023 2 2 1 1 3638 3675 3639
7024 2 2 1 1 3639 3675 3676
7025 2 2 1 1 3639 3676 3640
7026 2 2 1 1 3640 3676 3677
7027 2 2 1 1 3640 3677 3641
7028 2 2 1 1 3641 3677 3678
7029 2 2 1 1 3641 3678 148
7030 2 2 1 1 148 3678 147
7031 2 2 1 1 98 99 3642
7032 2 2 1 1 3642 99 3679
7033 2 2 1 1 3642 3679 3643
7034 2 2 1 1 3643 3679 3680
7035 2 2 1 1 3643 3680 3644
7036 2 2 1 1 3644 3680 3681
7037 2 2 1 1 3644 3681 3645
7038 2 2 1 1 3645 3681 3682
7039 2 2 1 1 3645 3682 3646
7040 2 2 1 1 3646 3682 3683
7041 2 2 1 1 3646 3683 3647
7042 2 2 1 1 3647 3683 3684
7043 2 2 1 1 3647 3684 3648
7044 2 2 1 1 3648 3684 3685
7045 2 2 1 1 3648 3685 3649
7046 2 2 1 1 3649 3685 3686
7047 2 2 1 1 3649 3686 3650
7048 2 2 1 1 3650 3686 3687
7049 2 2 1 1 3650 3687 3651
7050 2 2 1 1 3651 3687 3688
7051 2 2 1 1 3651 3688 3652
7052 2 2 1 1 3652 3688 3689
7053 2 2 1 1 3652 3689 3653
7054 2 2 1 1 3653 3689 3690
7055 2 2 1 1 3653 3690 3654
7056 2 2 1 1 3654 3690 3691
7057 2 2 1 1 3654 3691 3655
7058 2 2 1 1 3655 3691 3692
7059 2 2 1 1 3655 3692 3656
7060 2 2 1 1 3656 3692 3693
7061 2 2 1 1 3656 3693 3657
7062 2 2 1 1 3657 3693 3694
7063 2 2 1 1 3657 3694 3658
7064 2 2 1 1 3658 3694 3695
7065 2 2 1 1 3658 3695 3659
7066 2 2 1 1 3659 3695 3696
7067 2 2 1 1 3659 3696 3660
7068 2 2 1 1 3660 3696 3697
7069 2 2 1 1 3660 3697 3661
7070 2 2 1 1 3661 3697 3698
7071 2 2 1 1 3661 3698 3662
7072 2 2 1 1 3662 3698 3699
7073 2 2 1 1 3662 3699 3663
7074 2 2 1 1 3663 3699 3700
7075 2 2 1 1 3663 3700 3664
7076 2 2 1 1 3664 3700 3701
7077 2 2 1 1 3664 3701 3665
7078 2 2 1 1 3665 3701 3702
7079 2 2 1 1 3665 3702 3666
7080 2 2 1 1 3666 3702 3703
7081 2 2 1 1 3666 3703 3667
7082 2 2 1 1 3667 3703 3704
7083 2 2 1 1 3667 3704 3668
7084 2 2 1 1 3668 3704 3705
7085 2 2 1 1 3668 3705 3669
7086 2 2 1 1 3669 3705 3706
7087 2 2 1 1 3669 3706 3670
7088 2 2 1 1 3670 3706 3707
7089 2 2 1 1 3670 3707 3671
7090 2 2 1 1 3671 3707 3708
7091 2 2 1 1 3671 3708 3672
7092 2 2 1 1 3672 3708 3709
7093 2 2 1 1 3672 3709 3673
7094 2 2 1 1 3673 3709 3710
7095 2 2 1 1 3673 3710 3674
7096 2 2 1 1 3674 3710 3711
7097 2 2 1 1 3674 3711 3675
7098 2 2 1 1 3675 3711 3712
7099 2 2 1 1 3675 3712 3676
7100 2 2 1 1 3676 3712 3713
7101 2 2 1 1 3676 3713 3677
7102 2 2 1 1 3677 3713 3714
7103 2 2 1 1 3677 3714 3678
7104 2 2 1 1 3678 3714 3715
7105 2 2 1 1 3678 3715 147
7106 2 2 1 1 147 3715 146
7107 2 2 1 1 99 100 3679
7108 2 2 1 1 3679 100 3716
7109 2 2 1 1 3679 3716 3680
7110 2 2 1 1 3680 3716 3717
7111 2 2 1 1 3680 3717 3681
7112 2 2 1 1 3681 3717 3718
7113 2 2 1 1 3681 3718 3682
7114 2 2 1 1 3682 3718 3719
7115 2 2 1 1 3682 3719 3683
7116 2 2 1 1 3683 3719 3720
7117 2 2 1 1 3683 3720 3684
7118 2 2 1 1 3684 3720 3721
7119 2 2 1 1 3684 3721 3685
7120 2 2 1 1 3685 3721 3722
7121 2 2 1 1 3685 3722 3686
7122 2 2 1 1 3686 3722 3723
7123 2 2 1 1 3686 3723 3687
7124 2 2 1 1 3687 3723 3724
7125 2 2 1 1 3687 3724 3688
7126 2 2 1 1 3688 3724 3725
7127 2 2 1 1 3688 3725 3689
7128 2 2 1 1 3689 3725 3726
7129 2 2 1 1 3689 3726 3690
7130 2 2 1 1 3690 3726 3727
7131 2 2 1 1 3690 3727 3691
7132 2 2 1 1 3691 3727 3728
7133 2 2 1 1 3691 3728 3692
7134 2 2 1 1 3692 3728 3729
7135 2 2 1 1 3692 3729 3693
7136 2 2 1 1 3693 3729 3730
7137 2 2 1 1 3693 3730 3694
7138 2 2 1 1 3694 3730 3731
7139 2 2 1 1 3694 3731 3695
7140 2 2 1 1 3695 3731 3732
7141 2 2 1 1 3695 3732 3696
7142 2 2 1 1 3696 3732 3733
7143 2 2 1 1 3696 3733 3697
7144 2 2 1 1 3697 3733 3734
7145 2 2 1 1 3697 3734 3698
7146 2 2 1 1 3698 3734 3735
7147 2 2 1 1 3698 3735 3699
7148 2 2 1 1 3699 3735 3736
7149 2 2 1 1 3699 3736 3700
7150 2 2 1 1 3700 3736 3737
7151 2 2 1 1 3700 3737 3701
7152 2 2 1 1 3701 3737 3738
7153 2 2 1 1 3701 3738 3702
7154 2 2 1 1 3702 3738 3739
7155 2 2 1 1 3702 3739 3703
7156 2 2 1 1 3703 3739 3740
7157 2 2 1 1 3703 3740 3704
7158 2 2 1 1 3704 3740 3741
7159 2 2 1 1 3704 3741 3705
7160 2 2 1 1 3705 3741 3742
7161 2 2 1 1 3705 3742 3706
7162 2 2 1 1 3706 3742 3743
7163 2 2 1 1 3706 3743 3707
7164 2 2 1 1 3707 3743 3744
7165 2 2 1 1 3707 3744 3708
7166 2 2 1 1 3708 3744 3745
7167 2 2 1 1 3708 3745 3709
7168 2 2 1 1 3709 3745 3746
7169 2 2 1 1 3709 3746 3710
7170 2 2 1 1 3710 3746 3747
7171 2 2 1 1 3710 3747 3711
7172 2 2 1 1 3711 3747 3748
7173 2 2 1 1 3711 3748 3712
7174 2 2 1 1 3712 3748 3749
7175 2 2 1 1 3712 3749 3713
7176 2 2 1 1 3713 3749 3750
7177 2 2 1 1 3713 3750 3714
7178 2 2 1 1 3714 3750 3751
7179 2 2 1 1 3714 3751 3715
7180 2 2 1 1 3715 3751 3752
7181 2 2 1 1 3715 3752 146
7182 2 2 1 1 146 3752 145
7183 2 2 1 1 100 101 3716
7184 2 2 1 1 3716 101 3753
7185 2 2 1 1 3716 3753 3717
7186 2 2 1 1 3717 3753 3754
7187 2 2 1 1 3717 3754 3718
7188 2 2 1 1 3718 3754 3755
7189 2 2 1 1 3718 3755 3719
7190 2 2 1 1 3719 3755 3756
7191 2 2 1 1 3719 3756 3720
7192 2 2 1 1 3720 3756 3757
7193 2 2 1 1 3720 3757 3721
7194 2 2 1 1 3721 3757 3758
7195 2 2 1 1 3721 3758 3722
7196 2 2 1 1 3722 3758 3759
7197 2 2 1 1 3722 3759 3723
7198 2 2 1 1 3723 3759 3760
7199 2 2 1 1 3723 3760 3724
7200 2 2 1 1 3724 3760 3761
7201 2 2 1 1 3724 3761 3725
7202 2 2 1 1 3725 3761 3762
7203 2 2 1 1 3725 3762 3726
7204 2 2 1 1 3726 3762 3763
7205 2 2 1 1 3726 3763 3727
7206 2 2 1 1 3727 3763 3764
7207 2 2 1 1 3727 3764 3728
7208 2 2 1 1 3728 3764 3765
7209 2 2 1 1 3728 3765 3729
7210 2 2 1 1 3729 3765 3766
7211 2 2 1 1 3729 3766 3730
7212 2 2 1 1 3730 3766 3767
7213 2 2 1 1 3730 3767 3731
7214 2 2 1 1 3731 3767 3768
7215 2 2 1 1 3731 3768 3732
7216 2 2 1 1 3732 3768 3769
7217 2 2 1 1 3732 3769 3733
7218 2 2 1 1 3733 3769 3770
7219 2 2 1 1 3733 3770 3734
7220 2 2 1 1 3734 3770 3771
7221 2 2 1 1 3734 3771 3735
7222 2 2 1 1 3735 3771 3772
7223 2 2 1 1 3735 3772 3736
7224 2 2 1 1 3736 3772 3773
7225 2 2 1 1 3736 3773 3737
7226 2 2 1 1 3737 3773 3774
7227 2 2 1 1 3737 3774 3738
7228 2 2 1 1 3738 3774 3775
7229 2 2 1 1 3738 3775 3739
7230 2 2 1 1 3739 3775 3776
7231 2 2 1 1 3739 3776 3740
7232 2 2 1 1 3740 3776 3777
7233 2 2 1 1 3740 3777 3741
7234 2 2 1 1 3741 3777 3778
7235 2 2 1 1 3741 3778 3742
7236 2 2 1 1 3742 3778 3779
7237 2 2 1 1 3742 3779 3743
7238 2 2 1 1 3743 3779 3780
7239 2 2 1 1 3743 3780 3744
7240 2 2 1 1 3744 3780 3781
7241 2 2 1 1 3744 3781 3745
7242 2 2 1 1 3745 3781 3782
7243 2 2 1 1 3745 3782 3746
7244 2 2 1 1 3746 3782 3783
7245 2 2 1 1 3746 3783 3747
7246 2 2 1 1 3747 3783 3784
7247 2 2 1 1 3747 3784 3748
7248 2 2 1 1 3748 3784 3785
7249 2 2 1 1 3748 3785 3749
7250 2 2 1 1 3749 3785 3786
7251 2 2 1 1 3749 3786 3750
7252 2 2 1 1 3750 3786 3787
7253 2 2 1 1 3750 3787 3751
7254 2 2 1 1 3751 3787 3788
7255 2 2 1 1 3751 3788 3752
7256 2 2 1 1 3752 3788 3789
7257 2 2 1 1 3752 3789 145
7258 2 2 1 1 145 3789 144
7259 2 2 1 1 101 102 3753
7260 2 2 1 1 3753 102 3790
7261 2 2 1 1 3753 3790 3754
7262 2 2 1 1 3754 3790 3791
7263 2 2 1 1 3754 3791 3755
7264 2 2 1 1 3755 3791 3792
7265 2 2 1 1 3755 3792 3756
7266 2 2 1 1 3756 3792 3793
7267 2 2 1 1 3756 3793 3757
7268 2 2 1 1 3757 3793 3794
7269 2 2 1 1 3757 3794 3758
7270 2 2 1 1 3758 3794 3795
7271 2 2 1 1 3758 3795 3759
7272 2 2 1 1 3759 3795 3796
7273 2 2 1 1 3759 3796 3760
7274 2 2 1 1 3760 3796 3797
7275 2 2 1 1 3760 3797 3761
7276 2 2 1 1 3761 3797 3798
7277 2 2 1 1 3761 3798 3762
7278 2 2 1 1 3762 3798 3799
7279 2 2 1 1 3762 3799 3763
7280 2 2 1 1 3763 3799 3800
7281 2 2 1 1 3763 3800 3764
7282 2 2 1 1 3764 3800 3801
7283 2 2 1 1 3764 3801 3765
7284 2 2 1 1 3765 3801 3802
7285 2 2 1 1 3765 3802 3766
7286 2 2 1 1 3766 3802 3803
7287 2 2 1 1 3766 3803 3767
7288 2 2 1 1 3767 3803 3804
7289 2 2 1 1 3767 3804 3768
7290 2 2 1 1 3768 3804 3805
7291 2 2 1 1 3768 3805 3769
7292 2 2 1 1 3769 3805 3806
7293 2 2 1 1 3769 3806 3770
7294 2 2 1 1 3770 3806 3807
7295 2 2 1 1 3770 3807 3771
7296 2 2 1 1 3771 3807 3808
7297 2 2 1 1 3771 3808 3772
7298 2 2 1 1 3772 3808 3809
7299 2 2 1 1 3772 3809 3773
7300 2 2 1 1 3773 3809 3810
7301 2 2 1 1 3773 3810 3774
7302 2 2 1 1 3774 3810 3811
7303 2 2 1 1 3774 3811 3775
7304 2 2 1 1 3775 3811 3812
7305 2 2 1 1 3775 3812 3776
7306 2 2 1 1 3776 3812 3813
7307 2 2 1 1 3776 3813 3777
7308 2 2 1 1 3777 3813 3814
7309 2 2 1 1 3777 3814 3778
7310 2 2 1 1 3778 3814 3815
7311 2 2 1 1 3778 3815 3779
7312 2 2 1 1 3779 3815 3816
7313 2 2 1 1 3779 3816 3780
7314 2 2 1 1 3780 3816 3817
7315 2 2 1 1 3780 3817 3781
7316 2 2 1 1 3781 3817 3818
7317 2 2 1 1 3781 3818 3782
7318 2 2 1 1 3782 3818 3819
7319 2 2 1 1 3782 3819 3783
7320 2 2 1 1 3783 3819 3820
7321 2 2 1 1 3783 3820 3784
7322 2 2 1 1 3784 3820 3821
7323 2 2 1 1 3784 3821 3785
7324 2 2 1 1 3785 3821 3822
7325 2 2 1 1 3785 3822 3786
7326 2 2 1 1 3786 3822 3823
7327 2 2 1 1 3786 3823 3787
7328 2 2 1 1 3787 3823 3824
7329 2 2 1 1 3787 3824 3788
7330 2 2 1 1 3788 3824 3825
7331 2 2 1 1 3788 3825 3789
7332 2 2 1 1 3789 3825 3826
7333 2 2 1 1 3789 3826 144
7334 2 2 1 1 144 3826 143
7335 2 2 1 1 102 103 3790
7336 2 2 1 1 3790 103 3827
7337 2 2 1 1 3790 3827 3791
7338 2 2 1 1 3791 3827 3828
7339 2 2 1 1 3791 3828 3792
7340 2 2 1 1 3792 3828 3829
7341 2 2 1 1 3792 3829 3793
7342 2 2 1 1 3793 3829 3830
7343 2 2 1 1 3793 3830 3794
7344 2 2 1 1 3794 3830 3831
7345 2 2 1 1 3794 3831 3795
7346 2 2 1 1 3795 3831 3832
7347 2 2 1 1 3795 3832 3796
7348 2 2 1 1 3796 3832 3833
7349 2 2 1 1 3796 3833 3797
7350 2 2 1 1 3797 3833 3834
7351 2 2 1 1 3797 3834 3798
7352 2 2 1 1 3798 3834 3835
7353 2 2 1 1 3798 3835 3799
7354 2 2 1 1 3799 3835 3836
7355 2 2 1 1 3799 3836 3800
7356 2 2 1 1 3800 3836 3837
7357 2 2 1 1 3800 3837 3801
7358 2 2 1 1 3801 3837 3838
7359 2 2 1 1 3801 3838 3802
7360 2 2 1 1 3802 3838 3839
7361 2 2 1 1 3802 3839 3803
7362 2 2 1 1 3803 3839 3840
7363 2 2 1 1 3803 3840 3804
7364 2 2 1 1 3804 3840 3841
7365 2 2 1 1 3804 3841 3805
7366 2 2 1 1 3805 3841 3842
7367 2 2 1 1 3805 3842 3806
7368 2 2 1 1 3806 3842 3843
7369 2 2 1 1 3806 3843 3807
7370 2 2 1 1 3807 3843 3844
7371 2 2 1 1 3807 3844 3808
7372 2 2 1 1 3808 3844 3845
7373 2 2 1 1 3808 3845 3809
7374 2 2 1 1 3809 3845 3846
7375 2 2 1 1 3809 3846 3810
7376 2 2 1 1 3810 3846 3847
7377 2 2 1 1 3810 3847 3811
7378 2 2 1 1 3811 3847 3848
7379 2 2 1 1 3811 3848 3812
7380 2 2 1 1 3812 3848 3849
7381 2 2 1 1 3812 3849 3813
7382 2 2 1 1 3813 3849 3850
7383 2 2 1 1 3813 3850 3814
7384 2 2 1 1 3814 3850 3851
7385 2 2 1 1 3814 3851 3815
7386 2 2 1 1 3815 3851 3852
7387 2 2 1 1 3815 3852 3816
7388 2 2 1 1 3816 3852 3853
7389 2 2 1 1 3816 3853 3817
7390 2 2 1 1 3817 3853 3854
7391 2 2 1 1 3817 3854 3818
7392 2 2 1 1 3818 3854 3855
7393 2 2 1 1 3818 3855 3819
7394 2 2 1 1 3819 3855 3856
7395 2 2 1 1 3819 3856 3820
7396 2 2 1 1 3820 3856 3857
7397 2 2 1 1 3820 3857 3821
7398 2 2 1 1 3821 3857 3858
7399 2 2 1 1 3821 3858 3822
7400 2 2 1 1 3822 3858 3859
7401 2 2 1 1 3822 3859 3823
7402 2 2 1 1 3823 3859 3860
7403 2 2 1 1 3823 3860 3824
7404 2 2 1 1 3824 3860 3861
7405 2 2 1 1 3824 3861 3825
7406 2 2 1 1 3825 3861 3862
7407 2 2 1 1 3825 3862 3826
7408 2 2 1 1 3826 3862 3863
7409 2 2 1 1 3826 3863 143
7410 2 2 1 1 143 3863 142
7411 2 2 1 1 103 104 3827
7412 2 2 1 1 3827 104 3864
7413 2 2 1 1 3827 3864 3828
7414 2 2 1 1 3828 3864 3865
7415 2 2 1 1 3828 3865 3829
7416 2 2 1 1 3829 3865 3866
7417 2 2 1 1 3829 3866 3830
7418 2 2 1 1 3830 3866 3867
7419 2 2 1 1 3830 3867 3831
7420 2 2 1 1 3831 3867 3868
7421 2 2 1 1 3831 3868 3832
7422 2 2 1 1 3832 3868 3869
7423 2 2 1 1 3832 3869 3833
7424 2 2 1 1 3833 3869 3870
7425 2 2 1 1 3833 3870 3834
7426 2 2 1 1 3834 3870 3871
7427 2 2 1 1 3834 3871 3835
7428 2 2 1 1 3835 3871 3872
7429 2 2 1 1 3835 3872 3836
7430 2 2 1 1 3836 3872 3873
7431 2 2 1 1 3836 3873 3837
7432 2 2 1 1 3837 3873 3874
7433 2 2 1 1 3837 3874 3838
7434 2 2 1 1 3838 3874 3875
7435 2 2 1 1 3838 3875 3839
7436 2 2 1 1 3839 3875 3876
7437 2 2 1 1 3839 3876 3840
7438 2 2 1 1 3840 3876 3877
7439 2 2 1 1 3840 3877 3841
7440 2 2 1 1 3841 3877 3878
7441 2 2 1 1 3841 3878 3842
7442 2 2 1 1 3842 3878 3879
7443 2 2 1 1 3842 3879 3843
7444 2 2 1 1 3843 3879 3880
7445 2 2 1 1 3843 3880 3844
7446 2 2 1 1 3844 3880 3881
7447 2 2 1 1 3844 3881 3845
7448 2 2 1 1 3845 3881 3882
7449 2 2 1 1 3845 3882 3846
7450 2 2 1 1 3846 3882 3883
7451 2 2 1 1 3846 3883 3847
7452 2 2 1 1 3847 3883 3884
7453 2 2 1 1 3847 3884 3848
7454 2 2 1 1 3848 3884 3885
7455 2 2 1 1 3848 3885 3849
7456 2 2 1 1 3849 3885 3886
7457 2 2 1 1 3849 3886 3850
7458 2 2 1 1 3850 3886 3887
7459 2 2 1 1 3850 3887 3851
7460 2 2 1 1 3851 3887 3888
7461 2 2 1 1 3851 3888 3852
7462 2 2 1 1 3852 3888 3889
7463 2 2 1 1 3852 3889 3853
7464 2 2 1 1 3853 3889 3890
7465 2 2 1 1 3853 3890 3854
7466 2 2 1 1 3854 3890 3891
7467 2 2 1 1 3854 3891 3855
7468 2 2 1 1 3855 3891 3892
7469 2 2 1 1 3855 3892 3856
7470 2 2 1 1 3856 3892 3893
7471 2 2 1 1 3856 3893 3857
7472 2 2 1 1 3857 3893 3894
7473 2 2 1 1 3857 3894 3858
7474 2 2 1 1 3858 3894 3895
7475 2 2 1 1 3858 3895 3859
7476 2 2 1 1 3859 3895 3896
7477 2 2 1 1 3859 3896 3860
7478 2 2 1 1 3860 3896 3897
7479 2 2 1 1 3860 3897 3861
7480 2 2 1 1 3861 3897 3898
7481 2 2 1 1 3861 3898 3862
7482 2 2 1 1 3862 3898 3899
7483 2 2 1 1 3862 3899 3863
7484 2 2 1 1 3863 3899 3900
7485 2 2 1 1 3863 3900 142
7486 2 2 1 1 142 3900 141
7487 2 2 1 1 104 2 3864
7488 2 2 1 1 3864 2 105
7489 2 2 1 1 3864 105 3865
7490 2 2 1 1 3865 105 106
7491 2 2 1 1 3865 106 3866
7492 2 2 1 1 3866 106 107
7493 2 2 1 1 3866 107 3867
7494 2 2 1 1 3867 107 108
7495 2 2 1 1 3867 108 3868
7496 2 2 1 1 3868 108 109
7497 2 2 1 1 3868 109 3869
7498 2 2 1 1 3869 109 110
7499 2 2 1 1 3869 110 3870
7500 2 2 1 1 3870 110 111
7501 2 2 1 1 3870 111 3871
7502 2 2 1 1 3871 111 112
7503 2 2 1 1 3871 112 3872
7504 2 2 1 1 3872 112 113
7505 2 2 1 1 3872 113 3873
7506 2 2 1 1 3873 113 114
7507 2 2 1 1 3873 114 3874
7508 2 2 1 1 3874 114 115
7509 2 2 1 1 3874 115 3875
7510 2 2 1 1 3875 115 116
7511 2 2 1 1 3875 116 3876
7512 2 2 1 1 3876 116 117
7513 2 2 1 1 3876 117 3877
7514 2 2 1 1 3877 117 118
7515 2 2 1 1 3877 118 3878
7516 2 2 1 1 3878 118 119
7517 2 2 1 1 3878 119 3879
7518 2 2 1 1 3879 119 120
7519 2 2 1 1 3879 120 3880
7520 2 2 1 1 3880 120 121
7521 2 2 1 1 3880 121 3881
7522 2 2 1 1 3881 121 122
7523 2 2 1 1 3881 122 3882
7524 2 2 1 1 3882 122 3
7525 2 2 1 1 3882 3 3883
7526 2 2 1 1 3883 3 123
7527 2 2 1 1 3883 123 3884
7528 2 2 1 1 3884 123 124
7529 2 2 1 1 3884 124 3885
7530 2 2 1 1 3885 124 125
7531 2 2 1 1 3885 125 3886
7532 2 2 1 1 3886 125 126
7533 2 2 1 1 3886 126 3887
7534 2 2 1 1 3887 126 127
7535 2 2 1 1 3887 127 3888
7536 2 2 1 1 3888 127 128
7537 2 2 1 1 3888 128 3889
7538 2 2 1 1 3889 128 129
7539 2 2 1 1 3889 129 3890
7540 2 2 1 1 3890 129 130
7541 2 2 1 1 3890 130 3891
7542 2 2 1 1 3891 130 131
7543 2 2 1 1 3891 131 3892
7544 2 2 1 1 3892 131 132
7545 2 2 1 1 3892 132 3893
7546 2 2 1 1 3893 132 133
7547 2 2 1 1 3893 133 3894
7548 2 2 1 1 3894 133 134
7549 2 2 1 1 3894 134 3895
7550 2 2 1 1 3895 134 135
7551 2 2 1 1 3895 135 3896
7552 2 2 1 1 3896 135 136
7553 2 2 1 1 3896 136 3897
7554 2 2 1 1 3897 136 137
7555 2 2 1 1 3897 137 3898
7556 2 2 1 1 3898 137 138
7557 2 2 1 1 3898 138 3899
7558 2 2 1 1 3899 138 139
7559 2 2 1 1 3899 139 3900
7560 2 2 1 1 3900 139 140
7561 2 2 1 1 3900 140 141
7562 2 2 1 1 141 140 4
$EndElements
