$MeshFormat
2.2 0 8
$EndMeshFormat
$PhysicalNames
3
1 7 "Base"
1 8 "Emitter"
2 1 "Bulk"
$EndPhysicalNames
$Nodes
2400
1 0 0 0
2 1e-05 0 0
3 1e-05 2e-06 0
4 1e-05 1e-05 0
5 0 1e-05 0
6 0 8e-06 0
7 1e-05 8e-06 0
8 0 2e-06 0
9 2.040816326526591e-07 0 0
10 4.08163265305294e-07 0 0
11 6.122448979579104e-07 0 0
12 8.163265306106338e-07 0 0
13 1.020408163263361e-06 0 0
14 1.224489795916004e-06 0 0
15 1.428571428568582e-06 0 0
16 1.632653061221009e-06 0 0
17 1.836734693873436e-06 0 0
18 2.040816326525904e-06 0 0
19 2.24489795917833e-06 0 0
20 2.448979591830757e-06 0 0
21 2.653061224483183e-06 0 0
22 2.857142857135609e-06 0 0
23 3.06122448978805e-06 0 0
24 3.265306122440692e-06 0 0
25 3.469387755093135e-06 0 0
26 3.673469387745561e-06 0 0
27 3.877551020398205e-06 0 0
28 4.081632653050516e-06 0 0
29 4.285714285703017e-06 0 0
30 4.489795918355548e-06 0 0
31 4.693877551008098e-06 0 0
32 4.897959183660588e-06 0 0
33 5.102040816313663e-06 0 0
34 5.306122448967006e-06 0 0
35 5.510204081620591e-06 0 0
36 5.714285714274187e-06 0 0
37 5.91836734692753e-06 0 0
38 6.122448979581369e-06 0 0
39 6.326530612235038e-06 0 0
40 6.530612244888617e-06 0 0
41 6.734693877542222e-06 0 0
42 6.938775510195565e-06 0 0
43 7.142857142849167e-06 0 0
44 7.346938775502752e-06 0 0
45 7.55102040815642e-06 0 0
46 7.7551020408103e-06 0 0
47 7.95918367346395e-06 0 0
48 8.163265306116858e-06 0 0
49 8.367346938770798e-06 0 0
50 8.571428571424737e-06 0 0
51 8.775510204078016e-06 0 0
52 8.979591836731956e-06 0 0
53 9.183673469385896e-06 0 0
54 9.38775510203879e-06 0 0
55 9.591836734692452e-06 0 0
56 9.795918367346391e-06 0 0
57 1e-05 2.222222222218177e-07 0
58 1e-05 4.444444444434238e-07 0
59 1e-05 6.666666666649529e-07 0
60 1e-05 8.888888888865234e-07 0
61 1e-05 1.111111111108682e-06 0
62 1e-05 1.333333333331402e-06 0
63 1e-05 1.555555555554341e-06 0
64 1e-05 1.777777777777212e-06 0
65 1e-05 2.206896551723716e-06 0
66 1e-05 2.413793103447183e-06 0
67 1e-05 2.620689655170899e-06 0
68 1e-05 2.827586206894312e-06 0
69 1e-05 3.034482758617586e-06 0
70 1e-05 3.241379310341053e-06 0
71 1e-05 3.448275862064595e-06 0
72 1e-05 3.655172413788236e-06 0
73 1e-05 3.862068965511764e-06 0
74 1e-05 4.068965517235515e-06 0
75 1e-05 4.275862068959263e-06 0
76 1e-05 4.482758620683013e-06 0
77 1e-05 4.689655172406764e-06 0
78 1e-05 4.896551724130514e-06 0
79 1e-05 5.103448275854497e-06 0
80 1e-05 5.310344827579273e-06 0
81 1e-05 5.517241379303924e-06 0
82 1e-05 5.724137931028728e-06 0
83 1e-05 5.9310344827529e-06 0
84 1e-05 6.137931034477073e-06 0
85 1e-05 6.344827586201724e-06 0
86 1e-05 6.551724137926503e-06 0
87 1e-05 6.75862068965121e-06 0
88 1e-05 6.965517241375931e-06 0
89 1e-05 7.172413793100696e-06 0
90 1e-05 7.379310344825359e-06 0
91 1e-05 7.586206896550183e-06 0
92 1e-05 7.793103448274789e-06 0
93 1e-05 8.222222222221561e-06 0
94 1e-05 8.444444444443636e-06 0
95 1e-05 8.666666666665123e-06 0
96 1e-05 8.88888888888661e-06 0
97 1e-05 9.11111111110942e-06 0
98 1e-05 9.33333333333201e-06 0
99 1e-05 9.555555555553718e-06 0
100 1e-05 9.777777777777116e-06 0
101 9.795918367347791e-06 1e-05 0
102 9.591836734694514e-06 1e-05 0
103 9.387755102042048e-06 1e-05 0
104 9.183673469389838e-06 1e-05 0
105 8.979591836736594e-06 1e-05 0
106 8.775510204083432e-06 1e-05 0
107 8.571428571431222e-06 1e-05 0
108 8.367346938778716e-06 1e-05 0
109 8.163265306126141e-06 1e-05 0
110 7.959183673473931e-06 1e-05 0
111 7.755102040821723e-06 1e-05 0
112 7.551020408169289e-06 1e-05 0
113 7.346938775516972e-06 1e-05 0
114 7.142857142864668e-06 1e-05 0
115 6.938775510211995e-06 1e-05 0
116 6.73469387755935e-06 1e-05 0
117 6.530612244907141e-06 1e-05 0
118 6.326530612254596e-06 1e-05 0
119 6.12244897960179e-06 1e-05 0
120 5.918367346949478e-06 1e-05 0
121 5.714285714296978e-06 1e-05 0
122 5.510204081644448e-06 1e-05 0
123 5.306122448991898e-06 1e-05 0
124 5.102040816339407e-06 1e-05 0
125 4.897959183686332e-06 1e-05 0
126 4.693877551032991e-06 1e-05 0
127 4.489795918379405e-06 1e-05 0
128 4.285714285725809e-06 1e-05 0
129 4.081632653072469e-06 1e-05 0
130 3.877551020418629e-06 1e-05 0
131 3.673469387764959e-06 1e-05 0
132 3.469387755111381e-06 1e-05 0
133 3.265306122457775e-06 1e-05 0
134 3.061224489804433e-06 1e-05 0
135 2.857142857150831e-06 1e-05 0
136 2.653061224497246e-06 1e-05 0
137 2.448979591843579e-06 1e-05 0
138 2.244897959189697e-06 1e-05 0
139 2.040816326536047e-06 1e-05 0
140 1.836734693883143e-06 1e-05 0
141 1.632653061229202e-06 1e-05 0
142 1.428571428575264e-06 1e-05 0
143 1.224489795921983e-06 1e-05 0
144 1.020408163268045e-06 1e-05 0
145 8.163265306141036e-07 1e-05 0
146 6.122448979612108e-07 1e-05 0
147 4.08163265307549e-07 1e-05 0
148 2.040816326536093e-07 1e-05 0
149 0 9.777777777778439e-06 0
150 0 9.555555555556365e-06 0
151 0 9.333333333334878e-06 0
152 0 9.111111111113391e-06 0
153 0 8.888888888890581e-06 0
154 0 8.666666666667991e-06 0
155 0 8.444444444446282e-06 0
156 0 8.222222222222884e-06 0
157 0 7.793103448277013e-06 0
158 0 7.586206896553036e-06 0
159 0 7.379310344829057e-06 0
160 0 7.172413793105079e-06 0
161 0 6.965517241381609e-06 0
162 0 6.758620689658195e-06 0
163 0 6.551724137935262e-06 0
164 0 6.344827586212196e-06 0
165 0 6.137931034489114e-06 0
166 0 5.931034482765512e-06 0
167 0 5.724137931041956e-06 0
168 0 5.517241379318217e-06 0
169 0 5.310344827594239e-06 0
170 0 5.103448275870261e-06 0
171 0 4.896551724145918e-06 0
172 0 4.689655172421375e-06 0
173 0 4.482758620696998e-06 0
174 0 4.275862068972381e-06 0
175 0 4.068965517247747e-06 0
176 0 3.862068965523158e-06 0
177 0 3.655172413798164e-06 0
178 0 3.448275862073272e-06 0
179 0 3.241379310348251e-06 0
180 0 3.034482758623376e-06 0
181 0 2.827586206898891e-06 0
182 0 2.620689655174457e-06 0
183 0 2.413793103449913e-06 0
184 0 2.206896551724942e-06 0
185 0 1.777777777778117e-06 0
186 0 1.555555555556414e-06 0
187 0 1.333333333335027e-06 0
188 0 1.111111111113246e-06 0
189 0 8.888888888913321e-07 0
190 0 6.666666666686092e-07 0
191 0 4.44444444445666e-07 0
192 0 2.222222222227916e-07 0
193 2.040816326526803e-07 2.222222222227717e-07 0
194 2.040816326527014e-07 4.444444444456203e-07 0
195 2.040816326527225e-07 6.666666666685343e-07 0
196 2.040816326527436e-07 8.888888888912338e-07 0
197 2.040816326527647e-07 1.111111111113153e-06 0
198 2.040816326527858e-07 1.333333333334954e-06 0
199 2.040816326528069e-07 1.555555555556371e-06 0
200 2.040816326528281e-07 1.777777777778099e-06 0
201 2.040816326528492e-07 2e-06 0
202 2.040816326528688e-07 2.206896551724917e-06 0
203 2.040816326528885e-07 2.413793103449857e-06 0
204 2.040816326529081e-07 2.620689655174384e-06 0
205 2.040816326529278e-07 2.827586206898798e-06 0
206 2.040816326529475e-07 3.034482758623258e-06 0
207 2.040816326529671e-07 3.241379310348104e-06 0
208 2.040816326529868e-07 3.448275862073095e-06 0
209 2.040816326530064e-07 3.655172413797961e-06 0
210 2.040816326530261e-07 3.862068965522927e-06 0
211 2.040816326530457e-07 4.068965517247497e-06 0
212 2.040816326530654e-07 4.275862068972114e-06 0
213 2.040816326530851e-07 4.482758620696713e-06 0
214 2.040816326531047e-07 4.689655172421077e-06 0
215 2.040816326531244e-07 4.896551724145604e-06 0
216 2.040816326531441e-07 5.103448275869938e-06 0
217 2.040816326531637e-07 5.310344827593933e-06 0
218 2.040816326531834e-07 5.517241379317925e-06 0
219 2.040816326532031e-07 5.724137931041685e-06 0
220 2.040816326532227e-07 5.931034482765254e-06 0
221 2.040816326532424e-07 6.137931034488867e-06 0
222 2.04081632653262e-07 6.344827586211982e-06 0
223 2.040816326532817e-07 6.551724137935084e-06 0
224 2.040816326533014e-07 6.758620689658051e-06 0
225 2.04081632653321e-07 6.965517241381496e-06 0
226 2.040816326533407e-07 7.172413793104989e-06 0
227 2.040816326533603e-07 7.379310344828982e-06 0
228 2.040816326533799e-07 7.586206896552979e-06 0
229 2.040816326533996e-07 7.793103448276968e-06 0
230 2.040816326534193e-07 8e-06 0
231 2.040816326534404e-07 8.222222222222857e-06 0
232 2.040816326534615e-07 8.444444444446226e-06 0
233 2.040816326534826e-07 8.666666666667932e-06 0
234 2.040816326535037e-07 8.888888888890498e-06 0
235 2.040816326535249e-07 9.111111111113308e-06 0
236 2.04081632653546e-07 9.333333333334817e-06 0
237 2.040816326535671e-07 9.555555555556312e-06 0
238 2.040816326535882e-07 9.777777777778412e-06 0
239 4.081632653053442e-07 2.222222222227518e-07 0
240 4.081632653053942e-07 4.444444444455745e-07 0
241 4.081632653054443e-07 6.666666666684597e-07 0
242 4.081632653054944e-07 8.888888888911359e-07 0
243 4.081632653055446e-07 1.11111111111306e-06 0
244 4.081632653055947e-07 1.333333333334879e-06 0
245 4.081632653056448e-07 1.555555555556329e-06 0
246 4.081632653056948e-07 1.77777777777808e-06 0
247 4.08163265305745e-07 1.999999999999999e-06 0
248 4.081632653057917e-07 2.206896551724892e-06 0
249 4.081632653058383e-07 2.413793103449802e-06 0
250 4.08163265305885e-07 2.620689655174311e-06 0
251 4.081632653059317e-07 2.827586206898704e-06 0
252 4.081632653059784e-07 3.03448275862314e-06 0
253 4.08163265306025e-07 3.241379310347957e-06 0
254 4.081632653060716e-07 3.448275862072919e-06 0
255 4.081632653061182e-07 3.655172413797759e-06 0
256 4.081632653061648e-07 3.862068965522692e-06 0
257 4.081632653062115e-07 4.068965517247246e-06 0
258 4.081632653062582e-07 4.275862068971847e-06 0
259 4.081632653063049e-07 4.482758620696426e-06 0
260 4.081632653063515e-07 4.689655172420778e-06 0
261 4.081632653063983e-07 4.89655172414529e-06 0
262 4.081632653064448e-07 5.103448275869617e-06 0
263 4.081632653064915e-07 5.310344827593627e-06 0
264 4.081632653065382e-07 5.517241379317634e-06 0
265 4.081632653065847e-07 5.724137931041415e-06 0
266 4.081632653066314e-07 5.931034482764998e-06 0
267 4.08163265306678e-07 6.137931034488624e-06 0
268 4.081632653067248e-07 6.344827586211769e-06 0
269 4.081632653067714e-07 6.551724137934903e-06 0
270 4.08163265306818e-07 6.758620689657909e-06 0
271 4.081632653068647e-07 6.965517241381379e-06 0
272 4.081632653069114e-07 7.172413793104901e-06 0
273 4.08163265306958e-07 7.379310344828907e-06 0
274 4.081632653070047e-07 7.58620689655292e-06 0
275 4.081632653070514e-07 7.793103448276922e-06 0
276 4.081632653070979e-07 8e-06 0
277 4.081632653071481e-07 8.22222222222283e-06 0
278 4.081632653071982e-07 8.444444444446172e-06 0
279 4.081632653072483e-07 8.666666666667876e-06 0
280 4.081632653072984e-07 8.888888888890416e-06 0
281 4.081632653073486e-07 9.111111111113226e-06 0
282 4.081632653073986e-07 9.333333333334764e-06 0
283 4.081632653074488e-07 9.555555555556256e-06 0
284 4.081632653074989e-07 9.777777777778383e-06 0
285 6.122448979579835e-07 2.222222222227319e-07 0
286 6.122448979580571e-07 4.444444444455286e-07 0
287 6.122448979581306e-07 6.666666666683852e-07 0
288 6.122448979582039e-07 8.888888888910378e-07 0
289 6.12244897958277e-07 1.111111111112967e-06 0
290 6.122448979583504e-07 1.333333333334805e-06 0
291 6.122448979584237e-07 1.555555555556287e-06 0
292 6.122448979584971e-07 1.777777777778062e-06 0
293 6.122448979585705e-07 2e-06 0
294 6.122448979586385e-07 2.206896551724867e-06 0
295 6.12244897958707e-07 2.413793103449747e-06 0
296 6.122448979587752e-07 2.620689655174239e-06 0
297 6.122448979588436e-07 2.827586206898611e-06 0
298 6.12244897958912e-07 3.034482758623022e-06 0
299 6.122448979589802e-07 3.24137931034781e-06 0
300 6.122448979590486e-07 3.448275862072741e-06 0
301 6.122448979591168e-07 3.655172413797556e-06 0
302 6.122448979591849e-07 3.86206896552246e-06 0
303 6.122448979592533e-07 4.068965517246999e-06 0
304 6.122448979593217e-07 4.275862068971578e-06 0
305 6.122448979593899e-07 4.482758620696142e-06 0
306 6.122448979594581e-07 4.68965517242048e-06 0
307 6.122448979595265e-07 4.896551724144975e-06 0
308 6.122448979595947e-07 5.103448275869295e-06 0
309 6.122448979596631e-07 5.310344827593323e-06 0
310 6.122448979597312e-07 5.517241379317342e-06 0
311 6.122448979597997e-07 5.724137931041147e-06 0
312 6.122448979598679e-07 5.93103448276474e-06 0
313 6.122448979599363e-07 6.137931034488377e-06 0
314 6.122448979600044e-07 6.344827586211556e-06 0
315 6.122448979600727e-07 6.551724137934726e-06 0
316 6.12244897960141e-07 6.758620689657767e-06 0
317 6.122448979602094e-07 6.965517241381262e-06 0
318 6.122448979602776e-07 7.172413793104811e-06 0
319 6.12244897960346e-07 7.379310344828829e-06 0
320 6.122448979604142e-07 7.586206896552863e-06 0
321 6.122448979604824e-07 7.79310344827688e-06 0
322 6.122448979605507e-07 8.000000000000001e-06 0
323 6.122448979606243e-07 8.222222222222803e-06 0
324 6.122448979606974e-07 8.444444444446118e-06 0
325 6.122448979607708e-07 8.666666666667816e-06 0
326 6.12244897960844e-07 8.888888888890335e-06 0
327 6.122448979609173e-07 9.111111111113145e-06 0
328 6.122448979609908e-07 9.333333333334701e-06 0
329 6.122448979610642e-07 9.555555555556204e-06 0
330 6.122448979611376e-07 9.777777777778356e-06 0
331 8.163265306107108e-07 2.222222222227121e-07 0
332 8.163265306107877e-07 4.444444444454829e-07 0
333 8.16326530610865e-07 6.666666666683106e-07 0
334 8.163265306109424e-07 8.888888888909395e-07 0
335 8.163265306110195e-07 1.111111111112873e-06 0
336 8.163265306110965e-07 1.333333333334732e-06 0
337 8.163265306111735e-07 1.555555555556244e-06 0
338 8.163265306112506e-07 1.777777777778044e-06 0
339 8.163265306113278e-07 2e-06 0
340 8.163265306113995e-07 2.206896551724842e-06 0
341 8.163265306114712e-07 2.41379310344969e-06 0
342 8.163265306115433e-07 2.620689655174167e-06 0
343 8.163265306116148e-07 2.827586206898517e-06 0
344 8.163265306116866e-07 3.034482758622903e-06 0
345 8.163265306117586e-07 3.241379310347662e-06 0
346 8.163265306118302e-07 3.448275862072564e-06 0
347 8.163265306119021e-07 3.655172413797354e-06 0
348 8.163265306119739e-07 3.862068965522228e-06 0
349 8.163265306120457e-07 4.068965517246748e-06 0
350 8.163265306121176e-07 4.275862068971311e-06 0
351 8.163265306121892e-07 4.482758620695857e-06 0
352 8.163265306122611e-07 4.689655172420181e-06 0
353 8.163265306123328e-07 4.89655172414466e-06 0
354 8.163265306124046e-07 5.103448275868974e-06 0
355 8.163265306124764e-07 5.310344827593017e-06 0
356 8.16326530612548e-07 5.517241379317052e-06 0
357 8.1632653061262e-07 5.724137931040875e-06 0
358 8.163265306126916e-07 5.931034482764482e-06 0
359 8.163265306127636e-07 6.137931034488132e-06 0
360 8.163265306128351e-07 6.344827586211341e-06 0
361 8.163265306129071e-07 6.551724137934548e-06 0
362 8.163265306129787e-07 6.758620689657624e-06 0
363 8.163265306130507e-07 6.965517241381146e-06 0
364 8.163265306131224e-07 7.172413793104721e-06 0
365 8.163265306131943e-07 7.379310344828754e-06 0
366 8.163265306132658e-07 7.586206896552803e-06 0
367 8.163265306133378e-07 7.79310344827683e-06 0
368 8.163265306134096e-07 8e-06 0
369 8.163265306134868e-07 8.222222222222776e-06 0
370 8.163265306135638e-07 8.444444444446063e-06 0
371 8.163265306136411e-07 8.666666666667757e-06 0
372 8.163265306137181e-07 8.888888888890257e-06 0
373 8.163265306137952e-07 9.111111111113064e-06 0
374 8.163265306138724e-07 9.333333333334644e-06 0
375 8.163265306139494e-07 9.555555555556148e-06 0
376 8.163265306140265e-07 9.777777777778331e-06 0
377 1.020408163263465e-06 2.222222222226922e-07 0
378 1.020408163263569e-06 4.444444444454372e-07 0
379 1.020408163263674e-06 6.66666666668236e-07 0
380 1.020408163263778e-06 8.888888888908415e-07 0
381 1.020408163263882e-06 1.11111111111278e-06 0
382 1.020408163263986e-06 1.333333333334657e-06 0
383 1.02040816326409e-06 1.555555555556202e-06 0
384 1.020408163264194e-06 1.777777777778025e-06 0
385 1.020408163264298e-06 2e-06 0
386 1.020408163264395e-06 2.206896551724817e-06 0
387 1.020408163264492e-06 2.413793103449635e-06 0
388 1.020408163264589e-06 2.620689655174095e-06 0
389 1.020408163264686e-06 2.827586206898423e-06 0
390 1.020408163264783e-06 3.034482758622785e-06 0
391 1.02040816326488e-06 3.241379310347517e-06 0
392 1.020408163264976e-06 3.448275862072387e-06 0
393 1.020408163265073e-06 3.65517241379715e-06 0
394 1.02040816326517e-06 3.862068965521994e-06 0
395 1.020408163265267e-06 4.068965517246497e-06 0
396 1.020408163265364e-06 4.275862068971043e-06 0
397 1.020408163265461e-06 4.482758620695572e-06 0
398 1.020408163265558e-06 4.689655172419883e-06 0
399 1.020408163265655e-06 4.896551724144344e-06 0
400 1.020408163265751e-06 5.103448275868651e-06 0
401 1.020408163265849e-06 5.310344827592712e-06 0
402 1.020408163265945e-06 5.51724137931676e-06 0
403 1.020408163266042e-06 5.724137931040606e-06 0
404 1.020408163266139e-06 5.931034482764225e-06 0
405 1.020408163266236e-06 6.137931034487885e-06 0
406 1.020408163266333e-06 6.344827586211129e-06 0
407 1.02040816326643e-06 6.551724137934368e-06 0
408 1.020408163266527e-06 6.758620689657481e-06 0
409 1.020408163266624e-06 6.965517241381031e-06 0
410 1.02040816326672e-06 7.172413793104632e-06 0
411 1.020408163266817e-06 7.37931034482868e-06 0
412 1.020408163266914e-06 7.586206896552745e-06 0
413 1.020408163267011e-06 7.793103448276788e-06 0
414 1.020408163267108e-06 8e-06 0
415 1.020408163267212e-06 8.222222222222749e-06 0
416 1.020408163267316e-06 8.444444444446013e-06 0
417 1.02040816326742e-06 8.6666666666677e-06 0
418 1.020408163267525e-06 8.888888888890172e-06 0
419 1.020408163267628e-06 9.111111111112987e-06 0
420 1.020408163267733e-06 9.333333333334586e-06 0
421 1.020408163267837e-06 9.555555555556097e-06 0
422 1.020408163267941e-06 9.777777777778306e-06 0
423 1.224489795916137e-06 2.222222222226723e-07 0
424 1.22448979591627e-06 4.444444444453914e-07 0
425 1.224489795916403e-06 6.666666666681613e-07 0
426 1.224489795916536e-06 8.888888888907432e-07 0
427 1.224489795916668e-06 1.111111111112687e-06 0
428 1.224489795916801e-06 1.333333333334583e-06 0
429 1.224489795916934e-06 1.55555555555616e-06 0
430 1.224489795917067e-06 1.777777777778007e-06 0
431 1.2244897959172e-06 2e-06 0
432 1.224489795917324e-06 2.206896551724792e-06 0
433 1.224489795917447e-06 2.413793103449579e-06 0
434 1.224489795917571e-06 2.620689655174021e-06 0
435 1.224489795917695e-06 2.82758620689833e-06 0
436 1.224489795917818e-06 3.034482758622667e-06 0
437 1.224489795917942e-06 3.24137931034737e-06 0
438 1.224489795918065e-06 3.448275862072209e-06 0
439 1.224489795918189e-06 3.655172413796949e-06 0
440 1.224489795918313e-06 3.862068965521764e-06 0
441 1.224489795918437e-06 4.068965517246248e-06 0
442 1.22448979591856e-06 4.275862068970775e-06 0
443 1.224489795918684e-06 4.482758620695286e-06 0
444 1.224489795918808e-06 4.689655172419585e-06 0
445 1.224489795918931e-06 4.896551724144033e-06 0
446 1.224489795919056e-06 5.103448275868332e-06 0
447 1.224489795919179e-06 5.310344827592405e-06 0
448 1.224489795919303e-06 5.517241379316468e-06 0
449 1.224489795919427e-06 5.724137931040337e-06 0
450 1.22448979591955e-06 5.931034482763967e-06 0
451 1.224489795919674e-06 6.137931034487642e-06 0
452 1.224489795919798e-06 6.344827586210913e-06 0
453 1.224489795919921e-06 6.551724137934188e-06 0
454 1.224489795920045e-06 6.758620689657341e-06 0
455 1.224489795920169e-06 6.965517241380915e-06 0
456 1.224489795920292e-06 7.172413793104542e-06 0
457 1.224489795920416e-06 7.379310344828603e-06 0
458 1.22448979592054e-06 7.586206896552686e-06 0
459 1.224489795920664e-06 7.793103448276744e-06 0
460 1.224489795920787e-06 8.000000000000001e-06 0
461 1.22448979592092e-06 8.222222222222725e-06 0
462 1.224489795921053e-06 8.444444444445958e-06 0
463 1.224489795921186e-06 8.66666666666764e-06 0
464 1.224489795921319e-06 8.888888888890093e-06 0
465 1.224489795921451e-06 9.111111111112908e-06 0
466 1.224489795921584e-06 9.333333333334525e-06 0
467 1.224489795921717e-06 9.555555555556039e-06 0
468 1.22448979592185e-06 9.777777777778275e-06 0
469 1.42857142856873e-06 2.222222222226524e-07 0
470 1.428571428568879e-06 4.444444444453456e-07 0
471 1.428571428569027e-06 6.666666666680867e-07 0
472 1.428571428569176e-06 8.88888888890645e-07 0
473 1.428571428569325e-06 1.111111111112594e-06 0
474 1.428571428569473e-06 1.33333333333451e-06 0
475 1.428571428569621e-06 1.555555555556117e-06 0
476 1.42857142856977e-06 1.777777777777988e-06 0
477 1.428571428569918e-06 2e-06 0
478 1.428571428570057e-06 2.206896551724767e-06 0
479 1.428571428570195e-06 2.413793103449523e-06 0
480 1.428571428570333e-06 2.620689655173948e-06 0
481 1.428571428570472e-06 2.827586206898237e-06 0
482 1.42857142857061e-06 3.034482758622549e-06 0
483 1.428571428570748e-06 3.241379310347223e-06 0
484 1.428571428570886e-06 3.448275862072033e-06 0
485 1.428571428571024e-06 3.655172413796746e-06 0
486 1.428571428571163e-06 3.86206896552153e-06 0
487 1.428571428571301e-06 4.068965517245999e-06 0
488 1.428571428571439e-06 4.275862068970508e-06 0
489 1.428571428571577e-06 4.482758620695e-06 0
490 1.428571428571716e-06 4.689655172419287e-06 0
491 1.428571428571853e-06 4.896551724143718e-06 0
492 1.428571428571992e-06 5.103448275868009e-06 0
493 1.42857142857213e-06 5.3103448275921e-06 0
494 1.428571428572269e-06 5.517241379316175e-06 0
495 1.428571428572407e-06 5.724137931040065e-06 0
496 1.428571428572545e-06 5.931034482763709e-06 0
497 1.428571428572683e-06 6.137931034487394e-06 0
498 1.428571428572821e-06 6.344827586210698e-06 0
499 1.428571428572959e-06 6.551724137934011e-06 0
500 1.428571428573098e-06 6.758620689657198e-06 0
501 1.428571428573236e-06 6.965517241380799e-06 0
502 1.428571428573374e-06 7.172413793104453e-06 0
503 1.428571428573513e-06 7.379310344828528e-06 0
504 1.428571428573651e-06 7.586206896552628e-06 0
505 1.428571428573789e-06 7.793103448276697e-06 0
506 1.428571428573927e-06 8e-06 0
507 1.428571428574076e-06 8.222222222222694e-06 0
508 1.428571428574224e-06 8.444444444445904e-06 0
509 1.428571428574373e-06 8.666666666667579e-06 0
510 1.428571428574521e-06 8.888888888890013e-06 0
511 1.42857142857467e-06 9.111111111112823e-06 0
512 1.428571428574818e-06 9.333333333334468e-06 0
513 1.428571428574966e-06 9.555555555555987e-06 0
514 1.428571428575115e-06 9.777777777778248e-06 0
515 1.632653061221191e-06 2.222222222226326e-07 0
516 1.632653061221372e-06 4.444444444452999e-07 0
517 1.632653061221555e-06 6.666666666680121e-07 0
518 1.632653061221737e-06 8.888888888905469e-07 0
519 1.632653061221919e-06 1.111111111112501e-06 0
520 1.632653061222101e-06 1.333333333334435e-06 0
521 1.632653061222283e-06 1.555555555556075e-06 0
522 1.632653061222465e-06 1.77777777777797e-06 0
523 1.632653061222647e-06 2e-06 0
524 1.632653061222817e-06 2.206896551724742e-06 0
525 1.632653061222986e-06 2.413793103449468e-06 0
526 1.632653061223156e-06 2.620689655173876e-06 0
527 1.632653061223325e-06 2.827586206898144e-06 0
528 1.632653061223495e-06 3.034482758622431e-06 0
529 1.632653061223664e-06 3.241379310347076e-06 0
530 1.632653061223834e-06 3.448275862071855e-06 0
531 1.632653061224003e-06 3.655172413796543e-06 0
532 1.632653061224173e-06 3.862068965521299e-06 0
533 1.632653061224342e-06 4.068965517245748e-06 0
534 1.632653061224512e-06 4.275862068970241e-06 0
535 1.632653061224681e-06 4.482758620694715e-06 0
536 1.632653061224851e-06 4.689655172418989e-06 0
537 1.63265306122502e-06 4.896551724143404e-06 0
538 1.63265306122519e-06 5.103448275867686e-06 0
539 1.632653061225359e-06 5.310344827591794e-06 0
540 1.632653061225529e-06 5.517241379315884e-06 0
541 1.632653061225698e-06 5.724137931039797e-06 0
542 1.632653061225868e-06 5.931034482763453e-06 0
543 1.632653061226037e-06 6.137931034487147e-06 0
544 1.632653061226206e-06 6.344827586210485e-06 0
545 1.632653061226376e-06 6.551724137933832e-06 0
546 1.632653061226546e-06 6.758620689657054e-06 0
547 1.632653061226715e-06 6.965517241380684e-06 0
548 1.632653061226885e-06 7.172413793104363e-06 0
549 1.632653061227055e-06 7.379310344828452e-06 0
550 1.632653061227224e-06 7.58620689655257e-06 0
551 1.632653061227393e-06 7.793103448276649e-06 0
552 1.632653061227563e-06 8.000000000000001e-06 0
553 1.632653061227745e-06 8.222222222222671e-06 0
554 1.632653061227927e-06 8.44444444444585e-06 0
555 1.632653061228109e-06 8.666666666667522e-06 0
556 1.632653061228291e-06 8.888888888889932e-06 0
557 1.632653061228473e-06 9.111111111112742e-06 0
558 1.632653061228655e-06 9.333333333334412e-06 0
559 1.632653061228838e-06 9.555555555555933e-06 0
560 1.632653061229019e-06 9.777777777778221e-06 0
561 1.836734693873651e-06 2.222222222226127e-07 0
562 1.836734693873867e-06 4.444444444452542e-07 0
563 1.836734693874083e-06 6.666666666679375e-07 0
564 1.836734693874299e-06 8.888888888904489e-07 0
565 1.836734693874514e-06 1.111111111112408e-06 0
566 1.836734693874731e-06 1.333333333334362e-06 0
567 1.836734693874946e-06 1.555555555556033e-06 0
568 1.836734693875161e-06 1.777777777777951e-06 0
569 1.836734693875377e-06 2e-06 0
570 1.836734693875578e-06 2.206896551724717e-06 0
571 1.836734693875779e-06 2.413793103449412e-06 0
572 1.83673469387598e-06 2.620689655173803e-06 0
573 1.83673469387618e-06 2.827586206898051e-06 0
574 1.836734693876381e-06 3.034482758622312e-06 0
575 1.836734693876583e-06 3.241379310346929e-06 0
576 1.836734693876783e-06 3.448275862071679e-06 0
577 1.836734693876984e-06 3.655172413796341e-06 0
578 1.836734693877185e-06 3.862068965521067e-06 0
579 1.836734693877386e-06 4.068965517245501e-06 0
580 1.836734693877587e-06 4.275862068969972e-06 0
581 1.836734693877787e-06 4.482758620694431e-06 0
582 1.836734693877988e-06 4.68965517241869e-06 0
583 1.836734693878189e-06 4.896551724143087e-06 0
584 1.83673469387839e-06 5.103448275867365e-06 0
585 1.836734693878591e-06 5.310344827591489e-06 0
586 1.836734693878791e-06 5.517241379315591e-06 0
587 1.836734693878992e-06 5.724137931039526e-06 0
588 1.836734693879193e-06 5.931034482763194e-06 0
589 1.836734693879394e-06 6.137931034486903e-06 0
590 1.836734693879595e-06 6.344827586210271e-06 0
591 1.836734693879795e-06 6.551724137933653e-06 0
592 1.836734693879996e-06 6.758620689656913e-06 0
593 1.836734693880198e-06 6.965517241380566e-06 0
594 1.836734693880399e-06 7.172413793104275e-06 0
595 1.836734693880599e-06 7.379310344828379e-06 0
596 1.8367346938808e-06 7.586206896552513e-06 0
597 1.836734693881001e-06 7.793103448276609e-06 0
598 1.836734693881202e-06 8e-06 0
599 1.836734693881417e-06 8.222222222222644e-06 0
600 1.836734693881633e-06 8.444444444445799e-06 0
601 1.836734693881849e-06 8.666666666667464e-06 0
602 1.836734693882065e-06 8.888888888889851e-06 0
603 1.83673469388228e-06 9.111111111112664e-06 0
604 1.836734693882496e-06 9.333333333334349e-06 0
605 1.836734693882712e-06 9.555555555555877e-06 0
606 1.836734693882927e-06 9.777777777778197e-06 0
607 2.040816326526129e-06 2.222222222225928e-07 0
608 2.040816326526354e-06 4.444444444452084e-07 0
609 2.04081632652658e-06 6.666666666678629e-07 0
610 2.040816326526806e-06 8.888888888903506e-07 0
611 2.040816326527031e-06 1.111111111112315e-06 0
612 2.040816326527256e-06 1.333333333334287e-06 0
613 2.040816326527481e-06 1.555555555555991e-06 0
614 2.040816326527708e-06 1.777777777777933e-06 0
615 2.040816326527933e-06 2e-06 0
616 2.040816326528143e-06 2.206896551724692e-06 0
617 2.040816326528352e-06 2.413793103449356e-06 0
618 2.040816326528562e-06 2.620689655173731e-06 0
619 2.040816326528772e-06 2.827586206897957e-06 0
620 2.040816326528982e-06 3.034482758622195e-06 0
621 2.040816326529192e-06 3.241379310346782e-06 0
622 2.040816326529402e-06 3.448275862071501e-06 0
623 2.040816326529612e-06 3.655172413796138e-06 0
624 2.040816326529821e-06 3.862068965520833e-06 0
625 2.040816326530031e-06 4.06896551724525e-06 0
626 2.040816326530241e-06 4.275862068969705e-06 0
627 2.040816326530451e-06 4.482758620694144e-06 0
628 2.040816326530661e-06 4.689655172418393e-06 0
629 2.040816326530871e-06 4.896551724142775e-06 0
630 2.04081632653108e-06 5.103448275867045e-06 0
631 2.040816326531291e-06 5.310344827591184e-06 0
632 2.0408163265315e-06 5.517241379315299e-06 0
633 2.04081632653171e-06 5.724137931039255e-06 0
634 2.04081632653192e-06 5.931034482762939e-06 0
635 2.04081632653213e-06 6.137931034486657e-06 0
636 2.04081632653234e-06 6.344827586210058e-06 0
637 2.04081632653255e-06 6.551724137933474e-06 0
638 2.040816326532759e-06 6.758620689656771e-06 0
639 2.040816326532969e-06 6.965517241380451e-06 0
640 2.040816326533179e-06 7.172413793104185e-06 0
641 2.04081632653339e-06 7.379310344828304e-06 0
642 2.040816326533599e-06 7.586206896552453e-06 0
643 2.040816326533809e-06 7.793103448276561e-06 0
644 2.040816326534019e-06 8e-06 0
645 2.040816326534244e-06 8.222222222222615e-06 0
646 2.040816326534469e-06 8.44444444444574e-06 0
647 2.040816326534695e-06 8.666666666667406e-06 0
648 2.04081632653492e-06 8.888888888889773e-06 0
649 2.040816326535146e-06 9.111111111112583e-06 0
650 2.040816326535371e-06 9.333333333334291e-06 0
651 2.040816326535596e-06 9.555555555555822e-06 0
652 2.040816326535821e-06 9.777777777778167e-06 0
653 2.244897959178583e-06 2.222222222225729e-07 0
654 2.244897959178835e-06 4.444444444451626e-07 0
655 2.244897959179088e-06 6.666666666677885e-07 0
656 2.24489795917934e-06 8.888888888902524e-07 0
657 2.244897959179593e-06 1.111111111112222e-06 0
658 2.244897959179846e-06 1.333333333334213e-06 0
659 2.244897959180098e-06 1.555555555555948e-06 0
660 2.244897959180351e-06 1.777777777777914e-06 0
661 2.244897959180604e-06 2.000000000000001e-06 0
662 2.244897959180839e-06 2.206896551724667e-06 0
663 2.244897959181075e-06 2.413793103449301e-06 0
664 2.244897959181309e-06 2.620689655173658e-06 0
665 2.244897959181544e-06 2.827586206897863e-06 0
666 2.244897959181779e-06 3.034482758622076e-06 0
667 2.244897959182015e-06 3.241379310346634e-06 0
668 2.24489795918225e-06 3.448275862071324e-06 0
669 2.244897959182485e-06 3.655172413795936e-06 0
670 2.24489795918272e-06 3.862068965520601e-06 0
671 2.244897959182955e-06 4.068965517245e-06 0
672 2.244897959183191e-06 4.275862068969438e-06 0
673 2.244897959183426e-06 4.482758620693859e-06 0
674 2.244897959183661e-06 4.689655172418095e-06 0
675 2.244897959183896e-06 4.89655172414246e-06 0
676 2.244897959184132e-06 5.103448275866724e-06 0
677 2.244897959184367e-06 5.310344827590881e-06 0
678 2.244897959184602e-06 5.517241379315009e-06 0
679 2.244897959184837e-06 5.724137931038986e-06 0
680 2.244897959185071e-06 5.93103448276268e-06 0
681 2.244897959185307e-06 6.137931034486412e-06 0
682 2.244897959185543e-06 6.344827586209844e-06 0
683 2.244897959185777e-06 6.551724137933295e-06 0
684 2.244897959186013e-06 6.758620689656627e-06 0
685 2.244897959186248e-06 6.965517241380334e-06 0
686 2.244897959186483e-06 7.172413793104096e-06 0
687 2.244897959186718e-06 7.379310344828226e-06 0
688 2.244897959186954e-06 7.586206896552396e-06 0
689 2.244897959187189e-06 7.793103448276514e-06 0
690 2.244897959187424e-06 8.000000000000001e-06 0
691 2.244897959187677e-06 8.222222222222589e-06 0
692 2.24489795918793e-06 8.444444444445687e-06 0
693 2.244897959188182e-06 8.666666666667351e-06 0
694 2.244897959188435e-06 8.888888888889693e-06 0
695 2.244897959188687e-06 9.111111111112501e-06 0
696 2.244897959188939e-06 9.333333333334236e-06 0
697 2.244897959189192e-06 9.55555555555577e-06 0
698 2.244897959189445e-06 9.777777777778139e-06 0
699 2.448979591831042e-06 2.222222222225531e-07 0
700 2.448979591831326e-06 4.444444444451169e-07 0
701 2.448979591831611e-06 6.66666666667714e-07 0
702 2.448979591831896e-06 8.888888888901546e-07 0
703 2.448979591832182e-06 1.111111111112129e-06 0
704 2.448979591832466e-06 1.333333333334139e-06 0
705 2.448979591832752e-06 1.555555555555906e-06 0
706 2.448979591833036e-06 1.777777777777895e-06 0
707 2.448979591833321e-06 2e-06 0
708 2.448979591833587e-06 2.206896551724642e-06 0
709 2.448979591833852e-06 2.413793103449245e-06 0
710 2.448979591834116e-06 2.620689655173585e-06 0
711 2.448979591834382e-06 2.827586206897769e-06 0
712 2.448979591834648e-06 3.034482758621957e-06 0
713 2.448979591834913e-06 3.241379310346488e-06 0
714 2.448979591835179e-06 3.448275862071147e-06 0
715 2.448979591835444e-06 3.655172413795733e-06 0
716 2.448979591835709e-06 3.862068965520368e-06 0
717 2.448979591835974e-06 4.06896551724475e-06 0
718 2.448979591836238e-06 4.275862068969169e-06 0
719 2.448979591836504e-06 4.482758620693573e-06 0
720 2.44897959183677e-06 4.689655172417796e-06 0
721 2.448979591837035e-06 4.896551724142146e-06 0
722 2.4489795918373e-06 5.103448275866401e-06 0
723 2.448979591837566e-06 5.310344827590574e-06 0
724 2.448979591837831e-06 5.517241379314717e-06 0
725 2.448979591838096e-06 5.724137931038717e-06 0
726 2.448979591838362e-06 5.931034482762424e-06 0
727 2.448979591838627e-06 6.137931034486164e-06 0
728 2.448979591838892e-06 6.34482758620963e-06 0
729 2.448979591839157e-06 6.551724137933118e-06 0
730 2.448979591839423e-06 6.758620689656485e-06 0
731 2.448979591839688e-06 6.96551724138022e-06 0
732 2.448979591839953e-06 7.172413793104006e-06 0
733 2.448979591840219e-06 7.379310344828151e-06 0
734 2.448979591840484e-06 7.586206896552337e-06 0
735 2.448979591840749e-06 7.793103448276471e-06 0
736 2.448979591841014e-06 8e-06 0
737 2.448979591841298e-06 8.222222222222562e-06 0
738 2.448979591841584e-06 8.444444444445635e-06 0
739 2.448979591841869e-06 8.666666666667288e-06 0
740 2.448979591842154e-06 8.88888888888961e-06 0
741 2.448979591842439e-06 9.11111111111242e-06 0
742 2.448979591842724e-06 9.333333333334176e-06 0
743 2.448979591843008e-06 9.555555555555714e-06 0
744 2.448979591843294e-06 9.777777777778114e-06 0
745 2.653061224483495e-06 2.222222222225332e-07 0
746 2.653061224483808e-06 4.444444444450711e-07 0
747 2.65306122448412e-06 6.666666666676389e-07 0
748 2.653061224484433e-06 8.888888888900564e-07 0
749 2.653061224484746e-06 1.111111111112036e-06 0
750 2.653061224485059e-06 1.333333333334065e-06 0
751 2.653061224485371e-06 1.555555555555864e-06 0
752 2.653061224485684e-06 1.777777777777877e-06 0
753 2.653061224485996e-06 2.000000000000001e-06 0
754 2.653061224486287e-06 2.206896551724617e-06 0
755 2.653061224486577e-06 2.413793103449189e-06 0
756 2.653061224486869e-06 2.620689655173513e-06 0
757 2.65306122448716e-06 2.827586206897677e-06 0
758 2.653061224487451e-06 3.034482758621839e-06 0
759 2.653061224487741e-06 3.241379310346342e-06 0
760 2.653061224488032e-06 3.448275862070969e-06 0
761 2.653061224488324e-06 3.65517241379553e-06 0
762 2.653061224488614e-06 3.862068965520135e-06 0
763 2.653061224488906e-06 4.068965517244502e-06 0
764 2.653061224489196e-06 4.275862068968902e-06 0
765 2.653061224489487e-06 4.482758620693289e-06 0
766 2.653061224489778e-06 4.689655172417498e-06 0
767 2.653061224490069e-06 4.896551724141831e-06 0
768 2.65306122449036e-06 5.103448275866079e-06 0
769 2.653061224490651e-06 5.310344827590267e-06 0
770 2.653061224490942e-06 5.517241379314426e-06 0
771 2.653061224491233e-06 5.724137931038446e-06 0
772 2.653061224491525e-06 5.931034482762165e-06 0
773 2.653061224491814e-06 6.137931034485921e-06 0
774 2.653061224492106e-06 6.344827586209418e-06 0
775 2.653061224492397e-06 6.551724137932938e-06 0
776 2.653061224492689e-06 6.758620689656342e-06 0
777 2.653061224492979e-06 6.965517241380102e-06 0
778 2.65306122449327e-06 7.172413793103916e-06 0
779 2.653061224493561e-06 7.379310344828075e-06 0
780 2.653061224493852e-06 7.586206896552279e-06 0
781 2.653061224494143e-06 7.793103448276426e-06 0
782 2.653061224494433e-06 8.000000000000001e-06 0
783 2.653061224494746e-06 8.222222222222535e-06 0
784 2.653061224495058e-06 8.444444444445582e-06 0
785 2.653061224495372e-06 8.666666666667232e-06 0
786 2.653061224495684e-06 8.88888888888953e-06 0
787 2.653061224495996e-06 9.111111111112339e-06 0
788 2.653061224496309e-06 9.33333333333412e-06 0
789 2.653061224496621e-06 9.555555555555662e-06 0
790 2.653061224496933e-06 9.777777777778085e-06 0
791 2.857142857135947e-06 2.222222222225133e-07 0
792 2.857142857136285e-06 4.444444444450254e-07 0
793 2.857142857136624e-06 6.666666666675645e-07 0
794 2.857142857136963e-06 8.88888888889958e-07 0
795 2.857142857137301e-06 1.111111111111942e-06 0
796 2.857142857137638e-06 1.333333333333991e-06 0
797 2.857142857137977e-06 1.555555555555821e-06 0
798 2.857142857138315e-06 1.777777777777858e-06 0
799 2.857142857138653e-06 2e-06 0
800 2.857142857138968e-06 2.206896551724592e-06 0
801 2.857142857139284e-06 2.413793103449133e-06 0
802 2.857142857139598e-06 2.620689655173441e-06 0
803 2.857142857139913e-06 2.827586206897583e-06 0
804 2.857142857140227e-06 3.034482758621722e-06 0
805 2.857142857140544e-06 3.241379310346194e-06 0
806 2.857142857140858e-06 3.448275862070793e-06 0
807 2.857142857141173e-06 3.655172413795327e-06 0
808 2.857142857141487e-06 3.862068965519904e-06 0
809 2.857142857141803e-06 4.06896551724425e-06 0
810 2.857142857142117e-06 4.275862068968634e-06 0
811 2.857142857142433e-06 4.482758620693002e-06 0
812 2.857142857142748e-06 4.6896551724172e-06 0
813 2.857142857143062e-06 4.896551724141515e-06 0
814 2.857142857143377e-06 5.103448275865757e-06 0
815 2.857142857143693e-06 5.310344827589963e-06 0
816 2.857142857144008e-06 5.517241379314134e-06 0
817 2.857142857144323e-06 5.724137931038176e-06 0
818 2.857142857144637e-06 5.931034482761909e-06 0
819 2.857142857144952e-06 6.137931034485672e-06 0
820 2.857142857145267e-06 6.344827586209203e-06 0
821 2.857142857145583e-06 6.551724137932759e-06 0
822 2.857142857145897e-06 6.758620689656201e-06 0
823 2.857142857146213e-06 6.965517241379986e-06 0
824 2.857142857146527e-06 7.172413793103827e-06 0
825 2.857142857146842e-06 7.379310344828e-06 0
826 2.857142857147157e-06 7.586206896552221e-06 0
827 2.857142857147471e-06 7.793103448276376e-06 0
828 2.857142857147787e-06 8.000000000000001e-06 0
829 2.857142857148125e-06 8.222222222222508e-06 0
830 2.857142857148463e-06 8.444444444445528e-06 0
831 2.857142857148801e-06 8.666666666667174e-06 0
832 2.85714285714914e-06 8.888888888889447e-06 0
833 2.857142857149478e-06 9.111111111112256e-06 0
834 2.857142857149816e-06 9.333333333334058e-06 0
835 2.857142857150155e-06 9.555555555555607e-06 0
836 2.857142857150494e-06 9.77777777777806e-06 0
837 3.061224489788414e-06 2.222222222224934e-07 0
838 3.061224489788778e-06 4.444444444449795e-07 0
839 3.061224489789143e-06 6.666666666674898e-07 0
840 3.061224489789507e-06 8.888888888898602e-07 0
841 3.061224489789871e-06 1.111111111111849e-06 0
842 3.061224489790235e-06 1.333333333333918e-06 0
843 3.0612244897906e-06 1.555555555555779e-06 0
844 3.061224489790963e-06 1.77777777777784e-06 0
845 3.061224489791327e-06 2e-06 0
846 3.061224489791666e-06 2.206896551724567e-06 0
847 3.061224489792005e-06 2.413793103449077e-06 0
848 3.061224489792344e-06 2.620689655173367e-06 0
849 3.061224489792682e-06 2.82758620689749e-06 0
850 3.061224489793022e-06 3.034482758621604e-06 0
851 3.061224489793361e-06 3.241379310346047e-06 0
852 3.0612244897937e-06 3.448275862070616e-06 0
853 3.061224489794039e-06 3.655172413795124e-06 0
854 3.061224489794378e-06 3.86206896551967e-06 0
855 3.061224489794716e-06 4.068965517244001e-06 0
856 3.061224489795055e-06 4.275862068968366e-06 0
857 3.061224489795394e-06 4.482758620692716e-06 0
858 3.061224489795733e-06 4.689655172416901e-06 0
859 3.061224489796072e-06 4.896551724141203e-06 0
860 3.061224489796411e-06 5.103448275865435e-06 0
861 3.06122448979675e-06 5.310344827589657e-06 0
862 3.061224489797088e-06 5.517241379313842e-06 0
863 3.061224489797428e-06 5.724137931037907e-06 0
864 3.061224489797767e-06 5.93103448276165e-06 0
865 3.061224489798106e-06 6.137931034485428e-06 0
866 3.061224489798445e-06 6.344827586208991e-06 0
867 3.061224489798783e-06 6.55172413793258e-06 0
868 3.061224489799122e-06 6.758620689656056e-06 0
869 3.061224489799461e-06 6.965517241379871e-06 0
870 3.061224489799801e-06 7.172413793103738e-06 0
871 3.061224489800139e-06 7.379310344827924e-06 0
872 3.061224489800479e-06 7.586206896552162e-06 0
873 3.061224489800817e-06 7.793103448276336e-06 0
874 3.061224489801157e-06 8e-06 0
875 3.06122448980152e-06 8.222222222222479e-06 0
876 3.061224489801884e-06 8.444444444445472e-06 0
877 3.061224489802248e-06 8.666666666667112e-06 0
878 3.061224489802612e-06 8.888888888889366e-06 0
879 3.061224489802976e-06 9.111111111112176e-06 0
880 3.061224489803341e-06 9.333333333334e-06 0
881 3.061224489803704e-06 9.555555555555551e-06 0
882 3.061224489804069e-06 9.777777777778033e-06 0
883 3.265306122441072e-06 2.222222222224736e-07 0
884 3.265306122441452e-06 4.444444444449338e-07 0
885 3.26530612244183e-06 6.666666666674153e-07 0
886 3.265306122442211e-06 8.88888888889762e-07 0
887 3.265306122442591e-06 1.111111111111756e-06 0
888 3.26530612244297e-06 1.333333333333843e-06 0
889 3.26530612244335e-06 1.555555555555737e-06 0
890 3.265306122443729e-06 1.777777777777822e-06 0
891 3.265306122444109e-06 2e-06 0
892 3.265306122444462e-06 2.206896551724542e-06 0
893 3.265306122444816e-06 2.413793103449021e-06 0
894 3.265306122445169e-06 2.620689655173295e-06 0
895 3.265306122445523e-06 2.827586206897396e-06 0
896 3.265306122445876e-06 3.034482758621485e-06 0
897 3.26530612244623e-06 3.241379310345901e-06 0
898 3.265306122446583e-06 3.448275862070439e-06 0
899 3.265306122446937e-06 3.655172413794923e-06 0
900 3.26530612244729e-06 3.862068965519438e-06 0
901 3.265306122447643e-06 4.068965517243752e-06 0
902 3.265306122447997e-06 4.275862068968099e-06 0
903 3.26530612244835e-06 4.482758620692432e-06 0
904 3.265306122448704e-06 4.689655172416604e-06 0
905 3.265306122449057e-06 4.89655172414089e-06 0
906 3.265306122449411e-06 5.103448275865113e-06 0
907 3.265306122449764e-06 5.310344827589351e-06 0
908 3.265306122450117e-06 5.517241379313552e-06 0
909 3.265306122450471e-06 5.724137931037637e-06 0
910 3.265306122450825e-06 5.931034482761395e-06 0
911 3.265306122451179e-06 6.137931034485182e-06 0
912 3.265306122451531e-06 6.344827586208776e-06 0
913 3.265306122451885e-06 6.551724137932401e-06 0
914 3.265306122452238e-06 6.758620689655913e-06 0
915 3.265306122452592e-06 6.965517241379756e-06 0
916 3.265306122452946e-06 7.172413793103647e-06 0
917 3.265306122453298e-06 7.37931034482785e-06 0
918 3.265306122453652e-06 7.586206896552104e-06 0
919 3.265306122454005e-06 7.793103448276288e-06 0
920 3.265306122454359e-06 8e-06 0
921 3.265306122454738e-06 8.222222222222454e-06 0
922 3.265306122455119e-06 8.44444444444542e-06 0
923 3.265306122455498e-06 8.666666666667056e-06 0
924 3.265306122455877e-06 8.888888888889283e-06 0
925 3.265306122456258e-06 9.111111111112095e-06 0
926 3.265306122456637e-06 9.333333333333942e-06 0
927 3.265306122457016e-06 9.555555555555499e-06 0
928 3.265306122457396e-06 9.777777777778007e-06 0
929 3.469387755093541e-06 2.222222222224537e-07 0
930 3.469387755093947e-06 4.444444444448881e-07 0
931 3.469387755094351e-06 6.666666666673407e-07 0
932 3.469387755094757e-06 8.888888888896637e-07 0
933 3.469387755095162e-06 1.111111111111663e-06 0
934 3.469387755095568e-06 1.33333333333377e-06 0
935 3.469387755095973e-06 1.555555555555694e-06 0
936 3.469387755096379e-06 1.777777777777803e-06 0
937 3.469387755096784e-06 2e-06 0
938 3.469387755097161e-06 2.206896551724517e-06 0
939 3.469387755097538e-06 2.413793103448966e-06 0
940 3.469387755097917e-06 2.620689655173222e-06 0
941 3.469387755098295e-06 2.827586206897302e-06 0
942 3.469387755098672e-06 3.034482758621367e-06 0
943 3.469387755099049e-06 3.241379310345753e-06 0
944 3.469387755099427e-06 3.448275862070262e-06 0
945 3.469387755099805e-06 3.65517241379472e-06 0
946 3.469387755100181e-06 3.862068965519206e-06 0
947 3.469387755100559e-06 4.068965517243502e-06 0
948 3.469387755100937e-06 4.275862068967831e-06 0
949 3.469387755101314e-06 4.482758620692148e-06 0
950 3.469387755101691e-06 4.689655172416305e-06 0
951 3.469387755102069e-06 4.896551724140574e-06 0
952 3.469387755102446e-06 5.103448275864791e-06 0
953 3.469387755102824e-06 5.310344827589047e-06 0
954 3.469387755103202e-06 5.51724137931326e-06 0
955 3.469387755103579e-06 5.724137931037366e-06 0
956 3.469387755103955e-06 5.931034482761138e-06 0
957 3.469387755104334e-06 6.137931034484937e-06 0
958 3.469387755104711e-06 6.344827586208563e-06 0
959 3.469387755105089e-06 6.551724137932223e-06 0
960 3.469387755105467e-06 6.75862068965577e-06 0
961 3.469387755105843e-06 6.965517241379639e-06 0
962 3.469387755106222e-06 7.17241379310356e-06 0
963 3.469387755106599e-06 7.379310344827775e-06 0
964 3.469387755106976e-06 7.586206896552047e-06 0
965 3.469387755107354e-06 7.793103448276241e-06 0
966 3.469387755107732e-06 8e-06 0
967 3.469387755108136e-06 8.222222222222427e-06 0
968 3.469387755108541e-06 8.444444444445366e-06 0
969 3.469387755108947e-06 8.666666666666998e-06 0
970 3.469387755109353e-06 8.888888888889203e-06 0
971 3.469387755109758e-06 9.111111111112013e-06 0
972 3.469387755110164e-06 9.333333333333882e-06 0
973 3.469387755110569e-06 9.555555555555445e-06 0
974 3.469387755110975e-06 9.77777777777798e-06 0
975 3.673469387745993e-06 2.222222222224338e-07 0
976 3.673469387746424e-06 4.444444444448422e-07 0
977 3.673469387746854e-06 6.666666666672658e-07 0
978 3.673469387747286e-06 8.888888888895654e-07 0
979 3.673469387747716e-06 1.11111111111157e-06 0
980 3.673469387748147e-06 1.333333333333696e-06 0
981 3.673469387748579e-06 1.555555555555652e-06 0
982 3.67346938774901e-06 1.777777777777785e-06 0
983 3.673469387749441e-06 2e-06 0
984 3.673469387749842e-06 2.206896551724491e-06 0
985 3.673469387750245e-06 2.41379310344891e-06 0
986 3.673469387750645e-06 2.62068965517315e-06 0
987 3.673469387751046e-06 2.827586206897209e-06 0
988 3.673469387751448e-06 3.03448275862125e-06 0
989 3.67346938775185e-06 3.241379310345607e-06 0
990 3.67346938775225e-06 3.448275862070085e-06 0
991 3.673469387752652e-06 3.655172413794517e-06 0
992 3.673469387753053e-06 3.862068965518972e-06 0
993 3.673469387753455e-06 4.068965517243253e-06 0
994 3.673469387753856e-06 4.275862068967564e-06 0
995 3.673469387754256e-06 4.482758620691861e-06 0
996 3.673469387754659e-06 4.689655172416007e-06 0
997 3.67346938775506e-06 4.896551724140259e-06 0
998 3.673469387755462e-06 5.10344827586447e-06 0
999 3.673469387755863e-06 5.310344827588741e-06 0
1000 3.673469387756264e-06 5.517241379312967e-06 0
1001 3.673469387756665e-06 5.724137931037097e-06 0
1002 3.673469387757066e-06 5.931034482760881e-06 0
1003 3.673469387757468e-06 6.137931034484691e-06 0
1004 3.673469387757869e-06 6.344827586208348e-06 0
1005 3.67346938775827e-06 6.551724137932044e-06 0
1006 3.673469387758671e-06 6.758620689655629e-06 0
1007 3.673469387759073e-06 6.965517241379522e-06 0
1008 3.673469387759475e-06 7.172413793103468e-06 0
1009 3.673469387759876e-06 7.379310344827698e-06 0
1010 3.673469387760278e-06 7.586206896551988e-06 0
1011 3.673469387760679e-06 7.793103448276199e-06 0
1012 3.673469387761081e-06 8e-06 0
1013 3.673469387761511e-06 8.222222222222398e-06 0
1014 3.673469387761942e-06 8.44444444444531e-06 0
1015 3.673469387762373e-06 8.666666666666937e-06 0
1016 3.673469387762805e-06 8.888888888889122e-06 0
1017 3.673469387763236e-06 9.111111111111934e-06 0
1018 3.673469387763666e-06 9.333333333333826e-06 0
1019 3.673469387764097e-06 9.55555555555539e-06 0
1020 3.673469387764528e-06 9.777777777777953e-06 0
1021 3.877551020398659e-06 2.22222222222414e-07 0
1022 3.877551020399114e-06 4.444444444447966e-07 0
1023 3.877551020399567e-06 6.666666666671912e-07 0
1024 3.877551020400021e-06 8.888888888894676e-07 0
1025 3.877551020400474e-06 1.111111111111477e-06 0
1026 3.877551020400928e-06 1.333333333333621e-06 0
1027 3.877551020401382e-06 1.55555555555561e-06 0
1028 3.877551020401836e-06 1.777777777777766e-06 0
1029 3.87755102040229e-06 2e-06 0
1030 3.877551020402714e-06 2.206896551724466e-06 0
1031 3.877551020403136e-06 2.413793103448855e-06 0
1032 3.877551020403559e-06 2.620689655173077e-06 0
1033 3.877551020403981e-06 2.827586206897115e-06 0
1034 3.877551020404402e-06 3.034482758621131e-06 0
1035 3.877551020404826e-06 3.24137931034546e-06 0
1036 3.877551020405248e-06 3.448275862069908e-06 0
1037 3.877551020405672e-06 3.655172413794314e-06 0
1038 3.877551020406094e-06 3.862068965518741e-06 0
1039 3.877551020406517e-06 4.068965517243004e-06 0
1040 3.877551020406939e-06 4.275862068967296e-06 0
1041 3.87755102040736e-06 4.482758620691574e-06 0
1042 3.877551020407784e-06 4.689655172415709e-06 0
1043 3.877551020408206e-06 4.896551724139946e-06 0
1044 3.877551020408628e-06 5.103448275864147e-06 0
1045 3.877551020409051e-06 5.310344827588436e-06 0
1046 3.877551020409475e-06 5.517241379312674e-06 0
1047 3.877551020409896e-06 5.724137931036826e-06 0
1048 3.87755102041032e-06 5.931034482760623e-06 0
1049 3.877551020410742e-06 6.137931034484446e-06 0
1050 3.877551020411165e-06 6.344827586208136e-06 0
1051 3.877551020411587e-06 6.551724137931865e-06 0
1052 3.877551020412009e-06 6.758620689655486e-06 0
1053 3.877551020412432e-06 6.965517241379407e-06 0
1054 3.877551020412855e-06 7.172413793103379e-06 0
1055 3.877551020413276e-06 7.379310344827622e-06 0
1056 3.877551020413699e-06 7.586206896551928e-06 0
1057 3.877551020414122e-06 7.793103448276153e-06 0
1058 3.877551020414545e-06 8e-06 0
1059 3.877551020414998e-06 8.222222222222371e-06 0
1060 3.877551020415453e-06 8.444444444445257e-06 0
1061 3.877551020415905e-06 8.666666666666881e-06 0
1062 3.877551020416359e-06 8.888888888889041e-06 0
1063 3.877551020416813e-06 9.111111111111851e-06 0
1064 3.877551020417267e-06 9.333333333333766e-06 0
1065 3.877551020417721e-06 9.555555555555336e-06 0
1066 3.877551020418176e-06 9.777777777777929e-06 0
1067 4.081632653051004e-06 2.222222222223941e-07 0
1068 4.081632653051491e-06 4.444444444447507e-07 0
1069 4.08163265305198e-06 6.666666666671167e-07 0
1070 4.081632653052468e-06 8.888888888893695e-07 0
1071 4.081632653052955e-06 1.111111111111383e-06 0
1072 4.081632653053443e-06 1.333333333333548e-06 0
1073 4.081632653053931e-06 1.555555555555568e-06 0
1074 4.081632653054419e-06 1.777777777777748e-06 0
1075 4.081632653054907e-06 2e-06 0
1076 4.08163265305536e-06 2.206896551724442e-06 0
1077 4.081632653055815e-06 2.413793103448799e-06 0
1078 4.081632653056269e-06 2.620689655173004e-06 0
1079 4.081632653056723e-06 2.827586206897022e-06 0
1080 4.081632653057177e-06 3.034482758621013e-06 0
1081 4.081632653057631e-06 3.241379310345313e-06 0
1082 4.081632653058085e-06 3.44827586206973e-06 0
1083 4.081632653058539e-06 3.655172413794112e-06 0
1084 4.081632653058995e-06 3.862068965518508e-06 0
1085 4.081632653059449e-06 4.068965517242753e-06 0
1086 4.081632653059903e-06 4.275862068967028e-06 0
1087 4.081632653060357e-06 4.48275862069129e-06 0
1088 4.081632653060811e-06 4.689655172415411e-06 0
1089 4.081632653061267e-06 4.896551724139631e-06 0
1090 4.081632653061719e-06 5.103448275863825e-06 0
1091 4.081632653062173e-06 5.310344827588131e-06 0
1092 4.081632653062629e-06 5.517241379312382e-06 0
1093 4.081632653063083e-06 5.724137931036557e-06 0
1094 4.081632653063537e-06 5.931034482760366e-06 0
1095 4.081632653063991e-06 6.137931034484199e-06 0
1096 4.081632653064445e-06 6.344827586207922e-06 0
1097 4.081632653064899e-06 6.551724137931686e-06 0
1098 4.081632653065353e-06 6.758620689655344e-06 0
1099 4.081632653065807e-06 6.965517241379292e-06 0
1100 4.081632653066261e-06 7.172413793103293e-06 0
1101 4.081632653066715e-06 7.379310344827548e-06 0
1102 4.08163265306717e-06 7.586206896551871e-06 0
1103 4.081632653067623e-06 7.793103448276105e-06 0
1104 4.081632653068077e-06 8e-06 0
1105 4.081632653068565e-06 8.222222222222345e-06 0
1106 4.081632653069052e-06 8.444444444445203e-06 0
1107 4.081632653069541e-06 8.666666666666822e-06 0
1108 4.08163265307003e-06 8.888888888888959e-06 0
1109 4.081632653070518e-06 9.111111111111769e-06 0
1110 4.081632653071003e-06 9.333333333333705e-06 0
1111 4.081632653071494e-06 9.55555555555528e-06 0
1112 4.08163265307198e-06 9.777777777777899e-06 0
1113 4.285714285703524e-06 2.222222222223742e-07 0
1114 4.285714285704031e-06 4.44444444444705e-07 0
1115 4.285714285704535e-06 6.666666666670422e-07 0
1116 4.285714285705044e-06 8.888888888892711e-07 0
1117 4.28571428570555e-06 1.11111111111129e-06 0
1118 4.285714285706056e-06 1.333333333333473e-06 0
1119 4.285714285706561e-06 1.555555555555525e-06 0
1120 4.285714285707069e-06 1.777777777777729e-06 0
1121 4.285714285707576e-06 2e-06 0
1122 4.285714285708047e-06 2.206896551724417e-06 0
1123 4.285714285708518e-06 2.413793103448743e-06 0
1124 4.285714285708991e-06 2.620689655172932e-06 0
1125 4.285714285709462e-06 2.827586206896929e-06 0
1126 4.285714285709933e-06 3.034482758620895e-06 0
1127 4.285714285710405e-06 3.241379310345166e-06 0
1128 4.285714285710876e-06 3.448275862069554e-06 0
1129 4.285714285711348e-06 3.65517241379391e-06 0
1130 4.285714285711821e-06 3.862068965518276e-06 0
1131 4.285714285712291e-06 4.068965517242504e-06 0
1132 4.285714285712762e-06 4.27586206896676e-06 0
1133 4.285714285713234e-06 4.482758620691005e-06 0
1134 4.285714285713706e-06 4.689655172415113e-06 0
1135 4.285714285714178e-06 4.896551724139316e-06 0
1136 4.285714285714649e-06 5.103448275863504e-06 0
1137 4.28571428571512e-06 5.310344827587825e-06 0
1138 4.285714285715591e-06 5.517241379312091e-06 0
1139 4.285714285716063e-06 5.724137931036287e-06 0
1140 4.285714285716536e-06 5.931034482760107e-06 0
1141 4.285714285717007e-06 6.137931034483954e-06 0
1142 4.285714285717478e-06 6.344827586207707e-06 0
1143 4.285714285717951e-06 6.551724137931508e-06 0
1144 4.285714285718422e-06 6.758620689655201e-06 0
1145 4.285714285718892e-06 6.965517241379177e-06 0
1146 4.285714285719365e-06 7.1724137931032e-06 0
1147 4.285714285719836e-06 7.379310344827473e-06 0
1148 4.285714285720308e-06 7.586206896551815e-06 0
1149 4.28571428572078e-06 7.793103448276058e-06 0
1150 4.285714285721251e-06 8e-06 0
1151 4.285714285721757e-06 8.222222222222317e-06 0
1152 4.285714285722264e-06 8.444444444445147e-06 0
1153 4.285714285722771e-06 8.666666666666759e-06 0
1154 4.285714285723277e-06 8.888888888888876e-06 0
1155 4.285714285723784e-06 9.111111111111688e-06 0
1156 4.285714285724291e-06 9.333333333333651e-06 0
1157 4.285714285724797e-06 9.555555555555231e-06 0
1158 4.285714285725304e-06 9.777777777777875e-06 0
1159 4.489795918356078e-06 2.222222222223543e-07 0
1160 4.489795918356606e-06 4.444444444446593e-07 0
1161 4.489795918357137e-06 6.666666666669676e-07 0
1162 4.489795918357669e-06 8.888888888891728e-07 0
1163 4.489795918358199e-06 1.111111111111197e-06 0
1164 4.489795918358729e-06 1.333333333333399e-06 0
1165 4.489795918359258e-06 1.555555555555483e-06 0
1166 4.48979591835979e-06 1.777777777777711e-06 0
1167 4.48979591836032e-06 2e-06 0
1168 4.489795918360813e-06 2.206896551724392e-06 0
1169 4.489795918361306e-06 2.413793103448687e-06 0
1170 4.489795918361799e-06 2.62068965517286e-06 0
1171 4.489795918362293e-06 2.827586206896835e-06 0
1172 4.489795918362788e-06 3.034482758620776e-06 0
1173 4.489795918363281e-06 3.241379310345019e-06 0
1174 4.489795918363774e-06 3.448275862069376e-06 0
1175 4.489795918364267e-06 3.655172413793707e-06 0
1176 4.489795918364762e-06 3.862068965518044e-06 0
1177 4.489795918365255e-06 4.068965517242255e-06 0
1178 4.489795918365749e-06 4.275862068966492e-06 0
1179 4.489795918366244e-06 4.48275862069072e-06 0
1180 4.489795918366735e-06 4.689655172414815e-06 0
1181 4.48979591836723e-06 4.896551724139003e-06 0
1182 4.489795918367725e-06 5.103448275863182e-06 0
1183 4.489795918368216e-06 5.310344827587518e-06 0
1184 4.48979591836871e-06 5.5172413793118e-06 0
1185 4.489795918369205e-06 5.724137931036017e-06 0
1186 4.489795918369696e-06 5.931034482759851e-06 0
1187 4.489795918370191e-06 6.137931034483708e-06 0
1188 4.489795918370686e-06 6.344827586207494e-06 0
1189 4.489795918371179e-06 6.551724137931329e-06 0
1190 4.489795918371672e-06 6.758620689655061e-06 0
1191 4.489795918372166e-06 6.96551724137906e-06 0
1192 4.489795918372659e-06 7.172413793103112e-06 0
1193 4.489795918373152e-06 7.379310344827395e-06 0
1194 4.489795918373647e-06 7.586206896551755e-06 0
1195 4.48979591837414e-06 7.793103448276016e-06 0
1196 4.489795918374633e-06 8.000000000000001e-06 0
1197 4.489795918375165e-06 8.222222222222291e-06 0
1198 4.489795918375693e-06 8.444444444445094e-06 0
1199 4.489795918376225e-06 8.666666666666707e-06 0
1200 4.489795918376754e-06 8.888888888888797e-06 0
1201 4.489795918377286e-06 9.111111111111607e-06 0
1202 4.489795918377814e-06 9.333333333333592e-06 0
1203 4.489795918378345e-06 9.555555555555175e-06 0
1204 4.489795918378875e-06 9.777777777777845e-06 0
1205 4.693877551008651e-06 2.222222222223345e-07 0
1206 4.693877551009205e-06 4.444444444446135e-07 0
1207 4.693877551009757e-06 6.666666666668929e-07 0
1208 4.693877551010311e-06 8.888888888890748e-07 0
1209 4.693877551010864e-06 1.111111111111104e-06 0
1210 4.693877551011418e-06 1.333333333333325e-06 0
1211 4.69387755101197e-06 1.555555555555441e-06 0
1212 4.693877551012524e-06 1.777777777777692e-06 0
1213 4.693877551013075e-06 2e-06 0
1214 4.693877551013591e-06 2.206896551724366e-06 0
1215 4.693877551014108e-06 2.413793103448632e-06 0
1216 4.693877551014622e-06 2.620689655172787e-06 0
1217 4.693877551015138e-06 2.827586206896741e-06 0
1218 4.693877551015651e-06 3.034482758620659e-06 0
1219 4.693877551016166e-06 3.241379310344872e-06 0
1220 4.693877551016681e-06 3.448275862069199e-06 0
1221 4.693877551017198e-06 3.655172413793504e-06 0
1222 4.693877551017711e-06 3.86206896551781e-06 0
1223 4.693877551018227e-06 4.068965517242005e-06 0
1224 4.693877551018742e-06 4.275862068966224e-06 0
1225 4.693877551019255e-06 4.482758620690433e-06 0
1226 4.693877551019771e-06 4.689655172414517e-06 0
1227 4.693877551020287e-06 4.896551724138687e-06 0
1228 4.6938775510208e-06 5.103448275862861e-06 0
1229 4.693877551021316e-06 5.310344827587214e-06 0
1230 4.693877551021832e-06 5.517241379311508e-06 0
1231 4.693877551022348e-06 5.724137931035748e-06 0
1232 4.693877551022863e-06 5.931034482759594e-06 0
1233 4.693877551023376e-06 6.137931034483463e-06 0
1234 4.693877551023891e-06 6.344827586207281e-06 0
1235 4.693877551024406e-06 6.551724137931149e-06 0
1236 4.693877551024923e-06 6.758620689654918e-06 0
1237 4.693877551025436e-06 6.965517241378943e-06 0
1238 4.693877551025953e-06 7.172413793103022e-06 0
1239 4.693877551026466e-06 7.379310344827322e-06 0
1240 4.693877551026981e-06 7.586206896551696e-06 0
1241 4.693877551027495e-06 7.793103448275972e-06 0
1242 4.693877551028012e-06 8e-06 0
1243 4.693877551028566e-06 8.222222222222264e-06 0
1244 4.693877551029119e-06 8.44444444444504e-06 0
1245 4.693877551029671e-06 8.666666666666646e-06 0
1246 4.693877551030223e-06 8.888888888888717e-06 0
1247 4.693877551030779e-06 9.111111111111527e-06 0
1248 4.693877551031332e-06 9.333333333333531e-06 0
1249 4.693877551031884e-06 9.555555555555121e-06 0
1250 4.693877551032436e-06 9.777777777777819e-06 0
1251 4.897959183661159e-06 2.222222222223146e-07 0
1252 4.897959183661732e-06 4.444444444445678e-07 0
1253 4.897959183662304e-06 6.666666666668181e-07 0
1254 4.897959183662876e-06 8.888888888889768e-07 0
1255 4.897959183663447e-06 1.111111111111011e-06 0
1256 4.89795918366402e-06 1.333333333333252e-06 0
1257 4.897959183664593e-06 1.555555555555398e-06 0
1258 4.897959183665165e-06 1.777777777777674e-06 0
1259 4.897959183665738e-06 2e-06 0
1260 4.897959183666268e-06 2.206896551724342e-06 0
1261 4.897959183666801e-06 2.413793103448576e-06 0
1262 4.897959183667335e-06 2.620689655172714e-06 0
1263 4.897959183667867e-06 2.827586206896648e-06 0
1264 4.897959183668401e-06 3.03448275862054e-06 0
1265 4.897959183668933e-06 3.241379310344725e-06 0
1266 4.897959183669465e-06 3.448275862069023e-06 0
1267 4.897959183669998e-06 3.655172413793302e-06 0
1268 4.897959183670532e-06 3.862068965517578e-06 0
1269 4.897959183671062e-06 4.068965517241756e-06 0
1270 4.897959183671596e-06 4.275862068965958e-06 0
1271 4.897959183672129e-06 4.482758620690149e-06 0
1272 4.897959183672661e-06 4.689655172414218e-06 0
1273 4.897959183673193e-06 4.896551724138372e-06 0
1274 4.897959183673727e-06 5.103448275862538e-06 0
1275 4.897959183674259e-06 5.310344827586908e-06 0
1276 4.897959183674792e-06 5.517241379311217e-06 0
1277 4.897959183675324e-06 5.724137931035478e-06 0
1278 4.897959183675856e-06 5.931034482759335e-06 0
1279 4.89795918367639e-06 6.137931034483216e-06 0
1280 4.897959183676922e-06 6.344827586207065e-06 0
1281 4.897959183677455e-06 6.551724137930971e-06 0
1282 4.897959183677987e-06 6.758620689654774e-06 0
1283 4.897959183678519e-06 6.965517241378828e-06 0
1284 4.897959183679053e-06 7.172413793102933e-06 0
1285 4.897959183679587e-06 7.379310344827246e-06 0
1286 4.897959183680119e-06 7.586206896551639e-06 0
1287 4.897959183680651e-06 7.793103448275924e-06 0
1288 4.897959183681184e-06 8.000000000000001e-06 0
1289 4.897959183681755e-06 8.222222222222237e-06 0
1290 4.897959183682328e-06 8.444444444444986e-06 0
1291 4.8979591836829e-06 8.666666666666583e-06 0
1292 4.897959183683473e-06 8.888888888888632e-06 0
1293 4.897959183684044e-06 9.111111111111444e-06 0
1294 4.897959183684616e-06 9.333333333333475e-06 0
1295 4.897959183685187e-06 9.555555555555069e-06 0
1296 4.897959183685761e-06 9.777777777777794e-06 0
1297 5.102040816314235e-06 2.222222222222947e-07 0
1298 5.102040816314807e-06 4.44444444444522e-07 0
1299 5.102040816315379e-06 6.666666666667436e-07 0
1300 5.102040816315952e-06 8.888888888888785e-07 0
1301 5.102040816316524e-06 1.111111111110917e-06 0
1302 5.102040816317096e-06 1.333333333333178e-06 0
1303 5.102040816317667e-06 1.555555555555356e-06 0
1304 5.102040816318239e-06 1.777777777777655e-06 0
1305 5.10204081631881e-06 2e-06 0
1306 5.102040816319345e-06 2.206896551724317e-06 0
1307 5.102040816319877e-06 2.41379310344852e-06 0
1308 5.102040816320409e-06 2.620689655172641e-06 0
1309 5.102040816320943e-06 2.827586206896555e-06 0
1310 5.102040816321475e-06 3.034482758620421e-06 0
1311 5.102040816322008e-06 3.241379310344579e-06 0
1312 5.10204081632254e-06 3.448275862068845e-06 0
1313 5.102040816323074e-06 3.655172413793098e-06 0
1314 5.102040816323606e-06 3.862068965517346e-06 0
1315 5.102040816324138e-06 4.068965517241507e-06 0
1316 5.102040816324671e-06 4.27586206896569e-06 0
1317 5.102040816325203e-06 4.482758620689863e-06 0
1318 5.102040816325737e-06 4.68965517241392e-06 0
1319 5.102040816326269e-06 4.89655172413806e-06 0
1320 5.102040816326803e-06 5.103448275862216e-06 0
1321 5.102040816327334e-06 5.310344827586603e-06 0
1322 5.102040816327866e-06 5.517241379310926e-06 0
1323 5.1020408163284e-06 5.724137931035207e-06 0
1324 5.102040816328932e-06 5.931034482759079e-06 0
1325 5.102040816329466e-06 6.137931034482971e-06 0
1326 5.102040816329998e-06 6.344827586206852e-06 0
1327 5.102040816330531e-06 6.551724137930794e-06 0
1328 5.102040816331063e-06 6.75862068965463e-06 0
1329 5.102040816331595e-06 6.965517241378712e-06 0
1330 5.102040816332129e-06 7.172413793102841e-06 0
1331 5.102040816332661e-06 7.379310344827168e-06 0
1332 5.102040816333194e-06 7.586206896551579e-06 0
1333 5.102040816333725e-06 7.793103448275878e-06 0
1334 5.102040816334258e-06 8.000000000000001e-06 0
1335 5.102040816334831e-06 8.22222222222221e-06 0
1336 5.102040816335403e-06 8.444444444444932e-06 0
1337 5.102040816335976e-06 8.666666666666531e-06 0
1338 5.102040816336547e-06 8.888888888888553e-06 0
1339 5.102040816337119e-06 9.111111111111363e-06 0
1340 5.10204081633769e-06 9.333333333333414e-06 0
1341 5.102040816338262e-06 9.555555555555014e-06 0
1342 5.102040816338835e-06 9.777777777777767e-06 0
1343 5.30612244896756e-06 2.222222222222748e-07 0
1344 5.306122448968113e-06 4.444444444444762e-07 0
1345 5.306122448968665e-06 6.66666666666669e-07 0
1346 5.30612244896922e-06 8.888888888887807e-07 0
1347 5.306122448969773e-06 1.111111111110824e-06 0
1348 5.306122448970326e-06 1.333333333333103e-06 0
1349 5.306122448970878e-06 1.555555555555314e-06 0
1350 5.306122448971432e-06 1.777777777777637e-06 0
1351 5.306122448971983e-06 2e-06 0
1352 5.306122448972499e-06 2.206896551724291e-06 0
1353 5.306122448973016e-06 2.413793103448465e-06 0
1354 5.30612244897353e-06 2.620689655172569e-06 0
1355 5.306122448974046e-06 2.827586206896462e-06 0
1356 5.306122448974561e-06 3.034482758620304e-06 0
1357 5.306122448975074e-06 3.241379310344431e-06 0
1358 5.30612244897559e-06 3.448275862068668e-06 0
1359 5.306122448976106e-06 3.655172413792896e-06 0
1360 5.30612244897662e-06 3.862068965517113e-06 0
1361 5.306122448977134e-06 4.068965517241256e-06 0
1362 5.306122448977651e-06 4.275862068965422e-06 0
1363 5.306122448978164e-06 4.482758620689579e-06 0
1364 5.306122448978677e-06 4.689655172413622e-06 0
1365 5.306122448979194e-06 4.896551724137745e-06 0
1366 5.306122448979709e-06 5.103448275861894e-06 0
1367 5.306122448980224e-06 5.310344827586299e-06 0
1368 5.306122448980739e-06 5.517241379310635e-06 0
1369 5.306122448981254e-06 5.724137931034937e-06 0
1370 5.306122448981769e-06 5.931034482758821e-06 0
1371 5.306122448982284e-06 6.137931034482725e-06 0
1372 5.306122448982799e-06 6.344827586206639e-06 0
1373 5.306122448983315e-06 6.551724137930614e-06 0
1374 5.306122448983829e-06 6.758620689654489e-06 0
1375 5.306122448984344e-06 6.965517241378597e-06 0
1376 5.306122448984859e-06 7.172413793102753e-06 0
1377 5.306122448985376e-06 7.379310344827094e-06 0
1378 5.30612244898589e-06 7.586206896551522e-06 0
1379 5.306122448986405e-06 7.793103448275834e-06 0
1380 5.306122448986919e-06 8.000000000000001e-06 0
1381 5.306122448987474e-06 8.222222222222183e-06 0
1382 5.306122448988025e-06 8.444444444444876e-06 0
1383 5.30612244898858e-06 8.66666666666647e-06 0
1384 5.306122448989133e-06 8.888888888888472e-06 0
1385 5.306122448989686e-06 9.111111111111282e-06 0
1386 5.306122448990237e-06 9.333333333333356e-06 0
1387 5.306122448990791e-06 9.55555555555496e-06 0
1388 5.306122448991345e-06 9.77777777777774e-06 0
1389 5.51020408162112e-06 2.222222222222549e-07 0
1390 5.510204081621652e-06 4.444444444444305e-07 0
1391 5.510204081622183e-06 6.666666666665945e-07 0
1392 5.510204081622712e-06 8.888888888886825e-07 0
1393 5.51020408162324e-06 1.111111111110731e-06 0
1394 5.510204081623773e-06 1.333333333333029e-06 0
1395 5.510204081624301e-06 1.555555555555272e-06 0
1396 5.510204081624832e-06 1.777777777777619e-06 0
1397 5.510204081625362e-06 2e-06 0
1398 5.510204081625857e-06 2.206896551724266e-06 0
1399 5.51020408162635e-06 2.413793103448409e-06 0
1400 5.510204081626844e-06 2.620689655172496e-06 0
1401 5.510204081627338e-06 2.827586206896368e-06 0
1402 5.510204081627831e-06 3.034482758620186e-06 0
1403 5.510204081628325e-06 3.241379310344285e-06 0
1404 5.510204081628819e-06 3.448275862068491e-06 0
1405 5.510204081629313e-06 3.655172413792693e-06 0
1406 5.510204081629806e-06 3.86206896551688e-06 0
1407 5.510204081630299e-06 4.068965517241007e-06 0
1408 5.510204081630792e-06 4.275862068965154e-06 0
1409 5.510204081631285e-06 4.482758620689293e-06 0
1410 5.51020408163178e-06 4.689655172413324e-06 0
1411 5.510204081632274e-06 4.89655172413743e-06 0
1412 5.510204081632767e-06 5.103448275861574e-06 0
1413 5.510204081633261e-06 5.310344827585992e-06 0
1414 5.510204081633753e-06 5.517241379310342e-06 0
1415 5.510204081634248e-06 5.724137931034668e-06 0
1416 5.510204081634741e-06 5.931034482758564e-06 0
1417 5.510204081635233e-06 6.137931034482479e-06 0
1418 5.510204081635729e-06 6.344827586206426e-06 0
1419 5.510204081636223e-06 6.551724137930434e-06 0
1420 5.510204081636716e-06 6.758620689654345e-06 0
1421 5.510204081637209e-06 6.96551724137848e-06 0
1422 5.510204081637704e-06 7.172413793102666e-06 0
1423 5.510204081638196e-06 7.37931034482702e-06 0
1424 5.510204081638688e-06 7.586206896551464e-06 0
1425 5.510204081639185e-06 7.793103448275789e-06 0
1426 5.510204081639677e-06 8.000000000000001e-06 0
1427 5.510204081640207e-06 8.222222222222156e-06 0
1428 5.510204081640737e-06 8.444444444444823e-06 0
1429 5.510204081641268e-06 8.666666666666412e-06 0
1430 5.510204081641799e-06 8.88888888888839e-06 0
1431 5.510204081642328e-06 9.1111111111112e-06 0
1432 5.510204081642857e-06 9.333333333333299e-06 0
1433 5.510204081643389e-06 9.555555555554908e-06 0
1434 5.510204081643918e-06 9.777777777777714e-06 0
1435 5.714285714274695e-06 2.222222222222351e-07 0
1436 5.714285714275198e-06 4.444444444443847e-07 0
1437 5.714285714275706e-06 6.666666666665197e-07 0
1438 5.714285714276213e-06 8.888888888885843e-07 0
1439 5.714285714276719e-06 1.111111111110638e-06 0
1440 5.714285714277226e-06 1.333333333332956e-06 0
1441 5.71428571427773e-06 1.555555555555229e-06 0
1442 5.714285714278239e-06 1.7777777777776e-06 0
1443 5.714285714278745e-06 2e-06 0
1444 5.714285714279216e-06 2.206896551724241e-06 0
1445 5.71428571427969e-06 2.413793103448353e-06 0
1446 5.714285714280161e-06 2.620689655172424e-06 0
1447 5.714285714280631e-06 2.827586206896274e-06 0
1448 5.714285714281102e-06 3.034482758620067e-06 0
1449 5.714285714281574e-06 3.241379310344138e-06 0
1450 5.714285714282046e-06 3.448275862068314e-06 0
1451 5.714285714282519e-06 3.65517241379249e-06 0
1452 5.71428571428299e-06 3.862068965516648e-06 0
1453 5.714285714283461e-06 4.068965517240758e-06 0
1454 5.714285714283933e-06 4.275862068964887e-06 0
1455 5.714285714284403e-06 4.482758620689006e-06 0
1456 5.714285714284876e-06 4.689655172413027e-06 0
1457 5.714285714285347e-06 4.896551724137115e-06 0
1458 5.714285714285818e-06 5.103448275861254e-06 0
1459 5.71428571428629e-06 5.310344827585685e-06 0
1460 5.714285714286762e-06 5.517241379310049e-06 0
1461 5.714285714287232e-06 5.724137931034397e-06 0
1462 5.714285714287705e-06 5.931034482758305e-06 0
1463 5.714285714288177e-06 6.137931034482234e-06 0
1464 5.714285714288648e-06 6.344827586206212e-06 0
1465 5.71428571428912e-06 6.551724137930257e-06 0
1466 5.714285714289591e-06 6.758620689654202e-06 0
1467 5.714285714290062e-06 6.965517241378363e-06 0
1468 5.714285714290532e-06 7.172413793102574e-06 0
1469 5.714285714291005e-06 7.379310344826943e-06 0
1470 5.714285714291477e-06 7.586206896551407e-06 0
1471 5.714285714291948e-06 7.793103448275743e-06 0
1472 5.714285714292418e-06 8.000000000000001e-06 0
1473 5.714285714292926e-06 8.222222222222129e-06 0
1474 5.714285714293431e-06 8.444444444444769e-06 0
1475 5.71428571429394e-06 8.666666666666354e-06 0
1476 5.714285714294444e-06 8.888888888888312e-06 0
1477 5.714285714294953e-06 9.111111111111119e-06 0
1478 5.714285714295459e-06 9.333333333333236e-06 0
1479 5.714285714295966e-06 9.555555555554852e-06 0
1480 5.71428571429647e-06 9.777777777777685e-06 0
1481 5.918367346928017e-06 2.222222222222151e-07 0
1482 5.918367346928505e-06 4.444444444443389e-07 0
1483 5.918367346928993e-06 6.666666666664453e-07 0
1484 5.91836734692948e-06 8.888888888884859e-07 0
1485 5.918367346929968e-06 1.111111111110545e-06 0
1486 5.918367346930456e-06 1.333333333332882e-06 0
1487 5.918367346930944e-06 1.555555555555187e-06 0
1488 5.918367346931432e-06 1.777777777777582e-06 0
1489 5.91836734693192e-06 2e-06 0
1490 5.918367346932373e-06 2.206896551724217e-06 0
1491 5.918367346932825e-06 2.413793103448298e-06 0
1492 5.918367346933281e-06 2.620689655172351e-06 0
1493 5.918367346933735e-06 2.827586206896181e-06 0
1494 5.91836734693419e-06 3.034482758619948e-06 0
1495 5.918367346934643e-06 3.241379310343991e-06 0
1496 5.918367346935099e-06 3.448275862068137e-06 0
1497 5.918367346935551e-06 3.655172413792288e-06 0
1498 5.918367346936006e-06 3.862068965516415e-06 0
1499 5.918367346936459e-06 4.068965517240507e-06 0
1500 5.918367346936913e-06 4.275862068964618e-06 0
1501 5.918367346937369e-06 4.482758620688722e-06 0
1502 5.918367346937822e-06 4.689655172412728e-06 0
1503 5.918367346938275e-06 4.896551724136801e-06 0
1504 5.918367346938731e-06 5.103448275860933e-06 0
1505 5.918367346939186e-06 5.310344827585381e-06 0
1506 5.918367346939639e-06 5.517241379309758e-06 0
1507 5.918367346940094e-06 5.724137931034127e-06 0
1508 5.918367346940548e-06 5.931034482758049e-06 0
1509 5.918367346941e-06 6.137931034481987e-06 0
1510 5.918367346941453e-06 6.344827586205998e-06 0
1511 5.918367346941912e-06 6.551724137930079e-06 0
1512 5.918367346942366e-06 6.75862068965406e-06 0
1513 5.918367346942818e-06 6.965517241378248e-06 0
1514 5.918367346943272e-06 7.172413793102486e-06 0
1515 5.918367346943728e-06 7.379310344826867e-06 0
1516 5.91836734694418e-06 7.586206896551347e-06 0
1517 5.918367346944634e-06 7.793103448275701e-06 0
1518 5.91836734694509e-06 8.000000000000001e-06 0
1519 5.918367346945576e-06 8.222222222222102e-06 0
1520 5.918367346946063e-06 8.444444444444715e-06 0
1521 5.918367346946552e-06 8.666666666666293e-06 0
1522 5.918367346947039e-06 8.888888888888231e-06 0
1523 5.918367346947527e-06 9.111111111111041e-06 0
1524 5.918367346948014e-06 9.33333333333318e-06 0
1525 5.918367346948501e-06 9.555555555554801e-06 0
1526 5.918367346948988e-06 9.777777777777657e-06 0
1527 6.122448979581824e-06 2.222222222221953e-07 0
1528 6.122448979582278e-06 4.444444444442931e-07 0
1529 6.122448979582731e-06 6.666666666663705e-07 0
1530 6.122448979583186e-06 8.888888888883881e-07 0
1531 6.122448979583638e-06 1.111111111110452e-06 0
1532 6.122448979584091e-06 1.333333333332807e-06 0
1533 6.122448979584547e-06 1.555555555555145e-06 0
1534 6.122448979585e-06 1.777777777777563e-06 0
1535 6.122448979585455e-06 2e-06 0
1536 6.122448979585876e-06 2.206896551724191e-06 0
1537 6.122448979586298e-06 2.413793103448242e-06 0
1538 6.122448979586722e-06 2.620689655172278e-06 0
1539 6.122448979587143e-06 2.827586206896087e-06 0
1540 6.122448979587565e-06 3.034482758619831e-06 0
1541 6.12244897958799e-06 3.241379310343844e-06 0
1542 6.122448979588411e-06 3.44827586206796e-06 0
1543 6.122448979588834e-06 3.655172413792085e-06 0
1544 6.122448979589256e-06 3.862068965516184e-06 0
1545 6.122448979589677e-06 4.068965517240256e-06 0
1546 6.122448979590101e-06 4.27586206896435e-06 0
1547 6.122448979590523e-06 4.482758620688437e-06 0
1548 6.122448979590947e-06 4.689655172412429e-06 0
1549 6.12244897959137e-06 4.896551724136488e-06 0
1550 6.122448979591791e-06 5.10344827586061e-06 0
1551 6.122448979592215e-06 5.310344827585075e-06 0
1552 6.122448979592635e-06 5.517241379309465e-06 0
1553 6.122448979593059e-06 5.724137931033858e-06 0
1554 6.12244897959348e-06 5.93103448275779e-06 0
1555 6.122448979593904e-06 6.137931034481742e-06 0
1556 6.122448979594326e-06 6.344827586205786e-06 0
1557 6.122448979594748e-06 6.551724137929899e-06 0
1558 6.122448979595171e-06 6.758620689653918e-06 0
1559 6.122448979595594e-06 6.965517241378134e-06 0
1560 6.122448979596015e-06 7.172413793102396e-06 0
1561 6.122448979596439e-06 7.379310344826793e-06 0
1562 6.12244897959686e-06 7.58620689655129e-06 0
1563 6.122448979597284e-06 7.793103448275651e-06 0
1564 6.122448979597707e-06 8e-06 0
1565 6.122448979598159e-06 8.222222222222074e-06 0
1566 6.122448979598613e-06 8.444444444444661e-06 0
1567 6.122448979599067e-06 8.666666666666234e-06 0
1568 6.12244897959952e-06 8.88888888888815e-06 0
1569 6.122448979599974e-06 9.11111111111096e-06 0
1570 6.122448979600428e-06 9.333333333333123e-06 0
1571 6.122448979600882e-06 9.555555555554747e-06 0
1572 6.122448979601336e-06 9.777777777777631e-06 0
1573 6.326530612235473e-06 2.222222222221754e-07 0
1574 6.326530612235907e-06 4.444444444442474e-07 0
1575 6.326530612236343e-06 6.666666666662959e-07 0
1576 6.326530612236776e-06 8.888888888882898e-07 0
1577 6.326530612237212e-06 1.111111111110359e-06 0
1578 6.326530612237645e-06 1.333333333332734e-06 0
1579 6.326530612238081e-06 1.555555555555102e-06 0
1580 6.326530612238514e-06 1.777777777777545e-06 0
1581 6.32653061223895e-06 2e-06 0
1582 6.326530612239355e-06 2.206896551724166e-06 0
1583 6.326530612239759e-06 2.413793103448186e-06 0
1584 6.326530612240163e-06 2.620689655172206e-06 0
1585 6.326530612240569e-06 2.827586206895994e-06 0
1586 6.326530612240972e-06 3.034482758619713e-06 0
1587 6.326530612241376e-06 3.241379310343697e-06 0
1588 6.326530612241782e-06 3.448275862067783e-06 0
1589 6.326530612242189e-06 3.655172413791883e-06 0
1590 6.326530612242592e-06 3.86206896551595e-06 0
1591 6.326530612242995e-06 4.068965517240009e-06 0
1592 6.3265306122434e-06 4.275862068964082e-06 0
1593 6.326530612243805e-06 4.482758620688151e-06 0
1594 6.32653061224421e-06 4.689655172412131e-06 0
1595 6.326530612244615e-06 4.896551724136172e-06 0
1596 6.32653061224502e-06 5.103448275860289e-06 0
1597 6.326530612245424e-06 5.31034482758477e-06 0
1598 6.326530612245828e-06 5.517241379309174e-06 0
1599 6.326530612246232e-06 5.724137931033587e-06 0
1600 6.326530612246637e-06 5.931034482757534e-06 0
1601 6.326530612247042e-06 6.137931034481495e-06 0
1602 6.326530612247447e-06 6.344827586205571e-06 0
1603 6.326530612247854e-06 6.55172413792972e-06 0
1604 6.326530612248257e-06 6.758620689653776e-06 0
1605 6.32653061224866e-06 6.965517241378016e-06 0
1606 6.326530612249067e-06 7.172413793102306e-06 0
1607 6.32653061224947e-06 7.379310344826719e-06 0
1608 6.326530612249876e-06 7.58620689655123e-06 0
1609 6.32653061225028e-06 7.793103448275606e-06 0
1610 6.326530612250684e-06 8e-06 0
1611 6.32653061225112e-06 8.222222222222047e-06 0
1612 6.326530612251554e-06 8.444444444444607e-06 0
1613 6.326530612251987e-06 8.666666666666177e-06 0
1614 6.326530612252424e-06 8.888888888888068e-06 0
1615 6.326530612252858e-06 9.111111111110878e-06 0
1616 6.326530612253292e-06 9.333333333333062e-06 0
1617 6.326530612253727e-06 9.555555555554693e-06 0
1618 6.326530612254162e-06 9.777777777777604e-06 0
1619 6.530612244889029e-06 2.222222222221555e-07 0
1620 6.530612244889439e-06 4.444444444442017e-07 0
1621 6.530612244889853e-06 6.666666666662215e-07 0
1622 6.530612244890264e-06 8.888888888881916e-07 0
1623 6.530612244890676e-06 1.111111111110266e-06 0
1624 6.530612244891083e-06 1.33333333333266e-06 0
1625 6.530612244891499e-06 1.55555555555506e-06 0
1626 6.530612244891909e-06 1.777777777777526e-06 0
1627 6.530612244892323e-06 2e-06 0
1628 6.530612244892703e-06 2.206896551724141e-06 0
1629 6.530612244893088e-06 2.41379310344813e-06 0
1630 6.530612244893471e-06 2.620689655172133e-06 0
1631 6.530612244893856e-06 2.827586206895901e-06 0
1632 6.530612244894239e-06 3.034482758619595e-06 0
1633 6.530612244894621e-06 3.24137931034355e-06 0
1634 6.530612244895004e-06 3.448275862067605e-06 0
1635 6.530612244895388e-06 3.65517241379168e-06 0
1636 6.530612244895771e-06 3.862068965515718e-06 0
1637 6.530612244896155e-06 4.068965517239758e-06 0
1638 6.530612244896537e-06 4.275862068963815e-06 0
1639 6.530612244896921e-06 4.482758620687864e-06 0
1640 6.530612244897304e-06 4.689655172411833e-06 0
1641 6.530612244897687e-06 4.896551724135858e-06 0
1642 6.530612244898069e-06 5.103448275859966e-06 0
1643 6.530612244898453e-06 5.310344827584465e-06 0
1644 6.530612244898836e-06 5.517241379308882e-06 0
1645 6.53061224489922e-06 5.724137931033318e-06 0
1646 6.530612244899601e-06 5.931034482757275e-06 0
1647 6.530612244899986e-06 6.137931034481251e-06 0
1648 6.53061224490037e-06 6.344827586205358e-06 0
1649 6.530612244900752e-06 6.551724137929542e-06 0
1650 6.530612244901135e-06 6.758620689653633e-06 0
1651 6.530612244901519e-06 6.965517241377901e-06 0
1652 6.530612244901903e-06 7.172413793102217e-06 0
1653 6.530612244902285e-06 7.379310344826642e-06 0
1654 6.530612244902667e-06 7.586206896551173e-06 0
1655 6.530612244903052e-06 7.793103448275563e-06 0
1656 6.530612244903436e-06 8.000000000000001e-06 0
1657 6.530612244903847e-06 8.22222222222202e-06 0
1658 6.530612244904259e-06 8.444444444444552e-06 0
1659 6.530612244904671e-06 8.666666666666117e-06 0
1660 6.530612244905082e-06 8.888888888887985e-06 0
1661 6.530612244905494e-06 9.1111111111108e-06 0
1662 6.530612244905906e-06 9.333333333333007e-06 0
1663 6.530612244906317e-06 9.555555555554638e-06 0
1664 6.530612244906728e-06 9.777777777777575e-06 0
1665 6.734693877542601e-06 2.222222222221357e-07 0
1666 6.734693877542984e-06 4.444444444441559e-07 0
1667 6.734693877543362e-06 6.666666666661469e-07 0
1668 6.734693877543746e-06 8.888888888880934e-07 0
1669 6.734693877544125e-06 1.111111111110172e-06 0
1670 6.734693877544506e-06 1.333333333332585e-06 0
1671 6.734693877544886e-06 1.555555555555018e-06 0
1672 6.734693877545267e-06 1.777777777777508e-06 0
1673 6.734693877545647e-06 2e-06 0
1674 6.734693877546002e-06 2.206896551724117e-06 0
1675 6.734693877546355e-06 2.413793103448074e-06 0
1676 6.73469387754671e-06 2.62068965517206e-06 0
1677 6.734693877547066e-06 2.827586206895808e-06 0
1678 6.73469387754742e-06 3.034482758619476e-06 0
1679 6.734693877547774e-06 3.241379310343404e-06 0
1680 6.734693877548127e-06 3.448275862067428e-06 0
1681 6.734693877548484e-06 3.655172413791477e-06 0
1682 6.734693877548838e-06 3.862068965515485e-06 0
1683 6.734693877549191e-06 4.068965517239509e-06 0
1684 6.734693877549546e-06 4.275862068963547e-06 0
1685 6.7346938775499e-06 4.482758620687581e-06 0
1686 6.734693877550254e-06 4.689655172411535e-06 0
1687 6.734693877550608e-06 4.896551724135543e-06 0
1688 6.734693877550963e-06 5.103448275859645e-06 0
1689 6.734693877551317e-06 5.31034482758416e-06 0
1690 6.734693877551672e-06 5.517241379308592e-06 0
1691 6.734693877552026e-06 5.724137931033048e-06 0
1692 6.734693877552382e-06 5.931034482757018e-06 0
1693 6.734693877552735e-06 6.137931034481004e-06 0
1694 6.734693877553089e-06 6.344827586205143e-06 0
1695 6.734693877553443e-06 6.551724137929362e-06 0
1696 6.734693877553798e-06 6.75862068965349e-06 0
1697 6.734693877554152e-06 6.965517241377786e-06 0
1698 6.734693877554507e-06 7.172413793102126e-06 0
1699 6.734693877554861e-06 7.379310344826565e-06 0
1700 6.734693877555215e-06 7.586206896551115e-06 0
1701 6.73469387755557e-06 7.793103448275516e-06 0
1702 6.734693877555923e-06 8.000000000000001e-06 0
1703 6.734693877556306e-06 8.222222222221993e-06 0
1704 6.734693877556685e-06 8.444444444444498e-06 0
1705 6.734693877557066e-06 8.666666666666063e-06 0
1706 6.734693877557447e-06 8.888888888887906e-06 0
1707 6.734693877557827e-06 9.111111111110719e-06 0
1708 6.734693877558208e-06 9.333333333332946e-06 0
1709 6.734693877558589e-06 9.555555555554584e-06 0
1710 6.734693877558969e-06 9.77777777777755e-06 0
1711 6.938775510195928e-06 2.222222222221159e-07 0
1712 6.938775510196293e-06 4.444444444441102e-07 0
1713 6.938775510196661e-06 6.666666666660722e-07 0
1714 6.938775510197026e-06 8.888888888879956e-07 0
1715 6.938775510197388e-06 1.111111111110079e-06 0
1716 6.938775510197756e-06 1.333333333332512e-06 0
1717 6.93877551019812e-06 1.555555555554975e-06 0
1718 6.938775510198485e-06 1.777777777777489e-06 0
1719 6.938775510198851e-06 2e-06 0
1720 6.938775510199192e-06 2.206896551724091e-06 0
1721 6.938775510199531e-06 2.413793103448019e-06 0
1722 6.938775510199871e-06 2.620689655171988e-06 0
1723 6.93877551020021e-06 2.827586206895714e-06 0
1724 6.93877551020055e-06 3.034482758619358e-06 0
1725 6.938775510200891e-06 3.241379310343257e-06 0
1726 6.938775510201231e-06 3.448275862067251e-06 0
1727 6.938775510201568e-06 3.655172413791275e-06 0
1728 6.93877551020191e-06 3.862068965515252e-06 0
1729 6.938775510202249e-06 4.06896551723926e-06 0
1730 6.93877551020259e-06 4.27586206896328e-06 0
1731 6.93877551020293e-06 4.482758620687295e-06 0
1732 6.938775510203269e-06 4.689655172411236e-06 0
1733 6.93877551020361e-06 4.896551724135229e-06 0
1734 6.93877551020395e-06 5.103448275859323e-06 0
1735 6.938775510204289e-06 5.310344827583855e-06 0
1736 6.938775510204628e-06 5.517241379308299e-06 0
1737 6.93877551020497e-06 5.724137931032778e-06 0
1738 6.93877551020531e-06 5.931034482756761e-06 0
1739 6.938775510205648e-06 6.13793103448076e-06 0
1740 6.938775510205991e-06 6.344827586204928e-06 0
1741 6.938775510206329e-06 6.551724137929184e-06 0
1742 6.938775510206671e-06 6.758620689653349e-06 0
1743 6.93877551020701e-06 6.96551724137767e-06 0
1744 6.938775510207348e-06 7.172413793102038e-06 0
1745 6.93877551020769e-06 7.379310344826492e-06 0
1746 6.938775510208028e-06 7.586206896551058e-06 0
1747 6.938775510208368e-06 7.793103448275468e-06 0
1748 6.938775510208707e-06 8.000000000000001e-06 0
1749 6.938775510209074e-06 8.222222222221966e-06 0
1750 6.938775510209439e-06 8.444444444444444e-06 0
1751 6.938775510209805e-06 8.666666666666e-06 0
1752 6.93877551021017e-06 8.888888888887828e-06 0
1753 6.938775510210534e-06 9.111111111110638e-06 0
1754 6.938775510210899e-06 9.333333333332885e-06 0
1755 6.938775510211266e-06 9.55555555555453e-06 0
1756 6.938775510211628e-06 9.777777777777523e-06 0
1757 7.142857142849511e-06 2.22222222222096e-07 0
1758 7.142857142849857e-06 4.444444444440644e-07 0
1759 7.1428571428502e-06 6.666666666659974e-07 0
1760 7.142857142850545e-06 8.888888888878973e-07 0
1761 7.142857142850891e-06 1.111111111109986e-06 0
1762 7.142857142851234e-06 1.333333333332437e-06 0
1763 7.142857142851579e-06 1.555555555554933e-06 0
1764 7.142857142851924e-06 1.777777777777471e-06 0
1765 7.142857142852269e-06 2e-06 0
1766 7.142857142852589e-06 2.206896551724066e-06 0
1767 7.142857142852908e-06 2.413793103447963e-06 0
1768 7.142857142853228e-06 2.620689655171915e-06 0
1769 7.14285714285355e-06 2.82758620689562e-06 0
1770 7.142857142853871e-06 3.03448275861924e-06 0
1771 7.142857142854192e-06 3.24137931034311e-06 0
1772 7.142857142854512e-06 3.448275862067074e-06 0
1773 7.142857142854834e-06 3.655172413791072e-06 0
1774 7.142857142855152e-06 3.86206896551502e-06 0
1775 7.142857142855474e-06 4.068965517239009e-06 0
1776 7.142857142855793e-06 4.275862068963011e-06 0
1777 7.142857142856114e-06 4.48275862068701e-06 0
1778 7.142857142856437e-06 4.68965517241094e-06 0
1779 7.142857142856758e-06 4.896551724134916e-06 0
1780 7.142857142857078e-06 5.103448275859001e-06 0
1781 7.142857142857399e-06 5.310344827583547e-06 0
1782 7.14285714285772e-06 5.517241379308009e-06 0
1783 7.142857142858039e-06 5.724137931032509e-06 0
1784 7.142857142858361e-06 5.931034482756503e-06 0
1785 7.142857142858681e-06 6.137931034480512e-06 0
1786 7.142857142859001e-06 6.344827586204715e-06 0
1787 7.142857142859323e-06 6.551724137929005e-06 0
1788 7.142857142859643e-06 6.758620689653207e-06 0
1789 7.142857142859965e-06 6.965517241377554e-06 0
1790 7.142857142860285e-06 7.172413793101948e-06 0
1791 7.142857142860605e-06 7.379310344826417e-06 0
1792 7.142857142860926e-06 7.586206896550998e-06 0
1793 7.142857142861247e-06 7.793103448275424e-06 0
1794 7.142857142861568e-06 8e-06 0
1795 7.142857142861912e-06 8.222222222221939e-06 0
1796 7.142857142862258e-06 8.44444444444439e-06 0
1797 7.142857142862601e-06 8.666666666665943e-06 0
1798 7.142857142862945e-06 8.888888888887746e-06 0
1799 7.142857142863291e-06 9.111111111110557e-06 0
1800 7.142857142863635e-06 9.333333333332831e-06 0
1801 7.142857142863978e-06 9.555555555554476e-06 0
1802 7.142857142864325e-06 9.777777777777496e-06 0
1803 7.346938775503069e-06 2.22222222222076e-07 0
1804 7.346938775503383e-06 4.444444444440186e-07 0
1805 7.3469387755037e-06 6.666666666659228e-07 0
1806 7.346938775504017e-06 8.88888888887799e-07 0
1807 7.346938775504332e-06 1.111111111109893e-06 0
1808 7.346938775504646e-06 1.333333333332364e-06 0
1809 7.346938775504964e-06 1.555555555554891e-06 0
1810 7.346938775505281e-06 1.777777777777452e-06 0
1811 7.346938775505597e-06 2e-06 0
1812 7.346938775505891e-06 2.206896551724041e-06 0
1813 7.346938775506184e-06 2.413793103447907e-06 0
1814 7.346938775506478e-06 2.620689655171843e-06 0
1815 7.346938775506774e-06 2.827586206895526e-06 0
1816 7.346938775507066e-06 3.034482758619122e-06 0
1817 7.346938775507361e-06 3.241379310342963e-06 0
1818 7.346938775507654e-06 3.448275862066897e-06 0
1819 7.346938775507948e-06 3.655172413790871e-06 0
1820 7.346938775508242e-06 3.862068965514787e-06 0
1821 7.346938775508536e-06 4.06896551723876e-06 0
1822 7.34693877550883e-06 4.275862068962744e-06 0
1823 7.346938775509124e-06 4.482758620686723e-06 0
1824 7.346938775509422e-06 4.68965517241064e-06 0
1825 7.346938775509715e-06 4.896551724134601e-06 0
1826 7.346938775510008e-06 5.103448275858679e-06 0
1827 7.346938775510301e-06 5.310344827583242e-06 0
1828 7.346938775510595e-06 5.517241379307717e-06 0
1829 7.346938775510893e-06 5.724137931032239e-06 0
1830 7.346938775511184e-06 5.931034482756245e-06 0
1831 7.34693877551148e-06 6.137931034480269e-06 0
1832 7.346938775511774e-06 6.344827586204502e-06 0
1833 7.346938775512068e-06 6.551724137928827e-06 0
1834 7.346938775512362e-06 6.758620689653064e-06 0
1835 7.346938775512654e-06 6.965517241377439e-06 0
1836 7.346938775512951e-06 7.172413793101859e-06 0
1837 7.346938775513244e-06 7.37931034482634e-06 0
1838 7.346938775513539e-06 7.586206896550939e-06 0
1839 7.346938775513834e-06 7.79310344827538e-06 0
1840 7.346938775514126e-06 8.000000000000001e-06 0
1841 7.346938775514445e-06 8.222222222221912e-06 0
1842 7.346938775514759e-06 8.444444444444336e-06 0
1843 7.346938775515076e-06 8.666666666665887e-06 0
1844 7.346938775515391e-06 8.888888888887665e-06 0
1845 7.346938775515708e-06 9.111111111110475e-06 0
1846 7.346938775516023e-06 9.33333333333277e-06 0
1847 7.346938775516341e-06 9.555555555554421e-06 0
1848 7.346938775516656e-06 9.777777777777469e-06 0
1849 7.551020408156705e-06 2.222222222220561e-07 0
1850 7.55102040815699e-06 4.444444444439729e-07 0
1851 7.551020408157278e-06 6.666666666658483e-07 0
1852 7.551020408157563e-06 8.888888888877011e-07 0
1853 7.551020408157848e-06 1.1111111111098e-06 0
1854 7.551020408158135e-06 1.333333333332289e-06 0
1855 7.551020408158421e-06 1.555555555554849e-06 0
1856 7.551020408158707e-06 1.777777777777434e-06 0
1857 7.551020408158994e-06 2e-06 0
1858 7.551020408159259e-06 2.206896551724017e-06 0
1859 7.551020408159527e-06 2.413793103447851e-06 0
1860 7.551020408159792e-06 2.62068965517177e-06 0
1861 7.551020408160057e-06 2.827586206895433e-06 0
1862 7.551020408160324e-06 3.034482758619003e-06 0
1863 7.55102040816059e-06 3.241379310342816e-06 0
1864 7.551020408160858e-06 3.448275862066721e-06 0
1865 7.551020408161123e-06 3.655172413790668e-06 0
1866 7.551020408161389e-06 3.862068965514555e-06 0
1867 7.551020408161657e-06 4.06896551723851e-06 0
1868 7.551020408161924e-06 4.275862068962475e-06 0
1869 7.551020408162188e-06 4.482758620686439e-06 0
1870 7.551020408162454e-06 4.689655172410342e-06 0
1871 7.551020408162721e-06 4.896551724134286e-06 0
1872 7.551020408162987e-06 5.103448275858357e-06 0
1873 7.551020408163253e-06 5.310344827582937e-06 0
1874 7.55102040816352e-06 5.517241379307425e-06 0
1875 7.551020408163788e-06 5.724137931031968e-06 0
1876 7.551020408164051e-06 5.931034482755988e-06 0
1877 7.55102040816432e-06 6.137931034480022e-06 0
1878 7.551020408164583e-06 6.344827586204287e-06 0
1879 7.551020408164852e-06 6.551724137928647e-06 0
1880 7.551020408165119e-06 6.758620689652921e-06 0
1881 7.551020408165383e-06 6.965517241377322e-06 0
1882 7.551020408165651e-06 7.17241379310177e-06 0
1883 7.551020408165917e-06 7.379310344826265e-06 0
1884 7.551020408166183e-06 7.586206896550881e-06 0
1885 7.551020408166447e-06 7.793103448275333e-06 0
1886 7.551020408166714e-06 8e-06 0
1887 7.551020408167002e-06 8.222222222221885e-06 0
1888 7.551020408167288e-06 8.444444444444285e-06 0
1889 7.551020408167572e-06 8.666666666665824e-06 0
1890 7.551020408167858e-06 8.888888888887584e-06 0
1891 7.551020408168145e-06 9.111111111110394e-06 0
1892 7.551020408168431e-06 9.333333333332709e-06 0
1893 7.551020408168718e-06 9.555555555554367e-06 0
1894 7.551020408169004e-06 9.777777777777442e-06 0
1895 7.755102040810554e-06 2.222222222220363e-07 0
1896 7.755102040810808e-06 4.444444444439271e-07 0
1897 7.755102040811062e-06 6.666666666657737e-07 0
1898 7.755102040811313e-06 8.888888888876029e-07 0
1899 7.755102040811571e-06 1.111111111109707e-06 0
1900 7.755102040811825e-06 1.333333333332215e-06 0
1901 7.755102040812075e-06 1.555555555554806e-06 0
1902 7.755102040812329e-06 1.777777777777415e-06 0
1903 7.755102040812584e-06 2e-06 0
1904 7.755102040812821e-06 2.206896551723992e-06 0
1905 7.755102040813058e-06 2.413793103447796e-06 0
1906 7.755102040813292e-06 2.620689655171697e-06 0
1907 7.755102040813529e-06 2.82758620689534e-06 0
1908 7.755102040813766e-06 3.034482758618885e-06 0
1909 7.755102040814003e-06 3.241379310342669e-06 0
1910 7.75510204081424e-06 3.448275862066542e-06 0
1911 7.755102040814474e-06 3.655172413790464e-06 0
1912 7.755102040814711e-06 3.862068965514323e-06 0
1913 7.755102040814948e-06 4.068965517238261e-06 0
1914 7.755102040815182e-06 4.275862068962207e-06 0
1915 7.755102040815423e-06 4.482758620686154e-06 0
1916 7.755102040815657e-06 4.689655172410044e-06 0
1917 7.755102040815894e-06 4.896551724133971e-06 0
1918 7.755102040816131e-06 5.103448275858035e-06 0
1919 7.755102040816368e-06 5.310344827582632e-06 0
1920 7.755102040816602e-06 5.517241379307134e-06 0
1921 7.755102040816839e-06 5.724137931031698e-06 0
1922 7.755102040817073e-06 5.93103448275573e-06 0
1923 7.75510204081731e-06 6.137931034479778e-06 0
1924 7.755102040817547e-06 6.344827586204075e-06 0
1925 7.755102040817784e-06 6.551724137928469e-06 0
1926 7.755102040818022e-06 6.758620689652777e-06 0
1927 7.755102040818259e-06 6.965517241377205e-06 0
1928 7.755102040818494e-06 7.17241379310168e-06 0
1929 7.75510204081873e-06 7.379310344826189e-06 0
1930 7.755102040818968e-06 7.586206896550824e-06 0
1931 7.755102040819201e-06 7.793103448275285e-06 0
1932 7.755102040819439e-06 8.000000000000001e-06 0
1933 7.755102040819692e-06 8.222222222221858e-06 0
1934 7.755102040819946e-06 8.444444444444227e-06 0
1935 7.755102040820202e-06 8.666666666665768e-06 0
1936 7.755102040820456e-06 8.888888888887503e-06 0
1937 7.755102040820705e-06 9.111111111110313e-06 0
1938 7.755102040820964e-06 9.333333333332655e-06 0
1939 7.755102040821213e-06 9.555555555554313e-06 0
1940 7.755102040821471e-06 9.777777777777413e-06 0
1941 7.959183673464175e-06 2.222222222220164e-07 0
1942 7.959183673464394e-06 4.444444444438813e-07 0
1943 7.959183673464617e-06 6.66666666665699e-07 0
1944 7.959183673464838e-06 8.888888888875046e-07 0
1945 7.959183673465061e-06 1.111111111109614e-06 0
1946 7.959183673465281e-06 1.333333333332142e-06 0
1947 7.959183673465502e-06 1.555555555554764e-06 0
1948 7.959183673465725e-06 1.777777777777397e-06 0
1949 7.959183673465944e-06 2e-06 0
1950 7.959183673466154e-06 2.206896551723966e-06 0
1951 7.959183673466359e-06 2.413793103447741e-06 0
1952 7.959183673466566e-06 2.620689655171624e-06 0
1953 7.959183673466771e-06 2.827586206895247e-06 0
1954 7.959183673466979e-06 3.034482758618768e-06 0
1955 7.959183673467186e-06 3.241379310342522e-06 0
1956 7.959183673467392e-06 3.448275862066366e-06 0
1957 7.959183673467599e-06 3.655172413790263e-06 0
1958 7.959183673467806e-06 3.86206896551409e-06 0
1959 7.959183673468009e-06 4.06896551723801e-06 0
1960 7.959183673468219e-06 4.275862068961939e-06 0
1961 7.959183673468424e-06 4.482758620685868e-06 0
1962 7.959183673468629e-06 4.689655172409746e-06 0
1963 7.959183673468836e-06 4.896551724133659e-06 0
1964 7.959183673469046e-06 5.103448275857713e-06 0
1965 7.959183673469249e-06 5.310344827582327e-06 0
1966 7.959183673469456e-06 5.517241379306842e-06 0
1967 7.959183673469662e-06 5.724137931031429e-06 0
1968 7.959183673469869e-06 5.931034482755473e-06 0
1969 7.959183673470076e-06 6.137931034479529e-06 0
1970 7.959183673470282e-06 6.344827586203861e-06 0
1971 7.959183673470489e-06 6.55172413792829e-06 0
1972 7.959183673470696e-06 6.758620689652636e-06 0
1973 7.959183673470902e-06 6.96551724137709e-06 0
1974 7.959183673471109e-06 7.172413793101591e-06 0
1975 7.959183673471316e-06 7.379310344826112e-06 0
1976 7.959183673471522e-06 7.586206896550766e-06 0
1977 7.959183673471729e-06 7.793103448275245e-06 0
1978 7.959183673471936e-06 8e-06 0
1979 7.959183673472154e-06 8.222222222221829e-06 0
1980 7.95918367347238e-06 8.444444444444176e-06 0
1981 7.959183673472603e-06 8.666666666665709e-06 0
1982 7.959183673472823e-06 8.888888888887421e-06 0
1983 7.959183673473044e-06 9.111111111110231e-06 0
1984 7.959183673473267e-06 9.333333333332594e-06 0
1985 7.959183673473488e-06 9.555555555554259e-06 0
1986 7.959183673473708e-06 9.777777777777387e-06 0
1987 8.163265306117068e-06 2.222222222219966e-07 0
1988 8.16326530611727e-06 4.444444444438355e-07 0
1989 8.16326530611748e-06 6.666666666656242e-07 0
1990 8.163265306117683e-06 8.888888888874067e-07 0
1991 8.16326530611789e-06 1.111111111109521e-06 0
1992 8.163265306118098e-06 1.333333333332068e-06 0
1993 8.163265306118305e-06 1.555555555554722e-06 0
1994 8.163265306118508e-06 1.777777777777378e-06 0
1995 8.163265306118715e-06 2e-06 0
1996 8.163265306118906e-06 2.206896551723941e-06 0
1997 8.163265306119099e-06 2.413793103447685e-06 0
1998 8.163265306119291e-06 2.620689655171553e-06 0
1999 8.163265306119482e-06 2.827586206895154e-06 0
2000 8.163265306119675e-06 3.034482758618649e-06 0
2001 8.16326530611987e-06 3.241379310342375e-06 0
2002 8.163265306120058e-06 3.448275862066188e-06 0
2003 8.163265306120253e-06 3.655172413790059e-06 0
2004 8.163265306120446e-06 3.862068965513857e-06 0
2005 8.163265306120636e-06 4.068965517237761e-06 0
2006 8.163265306120829e-06 4.275862068961672e-06 0
2007 8.16326530612102e-06 4.482758620685582e-06 0
2008 8.163265306121212e-06 4.689655172409448e-06 0
2009 8.163265306121405e-06 4.896551724133344e-06 0
2010 8.163265306121596e-06 5.103448275857391e-06 0
2011 8.163265306121788e-06 5.310344827582022e-06 0
2012 8.163265306121981e-06 5.517241379306548e-06 0
2013 8.163265306122174e-06 5.724137931031159e-06 0
2014 8.163265306122362e-06 5.931034482755215e-06 0
2015 8.16326530612256e-06 6.137931034479285e-06 0
2016 8.16326530612275e-06 6.344827586203648e-06 0
2017 8.163265306122943e-06 6.551724137928112e-06 0
2018 8.163265306123136e-06 6.758620689652493e-06 0
2019 8.163265306123324e-06 6.965517241376974e-06 0
2020 8.163265306123514e-06 7.172413793101501e-06 0
2021 8.163265306123709e-06 7.379310344826038e-06 0
2022 8.1632653061239e-06 7.586206896550709e-06 0
2023 8.163265306124095e-06 7.793103448275199e-06 0
2024 8.163265306124286e-06 8.000000000000001e-06 0
2025 8.16326530612449e-06 8.222222222221803e-06 0
2026 8.163265306124698e-06 8.444444444444122e-06 0
2027 8.163265306124903e-06 8.666666666665648e-06 0
2028 8.163265306125111e-06 8.88888888888734e-06 0
2029 8.163265306125316e-06 9.11111111111015e-06 0
2030 8.163265306125523e-06 9.333333333332536e-06 0
2031 8.16326530612573e-06 9.555555555554205e-06 0
2032 8.163265306125933e-06 9.777777777777359e-06 0
2033 8.36734693877097e-06 2.222222222219767e-07 0
2034 8.36734693877115e-06 4.444444444437898e-07 0
2035 8.367346938771324e-06 6.666666666655498e-07 0
2036 8.367346938771499e-06 8.888888888873085e-07 0
2037 8.36734693877168e-06 1.111111111109428e-06 0
2038 8.367346938771851e-06 1.333333333331993e-06 0
2039 8.367346938772033e-06 1.55555555555468e-06 0
2040 8.367346938772205e-06 1.77777777777736e-06 0
2041 8.367346938772383e-06 2e-06 0
2042 8.367346938772546e-06 2.206896551723916e-06 0
2043 8.36734693877271e-06 2.413793103447629e-06 0
2044 8.367346938772873e-06 2.62068965517148e-06 0
2045 8.367346938773039e-06 2.82758620689506e-06 0
2046 8.3673469387732e-06 3.034482758618531e-06 0
2047 8.367346938773364e-06 3.241379310342228e-06 0
2048 8.36734693877353e-06 3.448275862066012e-06 0
2049 8.367346938773694e-06 3.655172413789858e-06 0
2050 8.367346938773855e-06 3.862068965513625e-06 0
2051 8.367346938774021e-06 4.068965517237512e-06 0
2052 8.367346938774184e-06 4.275862068961405e-06 0
2053 8.367346938774348e-06 4.482758620685297e-06 0
2054 8.367346938774509e-06 4.68965517240915e-06 0
2055 8.367346938774677e-06 4.896551724133028e-06 0
2056 8.367346938774841e-06 5.103448275857069e-06 0
2057 8.367346938775004e-06 5.310344827581716e-06 0
2058 8.367346938775167e-06 5.517241379306256e-06 0
2059 8.367346938775328e-06 5.724137931030888e-06 0
2060 8.367346938775495e-06 5.93103448275496e-06 0
2061 8.367346938775661e-06 6.137931034479038e-06 0
2062 8.367346938775824e-06 6.344827586203433e-06 0
2063 8.367346938775987e-06 6.551724137927935e-06 0
2064 8.367346938776153e-06 6.758620689652351e-06 0
2065 8.367346938776315e-06 6.965517241376857e-06 0
2066 8.367346938776481e-06 7.172413793101412e-06 0
2067 8.367346938776644e-06 7.379310344825963e-06 0
2068 8.367346938776806e-06 7.586206896550649e-06 0
2069 8.367346938776967e-06 7.79310344827515e-06 0
2070 8.367346938777133e-06 8e-06 0
2071 8.367346938777311e-06 8.222222222221776e-06 0
2072 8.367346938777482e-06 8.444444444444068e-06 0
2073 8.36734693877766e-06 8.666666666665594e-06 0
2074 8.367346938777835e-06 8.888888888887259e-06 0
2075 8.367346938778011e-06 9.111111111110067e-06 0
2076 8.367346938778187e-06 9.333333333332479e-06 0
2077 8.367346938778363e-06 9.555555555554149e-06 0
2078 8.367346938778539e-06 9.777777777777333e-06 0
2079 8.571428571424883e-06 2.222222222219568e-07 0
2080 8.571428571425025e-06 4.44444444443744e-07 0
2081 8.571428571425169e-06 6.666666666654752e-07 0
2082 8.57142857142531e-06 8.888888888872104e-07 0
2083 8.571428571425459e-06 1.111111111109334e-06 0
2084 8.571428571425601e-06 1.33333333333192e-06 0
2085 8.571428571425747e-06 1.555555555554637e-06 0
2086 8.571428571425893e-06 1.777777777777341e-06 0
2087 8.571428571426033e-06 2e-06 0
2088 8.571428571426167e-06 2.206896551723892e-06 0
2089 8.571428571426303e-06 2.413793103447573e-06 0
2090 8.571428571426435e-06 2.620689655171407e-06 0
2091 8.57142857142657e-06 2.827586206894967e-06 0
2092 8.571428571426706e-06 3.034482758618413e-06 0
2093 8.571428571426836e-06 3.241379310342081e-06 0
2094 8.571428571426973e-06 3.448275862065834e-06 0
2095 8.571428571427106e-06 3.655172413789655e-06 0
2096 8.571428571427241e-06 3.862068965513392e-06 0
2097 8.571428571427377e-06 4.068965517237261e-06 0
2098 8.571428571427509e-06 4.275862068961139e-06 0
2099 8.571428571427644e-06 4.482758620685012e-06 0
2100 8.571428571427776e-06 4.689655172408851e-06 0
2101 8.571428571427912e-06 4.896551724132714e-06 0
2102 8.571428571428044e-06 5.103448275856748e-06 0
2103 8.57142857142818e-06 5.310344827581409e-06 0
2104 8.571428571428315e-06 5.517241379305966e-06 0
2105 8.571428571428451e-06 5.724137931030619e-06 0
2106 8.571428571428583e-06 5.931034482754703e-06 0
2107 8.571428571428718e-06 6.137931034478793e-06 0
2108 8.57142857142885e-06 6.344827586203222e-06 0
2109 8.571428571428986e-06 6.551724137927754e-06 0
2110 8.571428571429121e-06 6.758620689652208e-06 0
2111 8.571428571429254e-06 6.965517241376742e-06 0
2112 8.571428571429389e-06 7.172413793101323e-06 0
2113 8.571428571429521e-06 7.379310344825889e-06 0
2114 8.571428571429657e-06 7.58620689655059e-06 0
2115 8.571428571429792e-06 7.793103448275111e-06 0
2116 8.571428571429924e-06 8e-06 0
2117 8.57142857143007e-06 8.222222222221749e-06 0
2118 8.571428571430212e-06 8.444444444444014e-06 0
2119 8.571428571430358e-06 8.666666666665533e-06 0
2120 8.571428571430504e-06 8.888888888887177e-06 0
2121 8.571428571430644e-06 9.111111111109986e-06 0
2122 8.571428571430788e-06 9.333333333332418e-06 0
2123 8.571428571430934e-06 9.555555555554096e-06 0
2124 8.571428571431076e-06 9.777777777777306e-06 0
2125 8.775510204078137e-06 2.222222222219369e-07 0
2126 8.775510204078257e-06 4.444444444436983e-07 0
2127 8.775510204078377e-06 6.666666666654007e-07 0
2128 8.775510204078499e-06 8.88888888887112e-07 0
2129 8.775510204078618e-06 1.111111111109241e-06 0
2130 8.77551020407874e-06 1.333333333331845e-06 0
2131 8.775510204078858e-06 1.555555555554595e-06 0
2132 8.77551020407898e-06 1.777777777777323e-06 0
2133 8.775510204079097e-06 2e-06 0
2134 8.775510204079211e-06 2.206896551723866e-06 0
2135 8.775510204079326e-06 2.413793103447518e-06 0
2136 8.775510204079434e-06 2.620689655171334e-06 0
2137 8.775510204079549e-06 2.827586206894872e-06 0
2138 8.775510204079661e-06 3.034482758618295e-06 0
2139 8.775510204079773e-06 3.241379310341935e-06 0
2140 8.775510204079881e-06 3.448275862065657e-06 0
2141 8.775510204079997e-06 3.655172413789451e-06 0
2142 8.775510204080108e-06 3.862068965513159e-06 0
2143 8.77551020408022e-06 4.068965517237012e-06 0
2144 8.775510204080332e-06 4.27586206896087e-06 0
2145 8.775510204080444e-06 4.482758620684727e-06 0
2146 8.775510204080556e-06 4.689655172408553e-06 0
2147 8.775510204080667e-06 4.8965517241324e-06 0
2148 8.775510204080779e-06 5.103448275856426e-06 0
2149 8.775510204080894e-06 5.310344827581104e-06 0
2150 8.775510204081006e-06 5.517241379305674e-06 0
2151 8.775510204081115e-06 5.724137931030348e-06 0
2152 8.77551020408123e-06 5.931034482754444e-06 0
2153 8.775510204081338e-06 6.137931034478547e-06 0
2154 8.775510204081453e-06 6.344827586203007e-06 0
2155 8.775510204081565e-06 6.551724137927576e-06 0
2156 8.775510204081677e-06 6.758620689652065e-06 0
2157 8.775510204081789e-06 6.965517241376626e-06 0
2158 8.775510204081901e-06 7.172413793101232e-06 0
2159 8.775510204082013e-06 7.379310344825811e-06 0
2160 8.775510204082124e-06 7.586206896550532e-06 0
2161 8.775510204082236e-06 7.793103448275064e-06 0
2162 8.775510204082348e-06 8.000000000000001e-06 0
2163 8.77551020408247e-06 8.222222222221722e-06 0
2164 8.775510204082589e-06 8.444444444443959e-06 0
2165 8.77551020408271e-06 8.666666666665472e-06 0
2166 8.775510204082829e-06 8.888888888887096e-06 0
2167 8.775510204082951e-06 9.111111111109906e-06 0
2168 8.775510204083071e-06 9.333333333332359e-06 0
2169 8.775510204083192e-06 9.555555555554042e-06 0
2170 8.77551020408331e-06 9.777777777777279e-06 0
2171 8.979591836732058e-06 2.22222222221917e-07 0
2172 8.979591836732163e-06 4.444444444436526e-07 0
2173 8.979591836732263e-06 6.666666666653262e-07 0
2174 8.979591836732369e-06 8.888888888870143e-07 0
2175 8.979591836732471e-06 1.111111111109148e-06 0
2176 8.979591836732573e-06 1.333333333331771e-06 0
2177 8.979591836732678e-06 1.555555555554552e-06 0
2178 8.979591836732779e-06 1.777777777777304e-06 0
2179 8.979591836732883e-06 2e-06 0
2180 8.979591836732979e-06 2.206896551723841e-06 0
2181 8.979591836733072e-06 2.413793103447462e-06 0
2182 8.979591836733169e-06 2.620689655171262e-06 0
2183 8.979591836733265e-06 2.827586206894779e-06 0
2184 8.979591836733362e-06 3.034482758618177e-06 0
2185 8.97959183673346e-06 3.241379310341788e-06 0
2186 8.979591836733555e-06 3.448275862065481e-06 0
2187 8.979591836733653e-06 3.65517241378925e-06 0
2188 8.979591836733748e-06 3.862068965512927e-06 0
2189 8.979591836733843e-06 4.068965517236763e-06 0
2190 8.979591836733938e-06 4.275862068960601e-06 0
2191 8.979591836734036e-06 4.482758620684441e-06 0
2192 8.979591836734131e-06 4.689655172408255e-06 0
2193 8.979591836734226e-06 4.896551724132085e-06 0
2194 8.979591836734324e-06 5.103448275856105e-06 0
2195 8.979591836734419e-06 5.3103448275808e-06 0
2196 8.979591836734517e-06 5.517241379305383e-06 0
2197 8.979591836734612e-06 5.724137931030077e-06 0
2198 8.979591836734707e-06 5.93103448275419e-06 0
2199 8.979591836734802e-06 6.1379310344783e-06 0
2200 8.979591836734897e-06 6.344827586202792e-06 0
2201 8.979591836734995e-06 6.551724137927398e-06 0
2202 8.97959183673509e-06 6.758620689651922e-06 0
2203 8.979591836735188e-06 6.96551724137651e-06 0
2204 8.979591836735283e-06 7.172413793101144e-06 0
2205 8.979591836735378e-06 7.379310344825736e-06 0
2206 8.979591836735473e-06 7.586206896550475e-06 0
2207 8.979591836735571e-06 7.793103448275014e-06 0
2208 8.979591836735666e-06 8.000000000000001e-06 0
2209 8.979591836735771e-06 8.222222222221695e-06 0
2210 8.979591836735873e-06 8.444444444443905e-06 0
2211 8.979591836735974e-06 8.666666666665418e-06 0
2212 8.979591836736079e-06 8.888888888887015e-06 0
2213 8.979591836736181e-06 9.111111111109825e-06 0
2214 8.979591836736286e-06 9.333333333332303e-06 0
2215 8.979591836736388e-06 9.555555555553988e-06 0
2216 8.979591836736488e-06 9.777777777777252e-06 0
2217 9.18367346938598e-06 2.222222222218972e-07 0
2218 9.18367346938607e-06 4.444444444436069e-07 0
2219 9.183673469386156e-06 6.666666666652513e-07 0
2220 9.183673469386246e-06 8.88888888886916e-07 0
2221 9.183673469386333e-06 1.111111111109055e-06 0
2222 9.183673469386419e-06 1.333333333331697e-06 0
2223 9.183673469386511e-06 1.55555555555451e-06 0
2224 9.183673469386599e-06 1.777777777777286e-06 0
2225 9.183673469386683e-06 2e-06 0
2226 9.183673469386765e-06 2.206896551723815e-06 0
2227 9.183673469386846e-06 2.413793103447407e-06 0
2228 9.183673469386927e-06 2.620689655171189e-06 0
2229 9.183673469387009e-06 2.827586206894687e-06 0
2230 9.183673469387093e-06 3.034482758618058e-06 0
2231 9.183673469387171e-06 3.241379310341641e-06 0
2232 9.183673469387256e-06 3.448275862065302e-06 0
2233 9.183673469387337e-06 3.655172413789046e-06 0
2234 9.183673469387419e-06 3.862068965512694e-06 0
2235 9.1836734693875e-06 4.068965517236512e-06 0
2236 9.183673469387581e-06 4.275862068960333e-06 0
2237 9.183673469387662e-06 4.482758620684155e-06 0
2238 9.183673469387744e-06 4.689655172407957e-06 0
2239 9.183673469387825e-06 4.896551724131772e-06 0
2240 9.183673469387906e-06 5.103448275855783e-06 0
2241 9.183673469387988e-06 5.310344827580495e-06 0
2242 9.183673469388072e-06 5.517241379305092e-06 0
2243 9.183673469388154e-06 5.724137931029808e-06 0
2244 9.183673469388232e-06 5.931034482753931e-06 0
2245 9.183673469388316e-06 6.137931034478056e-06 0
2246 9.183673469388398e-06 6.344827586202579e-06 0
2247 9.183673469388479e-06 6.551724137927217e-06 0
2248 9.18367346938856e-06 6.75862068965178e-06 0
2249 9.183673469388642e-06 6.965517241376395e-06 0
2250 9.183673469388723e-06 7.172413793101053e-06 0
2251 9.183673469388804e-06 7.379310344825661e-06 0
2252 9.183673469388886e-06 7.586206896550417e-06 0
2253 9.183673469388967e-06 7.79310344827497e-06 0
2254 9.183673469389052e-06 8.000000000000001e-06 0
2255 9.183673469389136e-06 8.222222222221668e-06 0
2256 9.183673469389224e-06 8.444444444443854e-06 0
2257 9.183673469389312e-06 8.666666666665357e-06 0
2258 9.183673469389401e-06 8.888888888886933e-06 0
2259 9.183673469389485e-06 9.111111111109743e-06 0
2260 9.183673469389573e-06 9.333333333332242e-06 0
2261 9.183673469389661e-06 9.555555555553934e-06 0
2262 9.183673469389748e-06 9.777777777777223e-06 0
2263 9.387755102038859e-06 2.222222222218773e-07 0
2264 9.387755102038937e-06 4.444444444435611e-07 0
2265 9.387755102039007e-06 6.666666666651767e-07 0
2266 9.387755102039076e-06 8.888888888868178e-07 0
2267 9.387755102039149e-06 1.111111111108962e-06 0
2268 9.387755102039222e-06 1.333333333331623e-06 0
2269 9.387755102039295e-06 1.555555555554468e-06 0
2270 9.387755102039369e-06 1.777777777777268e-06 0
2271 9.387755102039442e-06 2e-06 0
2272 9.38775510203951e-06 2.206896551723791e-06 0
2273 9.387755102039578e-06 2.413793103447351e-06 0
2274 9.387755102039642e-06 2.620689655171116e-06 0
2275 9.387755102039713e-06 2.827586206894593e-06 0
2276 9.387755102039778e-06 3.03448275861794e-06 0
2277 9.387755102039842e-06 3.241379310341494e-06 0
2278 9.387755102039913e-06 3.448275862065126e-06 0
2279 9.387755102039981e-06 3.655172413788844e-06 0
2280 9.387755102040049e-06 3.862068965512462e-06 0
2281 9.387755102040116e-06 4.068965517236263e-06 0
2282 9.387755102040181e-06 4.275862068960065e-06 0
2283 9.387755102040249e-06 4.48275862068387e-06 0
2284 9.387755102040316e-06 4.689655172407659e-06 0
2285 9.387755102040384e-06 4.896551724131457e-06 0
2286 9.387755102040452e-06 5.10344827585546e-06 0
2287 9.38775510204052e-06 5.310344827580189e-06 0
2288 9.387755102040587e-06 5.517241379304799e-06 0
2289 9.387755102040655e-06 5.724137931029537e-06 0
2290 9.387755102040723e-06 5.931034482753674e-06 0
2291 9.387755102040791e-06 6.137931034477809e-06 0
2292 9.387755102040858e-06 6.344827586202365e-06 0
2293 9.387755102040926e-06 6.55172413792704e-06 0
2294 9.387755102040991e-06 6.758620689651638e-06 0
2295 9.387755102041058e-06 6.965517241376278e-06 0
2296 9.387755102041126e-06 7.172413793100965e-06 0
2297 9.387755102041194e-06 7.379310344825585e-06 0
2298 9.387755102041262e-06 7.586206896550358e-06 0
2299 9.387755102041326e-06 7.793103448274926e-06 0
2300 9.387755102041394e-06 8e-06 0
2301 9.387755102041468e-06 8.222222222221641e-06 0
2302 9.387755102041543e-06 8.4444444444438e-06 0
2303 9.387755102041612e-06 8.666666666665301e-06 0
2304 9.387755102041685e-06 8.888888888886852e-06 0
2305 9.38775510204176e-06 9.111111111109662e-06 0
2306 9.387755102041833e-06 9.333333333332189e-06 0
2307 9.387755102041902e-06 9.555555555553879e-06 0
2308 9.387755102041977e-06 9.777777777777198e-06 0
2309 9.591836734692498e-06 2.222222222218574e-07 0
2310 9.591836734692548e-06 4.444444444435152e-07 0
2311 9.591836734692591e-06 6.66666666665102e-07 0
2312 9.591836734692635e-06 8.888888888867194e-07 0
2313 9.591836734692681e-06 1.111111111108869e-06 0
2314 9.591836734692731e-06 1.333333333331549e-06 0
2315 9.591836734692772e-06 1.555555555554426e-06 0
2316 9.591836734692818e-06 1.777777777777249e-06 0
2317 9.591836734692865e-06 2e-06 0
2318 9.591836734692904e-06 2.206896551723766e-06 0
2319 9.591836734692948e-06 2.413793103447295e-06 0
2320 9.591836734692994e-06 2.620689655171043e-06 0
2321 9.591836734693035e-06 2.827586206894499e-06 0
2322 9.591836734693075e-06 3.034482758617822e-06 0
2323 9.591836734693123e-06 3.241379310341347e-06 0
2324 9.591836734693163e-06 3.448275862064948e-06 0
2325 9.591836734693204e-06 3.655172413788641e-06 0
2326 9.591836734693248e-06 3.862068965512229e-06 0
2327 9.591836734693292e-06 4.068965517236014e-06 0
2328 9.591836734693333e-06 4.275862068959799e-06 0
2329 9.591836734693377e-06 4.482758620683585e-06 0
2330 9.591836734693419e-06 4.689655172407362e-06 0
2331 9.591836734693461e-06 4.896551724131142e-06 0
2332 9.591836734693502e-06 5.103448275855141e-06 0
2333 9.59183673469355e-06 5.310344827579883e-06 0
2334 9.59183673469359e-06 5.517241379304508e-06 0
2335 9.591836734693631e-06 5.724137931029269e-06 0
2336 9.591836734693675e-06 5.931034482753416e-06 0
2337 9.591836734693719e-06 6.137931034477565e-06 0
2338 9.59183673469376e-06 6.344827586202152e-06 0
2339 9.5918367346938e-06 6.55172413792686e-06 0
2340 9.591836734693844e-06 6.758620689651495e-06 0
2341 9.591836734693888e-06 6.965517241376163e-06 0
2342 9.591836734693929e-06 7.172413793100876e-06 0
2343 9.591836734693973e-06 7.379310344825509e-06 0
2344 9.591836734694017e-06 7.5862068965503e-06 0
2345 9.591836734694058e-06 7.793103448274879e-06 0
2346 9.591836734694102e-06 8e-06 0
2347 9.591836734694146e-06 8.222222222221614e-06 0
2348 9.591836734694193e-06 8.444444444443746e-06 0
2349 9.591836734694241e-06 8.666666666665241e-06 0
2350 9.591836734694285e-06 8.888888888886769e-06 0
2351 9.591836734694329e-06 9.111111111109581e-06 0
2352 9.591836734694378e-06 9.333333333332128e-06 0
2353 9.591836734694424e-06 9.555555555553825e-06 0
2354 9.591836734694469e-06 9.77777777777717e-06 0
2355 9.795918367346424e-06 2.222222222218376e-07 0
2356 9.795918367346451e-06 4.444444444434697e-07 0
2357 9.795918367346485e-06 6.666666666650275e-07 0
2358 9.795918367346515e-06 8.888888888866217e-07 0
2359 9.795918367346547e-06 1.111111111108775e-06 0
2360 9.795918367346576e-06 1.333333333331476e-06 0
2361 9.79591836734661e-06 1.555555555554383e-06 0
2362 9.795918367346644e-06 1.777777777777231e-06 0
2363 9.795918367346671e-06 2.000000000000001e-06 0
2364 9.795918367346698e-06 2.206896551723741e-06 0
2365 9.795918367346729e-06 2.413793103447239e-06 0
2366 9.795918367346759e-06 2.620689655170971e-06 0
2367 9.795918367346786e-06 2.827586206894406e-06 0
2368 9.795918367346817e-06 3.034482758617704e-06 0
2369 9.795918367346844e-06 3.2413793103412e-06 0
2370 9.795918367346871e-06 3.448275862064772e-06 0
2371 9.795918367346901e-06 3.655172413788438e-06 0
2372 9.795918367346932e-06 3.862068965511998e-06 0
2373 9.795918367346962e-06 4.068965517235764e-06 0
2374 9.795918367346989e-06 4.275862068959531e-06 0
2375 9.795918367347018e-06 4.482758620683297e-06 0
2376 9.795918367347047e-06 4.689655172407062e-06 0
2377 9.795918367347078e-06 4.896551724130829e-06 0
2378 9.795918367347105e-06 5.103448275854816e-06 0
2379 9.795918367347135e-06 5.310344827579578e-06 0
2380 9.795918367347166e-06 5.517241379304217e-06 0
2381 9.795918367347193e-06 5.724137931029e-06 0
2382 9.79591836734722e-06 5.931034482753159e-06 0
2383 9.79591836734725e-06 6.137931034477319e-06 0
2384 9.795918367347281e-06 6.344827586201938e-06 0
2385 9.795918367347308e-06 6.551724137926681e-06 0
2386 9.795918367347335e-06 6.758620689651353e-06 0
2387 9.795918367347366e-06 6.965517241376046e-06 0
2388 9.795918367347396e-06 7.172413793100786e-06 0
2389 9.795918367347423e-06 7.379310344825435e-06 0
2390 9.795918367347454e-06 7.586206896550241e-06 0
2391 9.795918367347484e-06 7.793103448274835e-06 0
2392 9.795918367347511e-06 8.000000000000001e-06 0
2393 9.795918367347542e-06 8.222222222221587e-06 0
2394 9.795918367347572e-06 8.444444444443692e-06 0
2395 9.795918367347606e-06 8.66666666666518e-06 0
2396 9.795918367347637e-06 8.888888888886688e-06 0
2397 9.795918367347667e-06 9.111111111109499e-06 0
2398 9.795918367347698e-06 9.333333333332069e-06 0
2399 9.795918367347728e-06 9.555555555553771e-06 0
2400 9.79591836734776e-06 9.777777777777142e-06 0
$EndNodes
$Elements
4624
1 1 2 8 2 2 57
2 1 2 8 2 57 58
3 1 2 8 2 58 59
4 1 2 8 2 59 60
5 1 2 8 2 60 61
6 1 2 8 2 61 62
7 1 2 8 2 62 63
8 1 2 8 2 63 64
9 1 2 8 2 64 3
10 1 2 7 6 5 149
11 1 2 7 6 149 150
12 1 2 7 6 150 151
13 1 2 7 6 151 152
14 1 2 7 6 152 153
15 1 2 7 6 153 154
16 1 2 7 6 154 155
17 1 2 7 6 155 156
18 1 2 7 6 156 6
19 2 2 1 1 1 9 192
20 2 2 1 1 192 9 193
21 2 2 1 1 192 193 191
22 2 2 1 1 191 193 194
23 2 2 1 1 191 194 190
24 2 2 1 1 190 194 195
25 2 2 1 1 190 195 189
26 2 2 1 1 189 195 196
27 2 2 1 1 189 196 188
28 2 2 1 1 188 196 197
29 2 2 1 1 188 197 187
30 2 2 1 1 187 197 198
31 2 2 1 1 187 198 186
32 2 2 1 1 186 198 199
33 2 2 1 1 186 199 185
34 2 2 1 1 185 199 200
35 2 2 1 1 185 200 8
36 2 2 1 1 8 200 201
37 2 2 1 1 8 201 184
38 2 2 1 1 184 201 202
39 2 2 1 1 184 202 183
40 2 2 1 1 183 202 203
41 2 2 1 1 183 203 182
42 2 2 1 1 182 203 204
43 2 2 1 1 182 204 181
44 2 2 1 1 181 204 205
45 2 2 1 1 181 205 180
46 2 2 1 1 180 205 206
47 2 2 1 1 180 206 179
48 2 2 1 1 179 206 207
49 2 2 1 1 179 207 178
50 2 2 1 1 178 207 208
51 2 2 1 1 178 208 177
52 2 2 1 1 177 208 209
53 2 2 1 1 177 209 176
54 2 2 1 1 176 209 210
55 2 2 1 1 176 210 175
56 2 2 1 1 175 210 211
57 2 2 1 1 175 211 174
58 2 2 1 1 174 211 212
59 2 2 1 1 174 212 173
60 2 2 1 1 173 212 213
61 2 2 1 1 173 213 172
62 2 2 1 1 172 213 214
63 2 2 1 1 172 214 171
64 2 2 1 1 171 214 215
65 2 2 1 1 171 215 170
66 2 2 1 1 170 215 216
67 2 2 1 1 170 216 169
68 2 2 1 1 169 216 217
69 2 2 1 1 169 217 168
70 2 2 1 1 168 217 218
71 2 2 1 1 168 218 167
72 2 2 1 1 167 218 219
73 2 2 1 1 167 219 166
74 2 2 1 1 166 219 220
75 2 2 1 1 166 220 165
76 2 2 1 1 165 220 221
77 2 2 1 1 165 221 164
78 2 2 1 1 164 221 222
79 2 2 1 1 164 222 163
80 2 2 1 1 163 222 223
81 2 2 1 1 163 223 162
82 2 2 1 1 162 223 224
83 2 2 1 1 162 224 161
84 2 2 1 1 161 224 225
85 2 2 1 1 161 225 160
86 2 2 1 1 160 225 226
87 2 2 1 1 160 226 159
88 2 2 1 1 159 226 227
89 2 2 1 1 159 227 158
90 2 2 1 1 158 227 228
91 2 2 1 1 158 228 157
92 2 2 1 1 157 228 229
93 2 2 1 1 157 229 6
94 2 2 1 1 6 229 230
95 2 2 1 1 6 230 156
96 2 2 1 1 156 230 231
97 2 2 1 1 156 231 155
98 2 2 1 1 155 231 232
99 2 2 1 1 155 232 154
100 2 2 1 1 154 232 233
101 2 2 1 1 154 233 153
102 2 2 1 1 153 233 234
103 2 2 1 1 153 234 152
104 2 2 1 1 152 234 235
105 2 2 1 1 152 235 151
106 2 2 1 1 151 235 236
107 2 2 1 1 151 236 150
108 2 2 1 1 150 236 237
109 2 2 1 1 150 237 149
110 2 2 1 1 149 237 238
111 2 2 1 1 149 238 5
112 2 2 1 1 5 238 148
113 2 2 1 1 9 10 193
114 2 2 1 1 193 10 239
115 2 2 1 1 193 239 194
116 2 2 1 1 194 239 240
117 2 2 1 1 194 240 195
118 2 2 1 1 195 240 241
119 2 2 1 1 195 241 196
120 2 2 1 1 196 241 242
121 2 2 1 1 196 242 197
122 2 2 1 1 197 242 243
123 2 2 1 1 197 243 198
124 2 2 1 1 198 243 244
125 2 2 1 1 198 244 199
126 2 2 1 1 199 244 245
127 2 2 1 1 199 245 200
128 2 2 1 1 200 245 246
129 2 2 1 1 200 246 201
130 2 2 1 1 201 246 247
131 2 2 1 1 201 247 202
132 2 2 1 1 202 247 248
133 2 2 1 1 202 248 203
134 2 2 1 1 203 248 249
135 2 2 1 1 203 249 204
136 2 2 1 1 204 249 250
137 2 2 1 1 204 250 205
138 2 2 1 1 205 250 251
139 2 2 1 1 205 251 206
140 2 2 1 1 206 251 252
141 2 2 1 1 206 252 207
142 2 2 1 1 207 252 253
143 2 2 1 1 207 253 208
144 2 2 1 1 208 253 254
145 2 2 1 1 208 254 209
146 2 2 1 1 209 254 255
147 2 2 1 1 209 255 210
148 2 2 1 1 210 255 256
149 2 2 1 1 210 256 211
150 2 2 1 1 211 256 257
151 2 2 1 1 211 257 212
152 2 2 1 1 212 257 258
153 2 2 1 1 212 258 213
154 2 2 1 1 213 258 259
155 2 2 1 1 213 259 214
156 2 2 1 1 214 259 260
157 2 2 1 1 214 260 215
158 2 2 1 1 215 260 261
159 2 2 1 1 215 261 216
160 2 2 1 1 216 261 262
161 2 2 1 1 216 262 217
162 2 2 1 1 217 262 263
163 2 2 1 1 217 263 218
164 2 2 1 1 218 263 264
165 2 2 1 1 218 264 219
166 2 2 1 1 219 264 265
167 2 2 1 1 219 265 220
168 2 2 1 1 220 265 266
169 2 2 1 1 220 266 221
170 2 2 1 1 221 266 267
171 2 2 1 1 221 267 222
172 2 2 1 1 222 267 268
173 2 2 1 1 222 268 223
174 2 2 1 1 223 268 269
175 2 2 1 1 223 269 224
176 2 2 1 1 224 269 270
177 2 2 1 1 224 270 225
178 2 2 1 1 225 270 271
179 2 2 1 1 225 271 226
180 2 2 1 1 226 271 272
181 2 2 1 1 226 272 227
182 2 2 1 1 227 272 273
183 2 2 1 1 227 273 228
184 2 2 1 1 228 273 274
185 2 2 1 1 228 274 229
186 2 2 1 1 229 274 275
187 2 2 1 1 229 275 230
188 2 2 1 1 230 275 276
189 2 2 1 1 230 276 231
190 2 2 1 1 231 276 277
191 2 2 1 1 231 277 232
192 2 2 1 1 232 277 278
193 2 2 1 1 232 278 233
194 2 2 1 1 233 278 279
195 2 2 1 1 233 279 234
196 2 2 1 1 234 279 280
197 2 2 1 1 234 280 235
198 2 2 1 1 235 280 281
199 2 2 1 1 235 281 236
200 2 2 1 1 236 281 282
201 2 2 1 1 236 282 237
202 2 2 1 1 237 282 283
203 2 2 1 1 237 283 238
204 2 2 1 1 238 283 284
205 2 2 1 1 238 284 148
206 2 2 1 1 148 284 147
207 2 2 1 1 10 11 239
208 2 2 1 1 239 11 285
209 2 2 1 1 239 285 240
210 2 2 1 1 240 285 286
211 2 2 1 1 240 286 241
212 2 2 1 1 241 286 287
213 2 2 1 1 241 287 242
214 2 2 1 1 242 287 288
215 2 2 1 1 242 288 243
216 2 2 1 1 243 288 289
217 2 2 1 1 243 289 244
218 2 2 1 1 244 289 290
219 2 2 1 1 244 290 245
220 2 2 1 1 245 290 291
221 2 2 1 1 245 291 246
222 2 2 1 1 246 291 292
223 2 2 1 1 246 292 247
224 2 2 1 1 247 292 293
225 2 2 1 1 247 293 248
226 2 2 1 1 248 293 294
227 2 2 1 1 248 294 249
228 2 2 1 1 249 294 295
229 2 2 1 1 249 295 250
230 2 2 1 1 250 295 296
231 2 2 1 1 250 296 251
232 2 2 1 1 251 296 297
233 2 2 1 1 251 297 252
234 2 2 1 1 252 297 298
235 2 2 1 1 252 298 253
236 2 2 1 1 253 298 299
237 2 2 1 1 253 299 254
238 2 2 1 1 254 299 300
239 2 2 1 1 254 300 255
240 2 2 1 1 255 300 301
241 2 2 1 1 255 301 256
242 2 2 1 1 256 301 302
243 2 2 1 1 256 302 257
244 2 2 1 1 257 302 303
245 2 2 1 1 257 303 258
246 2 2 1 1 258 303 304
247 2 2 1 1 258 304 259
248 2 2 1 1 259 304 305
249 2 2 1 1 259 305 260
250 2 2 1 1 260 305 306
251 2 2 1 1 260 306 261
252 2 2 1 1 261 306 307
253 2 2 1 1 261 307 262
254 2 2 1 1 262 307 308
255 2 2 1 1 262 308 263
256 2 2 1 1 263 308 309
257 2 2 1 1 263 309 264
258 2 2 1 1 264 309 310
259 2 2 1 1 264 310 265
260 2 2 1 1 265 310 311
261 2 2 1 1 265 311 266
262 2 2 1 1 266 311 312
263 2 2 1 1 266 312 267
264 2 2 1 1 267 312 313
265 2 2 1 1 267 313 268
266 2 2 1 1 268 313 314
267 2 2 1 1 268 314 269
268 2 2 1 1 269 314 315
269 2 2 1 1 269 315 270
270 2 2 1 1 270 315 316
271 2 2 1 1 270 316 271
272 2 2 1 1 271 316 317
273 2 2 1 1 271 317 272
274 2 2 1 1 272 317 318
275 2 2 1 1 272 318 273
276 2 2 1 1 273 318 319
277 2 2 1 1 273 319 274
278 2 2 1 1 274 319 320
279 2 2 1 1 274 320 275
280 2 2 1 1 275 320 321
281 2 2 1 1 275 321 276
282 2 2 1 1 276 321 322
283 2 2 1 1 276 322 277
284 2 2 1 1 277 322 323
285 2 2 1 1 277 323 278
286 2 2 1 1 278 323 324
287 2 2 1 1 278 324 279
288 2 2 1 1 279 324 325
289 2 2 1 1 279 325 280
290 2 2 1 1 280 325 326
291 2 2 1 1 280 326 281
292 2 2 1 1 281 326 327
293 2 2 1 1 281 327 282
294 2 2 1 1 282 327 328
295 2 2 1 1 282 328 283
296 2 2 1 1 283 328 329
297 2 2 1 1 283 329 284
298 2 2 1 1 284 329 330
299 2 2 1 1 284 330 147
300 2 2 1 1 147 330 146
301 2 2 1 1 11 12 285
302 2 2 1 1 285 12 331
303 2 2 1 1 285 331 286
304 2 2 1 1 286 331 332
305 2 2 1 1 286 332 287
306 2 2 1 1 287 332 333
307 2 2 1 1 287 333 288
308 2 2 1 1 288 333 334
309 2 2 1 1 288 334 289
310 2 2 1 1 289 334 335
311 2 2 1 1 289 335 290
312 2 2 1 1 290 335 336
313 2 2 1 1 290 336 291
314 2 2 1 1 291 336 337
315 2 2 1 1 291 337 292
316 2 2 1 1 292 337 338
317 2 2 1 1 292 338 293
318 2 2 1 1 293 338 339
319 2 2 1 1 293 339 294
320 2 2 1 1 294 339 340
321 2 2 1 1 294 340 295
322 2 2 1 1 295 340 341
323 2 2 1 1 295 341 296
324 2 2 1 1 296 341 342
325 2 2 1 1 296 342 297
326 2 2 1 1 297 342 343
327 2 2 1 1 297 343 298
328 2 2 1 1 298 343 344
329 2 2 1 1 298 344 299
330 2 2 1 1 299 344 345
331 2 2 1 1 299 345 300
332 2 2 1 1 300 345 346
333 2 2 1 1 300 346 301
334 2 2 1 1 301 346 347
335 2 2 1 1 301 347 302
336 2 2 1 1 302 347 348
337 2 2 1 1 302 348 303
338 2 2 1 1 303 348 349
339 2 2 1 1 303 349 304
340 2 2 1 1 304 349 350
341 2 2 1 1 304 350 305
342 2 2 1 1 305 350 351
343 2 2 1 1 305 351 306
344 2 2 1 1 306 351 352
345 2 2 1 1 306 352 307
346 2 2 1 1 307 352 353
347 2 2 1 1 307 353 308
348 2 2 1 1 308 353 354
349 2 2 1 1 308 354 309
350 2 2 1 1 309 354 355
351 2 2 1 1 309 355 310
352 2 2 1 1 310 355 356
353 2 2 1 1 310 356 311
354 2 2 1 1 311 356 357
355 2 2 1 1 311 357 312
356 2 2 1 1 312 357 358
357 2 2 1 1 312 358 313
358 2 2 1 1 313 358 359
359 2 2 1 1 313 359 314
360 2 2 1 1 314 359 360
361 2 2 1 1 314 360 315
362 2 2 1 1 315 360 361
363 2 2 1 1 315 361 316
364 2 2 1 1 316 361 362
365 2 2 1 1 316 362 317
366 2 2 1 1 317 362 363
367 2 2 1 1 317 363 318
368 2 2 1 1 318 363 364
369 2 2 1 1 318 364 319
370 2 2 1 1 319 364 365
371 2 2 1 1 319 365 320
372 2 2 1 1 320 365 366
373 2 2 1 1 320 366 321
374 2 2 1 1 321 366 367
375 2 2 1 1 321 367 322
376 2 2 1 1 322 367 368
377 2 2 1 1 322 368 323
378 2 2 1 1 323 368 369
379 2 2 1 1 323 369 324
380 2 2 1 1 324 369 370
381 2 2 1 1 324 370 325
382 2 2 1 1 325 370 371
383 2 2 1 1 325 371 326
384 2 2 1 1 326 371 372
385 2 2 1 1 326 372 327
386 2 2 1 1 327 372 373
387 2 2 1 1 327 373 328
388 2 2 1 1 328 373 374
389 2 2 1 1 328 374 329
390 2 2 1 1 329 374 375
391 2 2 1 1 329 375 330
392 2 2 1 1 330 375 376
393 2 2 1 1 330 376 146
394 2 2 1 1 146 376 145
395 2 2 1 1 12 13 331
396 2 2 1 1 331 13 377
397 2 2 1 1 331 377 332
398 2 2 1 1 332 377 378
399 2 2 1 1 332 378 333
400 2 2 1 1 333 378 379
401 2 2 1 1 333 379 334
402 2 2 1 1 334 379 380
403 2 2 1 1 334 380 335
404 2 2 1 1 335 380 381
405 2 2 1 1 335 381 336
406 2 2 1 1 336 381 382
407 2 2 1 1 336 382 337
408 2 2 1 1 337 382 383
409 2 2 1 1 337 383 338
410 2 2 1 1 338 383 384
411 2 2 1 1 338 384 339
412 2 2 1 1 339 384 385
413 2 2 1 1 339 385 340
414 2 2 1 1 340 385 386
415 2 2 1 1 340 386 341
416 2 2 1 1 341 386 387
417 2 2 1 1 341 387 342
418 2 2 1 1 342 387 388
419 2 2 1 1 342 388 343
420 2 2 1 1 343 388 389
421 2 2 1 1 343 389 344
422 2 2 1 1 344 389 390
423 2 2 1 1 344 390 345
424 2 2 1 1 345 390 391
425 2 2 1 1 345 391 346
426 2 2 1 1 346 391 392
427 2 2 1 1 346 392 347
428 2 2 1 1 347 392 393
429 2 2 1 1 347 393 348
430 2 2 1 1 348 393 394
431 2 2 1 1 348 394 349
432 2 2 1 1 349 394 395
433 2 2 1 1 349 395 350
434 2 2 1 1 350 395 396
435 2 2 1 1 350 396 351
436 2 2 1 1 351 396 397
437 2 2 1 1 351 397 352
438 2 2 1 1 352 397 398
439 2 2 1 1 352 398 353
440 2 2 1 1 353 398 399
441 2 2 1 1 353 399 354
442 2 2 1 1 354 399 400
443 2 2 1 1 354 400 355
444 2 2 1 1 355 400 401
445 2 2 1 1 355 401 356
446 2 2 1 1 356 401 402
447 2 2 1 1 356 402 357
448 2 2 1 1 357 402 403
449 2 2 1 1 357 403 358
450 2 2 1 1 358 403 404
451 2 2 1 1 358 404 359
452 2 2 1 1 359 404 405
453 2 2 1 1 359 405 360
454 2 2 1 1 360 405 406
455 2 2 1 1 360 406 361
456 2 2 1 1 361 406 407
457 2 2 1 1 361 407 362
458 2 2 1 1 362 407 408
459 2 2 1 1 362 408 363
460 2 2 1 1 363 408 409
461 2 2 1 1 363 409 364
462 2 2 1 1 364 409 410
463 2 2 1 1 364 410 365
464 2 2 1 1 365 410 411
465 2 2 1 1 365 411 366
466 2 2 1 1 366 411 412
467 2 2 1 1 366 412 367
468 2 2 1 1 367 412 413
469 2 2 1 1 367 413 368
470 2 2 1 1 368 413 414
471 2 2 1 1 368 414 369
472 2 2 1 1 369 414 415
473 2 2 1 1 369 415 370
474 2 2 1 1 370 415 416
475 2 2 1 1 370 416 371
476 2 2 1 1 371 416 417
477 2 2 1 1 371 417 372
478 2 2 1 1 372 417 418
479 2 2 1 1 372 418 373
480 2 2 1 1 373 418 419
481 2 2 1 1 373 419 374
482 2 2 1 1 374 419 420
483 2 2 1 1 374 420 375
484 2 2 1 1 375 420 421
485 2 2 1 1 375 421 376
486 2 2 1 1 376 421 422
487 2 2 1 1 376 422 145
488 2 2 1 1 145 422 144
489 2 2 1 1 13 14 377
490 2 2 1 1 377 14 423
491 2 2 1 1 377 423 378
492 2 2 1 1 378 423 424
493 2 2 1 1 378 424 379
494 2 2 1 1 379 424 425
495 2 2 1 1 379 425 380
496 2 2 1 1 380 425 426
497 2 2 1 1 380 426 381
498 2 2 1 1 381 426 427
499 2 2 1 1 381 427 382
500 2 2 1 1 382 427 428
501 2 2 1 1 382 428 383
502 2 2 1 1 383 428 429
503 2 2 1 1 383 429 384
504 2 2 1 1 384 429 430
505 2 2 1 1 384 430 385
506 2 2 1 1 385 430 431
507 2 2 1 1 385 431 386
508 2 2 1 1 386 431 432
509 2 2 1 1 386 432 387
510 2 2 1 1 387 432 433
511 2 2 1 1 387 433 388
512 2 2 1 1 388 433 434
513 2 2 1 1 388 434 389
514 2 2 1 1 389 434 435
515 2 2 1 1 389 435 390
516 2 2 1 1 390 435 436
517 2 2 1 1 390 436 391
518 2 2 1 1 391 436 437
519 2 2 1 1 391 437 392
520 2 2 1 1 392 437 438
521 2 2 1 1 392 438 393
522 2 2 1 1 393 438 439
523 2 2 1 1 393 439 394
524 2 2 1 1 394 439 440
525 2 2 1 1 394 440 395
526 2 2 1 1 395 440 441
527 2 2 1 1 395 441 396
528 2 2 1 1 396 441 442
529 2 2 1 1 396 442 397
530 2 2 1 1 397 442 443
531 2 2 1 1 397 443 398
532 2 2 1 1 398 443 444
533 2 2 1 1 398 444 399
534 2 2 1 1 399 444 445
535 2 2 1 1 399 445 400
536 2 2 1 1 400 445 446
537 2 2 1 1 400 446 401
538 2 2 1 1 401 446 447
539 2 2 1 1 401 447 402
540 2 2 1 1 402 447 448
541 2 2 1 1 402 448 403
542 2 2 1 1 403 448 449
543 2 2 1 1 403 449 404
544 2 2 1 1 404 449 450
545 2 2 1 1 404 450 405
546 2 2 1 1 405 450 451
547 2 2 1 1 405 451 406
548 2 2 1 1 406 451 452
549 2 2 1 1 406 452 407
550 2 2 1 1 407 452 453
551 2 2 1 1 407 453 408
552 2 2 1 1 408 453 454
553 2 2 1 1 408 454 409
554 2 2 1 1 409 454 455
555 2 2 1 1 409 455 410
556 2 2 1 1 410 455 456
557 2 2 1 1 410 456 411
558 2 2 1 1 411 456 457
559 2 2 1 1 411 457 412
560 2 2 1 1 412 457 458
561 2 2 1 1 412 458 413
562 2 2 1 1 413 458 459
563 2 2 1 1 413 459 414
564 2 2 1 1 414 459 460
565 2 2 1 1 414 460 415
566 2 2 1 1 415 460 461
567 2 2 1 1 415 461 416
568 2 2 1 1 416 461 462
569 2 2 1 1 416 462 417
570 2 2 1 1 417 462 463
571 2 2 1 1 417 463 418
572 2 2 1 1 418 463 464
573 2 2 1 1 418 464 419
574 2 2 1 1 419 464 465
575 2 2 1 1 419 465 420
576 2 2 1 1 420 465 466
577 2 2 1 1 420 466 421
578 2 2 1 1 421 466 467
579 2 2 1 1 421 467 422
580 2 2 1 1 422 467 468
581 2 2 1 1 422 468 144
582 2 2 1 1 144 468 143
583 2 2 1 1 14 15 423
584 2 2 1 1 423 15 469
585 2 2 1 1 423 469 424
586 2 2 1 1 424 469 470
587 2 2 1 1 424 470 425
588 2 2 1 1 425 470 471
589 2 2 1 1 425 471 426
590 2 2 1 1 426 471 472
591 2 2 1 1 426 472 427
592 2 2 1 1 427 472 473
593 2 2 1 1 427 473 428
594 2 2 1 1 428 473 474
595 2 2 1 1 428 474 429
596 2 2 1 1 429 474 475
597 2 2 1 1 429 475 430
598 2 2 1 1 430 475 476
599 2 2 1 1 430 476 431
600 2 2 1 1 431 476 477
601 2 2 1 1 431 477 432
602 2 2 1 1 432 477 478
603 2 2 1 1 432 478 433
604 2 2 1 1 433 478 479
605 2 2 1 1 433 479 434
606 2 2 1 1 434 479 480
607 2 2 1 1 434 480 435
608 2 2 1 1 435 480 481
609 2 2 1 1 435 481 436
610 2 2 1 1 436 481 482
611 2 2 1 1 436 482 437
612 2 2 1 1 437 482 483
613 2 2 1 1 437 483 438
614 2 2 1 1 438 483 484
615 2 2 1 1 438 484 439
616 2 2 1 1 439 484 485
617 2 2 1 1 439 485 440
618 2 2 1 1 440 485 486
619 2 2 1 1 440 486 441
620 2 2 1 1 441 486 487
621 2 2 1 1 441 487 442
622 2 2 1 1 442 487 488
623 2 2 1 1 442 488 443
624 2 2 1 1 443 488 489
625 2 2 1 1 443 489 444
626 2 2 1 1 444 489 490
627 2 2 1 1 444 490 445
628 2 2 1 1 445 490 491
629 2 2 1 1 445 491 446
630 2 2 1 1 446 491 492
631 2 2 1 1 446 492 447
632 2 2 1 1 447 492 493
633 2 2 1 1 447 493 448
634 2 2 1 1 448 493 494
635 2 2 1 1 448 494 449
636 2 2 1 1 449 494 495
637 2 2 1 1 449 495 450
638 2 2 1 1 450 495 496
639 2 2 1 1 450 496 451
640 2 2 1 1 451 496 497
641 2 2 1 1 451 497 452
642 2 2 1 1 452 497 498
643 2 2 1 1 452 498 453
644 2 2 1 1 453 498 499
645 2 2 1 1 453 499 454
646 2 2 1 1 454 499 500
647 2 2 1 1 454 500 455
648 2 2 1 1 455 500 501
649 2 2 1 1 455 501 456
650 2 2 1 1 456 501 502
651 2 2 1 1 456 502 457
652 2 2 1 1 457 502 503
653 2 2 1 1 457 503 458
654 2 2 1 1 458 503 504
655 2 2 1 1 458 504 459
656 2 2 1 1 459 504 505
657 2 2 1 1 459 505 460
658 2 2 1 1 460 505 506
659 2 2 1 1 460 506 461
660 2 2 1 1 461 506 507
661 2 2 1 1 461 507 462
662 2 2 1 1 462 507 508
663 2 2 1 1 462 508 463
664 2 2 1 1 463 508 509
665 2 2 1 1 463 509 464
666 2 2 1 1 464 509 510
667 2 2 1 1 464 510 465
668 2 2 1 1 465 510 511
669 2 2 1 1 465 511 466
670 2 2 1 1 466 511 512
671 2 2 1 1 466 512 467
672 2 2 1 1 467 512 513
673 2 2 1 1 467 513 468
674 2 2 1 1 468 513 514
675 2 2 1 1 468 514 143
676 2 2 1 1 143 514 142
677 2 2 1 1 15 16 469
678 2 2 1 1 469 16 515
679 2 2 1 1 469 515 470
680 2 2 1 1 470 515 516
681 2 2 1 1 470 516 471
682 2 2 1 1 471 516 517
683 2 2 1 1 471 517 472
684 2 2 1 1 472 517 518
685 2 2 1 1 472 518 473
686 2 2 1 1 473 518 519
687 2 2 1 1 473 519 474
688 2 2 1 1 474 519 520
689 2 2 1 1 474 520 475
690 2 2 1 1 475 520 521
691 2 2 1 1 475 521 476
692 2 2 1 1 476 521 522
693 2 2 1 1 476 522 477
694 2 2 1 1 477 522 523
695 2 2 1 1 477 523 478
696 2 2 1 1 478 523 524
697 2 2 1 1 478 524 479
698 2 2 1 1 479 524 525
699 2 2 1 1 479 525 480
700 2 2 1 1 480 525 526
701 2 2 1 1 480 526 481
702 2 2 1 1 481 526 527
703 2 2 1 1 481 527 482
704 2 2 1 1 482 527 528
705 2 2 1 1 482 528 483
706 2 2 1 1 483 528 529
707 2 2 1 1 483 529 484
708 2 2 1 1 484 529 530
709 2 2 1 1 484 530 485
710 2 2 1 1 485 530 531
711 2 2 1 1 485 531 486
712 2 2 1 1 486 531 532
713 2 2 1 1 486 532 487
714 2 2 1 1 487 532 533
715 2 2 1 1 487 533 488
716 2 2 1 1 488 533 534
717 2 2 1 1 488 534 489
718 2 2 1 1 489 534 535
719 2 2 1 1 489 535 490
720 2 2 1 1 490 535 536
721 2 2 1 1 490 536 491
722 2 2 1 1 491 536 537
723 2 2 1 1 491 537 492
724 2 2 1 1 492 537 538
725 2 2 1 1 492 538 493
726 2 2 1 1 493 538 539
727 2 2 1 1 493 539 494
728 2 2 1 1 494 539 540
729 2 2 1 1 494 540 495
730 2 2 1 1 495 540 541
731 2 2 1 1 495 541 496
732 2 2 1 1 496 541 542
733 2 2 1 1 496 542 497
734 2 2 1 1 497 542 543
735 2 2 1 1 497 543 498
736 2 2 1 1 498 543 544
737 2 2 1 1 498 544 499
738 2 2 1 1 499 544 545
739 2 2 1 1 499 545 500
740 2 2 1 1 500 545 546
741 2 2 1 1 500 546 501
742 2 2 1 1 501 546 547
743 2 2 1 1 501 547 502
744 2 2 1 1 502 547 548
745 2 2 1 1 502 548 503
746 2 2 1 1 503 548 549
747 2 2 1 1 503 549 504
748 2 2 1 1 504 549 550
749 2 2 1 1 504 550 505
750 2 2 1 1 505 550 551
751 2 2 1 1 505 551 506
752 2 2 1 1 506 551 552
753 2 2 1 1 506 552 507
754 2 2 1 1 507 552 553
755 2 2 1 1 507 553 508
756 2 2 1 1 508 553 554
757 2 2 1 1 508 554 509
758 2 2 1 1 509 554 555
759 2 2 1 1 509 555 510
760 2 2 1 1 510 555 556
761 2 2 1 1 510 556 511
762 2 2 1 1 511 556 557
763 2 2 1 1 511 557 512
764 2 2 1 1 512 557 558
765 2 2 1 1 512 558 513
766 2 2 1 1 513 558 559
767 2 2 1 1 513 559 514
768 2 2 1 1 514 559 560
769 2 2 1 1 514 560 142
770 2 2 1 1 142 560 141
771 2 2 1 1 16 17 515
772 2 2 1 1 515 17 561
773 2 2 1 1 515 561 516
774 2 2 1 1 516 561 562
775 2 2 1 1 516 562 517
776 2 2 1 1 517 562 563
777 2 2 1 1 517 563 518
778 2 2 1 1 518 563 564
779 2 2 1 1 518 564 519
780 2 2 1 1 519 564 565
781 2 2 1 1 519 565 520
782 2 2 1 1 520 565 566
783 2 2 1 1 520 566 521
784 2 2 1 1 521 566 567
785 2 2 1 1 521 567 522
786 2 2 1 1 522 567 568
787 2 2 1 1 522 568 523
788 2 2 1 1 523 568 569
789 2 2 1 1 523 569 524
790 2 2 1 1 524 569 570
791 2 2 1 1 524 570 525
792 2 2 1 1 525 570 571
793 2 2 1 1 525 571 526
794 2 2 1 1 526 571 572
795 2 2 1 1 526 572 527
796 2 2 1 1 527 572 573
797 2 2 1 1 527 573 528
798 2 2 1 1 528 573 574
799 2 2 1 1 528 574 529
800 2 2 1 1 529 574 575
801 2 2 1 1 529 575 530
802 2 2 1 1 530 575 576
803 2 2 1 1 530 576 531
804 2 2 1 1 531 576 577
805 2 2 1 1 531 577 532
806 2 2 1 1 532 577 578
807 2 2 1 1 532 578 533
808 2 2 1 1 533 578 579
809 2 2 1 1 533 579 534
810 2 2 1 1 534 579 580
811 2 2 1 1 534 580 535
812 2 2 1 1 535 580 581
813 2 2 1 1 535 581 536
814 2 2 1 1 536 581 582
815 2 2 1 1 536 582 537
816 2 2 1 1 537 582 583
817 2 2 1 1 537 583 538
818 2 2 1 1 538 583 584
819 2 2 1 1 538 584 539
820 2 2 1 1 539 584 585
821 2 2 1 1 539 585 540
822 2 2 1 1 540 585 586
823 2 2 1 1 540 586 541
824 2 2 1 1 541 586 587
825 2 2 1 1 541 587 542
826 2 2 1 1 542 587 588
827 2 2 1 1 542 588 543
828 2 2 1 1 543 588 589
829 2 2 1 1 543 589 544
830 2 2 1 1 544 589 590
831 2 2 1 1 544 590 545
832 2 2 1 1 545 590 591
833 2 2 1 1 545 591 546
834 2 2 1 1 546 591 592
835 2 2 1 1 546 592 547
836 2 2 1 1 547 592 593
837 2 2 1 1 547 593 548
838 2 2 1 1 548 593 594
839 2 2 1 1 548 594 549
840 2 2 1 1 549 594 595
841 2 2 1 1 549 595 550
842 2 2 1 1 550 595 596
843 2 2 1 1 550 596 551
844 2 2 1 1 551 596 597
845 2 2 1 1 551 597 552
846 2 2 1 1 552 597 598
847 2 2 1 1 552 598 553
848 2 2 1 1 553 598 599
849 2 2 1 1 553 599 554
850 2 2 1 1 554 599 600
851 2 2 1 1 554 600 555
852 2 2 1 1 555 600 601
853 2 2 1 1 555 601 556
854 2 2 1 1 556 601 602
855 2 2 1 1 556 602 557
856 2 2 1 1 557 602 603
857 2 2 1 1 557 603 558
858 2 2 1 1 558 603 604
859 2 2 1 1 558 604 559
860 2 2 1 1 559 604 605
861 2 2 1 1 559 605 560
862 2 2 1 1 560 605 606
863 2 2 1 1 560 606 141
864 2 2 1 1 141 606 140
865 2 2 1 1 17 18 561
866 2 2 1 1 561 18 607
867 2 2 1 1 561 607 562
868 2 2 1 1 562 607 608
869 2 2 1 1 562 608 563
870 2 2 1 1 563 608 609
871 2 2 1 1 563 609 564
872 2 2 1 1 564 609 610
873 2 2 1 1 564 610 565
874 2 2 1 1 565 610 611
875 2 2 1 1 565 611 566
876 2 2 1 1 566 611 612
877 2 2 1 1 566 612 567
878 2 2 1 1 567 612 613
879 2 2 1 1 567 613 568
880 2 2 1 1 568 613 614
881 2 2 1 1 568 614 569
882 2 2 1 1 569 614 615
883 2 2 1 1 569 615 570
884 2 2 1 1 570 615 616
885 2 2 1 1 570 616 571
886 2 2 1 1 571 616 617
887 2 2 1 1 571 617 572
888 2 2 1 1 572 617 618
889 2 2 1 1 572 618 573
890 2 2 1 1 573 618 619
891 2 2 1 1 573 619 574
892 2 2 1 1 574 619 620
893 2 2 1 1 574 620 575
894 2 2 1 1 575 620 621
895 2 2 1 1 575 621 576
896 2 2 1 1 576 621 622
897 2 2 1 1 576 622 577
898 2 2 1 1 577 622 623
899 2 2 1 1 577 623 578
900 2 2 1 1 578 623 624
901 2 2 1 1 578 624 579
902 2 2 1 1 579 624 625
903 2 2 1 1 579 625 580
904 2 2 1 1 580 625 626
905 2 2 1 1 580 626 581
906 2 2 1 1 581 626 627
907 2 2 1 1 581 627 582
908 2 2 1 1 582 627 628
909 2 2 1 1 582 628 583
910 2 2 1 1 583 628 629
911 2 2 1 1 583 629 584
912 2 2 1 1 584 629 630
913 2 2 1 1 584 630 585
914 2 2 1 1 585 630 631
915 2 2 1 1 585 631 586
916 2 2 1 1 586 631 632
917 2 2 1 1 586 632 587
918 2 2 1 1 587 632 633
919 2 2 1 1 587 633 588
920 2 2 1 1 588 633 634
921 2 2 1 1 588 634 589
922 2 2 1 1 589 634 635
923 2 2 1 1 589 635 590
924 2 2 1 1 590 635 636
925 2 2 1 1 590 636 591
926 2 2 1 1 591 636 637
927 2 2 1 1 591 637 592
928 2 2 1 1 592 637 638
929 2 2 1 1 592 638 593
930 2 2 1 1 593 638 639
931 2 2 1 1 593 639 594
932 2 2 1 1 594 639 640
933 2 2 1 1 594 640 595
934 2 2 1 1 595 640 641
935 2 2 1 1 595 641 596
936 2 2 1 1 596 641 642
937 2 2 1 1 596 642 597
938 2 2 1 1 597 642 643
939 2 2 1 1 597 643 598
940 2 2 1 1 598 643 644
941 2 2 1 1 598 644 599
942 2 2 1 1 599 644 645
943 2 2 1 1 599 645 600
944 2 2 1 1 600 645 646
945 2 2 1 1 600 646 601
946 2 2 1 1 601 646 647
947 2 2 1 1 601 647 602
948 2 2 1 1 602 647 648
949 2 2 1 1 602 648 603
950 2 2 1 1 603 648 649
951 2 2 1 1 603 649 604
952 2 2 1 1 604 649 650
953 2 2 1 1 604 650 605
954 2 2 1 1 605 650 651
955 2 2 1 1 605 651 606
956 2 2 1 1 606 651 652
957 2 2 1 1 606 652 140
958 2 2 1 1 140 652 139
959 2 2 1 1 18 19 607
960 2 2 1 1 607 19 653
961 2 2 1 1 607 653 608
962 2 2 1 1 608 653 654
963 2 2 1 1 608 654 609
964 2 2 1 1 609 654 655
965 2 2 1 1 609 655 610
966 2 2 1 1 610 655 656
967 2 2 1 1 610 656 611
968 2 2 1 1 611 656 657
969 2 2 1 1 611 657 612
970 2 2 1 1 612 657 658
971 2 2 1 1 612 658 613
972 2 2 1 1 613 658 659
973 2 2 1 1 613 659 614
974 2 2 1 1 614 659 660
975 2 2 1 1 614 660 615
976 2 2 1 1 615 660 661
977 2 2 1 1 615 661 616
978 2 2 1 1 616 661 662
979 2 2 1 1 616 662 617
980 2 2 1 1 617 662 663
981 2 2 1 1 617 663 618
982 2 2 1 1 618 663 664
983 2 2 1 1 618 664 619
984 2 2 1 1 619 664 665
985 2 2 1 1 619 665 620
986 2 2 1 1 620 665 666
987 2 2 1 1 620 666 621
988 2 2 1 1 621 666 667
989 2 2 1 1 621 667 622
990 2 2 1 1 622 667 668
991 2 2 1 1 622 668 623
992 2 2 1 1 623 668 669
993 2 2 1 1 623 669 624
994 2 2 1 1 624 669 670
995 2 2 1 1 624 670 625
996 2 2 1 1 625 670 671
997 2 2 1 1 625 671 626
998 2 2 1 1 626 671 672
999 2 2 1 1 626 672 627
1000 2 2 1 1 627 672 673
1001 2 2 1 1 627 673 628
1002 2 2 1 1 628 673 674
1003 2 2 1 1 628 674 629
1004 2 2 1 1 629 674 675
1005 2 2 1 1 629 675 630
1006 2 2 1 1 630 675 676
1007 2 2 1 1 630 676 631
1008 2 2 1 1 631 676 677
1009 2 2 1 1 631 677 632
1010 2 2 1 1 632 677 678
1011 2 2 1 1 632 678 633
1012 2 2 1 1 633 678 679
1013 2 2 1 1 633 679 634
1014 2 2 1 1 634 679 680
1015 2 2 1 1 634 680 635
1016 2 2 1 1 635 680 681
1017 2 2 1 1 635 681 636
1018 2 2 1 1 636 681 682
1019 2 2 1 1 636 682 637
1020 2 2 1 1 637 682 683
1021 2 2 1 1 637 683 638
1022 2 2 1 1 638 683 684
1023 2 2 1 1 638 684 639
1024 2 2 1 1 639 684 685
1025 2 2 1 1 639 685 640
1026 2 2 1 1 640 685 686
1027 2 2 1 1 640 686 641
1028 2 2 1 1 641 686 687
1029 2 2 1 1 641 687 642
1030 2 2 1 1 642 687 688
1031 2 2 1 1 642 688 643
1032 2 2 1 1 643 688 689
1033 2 2 1 1 643 689 644
1034 2 2 1 1 644 689 690
1035 2 2 1 1 644 690 645
1036 2 2 1 1 645 690 691
1037 2 2 1 1 645 691 646
1038 2 2 1 1 646 691 692
1039 2 2 1 1 646 692 647
1040 2 2 1 1 647 692 693
1041 2 2 1 1 647 693 648
1042 2 2 1 1 648 693 694
1043 2 2 1 1 648 694 649
1044 2 2 1 1 649 694 695
1045 2 2 1 1 649 695 650
1046 2 2 1 1 650 695 696
1047 2 2 1 1 650 696 651
1048 2 2 1 1 651 696 697
1049 2 2 1 1 651 697 652
1050 2 2 1 1 652 697 698
1051 2 2 1 1 652 698 139
1052 2 2 1 1 139 698 138
1053 2 2 1 1 19 20 653
1054 2 2 1 1 653 20 699
1055 2 2 1 1 653 699 654
1056 2 2 1 1 654 699 700
1057 2 2 1 1 654 700 655
1058 2 2 1 1 655 700 701
1059 2 2 1 1 655 701 656
1060 2 2 1 1 656 701 702
1061 2 2 1 1 656 702 657
1062 2 2 1 1 657 702 703
1063 2 2 1 1 657 703 658
1064 2 2 1 1 658 703 704
1065 2 2 1 1 658 704 659
1066 2 2 1 1 659 704 705
1067 2 2 1 1 659 705 660
1068 2 2 1 1 660 705 706
1069 2 2 1 1 660 706 661
1070 2 2 1 1 661 706 707
1071 2 2 1 1 661 707 662
1072 2 2 1 1 662 707 708
1073 2 2 1 1 662 708 663
1074 2 2 1 1 663 708 709
1075 2 2 1 1 663 709 664
1076 2 2 1 1 664 709 710
1077 2 2 1 1 664 710 665
1078 2 2 1 1 665 710 711
1079 2 2 1 1 665 711 666
1080 2 2 1 1 666 711 712
1081 2 2 1 1 666 712 667
1082 2 2 1 1 667 712 713
1083 2 2 1 1 667 713 668
1084 2 2 1 1 668 713 714
1085 2 2 1 1 668 714 669
1086 2 2 1 1 669 714 715
1087 2 2 1 1 669 715 670
1088 2 2 1 1 670 715 716
1089 2 2 1 1 670 716 671
1090 2 2 1 1 671 716 717
1091 2 2 1 1 671 717 672
1092 2 2 1 1 672 717 718
1093 2 2 1 1 672 718 673
1094 2 2 1 1 673 718 719
1095 2 2 1 1 673 719 674
1096 2 2 1 1 674 719 720
1097 2 2 1 1 674 720 675
1098 2 2 1 1 675 720 721
1099 2 2 1 1 675 721 676
1100 2 2 1 1 676 721 722
1101 2 2 1 1 676 722 677
1102 2 2 1 1 677 722 723
1103 2 2 1 1 677 723 678
1104 2 2 1 1 678 723 724
1105 2 2 1 1 678 724 679
1106 2 2 1 1 679 724 725
1107 2 2 1 1 679 725 680
1108 2 2 1 1 680 725 726
1109 2 2 1 1 680 726 681
1110 2 2 1 1 681 726 727
1111 2 2 1 1 681 727 682
1112 2 2 1 1 682 727 728
1113 2 2 1 1 682 728 683
1114 2 2 1 1 683 728 729
1115 2 2 1 1 683 729 684
1116 2 2 1 1 684 729 730
1117 2 2 1 1 684 730 685
1118 2 2 1 1 685 730 731
1119 2 2 1 1 685 731 686
1120 2 2 1 1 686 731 732
1121 2 2 1 1 686 732 687
1122 2 2 1 1 687 732 733
1123 2 2 1 1 687 733 688
1124 2 2 1 1 688 733 734
1125 2 2 1 1 688 734 689
1126 2 2 1 1 689 734 735
1127 2 2 1 1 689 735 690
1128 2 2 1 1 690 735 736
1129 2 2 1 1 690 736 691
1130 2 2 1 1 691 736 737
1131 2 2 1 1 691 737 692
1132 2 2 1 1 692 737 738
1133 2 2 1 1 692 738 693
1134 2 2 1 1 693 738 739
1135 2 2 1 1 693 739 694
1136 2 2 1 1 694 739 740
1137 2 2 1 1 694 740 695
1138 2 2 1 1 695 740 741
1139 2 2 1 1 695 741 696
1140 2 2 1 1 696 741 742
1141 2 2 1 1 696 742 697
1142 2 2 1 1 697 742 743
1143 2 2 1 1 697 743 698
1144 2 2 1 1 698 743 744
1145 2 2 1 1 698 744 138
1146 2 2 1 1 138 744 137
1147 2 2 1 1 20 21 699
1148 2 2 1 1 699 21 745
1149 2 2 1 1 699 745 700
1150 2 2 1 1 700 745 746
1151 2 2 1 1 700 746 701
1152 2 2 1 1 701 746 747
1153 2 2 1 1 701 747 702
1154 2 2 1 1 702 747 748
1155 2 2 1 1 702 748 703
1156 2 2 1 1 703 748 749
1157 2 2 1 1 703 749 704
1158 2 2 1 1 704 749 750
1159 2 2 1 1 704 750 705
1160 2 2 1 1 705 750 751
1161 2 2 1 1 705 751 706
1162 2 2 1 1 706 751 752
1163 2 2 1 1 706 752 707
1164 2 2 1 1 707 752 753
1165 2 2 1 1 707 753 708
1166 2 2 1 1 708 753 754
1167 2 2 1 1 708 754 709
1168 2 2 1 1 709 754 755
1169 2 2 1 1 709 755 710
1170 2 2 1 1 710 755 756
1171 2 2 1 1 710 756 711
1172 2 2 1 1 711 756 757
1173 2 2 1 1 711 757 712
1174 2 2 1 1 712 757 758
1175 2 2 1 1 712 758 713
1176 2 2 1 1 713 758 759
1177 2 2 1 1 713 759 714
1178 2 2 1 1 714 759 760
1179 2 2 1 1 714 760 715
1180 2 2 1 1 715 760 761
1181 2 2 1 1 715 761 716
1182 2 2 1 1 716 761 762
1183 2 2 1 1 716 762 717
1184 2 2 1 1 717 762 763
1185 2 2 1 1 717 763 718
1186 2 2 1 1 718 763 764
1187 2 2 1 1 718 764 719
1188 2 2 1 1 719 764 765
1189 2 2 1 1 719 765 720
1190 2 2 1 1 720 765 766
1191 2 2 1 1 720 766 721
1192 2 2 1 1 721 766 767
1193 2 2 1 1 721 767 722
1194 2 2 1 1 722 767 768
1195 2 2 1 1 722 768 723
1196 2 2 1 1 723 768 769
1197 2 2 1 1 723 769 724
1198 2 2 1 1 724 769 770
1199 2 2 1 1 724 770 725
1200 2 2 1 1 725 770 771
1201 2 2 1 1 725 771 726
1202 2 2 1 1 726 771 772
1203 2 2 1 1 726 772 727
1204 2 2 1 1 727 772 773
1205 2 2 1 1 727 773 728
1206 2 2 1 1 728 773 774
1207 2 2 1 1 728 774 729
1208 2 2 1 1 729 774 775
1209 2 2 1 1 729 775 730
1210 2 2 1 1 730 775 776
1211 2 2 1 1 730 776 731
1212 2 2 1 1 731 776 777
1213 2 2 1 1 731 777 732
1214 2 2 1 1 732 777 778
1215 2 2 1 1 732 778 733
1216 2 2 1 1 733 778 779
1217 2 2 1 1 733 779 734
1218 2 2 1 1 734 779 780
1219 2 2 1 1 734 780 735
1220 2 2 1 1 735 780 781
1221 2 2 1 1 735 781 736
1222 2 2 1 1 736 781 782
1223 2 2 1 1 736 782 737
1224 2 2 1 1 737 782 783
1225 2 2 1 1 737 783 738
1226 2 2 1 1 738 783 784
1227 2 2 1 1 738 784 739
1228 2 2 1 1 739 784 785
1229 2 2 1 1 739 785 740
1230 2 2 1 1 740 785 786
1231 2 2 1 1 740 786 741
1232 2 2 1 1 741 786 787
1233 2 2 1 1 741 787 742
1234 2 2 1 1 742 787 788
1235 2 2 1 1 742 788 743
1236 2 2 1 1 743 788 789
1237 2 2 1 1 743 789 744
1238 2 2 1 1 744 789 790
1239 2 2 1 1 744 790 137
1240 2 2 1 1 137 790 136
1241 2 2 1 1 21 22 745
1242 2 2 1 1 745 22 791
1243 2 2 1 1 745 791 746
1244 2 2 1 1 746 791 792
1245 2 2 1 1 746 792 747
1246 2 2 1 1 747 792 793
1247 2 2 1 1 747 793 748
1248 2 2 1 1 748 793 794
1249 2 2 1 1 748 794 749
1250 2 2 1 1 749 794 795
1251 2 2 1 1 749 795 750
1252 2 2 1 1 750 795 796
1253 2 2 1 1 750 796 751
1254 2 2 1 1 751 796 797
1255 2 2 1 1 751 797 752
1256 2 2 1 1 752 797 798
1257 2 2 1 1 752 798 753
1258 2 2 1 1 753 798 799
1259 2 2 1 1 753 799 754
1260 2 2 1 1 754 799 800
1261 2 2 1 1 754 800 755
1262 2 2 1 1 755 800 801
1263 2 2 1 1 755 801 756
1264 2 2 1 1 756 801 802
1265 2 2 1 1 756 802 757
1266 2 2 1 1 757 802 803
1267 2 2 1 1 757 803 758
1268 2 2 1 1 758 803 804
1269 2 2 1 1 758 804 759
1270 2 2 1 1 759 804 805
1271 2 2 1 1 759 805 760
1272 2 2 1 1 760 805 806
1273 2 2 1 1 760 806 761
1274 2 2 1 1 761 806 807
1275 2 2 1 1 761 807 762
1276 2 2 1 1 762 807 808
1277 2 2 1 1 762 808 763
1278 2 2 1 1 763 808 809
1279 2 2 1 1 763 809 764
1280 2 2 1 1 764 809 810
1281 2 2 1 1 764 810 765
1282 2 2 1 1 765 810 811
1283 2 2 1 1 765 811 766
1284 2 2 1 1 766 811 812
1285 2 2 1 1 766 812 767
1286 2 2 1 1 767 812 813
1287 2 2 1 1 767 813 768
1288 2 2 1 1 768 813 814
1289 2 2 1 1 768 814 769
1290 2 2 1 1 769 814 815
1291 2 2 1 1 769 815 770
1292 2 2 1 1 770 815 816
1293 2 2 1 1 770 816 771
1294 2 2 1 1 771 816 817
1295 2 2 1 1 771 817 772
1296 2 2 1 1 772 817 818
1297 2 2 1 1 772 818 773
1298 2 2 1 1 773 818 819
1299 2 2 1 1 773 819 774
1300 2 2 1 1 774 819 820
1301 2 2 1 1 774 820 775
1302 2 2 1 1 775 820 821
1303 2 2 1 1 775 821 776
1304 2 2 1 1 776 821 822
1305 2 2 1 1 776 822 777
1306 2 2 1 1 777 822 823
1307 2 2 1 1 777 823 778
1308 2 2 1 1 778 823 824
1309 2 2 1 1 778 824 779
1310 2 2 1 1 779 824 825
1311 2 2 1 1 779 825 780
1312 2 2 1 1 780 825 826
1313 2 2 1 1 780 826 781
1314 2 2 1 1 781 826 827
1315 2 2 1 1 781 827 782
1316 2 2 1 1 782 827 828
1317 2 2 1 1 782 828 783
1318 2 2 1 1 783 828 829
1319 2 2 1 1 783 829 784
1320 2 2 1 1 784 829 830
1321 2 2 1 1 784 830 785
1322 2 2 1 1 785 830 831
1323 2 2 1 1 785 831 786
1324 2 2 1 1 786 831 832
1325 2 2 1 1 786 832 787
1326 2 2 1 1 787 832 833
1327 2 2 1 1 787 833 788
1328 2 2 1 1 788 833 834
1329 2 2 1 1 788 834 789
1330 2 2 1 1 789 834 835
1331 2 2 1 1 789 835 790
1332 2 2 1 1 790 835 836
1333 2 2 1 1 790 836 136
1334 2 2 1 1 136 836 135
1335 2 2 1 1 22 23 791
1336 2 2 1 1 791 23 837
1337 2 2 1 1 791 837 792
1338 2 2 1 1 792 837 838
1339 2 2 1 1 792 838 793
1340 2 2 1 1 793 838 839
1341 2 2 1 1 793 839 794
1342 2 2 1 1 794 839 840
1343 2 2 1 1 794 840 795
1344 2 2 1 1 795 840 841
1345 2 2 1 1 795 841 796
1346 2 2 1 1 796 841 842
1347 2 2 1 1 796 842 797
1348 2 2 1 1 797 842 843
1349 2 2 1 1 797 843 798
1350 2 2 1 1 798 843 844
1351 2 2 1 1 798 844 799
1352 2 2 1 1 799 844 845
1353 2 2 1 1 799 845 800
1354 2 2 1 1 800 845 846
1355 2 2 1 1 800 846 801
1356 2 2 1 1 801 846 847
1357 2 2 1 1 801 847 802
1358 2 2 1 1 802 847 848
1359 2 2 1 1 802 848 803
1360 2 2 1 1 803 848 849
1361 2 2 1 1 803 849 804
1362 2 2 1 1 804 849 850
1363 2 2 1 1 804 850 805
1364 2 2 1 1 805 850 851
1365 2 2 1 1 805 851 806
1366 2 2 1 1 806 851 852
1367 2 2 1 1 806 852 807
1368 2 2 1 1 807 852 853
1369 2 2 1 1 807 853 808
1370 2 2 1 1 808 853 854
1371 2 2 1 1 808 854 809
1372 2 2 1 1 809 854 855
1373 2 2 1 1 809 855 810
1374 2 2 1 1 810 855 856
1375 2 2 1 1 810 856 811
1376 2 2 1 1 811 856 857
1377 2 2 1 1 811 857 812
1378 2 2 1 1 812 857 858
1379 2 2 1 1 812 858 813
1380 2 2 1 1 813 858 859
1381 2 2 1 1 813 859 814
1382 2 2 1 1 814 859 860
1383 2 2 1 1 814 860 815
1384 2 2 1 1 815 860 861
1385 2 2 1 1 815 861 816
1386 2 2 1 1 816 861 862
1387 2 2 1 1 816 862 817
1388 2 2 1 1 817 862 863
1389 2 2 1 1 817 863 818
1390 2 2 1 1 818 863 864
1391 2 2 1 1 818 864 819
1392 2 2 1 1 819 864 865
1393 2 2 1 1 819 865 820
1394 2 2 1 1 820 865 866
1395 2 2 1 1 820 866 821
1396 2 2 1 1 821 866 867
1397 2 2 1 1 821 867 822
1398 2 2 1 1 822 867 868
1399 2 2 1 1 822 868 823
1400 2 2 1 1 823 868 869
1401 2 2 1 1 823 869 824
1402 2 2 1 1 824 869 870
1403 2 2 1 1 824 870 825
1404 2 2 1 1 825 870 871
1405 2 2 1 1 825 871 826
1406 2 2 1 1 826 871 872
1407 2 2 1 1 826 872 827
1408 2 2 1 1 827 872 873
1409 2 2 1 1 827 873 828
1410 2 2 1 1 828 873 874
1411 2 2 1 1 828 874 829
1412 2 2 1 1 829 874 875
1413 2 2 1 1 829 875 830
1414 2 2 1 1 830 875 876
1415 2 2 1 1 830 876 831
1416 2 2 1 1 831 876 877
1417 2 2 1 1 831 877 832
1418 2 2 1 1 832 877 878
1419 2 2 1 1 832 878 833
1420 2 2 1 1 833 878 879
1421 2 2 1 1 833 879 834
1422 2 2 1 1 834 879 880
1423 2 2 1 1 834 880 835
1424 2 2 1 1 835 880 881
1425 2 2 1 1 835 881 836
1426 2 2 1 1 836 881 882
1427 2 2 1 1 836 882 135
1428 2 2 1 1 135 882 134
1429 2 2 1 1 23 24 837
1430 2 2 1 1 837 24 883
1431 2 2 1 1 837 883 838
1432 2 2 1 1 838 883 884
1433 2 2 1 1 838 884 839
1434 2 2 1 1 839 884 885
1435 2 2 1 1 839 885 840
1436 2 2 1 1 840 885 886
1437 2 2 1 1 840 886 841
1438 2 2 1 1 841 886 887
1439 2 2 1 1 841 887 842
1440 2 2 1 1 842 887 888
1441 2 2 1 1 842 888 843
1442 2 2 1 1 843 888 889
1443 2 2 1 1 843 889 844
1444 2 2 1 1 844 889 890
1445 2 2 1 1 844 890 845
1446 2 2 1 1 845 890 891
1447 2 2 1 1 845 891 846
1448 2 2 1 1 846 891 892
1449 2 2 1 1 846 892 847
1450 2 2 1 1 847 892 893
1451 2 2 1 1 847 893 848
1452 2 2 1 1 848 893 894
1453 2 2 1 1 848 894 849
1454 2 2 1 1 849 894 895
1455 2 2 1 1 849 895 850
1456 2 2 1 1 850 895 896
1457 2 2 1 1 850 896 851
1458 2 2 1 1 851 896 897
1459 2 2 1 1 851 897 852
1460 2 2 1 1 852 897 898
1461 2 2 1 1 852 898 853
1462 2 2 1 1 853 898 899
1463 2 2 1 1 853 899 854
1464 2 2 1 1 854 899 900
1465 2 2 1 1 854 900 855
1466 2 2 1 1 855 900 901
1467 2 2 1 1 855 901 856
1468 2 2 1 1 856 901 902
1469 2 2 1 1 856 902 857
1470 2 2 1 1 857 902 903
1471 2 2 1 1 857 903 858
1472 2 2 1 1 858 903 904
1473 2 2 1 1 858 904 859
1474 2 2 1 1 859 904 905
1475 2 2 1 1 859 905 860
1476 2 2 1 1 860 905 906
1477 2 2 1 1 860 906 861
1478 2 2 1 1 861 906 907
1479 2 2 1 1 861 907 862
1480 2 2 1 1 862 907 908
1481 2 2 1 1 862 908 863
1482 2 2 1 1 863 908 909
1483 2 2 1 1 863 909 864
1484 2 2 1 1 864 909 910
1485 2 2 1 1 864 910 865
1486 2 2 1 1 865 910 911
1487 2 2 1 1 865 911 866
1488 2 2 1 1 866 911 912
1489 2 2 1 1 866 912 867
1490 2 2 1 1 867 912 913
1491 2 2 1 1 867 913 868
1492 2 2 1 1 868 913 914
1493 2 2 1 1 868 914 869
1494 2 2 1 1 869 914 915
1495 2 2 1 1 869 915 870
1496 2 2 1 1 870 915 916
1497 2 2 1 1 870 916 871
1498 2 2 1 1 871 916 917
1499 2 2 1 1 871 917 872
1500 2 2 1 1 872 917 918
1501 2 2 1 1 872 918 873
1502 2 2 1 1 873 918 919
1503 2 2 1 1 873 919 874
1504 2 2 1 1 874 919 920
1505 2 2 1 1 874 920 875
1506 2 2 1 1 875 920 921
1507 2 2 1 1 875 921 876
1508 2 2 1 1 876 921 922
1509 2 2 1 1 876 922 877
1510 2 2 1 1 877 922 923
1511 2 2 1 1 877 923 878
1512 2 2 1 1 878 923 924
1513 2 2 1 1 878 924 879
1514 2 2 1 1 879 924 925
1515 2 2 1 1 879 925 880
1516 2 2 1 1 880 925 926
1517 2 2 1 1 880 926 881
1518 2 2 1 1 881 926 927
1519 2 2 1 1 881 927 882
1520 2 2 1 1 882 927 928
1521 2 2 1 1 882 928 134
1522 2 2 1 1 134 928 133
1523 2 2 1 1 24 25 883
1524 2 2 1 1 883 25 929
1525 2 2 1 1 883 929 884
1526 2 2 1 1 884 929 930
1527 2 2 1 1 884 930 885
1528 2 2 1 1 885 930 931
1529 2 2 1 1 885 931 886
1530 2 2 1 1 886 931 932
1531 2 2 1 1 886 932 887
1532 2 2 1 1 887 932 933
1533 2 2 1 1 887 933 888
1534 2 2 1 1 888 933 934
1535 2 2 1 1 888 934 889
1536 2 2 1 1 889 934 935
1537 2 2 1 1 889 935 890
1538 2 2 1 1 890 935 936
1539 2 2 1 1 890 936 891
1540 2 2 1 1 891 936 937
1541 2 2 1 1 891 937 892
1542 2 2 1 1 892 937 938
1543 2 2 1 1 892 938 893
1544 2 2 1 1 893 938 939
1545 2 2 1 1 893 939 894
1546 2 2 1 1 894 939 940
1547 2 2 1 1 894 940 895
1548 2 2 1 1 895 940 941
1549 2 2 1 1 895 941 896
1550 2 2 1 1 896 941 942
1551 2 2 1 1 896 942 897
1552 2 2 1 1 897 942 943
1553 2 2 1 1 897 943 898
1554 2 2 1 1 898 943 944
1555 2 2 1 1 898 944 899
1556 2 2 1 1 899 944 945
1557 2 2 1 1 899 945 900
1558 2 2 1 1 900 945 946
1559 2 2 1 1 900 946 901
1560 2 2 1 1 901 946 947
1561 2 2 1 1 901 947 902
1562 2 2 1 1 902 947 948
1563 2 2 1 1 902 948 903
1564 2 2 1 1 903 948 949
1565 2 2 1 1 903 949 904
1566 2 2 1 1 904 949 950
1567 2 2 1 1 904 950 905
1568 2 2 1 1 905 950 951
1569 2 2 1 1 905 951 906
1570 2 2 1 1 906 951 952
1571 2 2 1 1 906 952 907
1572 2 2 1 1 907 952 953
1573 2 2 1 1 907 953 908
1574 2 2 1 1 908 953 954
1575 2 2 1 1 908 954 909
1576 2 2 1 1 909 954 955
1577 2 2 1 1 909 955 910
1578 2 2 1 1 910 955 956
1579 2 2 1 1 910 956 911
1580 2 2 1 1 911 956 957
1581 2 2 1 1 911 957 912
1582 2 2 1 1 912 957 958
1583 2 2 1 1 912 958 913
1584 2 2 1 1 913 958 959
1585 2 2 1 1 913 959 914
1586 2 2 1 1 914 959 960
1587 2 2 1 1 914 960 915
1588 2 2 1 1 915 960 961
1589 2 2 1 1 915 961 916
1590 2 2 1 1 916 961 962
1591 2 2 1 1 916 962 917
1592 2 2 1 1 917 962 963
1593 2 2 1 1 917 963 918
1594 2 2 1 1 918 963 964
1595 2 2 1 1 918 964 919
1596 2 2 1 1 919 964 965
1597 2 2 1 1 919 965 920
1598 2 2 1 1 920 965 966
1599 2 2 1 1 920 966 921
1600 2 2 1 1 921 966 967
1601 2 2 1 1 921 967 922
1602 2 2 1 1 922 967 968
1603 2 2 1 1 922 968 923
1604 2 2 1 1 923 968 969
1605 2 2 1 1 923 969 924
1606 2 2 1 1 924 969 970
1607 2 2 1 1 924 970 925
1608 2 2 1 1 925 970 971
1609 2 2 1 1 925 971 926
1610 2 2 1 1 926 971 972
1611 2 2 1 1 926 972 927
1612 2 2 1 1 927 972 973
1613 2 2 1 1 927 973 928
1614 2 2 1 1 928 973 974
1615 2 2 1 1 928 974 133
1616 2 2 1 1 133 974 132
1617 2 2 1 1 25 26 929
1618 2 2 1 1 929 26 975
1619 2 2 1 1 929 975 930
1620 2 2 1 1 930 975 976
1621 2 2 1 1 930 976 931
1622 2 2 1 1 931 976 977
1623 2 2 1 1 931 977 932
1624 2 2 1 1 932 977 978
1625 2 2 1 1 932 978 933
1626 2 2 1 1 933 978 979
1627 2 2 1 1 933 979 934
1628 2 2 1 1 934 979 980
1629 2 2 1 1 934 980 935
1630 2 2 1 1 935 980 981
1631 2 2 1 1 935 981 936
1632 2 2 1 1 936 981 982
1633 2 2 1 1 936 982 937
1634 2 2 1 1 937 982 983
1635 2 2 1 1 937 983 938
1636 2 2 1 1 938 983 984
1637 2 2 1 1 938 984 939
1638 2 2 1 1 939 984 985
1639 2 2 1 1 939 985 940
1640 2 2 1 1 940 985 986
1641 2 2 1 1 940 986 941
1642 2 2 1 1 941 986 987
1643 2 2 1 1 941 987 942
1644 2 2 1 1 942 987 988
1645 2 2 1 1 942 988 943
1646 2 2 1 1 943 988 989
1647 2 2 1 1 943 989 944
1648 2 2 1 1 944 989 990
1649 2 2 1 1 944 990 945
1650 2 2 1 1 945 990 991
1651 2 2 1 1 945 991 946
1652 2 2 1 1 946 991 992
1653 2 2 1 1 946 992 947
1654 2 2 1 1 947 992 993
1655 2 2 1 1 947 993 948
1656 2 2 1 1 948 993 994
1657 2 2 1 1 948 994 949
1658 2 2 1 1 949 994 995
1659 2 2 1 1 949 995 950
1660 2 2 1 1 950 995 996
1661 2 2 1 1 950 996 951
1662 2 2 1 1 951 996 997
1663 2 2 1 1 951 997 952
1664 2 2 1 1 952 997 998
1665 2 2 1 1 952 998 953
1666 2 2 1 1 953 998 999
1667 2 2 1 1 953 999 954
1668 2 2 1 1 954 999 1000
1669 2 2 1 1 954 1000 955
1670 2 2 1 1 955 1000 1001
1671 2 2 1 1 955 1001 956
1672 2 2 1 1 956 1001 1002
1673 2 2 1 1 956 1002 957
1674 2 2 1 1 957 1002 1003
1675 2 2 1 1 957 1003 958
1676 2 2 1 1 958 1003 1004
1677 2 2 1 1 958 1004 959
1678 2 2 1 1 959 1004 1005
1679 2 2 1 1 959 1005 960
1680 2 2 1 1 960 1005 1006
1681 2 2 1 1 960 1006 961
1682 2 2 1 1 961 1006 1007
1683 2 2 1 1 961 1007 962
1684 2 2 1 1 962 1007 1008
1685 2 2 1 1 962 1008 963
1686 2 2 1 1 963 1008 1009
1687 2 2 1 1 963 1009 964
1688 2 2 1 1 964 1009 1010
1689 2 2 1 1 964 1010 965
1690 2 2 1 1 965 1010 1011
1691 2 2 1 1 965 1011 966
1692 2 2 1 1 966 1011 1012
1693 2 2 1 1 966 1012 967
1694 2 2 1 1 967 1012 1013
1695 2 2 1 1 967 1013 968
1696 2 2 1 1 968 1013 1014
1697 2 2 1 1 968 1014 969
1698 2 2 1 1 969 1014 1015
1699 2 2 1 1 969 1015 970
1700 2 2 1 1 970 1015 1016
1701 2 2 1 1 970 1016 971
1702 2 2 1 1 971 1016 1017
1703 2 2 1 1 971 1017 972
1704 2 2 1 1 972 1017 1018
1705 2 2 1 1 972 1018 973
1706 2 2 1 1 973 1018 1019
1707 2 2 1 1 973 1019 974
1708 2 2 1 1 974 1019 1020
1709 2 2 1 1 974 1020 132
1710 2 2 1 1 132 1020 131
1711 2 2 1 1 26 27 975
1712 2 2 1 1 975 27 1021
1713 2 2 1 1 975 1021 976
1714 2 2 1 1 976 1021 1022
1715 2 2 1 1 976 1022 977
1716 2 2 1 1 977 1022 1023
1717 2 2 1 1 977 1023 978
1718 2 2 1 1 978 1023 1024
1719 2 2 1 1 978 1024 979
1720 2 2 1 1 979 1024 1025
1721 2 2 1 1 979 1025 980
1722 2 2 1 1 980 1025 1026
1723 2 2 1 1 980 1026 981
1724 2 2 1 1 981 1026 1027
1725 2 2 1 1 981 1027 982
1726 2 2 1 1 982 1027 1028
1727 2 2 1 1 982 1028 983
1728 2 2 1 1 983 1028 1029
1729 2 2 1 1 983 1029 984
1730 2 2 1 1 984 1029 1030
1731 2 2 1 1 984 1030 985
1732 2 2 1 1 985 1030 1031
1733 2 2 1 1 985 1031 986
1734 2 2 1 1 986 1031 1032
1735 2 2 1 1 986 1032 987
1736 2 2 1 1 987 1032 1033
1737 2 2 1 1 987 1033 988
1738 2 2 1 1 988 1033 1034
1739 2 2 1 1 988 1034 989
1740 2 2 1 1 989 1034 1035
1741 2 2 1 1 989 1035 990
1742 2 2 1 1 990 1035 1036
1743 2 2 1 1 990 1036 991
1744 2 2 1 1 991 1036 1037
1745 2 2 1 1 991 1037 992
1746 2 2 1 1 992 1037 1038
1747 2 2 1 1 992 1038 993
1748 2 2 1 1 993 1038 1039
1749 2 2 1 1 993 1039 994
1750 2 2 1 1 994 1039 1040
1751 2 2 1 1 994 1040 995
1752 2 2 1 1 995 1040 1041
1753 2 2 1 1 995 1041 996
1754 2 2 1 1 996 1041 1042
1755 2 2 1 1 996 1042 997
1756 2 2 1 1 997 1042 1043
1757 2 2 1 1 997 1043 998
1758 2 2 1 1 998 1043 1044
1759 2 2 1 1 998 1044 999
1760 2 2 1 1 999 1044 1045
1761 2 2 1 1 999 1045 1000
1762 2 2 1 1 1000 1045 1046
1763 2 2 1 1 1000 1046 1001
1764 2 2 1 1 1001 1046 1047
1765 2 2 1 1 1001 1047 1002
1766 2 2 1 1 1002 1047 1048
1767 2 2 1 1 1002 1048 1003
1768 2 2 1 1 1003 1048 1049
1769 2 2 1 1 1003 1049 1004
1770 2 2 1 1 1004 1049 1050
1771 2 2 1 1 1004 1050 1005
1772 2 2 1 1 1005 1050 1051
1773 2 2 1 1 1005 1051 1006
1774 2 2 1 1 1006 1051 1052
1775 2 2 1 1 1006 1052 1007
1776 2 2 1 1 1007 1052 1053
1777 2 2 1 1 1007 1053 1008
1778 2 2 1 1 1008 1053 1054
1779 2 2 1 1 1008 1054 1009
1780 2 2 1 1 1009 1054 1055
1781 2 2 1 1 1009 1055 1010
1782 2 2 1 1 1010 1055 1056
1783 2 2 1 1 1010 1056 1011
1784 2 2 1 1 1011 1056 1057
1785 2 2 1 1 1011 1057 1012
1786 2 2 1 1 1012 1057 1058
1787 2 2 1 1 1012 1058 1013
1788 2 2 1 1 1013 1058 1059
1789 2 2 1 1 1013 1059 1014
1790 2 2 1 1 1014 1059 1060
1791 2 2 1 1 1014 1060 1015
1792 2 2 1 1 1015 1060 1061
1793 2 2 1 1 1015 1061 1016
1794 2 2 1 1 1016 1061 1062
1795 2 2 1 1 1016 1062 1017
1796 2 2 1 1 1017 1062 1063
1797 2 2 1 1 1017 1063 1018
1798 2 2 1 1 1018 1063 1064
1799 2 2 1 1 1018 1064 1019
1800 2 2 1 1 1019 1064 1065
1801 2 2 1 1 1019 1065 1020
1802 2 2 1 1 1020 1065 1066
1803 2 2 1 1 1020 1066 131
1804 2 2 1 1 131 1066 130
1805 2 2 1 1 27 28 1021
1806 2 2 1 1 1021 28 1067
1807 2 2 1 1 1021 1067 1022
1808 2 2 1 1 1022 1067 1068
1809 2 2 1 1 1022 1068 1023
1810 2 2 1 1 1023 1068 1069
1811 2 2 1 1 1023 1069 1024
1812 2 2 1 1 1024 1069 1070
1813 2 2 1 1 1024 1070 1025
1814 2 2 1 1 1025 1070 1071
1815 2 2 1 1 1025 1071 1026
1816 2 2 1 1 1026 1071 1072
1817 2 2 1 1 1026 1072 1027
1818 2 2 1 1 1027 1072 1073
1819 2 2 1 1 1027 1073 1028
1820 2 2 1 1 1028 1073 1074
1821 2 2 1 1 1028 1074 1029
1822 2 2 1 1 1029 1074 1075
1823 2 2 1 1 1029 1075 1030
1824 2 2 1 1 1030 1075 1076
1825 2 2 1 1 1030 1076 1031
1826 2 2 1 1 1031 1076 1077
1827 2 2 1 1 1031 1077 1032
1828 2 2 1 1 1032 1077 1078
1829 2 2 1 1 1032 1078 1033
1830 2 2 1 1 1033 1078 1079
1831 2 2 1 1 1033 1079 1034
1832 2 2 1 1 1034 1079 1080
1833 2 2 1 1 1034 1080 1035
1834 2 2 1 1 1035 1080 1081
1835 2 2 1 1 1035 1081 1036
1836 2 2 1 1 1036 1081 1082
1837 2 2 1 1 1036 1082 1037
1838 2 2 1 1 1037 1082 1083
1839 2 2 1 1 1037 1083 1038
1840 2 2 1 1 1038 1083 1084
1841 2 2 1 1 1038 1084 1039
1842 2 2 1 1 1039 1084 1085
1843 2 2 1 1 1039 1085 1040
1844 2 2 1 1 1040 1085 1086
1845 2 2 1 1 1040 1086 1041
1846 2 2 1 1 1041 1086 1087
1847 2 2 1 1 1041 1087 1042
1848 2 2 1 1 1042 1087 1088
1849 2 2 1 1 1042 1088 1043
1850 2 2 1 1 1043 1088 1089
1851 2 2 1 1 1043 1089 1044
1852 2 2 1 1 1044 1089 1090
1853 2 2 1 1 1044 1090 1045
1854 2 2 1 1 1045 1090 1091
1855 2 2 1 1 1045 1091 1046
1856 2 2 1 1 1046 1091 1092
1857 2 2 1 1 1046 1092 1047
1858 2 2 1 1 1047 1092 1093
1859 2 2 1 1 1047 1093 1048
1860 2 2 1 1 1048 1093 1094
1861 2 2 1 1 1048 1094 1049
1862 2 2 1 1 1049 1094 1095
1863 2 2 1 1 1049 1095 1050
1864 2 2 1 1 1050 1095 1096
1865 2 2 1 1 1050 1096 1051
1866 2 2 1 1 1051 1096 1097
1867 2 2 1 1 1051 1097 1052
1868 2 2 1 1 1052 1097 1098
1869 2 2 1 1 1052 1098 1053
1870 2 2 1 1 1053 1098 1099
1871 2 2 1 1 1053 1099 1054
1872 2 2 1 1 1054 1099 1100
1873 2 2 1 1 1054 1100 1055
1874 2 2 1 1 1055 1100 1101
1875 2 2 1 1 1055 1101 1056
1876 2 2 1 1 1056 1101 1102
1877 2 2 1 1 1056 1102 1057
1878 2 2 1 1 1057 1102 1103
1879 2 2 1 1 1057 1103 1058
1880 2 2 1 1 1058 1103 1104
1881 2 2 1 1 1058 1104 1059
1882 2 2 1 1 1059 1104 1105
1883 2 2 1 1 1059 1105 1060
1884 2 2 1 1 1060 1105 1106
1885 2 2 1 1 1060 1106 1061
1886 2 2 1 1 1061 1106 1107
1887 2 2 1 1 1061 1107 1062
1888 2 2 1 1 1062 1107 1108
1889 2 2 1 1 1062 1108 1063
1890 2 2 1 1 1063 1108 1109
1891 2 2 1 1 1063 1109 1064
1892 2 2 1 1 1064 1109 1110
1893 2 2 1 1 1064 1110 1065
1894 2 2 1 1 1065 1110 1111
1895 2 2 1 1 1065 1111 1066
1896 2 2 1 1 1066 1111 1112
1897 2 2 1 1 1066 1112 130
1898 2 2 1 1 130 1112 129
1899 2 2 1 1 28 29 1067
1900 2 2 1 1 1067 29 1113
1901 2 2 1 1 1067 1113 1068
1902 2 2 1 1 1068 1113 1114
1903 2 2 1 1 1068 1114 1069
1904 2 2 1 1 1069 1114 1115
1905 2 2 1 1 1069 1115 1070
1906 2 2 1 1 1070 1115 1116
1907 2 2 1 1 1070 1116 1071
1908 2 2 1 1 1071 1116 1117
1909 2 2 1 1 1071 1117 1072
1910 2 2 1 1 1072 1117 1118
1911 2 2 1 1 1072 1118 1073
1912 2 2 1 1 1073 1118 1119
1913 2 2 1 1 1073 1119 1074
1914 2 2 1 1 1074 1119 1120
1915 2 2 1 1 1074 1120 1075
1916 2 2 1 1 1075 1120 1121
1917 2 2 1 1 1075 1121 1076
1918 2 2 1 1 1076 1121 1122
1919 2 2 1 1 1076 1122 1077
1920 2 2 1 1 1077 1122 1123
1921 2 2 1 1 1077 1123 1078
1922 2 2 1 1 1078 1123 1124
1923 2 2 1 1 1078 1124 1079
1924 2 2 1 1 1079 1124 1125
1925 2 2 1 1 1079 1125 1080
1926 2 2 1 1 1080 1125 1126
1927 2 2 1 1 1080 1126 1081
1928 2 2 1 1 1081 1126 1127
1929 2 2 1 1 1081 1127 1082
1930 2 2 1 1 1082 1127 1128
1931 2 2 1 1 1082 1128 1083
1932 2 2 1 1 1083 1128 1129
1933 2 2 1 1 1083 1129 1084
1934 2 2 1 1 1084 1129 1130
1935 2 2 1 1 1084 1130 1085
1936 2 2 1 1 1085 1130 1131
1937 2 2 1 1 1085 1131 1086
1938 2 2 1 1 1086 1131 1132
1939 2 2 1 1 1086 1132 1087
1940 2 2 1 1 1087 1132 1133
1941 2 2 1 1 1087 1133 1088
1942 2 2 1 1 1088 1133 1134
1943 2 2 1 1 1088 1134 1089
1944 2 2 1 1 1089 1134 1135
1945 2 2 1 1 1089 1135 1090
1946 2 2 1 1 1090 1135 1136
1947 2 2 1 1 1090 1136 1091
1948 2 2 1 1 1091 1136 1137
1949 2 2 1 1 1091 1137 1092
1950 2 2 1 1 1092 1137 1138
1951 2 2 1 1 1092 1138 1093
1952 2 2 1 1 1093 1138 1139
1953 2 2 1 1 1093 1139 1094
1954 2 2 1 1 1094 1139 1140
1955 2 2 1 1 1094 1140 1095
1956 2 2 1 1 1095 1140 1141
1957 2 2 1 1 1095 1141 1096
1958 2 2 1 1 1096 1141 1142
1959 2 2 1 1 1096 1142 1097
1960 2 2 1 1 1097 1142 1143
1961 2 2 1 1 1097 1143 1098
1962 2 2 1 1 1098 1143 1144
1963 2 2 1 1 1098 1144 1099
1964 2 2 1 1 1099 1144 1145
1965 2 2 1 1 1099 1145 1100
1966 2 2 1 1 1100 1145 1146
1967 2 2 1 1 1100 1146 1101
1968 2 2 1 1 1101 1146 1147
1969 2 2 1 1 1101 1147 1102
1970 2 2 1 1 1102 1147 1148
1971 2 2 1 1 1102 1148 1103
1972 2 2 1 1 1103 1148 1149
1973 2 2 1 1 1103 1149 1104
1974 2 2 1 1 1104 1149 1150
1975 2 2 1 1 1104 1150 1105
1976 2 2 1 1 1105 1150 1151
1977 2 2 1 1 1105 1151 1106
1978 2 2 1 1 1106 1151 1152
1979 2 2 1 1 1106 1152 1107
1980 2 2 1 1 1107 1152 1153
1981 2 2 1 1 1107 1153 1108
1982 2 2 1 1 1108 1153 1154
1983 2 2 1 1 1108 1154 1109
1984 2 2 1 1 1109 1154 1155
1985 2 2 1 1 1109 1155 1110
1986 2 2 1 1 1110 1155 1156
1987 2 2 1 1 1110 1156 1111
1988 2 2 1 1 1111 1156 1157
1989 2 2 1 1 1111 1157 1112
1990 2 2 1 1 1112 1157 1158
1991 2 2 1 1 1112 1158 129
1992 2 2 1 1 129 1158 128
1993 2 2 1 1 29 30 1113
1994 2 2 1 1 1113 30 1159
1995 2 2 1 1 1113 1159 1114
1996 2 2 1 1 1114 1159 1160
1997 2 2 1 1 1114 1160 1115
1998 2 2 1 1 1115 1160 1161
1999 2 2 1 1 1115 1161 1116
2000 2 2 1 1 1116 1161 1162
2001 2 2 1 1 1116 1162 1117
2002 2 2 1 1 1117 1162 1163
2003 2 2 1 1 1117 1163 1118
2004 2 2 1 1 1118 1163 1164
2005 2 2 1 1 1118 1164 1119
2006 2 2 1 1 1119 1164 1165
2007 2 2 1 1 1119 1165 1120
2008 2 2 1 1 1120 1165 1166
2009 2 2 1 1 1120 1166 1121
2010 2 2 1 1 1121 1166 1167
2011 2 2 1 1 1121 1167 1122
2012 2 2 1 1 1122 1167 1168
2013 2 2 1 1 1122 1168 1123
2014 2 2 1 1 1123 1168 1169
2015 2 2 1 1 1123 1169 1124
2016 2 2 1 1 1124 1169 1170
2017 2 2 1 1 1124 1170 1125
2018 2 2 1 1 1125 1170 1171
2019 2 2 1 1 1125 1171 1126
2020 2 2 1 1 1126 1171 1172
2021 2 2 1 1 1126 1172 1127
2022 2 2 1 1 1127 1172 1173
2023 2 2 1 1 1127 1173 1128
2024 2 2 1 1 1128 1173 1174
2025 2 2 1 1 1128 1174 1129
2026 2 2 1 1 1129 1174 1175
2027 2 2 1 1 1129 1175 1130
2028 2 2 1 1 1130 1175 1176
2029 2 2 1 1 1130 1176 1131
2030 2 2 1 1 1131 1176 1177
2031 2 2 1 1 1131 1177 1132
2032 2 2 1 1 1132 1177 1178
2033 2 2 1 1 1132 1178 1133
2034 2 2 1 1 1133 1178 1179
2035 2 2 1 1 1133 1179 1134
2036 2 2 1 1 1134 1179 1180
2037 2 2 1 1 1134 1180 1135
2038 2 2 1 1 1135 1180 1181
2039 2 2 1 1 1135 1181 1136
2040 2 2 1 1 1136 1181 1182
2041 2 2 1 1 1136 1182 1137
2042 2 2 1 1 1137 1182 1183
2043 2 2 1 1 1137 1183 1138
2044 2 2 1 1 1138 1183 1184
2045 2 2 1 1 1138 1184 1139
2046 2 2 1 1 1139 1184 1185
2047 2 2 1 1 1139 1185 1140
2048 2 2 1 1 1140 1185 1186
2049 2 2 1 1 1140 1186 1141
2050 2 2 1 1 1141 1186 1187
2051 2 2 1 1 1141 1187 1142
2052 2 2 1 1 1142 1187 1188
2053 2 2 1 1 1142 1188 1143
2054 2 2 1 1 1143 1188 1189
2055 2 2 1 1 1143 1189 1144
2056 2 2 1 1 1144 1189 1190
2057 2 2 1 1 1144 1190 1145
2058 2 2 1 1 1145 1190 1191
2059 2 2 1 1 1145 1191 1146
2060 2 2 1 1 1146 1191 1192
2061 2 2 1 1 1146 1192 1147
2062 2 2 1 1 1147 1192 1193
2063 2 2 1 1 1147 1193 1148
2064 2 2 1 1 1148 1193 1194
2065 2 2 1 1 1148 1194 1149
2066 2 2 1 1 1149 1194 1195
2067 2 2 1 1 1149 1195 1150
2068 2 2 1 1 1150 1195 1196
2069 2 2 1 1 1150 1196 1151
2070 2 2 1 1 1151 1196 1197
2071 2 2 1 1 1151 1197 1152
2072 2 2 1 1 1152 1197 1198
2073 2 2 1 1 1152 1198 1153
2074 2 2 1 1 1153 1198 1199
2075 2 2 1 1 1153 1199 1154
2076 2 2 1 1 1154 1199 1200
2077 2 2 1 1 1154 1200 1155
2078 2 2 1 1 1155 1200 1201
2079 2 2 1 1 1155 1201 1156
2080 2 2 1 1 1156 1201 1202
2081 2 2 1 1 1156 1202 1157
2082 2 2 1 1 1157 1202 1203
2083 2 2 1 1 1157 1203 1158
2084 2 2 1 1 1158 1203 1204
2085 2 2 1 1 1158 1204 128
2086 2 2 1 1 128 1204 127
2087 2 2 1 1 30 31 1159
2088 2 2 1 1 1159 31 1205
2089 2 2 1 1 1159 1205 1160
2090 2 2 1 1 1160 1205 1206
2091 2 2 1 1 1160 1206 1161
2092 2 2 1 1 1161 1206 1207
2093 2 2 1 1 1161 1207 1162
2094 2 2 1 1 1162 1207 1208
2095 2 2 1 1 1162 1208 1163
2096 2 2 1 1 1163 1208 1209
2097 2 2 1 1 1163 1209 1164
2098 2 2 1 1 1164 1209 1210
2099 2 2 1 1 1164 1210 1165
2100 2 2 1 1 1165 1210 1211
2101 2 2 1 1 1165 1211 1166
2102 2 2 1 1 1166 1211 1212
2103 2 2 1 1 1166 1212 1167
2104 2 2 1 1 1167 1212 1213
2105 2 2 1 1 1167 1213 1168
2106 2 2 1 1 1168 1213 1214
2107 2 2 1 1 1168 1214 1169
2108 2 2 1 1 1169 1214 1215
2109 2 2 1 1 1169 1215 1170
2110 2 2 1 1 1170 1215 1216
2111 2 2 1 1 1170 1216 1171
2112 2 2 1 1 1171 1216 1217
2113 2 2 1 1 1171 1217 1172
2114 2 2 1 1 1172 1217 1218
2115 2 2 1 1 1172 1218 1173
2116 2 2 1 1 1173 1218 1219
2117 2 2 1 1 1173 1219 1174
2118 2 2 1 1 1174 1219 1220
2119 2 2 1 1 1174 1220 1175
2120 2 2 1 1 1175 1220 1221
2121 2 2 1 1 1175 1221 1176
2122 2 2 1 1 1176 1221 1222
2123 2 2 1 1 1176 1222 1177
2124 2 2 1 1 1177 1222 1223
2125 2 2 1 1 1177 1223 1178
2126 2 2 1 1 1178 1223 1224
2127 2 2 1 1 1178 1224 1179
2128 2 2 1 1 1179 1224 1225
2129 2 2 1 1 1179 1225 1180
2130 2 2 1 1 1180 1225 1226
2131 2 2 1 1 1180 1226 1181
2132 2 2 1 1 1181 1226 1227
2133 2 2 1 1 1181 1227 1182
2134 2 2 1 1 1182 1227 1228
2135 2 2 1 1 1182 1228 1183
2136 2 2 1 1 1183 1228 1229
2137 2 2 1 1 1183 1229 1184
2138 2 2 1 1 1184 1229 1230
2139 2 2 1 1 1184 1230 1185
2140 2 2 1 1 1185 1230 1231
2141 2 2 1 1 1185 1231 1186
2142 2 2 1 1 1186 1231 1232
2143 2 2 1 1 1186 1232 1187
2144 2 2 1 1 1187 1232 1233
2145 2 2 1 1 1187 1233 1188
2146 2 2 1 1 1188 1233 1234
2147 2 2 1 1 1188 1234 1189
2148 2 2 1 1 1189 1234 1235
2149 2 2 1 1 1189 1235 1190
2150 2 2 1 1 1190 1235 1236
2151 2 2 1 1 1190 1236 1191
2152 2 2 1 1 1191 1236 1237
2153 2 2 1 1 1191 1237 1192
2154 2 2 1 1 1192 1237 1238
2155 2 2 1 1 1192 1238 1193
2156 2 2 1 1 1193 1238 1239
2157 2 2 1 1 1193 1239 1194
2158 2 2 1 1 1194 1239 1240
2159 2 2 1 1 1194 1240 1195
2160 2 2 1 1 1195 1240 1241
2161 2 2 1 1 1195 1241 1196
2162 2 2 1 1 1196 1241 1242
2163 2 2 1 1 1196 1242 1197
2164 2 2 1 1 1197 1242 1243
2165 2 2 1 1 1197 1243 1198
2166 2 2 1 1 1198 1243 1244
2167 2 2 1 1 1198 1244 1199
2168 2 2 1 1 1199 1244 1245
2169 2 2 1 1 1199 1245 1200
2170 2 2 1 1 1200 1245 1246
2171 2 2 1 1 1200 1246 1201
2172 2 2 1 1 1201 1246 1247
2173 2 2 1 1 1201 1247 1202
2174 2 2 1 1 1202 1247 1248
2175 2 2 1 1 1202 1248 1203
2176 2 2 1 1 1203 1248 1249
2177 2 2 1 1 1203 1249 1204
2178 2 2 1 1 1204 1249 1250
2179 2 2 1 1 1204 1250 127
2180 2 2 1 1 127 1250 126
2181 2 2 1 1 31 32 1205
2182 2 2 1 1 1205 32 1251
2183 2 2 1 1 1205 1251 1206
2184 2 2 1 1 1206 1251 1252
2185 2 2 1 1 1206 1252 1207
2186 2 2 1 1 1207 1252 1253
2187 2 2 1 1 1207 1253 1208
2188 2 2 1 1 1208 1253 1254
2189 2 2 1 1 1208 1254 1209
2190 2 2 1 1 1209 1254 1255
2191 2 2 1 1 1209 1255 1210
2192 2 2 1 1 1210 1255 1256
2193 2 2 1 1 1210 1256 1211
2194 2 2 1 1 1211 1256 1257
2195 2 2 1 1 1211 1257 1212
2196 2 2 1 1 1212 1257 1258
2197 2 2 1 1 1212 1258 1213
2198 2 2 1 1 1213 1258 1259
2199 2 2 1 1 1213 1259 1214
2200 2 2 1 1 1214 1259 1260
2201 2 2 1 1 1214 1260 1215
2202 2 2 1 1 1215 1260 1261
2203 2 2 1 1 1215 1261 1216
2204 2 2 1 1 1216 1261 1262
2205 2 2 1 1 1216 1262 1217
2206 2 2 1 1 1217 1262 1263
2207 2 2 1 1 1217 1263 1218
2208 2 2 1 1 1218 1263 1264
2209 2 2 1 1 1218 1264 1219
2210 2 2 1 1 1219 1264 1265
2211 2 2 1 1 1219 1265 1220
2212 2 2 1 1 1220 1265 1266
2213 2 2 1 1 1220 1266 1221
2214 2 2 1 1 1221 1266 1267
2215 2 2 1 1 1221 1267 1222
2216 2 2 1 1 1222 1267 1268
2217 2 2 1 1 1222 1268 1223
2218 2 2 1 1 1223 1268 1269
2219 2 2 1 1 1223 1269 1224
2220 2 2 1 1 1224 1269 1270
2221 2 2 1 1 1224 1270 1225
2222 2 2 1 1 1225 1270 1271
2223 2 2 1 1 1225 1271 1226
2224 2 2 1 1 1226 1271 1272
2225 2 2 1 1 1226 1272 1227
2226 2 2 1 1 1227 1272 1273
2227 2 2 1 1 1227 1273 1228
2228 2 2 1 1 1228 1273 1274
2229 2 2 1 1 1228 1274 1229
2230 2 2 1 1 1229 1274 1275
2231 2 2 1 1 1229 1275 1230
2232 2 2 1 1 1230 1275 1276
2233 2 2 1 1 1230 1276 1231
2234 2 2 1 1 1231 1276 1277
2235 2 2 1 1 1231 1277 1232
2236 2 2 1 1 1232 1277 1278
2237 2 2 1 1 1232 1278 1233
2238 2 2 1 1 1233 1278 1279
2239 2 2 1 1 1233 1279 1234
2240 2 2 1 1 1234 1279 1280
2241 2 2 1 1 1234 1280 1235
2242 2 2 1 1 1235 1280 1281
2243 2 2 1 1 1235 1281 1236
2244 2 2 1 1 1236 1281 1282
2245 2 2 1 1 1236 1282 1237
2246 2 2 1 1 1237 1282 1283
2247 2 2 1 1 1237 1283 1238
2248 2 2 1 1 1238 1283 1284
2249 2 2 1 1 1238 1284 1239
2250 2 2 1 1 1239 1284 1285
2251 2 2 1 1 1239 1285 1240
2252 2 2 1 1 1240 1285 1286
2253 2 2 1 1 1240 1286 1241
2254 2 2 1 1 1241 1286 1287
2255 2 2 1 1 1241 1287 1242
2256 2 2 1 1 1242 1287 1288
2257 2 2 1 1 1242 1288 1243
2258 2 2 1 1 1243 1288 1289
2259 2 2 1 1 1243 1289 1244
2260 2 2 1 1 1244 1289 1290
2261 2 2 1 1 1244 1290 1245
2262 2 2 1 1 1245 1290 1291
2263 2 2 1 1 1245 1291 1246
2264 2 2 1 1 1246 1291 1292
2265 2 2 1 1 1246 1292 1247
2266 2 2 1 1 1247 1292 1293
2267 2 2 1 1 1247 1293 1248
2268 2 2 1 1 1248 1293 1294
2269 2 2 1 1 1248 1294 1249
2270 2 2 1 1 1249 1294 1295
2271 2 2 1 1 1249 1295 1250
2272 2 2 1 1 1250 1295 1296
2273 2 2 1 1 1250 1296 126
2274 2 2 1 1 126 1296 125
2275 2 2 1 1 32 33 1251
2276 2 2 1 1 1251 33 1297
2277 2 2 1 1 1251 1297 1252
2278 2 2 1 1 1252 1297 1298
2279 2 2 1 1 1252 1298 1253
2280 2 2 1 1 1253 1298 1299
2281 2 2 1 1 1253 1299 1254
2282 2 2 1 1 1254 1299 1300
2283 2 2 1 1 1254 1300 1255
2284 2 2 1 1 1255 1300 1301
2285 2 2 1 1 1255 1301 1256
2286 2 2 1 1 1256 1301 1302
2287 2 2 1 1 1256 1302 1257
2288 2 2 1 1 1257 1302 1303
2289 2 2 1 1 1257 1303 1258
2290 2 2 1 1 1258 1303 1304
2291 2 2 1 1 1258 1304 1259
2292 2 2 1 1 1259 1304 1305
2293 2 2 1 1 1259 1305 1260
2294 2 2 1 1 1260 1305 1306
2295 2 2 1 1 1260 1306 1261
2296 2 2 1 1 1261 1306 1307
2297 2 2 1 1 1261 1307 1262
2298 2 2 1 1 1262 1307 1308
2299 2 2 1 1 1262 1308 1263
2300 2 2 1 1 1263 1308 1309
2301 2 2 1 1 1263 1309 1264
2302 2 2 1 1 1264 1309 1310
2303 2 2 1 1 1264 1310 1265
2304 2 2 1 1 1265 1310 1311
2305 2 2 1 1 1265 1311 1266
2306 2 2 1 1 1266 1311 1312
2307 2 2 1 1 1266 1312 1267
2308 2 2 1 1 1267 1312 1313
2309 2 2 1 1 1267 1313 1268
2310 2 2 1 1 1268 1313 1314
2311 2 2 1 1 1268 1314 1269
2312 2 2 1 1 1269 1314 1315
2313 2 2 1 1 1269 1315 1270
2314 2 2 1 1 1270 1315 1316
2315 2 2 1 1 1270 1316 1271
2316 2 2 1 1 1271 1316 1317
2317 2 2 1 1 1271 1317 1272
2318 2 2 1 1 1272 1317 1318
2319 2 2 1 1 1272 1318 1273
2320 2 2 1 1 1273 1318 1319
2321 2 2 1 1 1273 1319 1274
2322 2 2 1 1 1274 1319 1320
2323 2 2 1 1 1274 1320 1275
2324 2 2 1 1 1275 1320 1321
2325 2 2 1 1 1275 1321 1276
2326 2 2 1 1 1276 1321 1322
2327 2 2 1 1 1276 1322 1277
2328 2 2 1 1 1277 1322 1323
2329 2 2 1 1 1277 1323 1278
2330 2 2 1 1 1278 1323 1324
2331 2 2 1 1 1278 1324 1279
2332 2 2 1 1 1279 1324 1325
2333 2 2 1 1 1279 1325 1280
2334 2 2 1 1 1280 1325 1326
2335 2 2 1 1 1280 1326 1281
2336 2 2 1 1 1281 1326 1327
2337 2 2 1 1 1281 1327 1282
2338 2 2 1 1 1282 1327 1328
2339 2 2 1 1 1282 1328 1283
2340 2 2 1 1 1283 1328 1329
2341 2 2 1 1 1283 1329 1284
2342 2 2 1 1 1284 1329 1330
2343 2 2 1 1 1284 1330 1285
2344 2 2 1 1 1285 1330 1331
2345 2 2 1 1 1285 1331 1286
2346 2 2 1 1 1286 1331 1332
2347 2 2 1 1 1286 1332 1287
2348 2 2 1 1 1287 1332 1333
2349 2 2 1 1 1287 1333 1288
2350 2 2 1 1 1288 1333 1334
2351 2 2 1 1 1288 1334 1289
2352 2 2 1 1 1289 1334 1335
2353 2 2 1 1 1289 1335 1290
2354 2 2 1 1 1290 1335 1336
2355 2 2 1 1 1290 1336 1291
2356 2 2 1 1 1291 1336 1337
2357 2 2 1 1 1291 1337 1292
2358 2 2 1 1 1292 1337 1338
2359 2 2 1 1 1292 1338 1293
2360 2 2 1 1 1293 1338 1339
2361 2 2 1 1 1293 1339 1294
2362 2 2 1 1 1294 1339 1340
2363 2 2 1 1 1294 1340 1295
2364 2 2 1 1 1295 1340 1341
2365 2 2 1 1 1295 1341 1296
2366 2 2 1 1 1296 1341 1342
2367 2 2 1 1 1296 1342 125
2368 2 2 1 1 125 1342 124
2369 2 2 1 1 33 34 1297
2370 2 2 1 1 1297 34 1343
2371 2 2 1 1 1297 1343 1298
2372 2 2 1 1 1298 1343 1344
2373 2 2 1 1 1298 1344 1299
2374 2 2 1 1 1299 1344 1345
2375 2 2 1 1 1299 1345 1300
2376 2 2 1 1 1300 1345 1346
2377 2 2 1 1 1300 1346 1301
2378 2 2 1 1 1301 1346 1347
2379 2 2 1 1 1301 1347 1302
2380 2 2 1 1 1302 1347 1348
2381 2 2 1 1 1302 1348 1303
2382 2 2 1 1 1303 1348 1349
2383 2 2 1 1 1303 1349 1304
2384 2 2 1 1 1304 1349 1350
2385 2 2 1 1 1304 1350 1305
2386 2 2 1 1 1305 1350 1351
2387 2 2 1 1 1305 1351 1306
2388 2 2 1 1 1306 1351 1352
2389 2 2 1 1 1306 1352 1307
2390 2 2 1 1 1307 1352 1353
2391 2 2 1 1 1307 1353 1308
2392 2 2 1 1 1308 1353 1354
2393 2 2 1 1 1308 1354 1309
2394 2 2 1 1 1309 1354 1355
2395 2 2 1 1 1309 1355 1310
2396 2 2 1 1 1310 1355 1356
2397 2 2 1 1 1310 1356 1311
2398 2 2 1 1 1311 1356 1357
2399 2 2 1 1 1311 1357 1312
2400 2 2 1 1 1312 1357 1358
2401 2 2 1 1 1312 1358 1313
2402 2 2 1 1 1313 1358 1359
2403 2 2 1 1 1313 1359 1314
2404 2 2 1 1 1314 1359 1360
2405 2 2 1 1 1314 1360 1315
2406 2 2 1 1 1315 1360 1361
2407 2 2 1 1 1315 1361 1316
2408 2 2 1 1 1316 1361 1362
2409 2 2 1 1 1316 1362 1317
2410 2 2 1 1 1317 1362 1363
2411 2 2 1 1 1317 1363 1318
2412 2 2 1 1 1318 1363 1364
2413 2 2 1 1 1318 1364 1319
2414 2 2 1 1 1319 1364 1365
2415 2 2 1 1 1319 1365 1320
2416 2 2 1 1 1320 1365 1366
2417 2 2 1 1 1320 1366 1321
2418 2 2 1 1 1321 1366 1367
2419 2 2 1 1 1321 1367 1322
2420 2 2 1 1 1322 1367 1368
2421 2 2 1 1 1322 1368 1323
2422 2 2 1 1 1323 1368 1369
2423 2 2 1 1 1323 1369 1324
2424 2 2 1 1 1324 1369 1370
2425 2 2 1 1 1324 1370 1325
2426 2 2 1 1 1325 1370 1371
2427 2 2 1 1 1325 1371 1326
2428 2 2 1 1 1326 1371 1372
2429 2 2 1 1 1326 1372 1327
2430 2 2 1 1 1327 1372 1373
2431 2 2 1 1 1327 1373 1328
2432 2 2 1 1 1328 1373 1374
2433 2 2 1 1 1328 1374 1329
2434 2 2 1 1 1329 1374 1375
2435 2 2 1 1 1329 1375 1330
2436 2 2 1 1 1330 1375 1376
2437 2 2 1 1 1330 1376 1331
2438 2 2 1 1 1331 1376 1377
2439 2 2 1 1 1331 1377 1332
2440 2 2 1 1 1332 1377 1378
2441 2 2 1 1 1332 1378 1333
2442 2 2 1 1 1333 1378 1379
2443 2 2 1 1 1333 1379 1334
2444 2 2 1 1 1334 1379 1380
2445 2 2 1 1 1334 1380 1335
2446 2 2 1 1 1335 1380 1381
2447 2 2 1 1 1335 1381 1336
2448 2 2 1 1 1336 1381 1382
2449 2 2 1 1 1336 1382 1337
2450 2 2 1 1 1337 1382 1383
2451 2 2 1 1 1337 1383 1338
2452 2 2 1 1 1338 1383 1384
2453 2 2 1 1 1338 1384 1339
2454 2 2 1 1 1339 1384 1385
2455 2 2 1 1 1339 1385 1340
2456 2 2 1 1 1340 1385 1386
2457 2 2 1 1 1340 1386 1341
2458 2 2 1 1 1341 1386 1387
2459 2 2 1 1 1341 1387 1342
2460 2 2 1 1 1342 1387 1388
2461 2 2 1 1 1342 1388 124
2462 2 2 1 1 124 1388 123
2463 2 2 1 1 34 35 1343
2464 2 2 1 1 1343 35 1389
2465 2 2 1 1 1343 1389 1344
2466 2 2 1 1 1344 1389 1390
2467 2 2 1 1 1344 1390 1345
2468 2 2 1 1 1345 1390 1391
2469 2 2 1 1 1345 1391 1346
2470 2 2 1 1 1346 1391 1392
2471 2 2 1 1 1346 1392 1347
2472 2 2 1 1 1347 1392 1393
2473 2 2 1 1 1347 1393 1348
2474 2 2 1 1 1348 1393 1394
2475 2 2 1 1 1348 1394 1349
2476 2 2 1 1 1349 1394 1395
2477 2 2 1 1 1349 1395 1350
2478 2 2 1 1 1350 1395 1396
2479 2 2 1 1 1350 1396 1351
2480 2 2 1 1 1351 1396 1397
2481 2 2 1 1 1351 1397 1352
2482 2 2 1 1 1352 1397 1398
2483 2 2 1 1 1352 1398 1353
2484 2 2 1 1 1353 1398 1399
2485 2 2 1 1 1353 1399 1354
2486 2 2 1 1 1354 1399 1400
2487 2 2 1 1 1354 1400 1355
2488 2 2 1 1 1355 1400 1401
2489 2 2 1 1 1355 1401 1356
2490 2 2 1 1 1356 1401 1402
2491 2 2 1 1 1356 1402 1357
2492 2 2 1 1 1357 1402 1403
2493 2 2 1 1 1357 1403 1358
2494 2 2 1 1 1358 1403 1404
2495 2 2 1 1 1358 1404 1359
2496 2 2 1 1 1359 1404 1405
2497 2 2 1 1 1359 1405 1360
2498 2 2 1 1 1360 1405 1406
2499 2 2 1 1 1360 1406 1361
2500 2 2 1 1 1361 1406 1407
2501 2 2 1 1 1361 1407 1362
2502 2 2 1 1 1362 1407 1408
2503 2 2 1 1 1362 1408 1363
2504 2 2 1 1 1363 1408 1409
2505 2 2 1 1 1363 1409 1364
2506 2 2 1 1 1364 1409 1410
2507 2 2 1 1 1364 1410 1365
2508 2 2 1 1 1365 1410 1411
2509 2 2 1 1 1365 1411 1366
2510 2 2 1 1 1366 1411 1412
2511 2 2 1 1 1366 1412 1367
2512 2 2 1 1 1367 1412 1413
2513 2 2 1 1 1367 1413 1368
2514 2 2 1 1 1368 1413 1414
2515 2 2 1 1 1368 1414 1369
2516 2 2 1 1 1369 1414 1415
2517 2 2 1 1 1369 1415 1370
2518 2 2 1 1 1370 1415 1416
2519 2 2 1 1 1370 1416 1371
2520 2 2 1 1 1371 1416 1417
2521 2 2 1 1 1371 1417 1372
2522 2 2 1 1 1372 1417 1418
2523 2 2 1 1 1372 1418 1373
2524 2 2 1 1 1373 1418 1419
2525 2 2 1 1 1373 1419 1374
2526 2 2 1 1 1374 1419 1420
2527 2 2 1 1 1374 1420 1375
2528 2 2 1 1 1375 1420 1421
2529 2 2 1 1 1375 1421 1376
2530 2 2 1 1 1376 1421 1422
2531 2 2 1 1 1376 1422 1377
2532 2 2 1 1 1377 1422 1423
2533 2 2 1 1 1377 1423 1378
2534 2 2 1 1 1378 1423 1424
2535 2 2 1 1 1378 1424 1379
2536 2 2 1 1 1379 1424 1425
2537 2 2 1 1 1379 1425 1380
2538 2 2 1 1 1380 1425 1426
2539 2 2 1 1 1380 1426 1381
2540 2 2 1 1 1381 1426 1427
2541 2 2 1 1 1381 1427 1382
2542 2 2 1 1 1382 1427 1428
2543 2 2 1 1 1382 1428 1383
2544 2 2 1 1 1383 1428 1429
2545 2 2 1 1 1383 1429 1384
2546 2 2 1 1 1384 1429 1430
2547 2 2 1 1 1384 1430 1385
2548 2 2 1 1 1385 1430 1431
2549 2 2 1 1 1385 1431 1386
2550 2 2 1 1 1386 1431 1432
2551 2 2 1 1 1386 1432 1387
2552 2 2 1 1 1387 1432 1433
2553 2 2 1 1 1387 1433 1388
2554 2 2 1 1 1388 1433 1434
2555 2 2 1 1 1388 1434 123
2556 2 2 1 1 123 1434 122
2557 2 2 1 1 35 36 1389
2558 2 2 1 1 1389 36 1435
2559 2 2 1 1 1389 1435 1390
2560 2 2 1 1 1390 1435 1436
2561 2 2 1 1 1390 1436 1391
2562 2 2 1 1 1391 1436 1437
2563 2 2 1 1 1391 1437 1392
2564 2 2 1 1 1392 1437 1438
2565 2 2 1 1 1392 1438 1393
2566 2 2 1 1 1393 1438 1439
2567 2 2 1 1 1393 1439 1394
2568 2 2 1 1 1394 1439 1440
2569 2 2 1 1 1394 1440 1395
2570 2 2 1 1 1395 1440 1441
2571 2 2 1 1 1395 1441 1396
2572 2 2 1 1 1396 1441 1442
2573 2 2 1 1 1396 1442 1397
2574 2 2 1 1 1397 1442 1443
2575 2 2 1 1 1397 1443 1398
2576 2 2 1 1 1398 1443 1444
2577 2 2 1 1 1398 1444 1399
2578 2 2 1 1 1399 1444 1445
2579 2 2 1 1 1399 1445 1400
2580 2 2 1 1 1400 1445 1446
2581 2 2 1 1 1400 1446 1401
2582 2 2 1 1 1401 1446 1447
2583 2 2 1 1 1401 1447 1402
2584 2 2 1 1 1402 1447 1448
2585 2 2 1 1 1402 1448 1403
2586 2 2 1 1 1403 1448 1449
2587 2 2 1 1 1403 1449 1404
2588 2 2 1 1 1404 1449 1450
2589 2 2 1 1 1404 1450 1405
2590 2 2 1 1 1405 1450 1451
2591 2 2 1 1 1405 1451 1406
2592 2 2 1 1 1406 1451 1452
2593 2 2 1 1 1406 1452 1407
2594 2 2 1 1 1407 1452 1453
2595 2 2 1 1 1407 1453 1408
2596 2 2 1 1 1408 1453 1454
2597 2 2 1 1 1408 1454 1409
2598 2 2 1 1 1409 1454 1455
2599 2 2 1 1 1409 1455 1410
2600 2 2 1 1 1410 1455 1456
2601 2 2 1 1 1410 1456 1411
2602 2 2 1 1 1411 1456 1457
2603 2 2 1 1 1411 1457 1412
2604 2 2 1 1 1412 1457 1458
2605 2 2 1 1 1412 1458 1413
2606 2 2 1 1 1413 1458 1459
2607 2 2 1 1 1413 1459 1414
2608 2 2 1 1 1414 1459 1460
2609 2 2 1 1 1414 1460 1415
2610 2 2 1 1 1415 1460 1461
2611 2 2 1 1 1415 1461 1416
2612 2 2 1 1 1416 1461 1462
2613 2 2 1 1 1416 1462 1417
2614 2 2 1 1 1417 1462 1463
2615 2 2 1 1 1417 1463 1418
2616 2 2 1 1 1418 1463 1464
2617 2 2 1 1 1418 1464 1419
2618 2 2 1 1 1419 1464 1465
2619 2 2 1 1 1419 1465 1420
2620 2 2 1 1 1420 1465 1466
2621 2 2 1 1 1420 1466 1421
2622 2 2 1 1 1421 1466 1467
2623 2 2 1 1 1421 1467 1422
2624 2 2 1 1 1422 1467 1468
2625 2 2 1 1 1422 1468 1423
2626 2 2 1 1 1423 1468 1469
2627 2 2 1 1 1423 1469 1424
2628 2 2 1 1 1424 1469 1470
2629 2 2 1 1 1424 1470 1425
2630 2 2 1 1 1425 1470 1471
2631 2 2 1 1 1425 1471 1426
2632 2 2 1 1 1426 1471 1472
2633 2 2 1 1 1426 1472 1427
2634 2 2 1 1 1427 1472 1473
2635 2 2 1 1 1427 1473 1428
2636 2 2 1 1 1428 1473 1474
2637 2 2 1 1 1428 1474 1429
2638 2 2 1 1 1429 1474 1475
2639 2 2 1 1 1429 1475 1430
2640 2 2 1 1 1430 1475 1476
2641 2 2 1 1 1430 1476 1431
2642 2 2 1 1 1431 1476 1477
2643 2 2 1 1 1431 1477 1432
2644 2 2 1 1 1432 1477 1478
2645 2 2 1 1 1432 1478 1433
2646 2 2 1 1 1433 1478 1479
2647 2 2 1 1 1433 1479 1434
2648 2 2 1 1 1434 1479 1480
2649 2 2 1 1 1434 1480 122
2650 2 2 1 1 122 1480 121
2651 2 2 1 1 36 37 1435
2652 2 2 1 1 1435 37 1481
2653 2 2 1 1 1435 1481 1436
2654 2 2 1 1 1436 1481 1482
2655 2 2 1 1 1436 1482 1437
2656 2 2 1 1 1437 1482 1483
2657 2 2 1 1 1437 1483 1438
2658 2 2 1 1 1438 1483 1484
2659 2 2 1 1 1438 1484 1439
2660 2 2 1 1 1439 1484 1485
2661 2 2 1 1 1439 1485 1440
2662 2 2 1 1 1440 1485 1486
2663 2 2 1 1 1440 1486 1441
2664 2 2 1 1 1441 1486 1487
2665 2 2 1 1 1441 1487 1442
2666 2 2 1 1 1442 1487 1488
2667 2 2 1 1 1442 1488 1443
2668 2 2 1 1 1443 1488 1489
2669 2 2 1 1 1443 1489 1444
2670 2 2 1 1 1444 1489 1490
2671 2 2 1 1 1444 1490 1445
2672 2 2 1 1 1445 1490 1491
2673 2 2 1 1 1445 1491 1446
2674 2 2 1 1 1446 1491 1492
2675 2 2 1 1 1446 1492 1447
2676 2 2 1 1 1447 1492 1493
2677 2 2 1 1 1447 1493 1448
2678 2 2 1 1 1448 1493 1494
2679 2 2 1 1 1448 1494 1449
2680 2 2 1 1 1449 1494 1495
2681 2 2 1 1 1449 1495 1450
2682 2 2 1 1 1450 1495 1496
2683 2 2 1 1 1450 1496 1451
2684 2 2 1 1 1451 1496 1497
2685 2 2 1 1 1451 1497 1452
2686 2 2 1 1 1452 1497 1498
2687 2 2 1 1 1452 1498 1453
2688 2 2 1 1 1453 1498 1499
2689 2 2 1 1 1453 1499 1454
2690 2 2 1 1 1454 1499 1500
2691 2 2 1 1 1454 1500 1455
2692 2 2 1 1 1455 1500 1501
2693 2 2 1 1 1455 1501 1456
2694 2 2 1 1 1456 1501 1502
2695 2 2 1 1 1456 1502 1457
2696 2 2 1 1 1457 1502 1503
2697 2 2 1 1 1457 1503 1458
2698 2 2 1 1 1458 1503 1504
2699 2 2 1 1 1458 1504 1459
2700 2 2 1 1 1459 1504 1505
2701 2 2 1 1 1459 1505 1460
2702 2 2 1 1 1460 1505 1506
2703 2 2 1 1 1460 1506 1461
2704 2 2 1 1 1461 1506 1507
2705 2 2 1 1 1461 1507 1462
2706 2 2 1 1 1462 1507 1508
2707 2 2 1 1 1462 1508 1463
2708 2 2 1 1 1463 1508 1509
2709 2 2 1 1 1463 1509 1464
2710 2 2 1 1 1464 1509 1510
2711 2 2 1 1 1464 1510 1465
2712 2 2 1 1 1465 1510 1511
2713 2 2 1 1 1465 1511 1466
2714 2 2 1 1 1466 1511 1512
2715 2 2 1 1 1466 1512 1467
2716 2 2 1 1 1467 1512 1513
2717 2 2 1 1 1467 1513 1468
2718 2 2 1 1 1468 1513 1514
2719 2 2 1 1 1468 1514 1469
2720 2 2 1 1 1469 1514 1515
2721 2 2 1 1 1469 1515 1470
2722 2 2 1 1 1470 1515 1516
2723 2 2 1 1 1470 1516 1471
2724 2 2 1 1 1471 1516 1517
2725 2 2 1 1 1471 1517 1472
2726 2 2 1 1 1472 1517 1518
2727 2 2 1 1 1472 1518 1473
2728 2 2 1 1 1473 1518 1519
2729 2 2 1 1 1473 1519 1474
2730 2 2 1 1 1474 1519 1520
2731 2 2 1 1 1474 1520 1475
2732 2 2 1 1 1475 1520 1521
2733 2 2 1 1 1475 1521 1476
2734 2 2 1 1 1476 1521 1522
2735 2 2 1 1 1476 1522 1477
2736 2 2 1 1 1477 1522 1523
2737 2 2 1 1 1477 1523 1478
2738 2 2 1 1 1478 1523 1524
2739 2 2 1 1 1478 1524 1479
2740 2 2 1 1 1479 1524 1525
2741 2 2 1 1 1479 1525 1480
2742 2 2 1 1 1480 1525 1526
2743 2 2 1 1 1480 1526 121
2744 2 2 1 1 121 1526 120
2745 2 2 1 1 37 38 1481
2746 2 2 1 1 1481 38 1527
2747 2 2 1 1 1481 1527 1482
2748 2 2 1 1 1482 1527 1528
2749 2 2 1 1 1482 1528 1483
2750 2 2 1 1 1483 1528 1529
2751 2 2 1 1 1483 1529 1484
2752 2 2 1 1 1484 1529 1530
2753 2 2 1 1 1484 1530 1485
2754 2 2 1 1 1485 1530 1531
2755 2 2 1 1 1485 1531 1486
2756 2 2 1 1 1486 1531 1532
2757 2 2 1 1 1486 1532 1487
2758 2 2 1 1 1487 1532 1533
2759 2 2 1 1 1487 1533 1488
2760 2 2 1 1 1488 1533 1534
2761 2 2 1 1 1488 1534 1489
2762 2 2 1 1 1489 1534 1535
2763 2 2 1 1 1489 1535 1490
2764 2 2 1 1 1490 1535 1536
2765 2 2 1 1 1490 1536 1491
2766 2 2 1 1 1491 1536 1537
2767 2 2 1 1 1491 1537 1492
2768 2 2 1 1 1492 1537 1538
2769 2 2 1 1 1492 1538 1493
2770 2 2 1 1 1493 1538 1539
2771 2 2 1 1 1493 1539 1494
2772 2 2 1 1 1494 1539 1540
2773 2 2 1 1 1494 1540 1495
2774 2 2 1 1 1495 1540 1541
2775 2 2 1 1 1495 1541 1496
2776 2 2 1 1 1496 1541 1542
2777 2 2 1 1 1496 1542 1497
2778 2 2 1 1 1497 1542 1543
2779 2 2 1 1 1497 1543 1498
2780 2 2 1 1 1498 1543 1544
2781 2 2 1 1 1498 1544 1499
2782 2 2 1 1 1499 1544 1545
2783 2 2 1 1 1499 1545 1500
2784 2 2 1 1 1500 1545 1546
2785 2 2 1 1 1500 1546 1501
2786 2 2 1 1 1501 1546 1547
2787 2 2 1 1 1501 1547 1502
2788 2 2 1 1 1502 1547 1548
2789 2 2 1 1 1502 1548 1503
2790 2 2 1 1 1503 1548 1549
2791 2 2 1 1 1503 1549 1504
2792 2 2 1 1 1504 1549 1550
2793 2 2 1 1 1504 1550 1505
2794 2 2 1 1 1505 1550 1551
2795 2 2 1 1 1505 1551 1506
2796 2 2 1 1 1506 1551 1552
2797 2 2 1 1 1506 1552 1507
2798 2 2 1 1 1507 1552 1553
2799 2 2 1 1 1507 1553 1508
2800 2 2 1 1 1508 1553 1554
2801 2 2 1 1 1508 1554 1509
2802 2 2 1 1 1509 1554 1555
2803 2 2 1 1 1509 1555 1510
2804 2 2 1 1 1510 1555 1556
2805 2 2 1 1 1510 1556 1511
2806 2 2 1 1 1511 1556 1557
2807 2 2 1 1 1511 1557 1512
2808 2 2 1 1 1512 1557 1558
2809 2 2 1 1 1512 1558 1513
2810 2 2 1 1 1513 1558 1559
2811 2 2 1 1 1513 1559 1514
2812 2 2 1 1 1514 1559 1560
2813 2 2 1 1 1514 1560 1515
2814 2 2 1 1 1515 1560 1561
2815 2 2 1 1 1515 1561 1516
2816 2 2 1 1 1516 1561 1562
2817 2 2 1 1 1516 1562 1517
2818 2 2 1 1 1517 1562 1563
2819 2 2 1 1 1517 1563 1518
2820 2 2 1 1 1518 1563 1564
2821 2 2 1 1 1518 1564 1519
2822 2 2 1 1 1519 1564 1565
2823 2 2 1 1 1519 1565 1520
2824 2 2 1 1 1520 1565 1566
2825 2 2 1 1 1520 1566 1521
2826 2 2 1 1 1521 1566 1567
2827 2 2 1 1 1521 1567 1522
2828 2 2 1 1 1522 1567 1568
2829 2 2 1 1 1522 1568 1523
2830 2 2 1 1 1523 1568 1569
2831 2 2 1 1 1523 1569 1524
2832 2 2 1 1 1524 1569 1570
2833 2 2 1 1 1524 1570 1525
2834 2 2 1 1 1525 1570 1571
2835 2 2 1 1 1525 1571 1526
2836 2 2 1 1 1526 1571 1572
2837 2 2 1 1 1526 1572 120
2838 2 2 1 1 120 1572 119
2839 2 2 1 1 38 39 1527
2840 2 2 1 1 1527 39 1573
2841 2 2 1 1 1527 1573 1528
2842 2 2 1 1 1528 1573 1574
2843 2 2 1 1 1528 1574 1529
2844 2 2 1 1 1529 1574 1575
2845 2 2 1 1 1529 1575 1530
2846 2 2 1 1 1530 1575 1576
2847 2 2 1 1 1530 1576 1531
2848 2 2 1 1 1531 1576 1577
2849 2 2 1 1 1531 1577 1532
2850 2 2 1 1 1532 1577 1578
2851 2 2 1 1 1532 1578 1533
2852 2 2 1 1 1533 1578 1579
2853 2 2 1 1 1533 1579 1534
2854 2 2 1 1 1534 1579 1580
2855 2 2 1 1 1534 1580 1535
2856 2 2 1 1 1535 1580 1581
2857 2 2 1 1 1535 1581 1536
2858 2 2 1 1 1536 1581 1582
2859 2 2 1 1 1536 1582 1537
2860 2 2 1 1 1537 1582 1583
2861 2 2 1 1 1537 1583 1538
2862 2 2 1 1 1538 1583 1584
2863 2 2 1 1 1538 1584 1539
2864 2 2 1 1 1539 1584 1585
2865 2 2 1 1 1539 1585 1540
2866 2 2 1 1 1540 1585 1586
2867 2 2 1 1 1540 1586 1541
2868 2 2 1 1 1541 1586 1587
2869 2 2 1 1 1541 1587 1542
2870 2 2 1 1 1542 1587 1588
2871 2 2 1 1 1542 1588 1543
2872 2 2 1 1 1543 1588 1589
2873 2 2 1 1 1543 1589 1544
2874 2 2 1 1 1544 1589 1590
2875 2 2 1 1 1544 1590 1545
2876 2 2 1 1 1545 1590 1591
2877 2 2 1 1 1545 1591 1546
2878 2 2 1 1 1546 1591 1592
2879 2 2 1 1 1546 1592 1547
2880 2 2 1 1 1547 1592 1593
2881 2 2 1 1 1547 1593 1548
2882 2 2 1 1 1548 1593 1594
2883 2 2 1 1 1548 1594 1549
2884 2 2 1 1 1549 1594 1595
2885 2 2 1 1 1549 1595 1550
2886 2 2 1 1 1550 1595 1596
2887 2 2 1 1 1550 1596 1551
2888 2 2 1 1 1551 1596 1597
2889 2 2 1 1 1551 1597 1552
2890 2 2 1 1 1552 1597 1598
2891 2 2 1 1 1552 1598 1553
2892 2 2 1 1 1553 1598 1599
2893 2 2 1 1 1553 1599 1554
2894 2 2 1 1 1554 1599 1600
2895 2 2 1 1 1554 1600 1555
2896 2 2 1 1 1555 1600 1601
2897 2 2 1 1 1555 1601 1556
2898 2 2 1 1 1556 1601 1602
2899 2 2 1 1 1556 1602 1557
2900 2 2 1 1 1557 1602 1603
2901 2 2 1 1 1557 1603 1558
2902 2 2 1 1 1558 1603 1604
2903 2 2 1 1 1558 1604 1559
2904 2 2 1 1 1559 1604 1605
2905 2 2 1 1 1559 1605 1560
2906 2 2 1 1 1560 1605 1606
2907 2 2 1 1 1560 1606 1561
2908 2 2 1 1 1561 1606 1607
2909 2 2 1 1 1561 1607 1562
2910 2 2 1 1 1562 1607 1608
2911 2 2 1 1 1562 1608 1563
2912 2 2 1 1 1563 1608 1609
2913 2 2 1 1 1563 1609 1564
2914 2 2 1 1 1564 1609 1610
2915 2 2 1 1 1564 1610 1565
2916 2 2 1 1 1565 1610 1611
2917 2 2 1 1 1565 1611 1566
2918 2 2 1 1 1566 1611 1612
2919 2 2 1 1 1566 1612 1567
2920 2 2 1 1 1567 1612 1613
2921 2 2 1 1 1567 1613 1568
2922 2 2 1 1 1568 1613 1614
2923 2 2 1 1 1568 1614 1569
2924 2 2 1 1 1569 1614 1615
2925 2 2 1 1 1569 1615 1570
2926 2 2 1 1 1570 1615 1616
2927 2 2 1 1 1570 1616 1571
2928 2 2 1 1 1571 1616 1617
2929 2 2 1 1 1571 1617 1572
2930 2 2 1 1 1572 1617 1618
2931 2 2 1 1 1572 1618 119
2932 2 2 1 1 119 1618 118
2933 2 2 1 1 39 40 1573
2934 2 2 1 1 1573 40 1619
2935 2 2 1 1 1573 1619 1574
2936 2 2 1 1 1574 1619 1620
2937 2 2 1 1 1574 1620 1575
2938 2 2 1 1 1575 1620 1621
2939 2 2 1 1 1575 1621 1576
2940 2 2 1 1 1576 1621 1622
2941 2 2 1 1 1576 1622 1577
2942 2 2 1 1 1577 1622 1623
2943 2 2 1 1 1577 1623 1578
2944 2 2 1 1 1578 1623 1624
2945 2 2 1 1 1578 1624 1579
2946 2 2 1 1 1579 1624 1625
2947 2 2 1 1 1579 1625 1580
2948 2 2 1 1 1580 1625 1626
2949 2 2 1 1 1580 1626 1581
2950 2 2 1 1 1581 1626 1627
2951 2 2 1 1 1581 1627 1582
2952 2 2 1 1 1582 1627 1628
2953 2 2 1 1 1582 1628 1583
2954 2 2 1 1 1583 1628 1629
2955 2 2 1 1 1583 1629 1584
2956 2 2 1 1 1584 1629 1630
2957 2 2 1 1 1584 1630 1585
2958 2 2 1 1 1585 1630 1631
2959 2 2 1 1 1585 1631 1586
2960 2 2 1 1 1586 1631 1632
2961 2 2 1 1 1586 1632 1587
2962 2 2 1 1 1587 1632 1633
2963 2 2 1 1 1587 1633 1588
2964 2 2 1 1 1588 1633 1634
2965 2 2 1 1 1588 1634 1589
2966 2 2 1 1 1589 1634 1635
2967 2 2 1 1 1589 1635 1590
2968 2 2 1 1 1590 1635 1636
2969 2 2 1 1 1590 1636 1591
2970 2 2 1 1 1591 1636 1637
2971 2 2 1 1 1591 1637 1592
2972 2 2 1 1 1592 1637 1638
2973 2 2 1 1 1592 1638 1593
2974 2 2 1 1 1593 1638 1639
2975 2 2 1 1 1593 1639 1594
2976 2 2 1 1 1594 1639 1640
2977 2 2 1 1 1594 1640 1595
2978 2 2 1 1 1595 1640 1641
2979 2 2 1 1 1595 1641 1596
2980 2 2 1 1 1596 1641 1642
2981 2 2 1 1 1596 1642 1597
2982 2 2 1 1 1597 1642 1643
2983 2 2 1 1 1597 1643 1598
2984 2 2 1 1 1598 1643 1644
2985 2 2 1 1 1598 1644 1599
2986 2 2 1 1 1599 1644 1645
2987 2 2 1 1 1599 1645 1600
2988 2 2 1 1 1600 1645 1646
2989 2 2 1 1 1600 1646 1601
2990 2 2 1 1 1601 1646 1647
2991 2 2 1 1 1601 1647 1602
2992 2 2 1 1 1602 1647 1648
2993 2 2 1 1 1602 1648 1603
2994 2 2 1 1 1603 1648 1649
2995 2 2 1 1 1603 1649 1604
2996 2 2 1 1 1604 1649 1650
2997 2 2 1 1 1604 1650 1605
2998 2 2 1 1 1605 1650 1651
2999 2 2 1 1 1605 1651 1606
3000 2 2 1 1 1606 1651 1652
3001 2 2 1 1 1606 1652 1607
3002 2 2 1 1 1607 1652 1653
3003 2 2 1 1 1607 1653 1608
3004 2 2 1 1 1608 1653 1654
3005 2 2 1 1 1608 1654 1609
3006 2 2 1 1 1609 1654 1655
3007 2 2 1 1 1609 1655 1610
3008 2 2 1 1 1610 1655 1656
3009 2 2 1 1 1610 1656 1611
3010 2 2 1 1 1611 1656 1657
3011 2 2 1 1 1611 1657 1612
3012 2 2 1 1 1612 1657 1658
3013 2 2 1 1 1612 1658 1613
3014 2 2 1 1 1613 1658 1659
3015 2 2 1 1 1613 1659 1614
3016 2 2 1 1 1614 1659 1660
3017 2 2 1 1 1614 1660 1615
3018 2 2 1 1 1615 1660 1661
3019 2 2 1 1 1615 1661 1616
3020 2 2 1 1 1616 1661 1662
3021 2 2 1 1 1616 1662 1617
3022 2 2 1 1 1617 1662 1663
3023 2 2 1 1 1617 1663 1618
3024 2 2 1 1 1618 1663 1664
3025 2 2 1 1 1618 1664 118
3026 2 2 1 1 118 1664 117
3027 2 2 1 1 40 41 1619
3028 2 2 1 1 1619 41 1665
3029 2 2 1 1 1619 1665 1620
3030 2 2 1 1 1620 1665 1666
3031 2 2 1 1 1620 1666 1621
3032 2 2 1 1 1621 1666 1667
3033 2 2 1 1 1621 1667 1622
3034 2 2 1 1 1622 1667 1668
3035 2 2 1 1 1622 1668 1623
3036 2 2 1 1 1623 1668 1669
3037 2 2 1 1 1623 1669 1624
3038 2 2 1 1 1624 1669 1670
3039 2 2 1 1 1624 1670 1625
3040 2 2 1 1 1625 1670 1671
3041 2 2 1 1 1625 1671 1626
3042 2 2 1 1 1626 1671 1672
3043 2 2 1 1 1626 1672 1627
3044 2 2 1 1 1627 1672 1673
3045 2 2 1 1 1627 1673 1628
3046 2 2 1 1 1628 1673 1674
3047 2 2 1 1 1628 1674 1629
3048 2 2 1 1 1629 1674 1675
3049 2 2 1 1 1629 1675 1630
3050 2 2 1 1 1630 1675 1676
3051 2 2 1 1 1630 1676 1631
3052 2 2 1 1 1631 1676 1677
3053 2 2 1 1 1631 1677 1632
3054 2 2 1 1 1632 1677 1678
3055 2 2 1 1 1632 1678 1633
3056 2 2 1 1 1633 1678 1679
3057 2 2 1 1 1633 1679 1634
3058 2 2 1 1 1634 1679 1680
3059 2 2 1 1 1634 1680 1635
3060 2 2 1 1 1635 1680 1681
3061 2 2 1 1 1635 1681 1636
3062 2 2 1 1 1636 1681 1682
3063 2 2 1 1 1636 1682 1637
3064 2 2 1 1 1637 1682 1683
3065 2 2 1 1 1637 1683 1638
3066 2 2 1 1 1638 1683 1684
3067 2 2 1 1 1638 1684 1639
3068 2 2 1 1 1639 1684 1685
3069 2 2 1 1 1639 1685 1640
3070 2 2 1 1 1640 1685 1686
3071 2 2 1 1 1640 1686 1641
3072 2 2 1 1 1641 1686 1687
3073 2 2 1 1 1641 1687 1642
3074 2 2 1 1 1642 1687 1688
3075 2 2 1 1 1642 1688 1643
3076 2 2 1 1 1643 1688 1689
3077 2 2 1 1 1643 1689 1644
3078 2 2 1 1 1644 1689 1690
3079 2 2 1 1 1644 1690 1645
3080 2 2 1 1 1645 1690 1691
3081 2 2 1 1 1645 1691 1646
3082 2 2 1 1 1646 1691 1692
3083 2 2 1 1 1646 1692 1647
3084 2 2 1 1 1647 1692 1693
3085 2 2 1 1 1647 1693 1648
3086 2 2 1 1 1648 1693 1694
3087 2 2 1 1 1648 1694 1649
3088 2 2 1 1 1649 1694 1695
3089 2 2 1 1 1649 1695 1650
3090 2 2 1 1 1650 1695 1696
3091 2 2 1 1 1650 1696 1651
3092 2 2 1 1 1651 1696 1697
3093 2 2 1 1 1651 1697 1652
3094 2 2 1 1 1652 1697 1698
3095 2 2 1 1 1652 1698 1653
3096 2 2 1 1 1653 1698 1699
3097 2 2 1 1 1653 1699 1654
3098 2 2 1 1 1654 1699 1700
3099 2 2 1 1 1654 1700 1655
3100 2 2 1 1 1655 1700 1701
3101 2 2 1 1 1655 1701 1656
3102 2 2 1 1 1656 1701 1702
3103 2 2 1 1 1656 1702 1657
3104 2 2 1 1 1657 1702 1703
3105 2 2 1 1 1657 1703 1658
3106 2 2 1 1 1658 1703 1704
3107 2 2 1 1 1658 1704 1659
3108 2 2 1 1 1659 1704 1705
3109 2 2 1 1 1659 1705 1660
3110 2 2 1 1 1660 1705 1706
3111 2 2 1 1 1660 1706 1661
3112 2 2 1 1 1661 1706 1707
3113 2 2 1 1 1661 1707 1662
3114 2 2 1 1 1662 1707 1708
3115 2 2 1 1 1662 1708 1663
3116 2 2 1 1 1663 1708 1709
3117 2 2 1 1 1663 1709 1664
3118 2 2 1 1 1664 1709 1710
3119 2 2 1 1 1664 1710 117
3120 2 2 1 1 117 1710 116
3121 2 2 1 1 41 42 1665
3122 2 2 1 1 1665 42 1711
3123 2 2 1 1 1665 1711 1666
3124 2 2 1 1 1666 1711 1712
3125 2 2 1 1 1666 1712 1667
3126 2 2 1 1 1667 1712 1713
3127 2 2 1 1 1667 1713 1668
3128 2 2 1 1 1668 1713 1714
3129 2 2 1 1 1668 1714 1669
3130 2 2 1 1 1669 1714 1715
3131 2 2 1 1 1669 1715 1670
3132 2 2 1 1 1670 1715 1716
3133 2 2 1 1 1670 1716 1671
3134 2 2 1 1 1671 1716 1717
3135 2 2 1 1 1671 1717 1672
3136 2 2 1 1 1672 1717 1718
3137 2 2 1 1 1672 1718 1673
3138 2 2 1 1 1673 1718 1719
3139 2 2 1 1 1673 1719 1674
3140 2 2 1 1 1674 1719 1720
3141 2 2 1 1 1674 1720 1675
3142 2 2 1 1 1675 1720 1721
3143 2 2 1 1 1675 1721 1676
3144 2 2 1 1 1676 1721 1722
3145 2 2 1 1 1676 1722 1677
3146 2 2 1 1 1677 1722 1723
3147 2 2 1 1 1677 1723 1678
3148 2 2 1 1 1678 1723 1724
3149 2 2 1 1 1678 1724 1679
3150 2 2 1 1 1679 1724 1725
3151 2 2 1 1 1679 1725 1680
3152 2 2 1 1 1680 1725 1726
3153 2 2 1 1 1680 1726 1681
3154 2 2 1 1 1681 1726 1727
3155 2 2 1 1 1681 1727 1682
3156 2 2 1 1 1682 1727 1728
3157 2 2 1 1 1682 1728 1683
3158 2 2 1 1 1683 1728 1729
3159 2 2 1 1 1683 1729 1684
3160 2 2 1 1 1684 1729 1730
3161 2 2 1 1 1684 1730 1685
3162 2 2 1 1 1685 1730 1731
3163 2 2 1 1 1685 1731 1686
3164 2 2 1 1 1686 1731 1732
3165 2 2 1 1 1686 1732 1687
3166 2 2 1 1 1687 1732 1733
3167 2 2 1 1 1687 1733 1688
3168 2 2 1 1 1688 1733 1734
3169 2 2 1 1 1688 1734 1689
3170 2 2 1 1 1689 1734 1735
3171 2 2 1 1 1689 1735 1690
3172 2 2 1 1 1690 1735 1736
3173 2 2 1 1 1690 1736 1691
3174 2 2 1 1 1691 1736 1737
3175 2 2 1 1 1691 1737 1692
3176 2 2 1 1 1692 1737 1738
3177 2 2 1 1 1692 1738 1693
3178 2 2 1 1 1693 1738 1739
3179 2 2 1 1 1693 1739 1694
3180 2 2 1 1 1694 1739 1740
3181 2 2 1 1 1694 1740 1695
3182 2 2 1 1 1695 1740 1741
3183 2 2 1 1 1695 1741 1696
3184 2 2 1 1 1696 1741 1742
3185 2 2 1 1 1696 1742 1697
3186 2 2 1 1 1697 1742 1743
3187 2 2 1 1 1697 1743 1698
3188 2 2 1 1 1698 1743 1744
3189 2 2 1 1 1698 1744 1699
3190 2 2 1 1 1699 1744 1745
3191 2 2 1 1 1699 1745 1700
3192 2 2 1 1 1700 1745 1746
3193 2 2 1 1 1700 1746 1701
3194 2 2 1 1 1701 1746 1747
3195 2 2 1 1 1701 1747 1702
3196 2 2 1 1 1702 1747 1748
3197 2 2 1 1 1702 1748 1703
3198 2 2 1 1 1703 1748 1749
3199 2 2 1 1 1703 1749 1704
3200 2 2 1 1 1704 1749 1750
3201 2 2 1 1 1704 1750 1705
3202 2 2 1 1 1705 1750 1751
3203 2 2 1 1 1705 1751 1706
3204 2 2 1 1 1706 1751 1752
3205 2 2 1 1 1706 1752 1707
3206 2 2 1 1 1707 1752 1753
3207 2 2 1 1 1707 1753 1708
3208 2 2 1 1 1708 1753 1754
3209 2 2 1 1 1708 1754 1709
3210 2 2 1 1 1709 1754 1755
3211 2 2 1 1 1709 1755 1710
3212 2 2 1 1 1710 1755 1756
3213 2 2 1 1 1710 1756 116
3214 2 2 1 1 116 1756 115
3215 2 2 1 1 42 43 1711
3216 2 2 1 1 1711 43 1757
3217 2 2 1 1 1711 1757 1712
3218 2 2 1 1 1712 1757 1758
3219 2 2 1 1 1712 1758 1713
3220 2 2 1 1 1713 1758 1759
3221 2 2 1 1 1713 1759 1714
3222 2 2 1 1 1714 1759 1760
3223 2 2 1 1 1714 1760 1715
3224 2 2 1 1 1715 1760 1761
3225 2 2 1 1 1715 1761 1716
3226 2 2 1 1 1716 1761 1762
3227 2 2 1 1 1716 1762 1717
3228 2 2 1 1 1717 1762 1763
3229 2 2 1 1 1717 1763 1718
3230 2 2 1 1 1718 1763 1764
3231 2 2 1 1 1718 1764 1719
3232 2 2 1 1 1719 1764 1765
3233 2 2 1 1 1719 1765 1720
3234 2 2 1 1 1720 1765 1766
3235 2 2 1 1 1720 1766 1721
3236 2 2 1 1 1721 1766 1767
3237 2 2 1 1 1721 1767 1722
3238 2 2 1 1 1722 1767 1768
3239 2 2 1 1 1722 1768 1723
3240 2 2 1 1 1723 1768 1769
3241 2 2 1 1 1723 1769 1724
3242 2 2 1 1 1724 1769 1770
3243 2 2 1 1 1724 1770 1725
3244 2 2 1 1 1725 1770 1771
3245 2 2 1 1 1725 1771 1726
3246 2 2 1 1 1726 1771 1772
3247 2 2 1 1 1726 1772 1727
3248 2 2 1 1 1727 1772 1773
3249 2 2 1 1 1727 1773 1728
3250 2 2 1 1 1728 1773 1774
3251 2 2 1 1 1728 1774 1729
3252 2 2 1 1 1729 1774 1775
3253 2 2 1 1 1729 1775 1730
3254 2 2 1 1 1730 1775 1776
3255 2 2 1 1 1730 1776 1731
3256 2 2 1 1 1731 1776 1777
3257 2 2 1 1 1731 1777 1732
3258 2 2 1 1 1732 1777 1778
3259 2 2 1 1 1732 1778 1733
3260 2 2 1 1 1733 1778 1779
3261 2 2 1 1 1733 1779 1734
3262 2 2 1 1 1734 1779 1780
3263 2 2 1 1 1734 1780 1735
3264 2 2 1 1 1735 1780 1781
3265 2 2 1 1 1735 1781 1736
3266 2 2 1 1 1736 1781 1782
3267 2 2 1 1 1736 1782 1737
3268 2 2 1 1 1737 1782 1783
3269 2 2 1 1 1737 1783 1738
3270 2 2 1 1 1738 1783 1784
3271 2 2 1 1 1738 1784 1739
3272 2 2 1 1 1739 1784 1785
3273 2 2 1 1 1739 1785 1740
3274 2 2 1 1 1740 1785 1786
3275 2 2 1 1 1740 1786 1741
3276 2 2 1 1 1741 1786 1787
3277 2 2 1 1 1741 1787 1742
3278 2 2 1 1 1742 1787 1788
3279 2 2 1 1 1742 1788 1743
3280 2 2 1 1 1743 1788 1789
3281 2 2 1 1 1743 1789 1744
3282 2 2 1 1 1744 1789 1790
3283 2 2 1 1 1744 1790 1745
3284 2 2 1 1 1745 1790 1791
3285 2 2 1 1 1745 1791 1746
3286 2 2 1 1 1746 1791 1792
3287 2 2 1 1 1746 1792 1747
3288 2 2 1 1 1747 1792 1793
3289 2 2 1 1 1747 1793 1748
3290 2 2 1 1 1748 1793 1794
3291 2 2 1 1 1748 1794 1749
3292 2 2 1 1 1749 1794 1795
3293 2 2 1 1 1749 1795 1750
3294 2 2 1 1 1750 1795 1796
3295 2 2 1 1 1750 1796 1751
3296 2 2 1 1 1751 1796 1797
3297 2 2 1 1 1751 1797 1752
3298 2 2 1 1 1752 1797 1798
3299 2 2 1 1 1752 1798 1753
3300 2 2 1 1 1753 1798 1799
3301 2 2 1 1 1753 1799 1754
3302 2 2 1 1 1754 1799 1800
3303 2 2 1 1 1754 1800 1755
3304 2 2 1 1 1755 1800 1801
3305 2 2 1 1 1755 1801 1756
3306 2 2 1 1 1756 1801 1802
3307 2 2 1 1 1756 1802 115
3308 2 2 1 1 115 1802 114
3309 2 2 1 1 43 44 1757
3310 2 2 1 1 1757 44 1803
3311 2 2 1 1 1757 1803 1758
3312 2 2 1 1 1758 1803 1804
3313 2 2 1 1 1758 1804 1759
3314 2 2 1 1 1759 1804 1805
3315 2 2 1 1 1759 1805 1760
3316 2 2 1 1 1760 1805 1806
3317 2 2 1 1 1760 1806 1761
3318 2 2 1 1 1761 1806 1807
3319 2 2 1 1 1761 1807 1762
3320 2 2 1 1 1762 1807 1808
3321 2 2 1 1 1762 1808 1763
3322 2 2 1 1 1763 1808 1809
3323 2 2 1 1 1763 1809 1764
3324 2 2 1 1 1764 1809 1810
3325 2 2 1 1 1764 1810 1765
3326 2 2 1 1 1765 1810 1811
3327 2 2 1 1 1765 1811 1766
3328 2 2 1 1 1766 1811 1812
3329 2 2 1 1 1766 1812 1767
3330 2 2 1 1 1767 1812 1813
3331 2 2 1 1 1767 1813 1768
3332 2 2 1 1 1768 1813 1814
3333 2 2 1 1 1768 1814 1769
3334 2 2 1 1 1769 1814 1815
3335 2 2 1 1 1769 1815 1770
3336 2 2 1 1 1770 1815 1816
3337 2 2 1 1 1770 1816 1771
3338 2 2 1 1 1771 1816 1817
3339 2 2 1 1 1771 1817 1772
3340 2 2 1 1 1772 1817 1818
3341 2 2 1 1 1772 1818 1773
3342 2 2 1 1 1773 1818 1819
3343 2 2 1 1 1773 1819 1774
3344 2 2 1 1 1774 1819 1820
3345 2 2 1 1 1774 1820 1775
3346 2 2 1 1 1775 1820 1821
3347 2 2 1 1 1775 1821 1776
3348 2 2 1 1 1776 1821 1822
3349 2 2 1 1 1776 1822 1777
3350 2 2 1 1 1777 1822 1823
3351 2 2 1 1 1777 1823 1778
3352 2 2 1 1 1778 1823 1824
3353 2 2 1 1 1778 1824 1779
3354 2 2 1 1 1779 1824 1825
3355 2 2 1 1 1779 1825 1780
3356 2 2 1 1 1780 1825 1826
3357 2 2 1 1 1780 1826 1781
3358 2 2 1 1 1781 1826 1827
3359 2 2 1 1 1781 1827 1782
3360 2 2 1 1 1782 1827 1828
3361 2 2 1 1 1782 1828 1783
3362 2 2 1 1 1783 1828 1829
3363 2 2 1 1 1783 1829 1784
3364 2 2 1 1 1784 1829 1830
3365 2 2 1 1 1784 1830 1785
3366 2 2 1 1 1785 1830 1831
3367 2 2 1 1 1785 1831 1786
3368 2 2 1 1 1786 1831 1832
3369 2 2 1 1 1786 1832 1787
3370 2 2 1 1 1787 1832 1833
3371 2 2 1 1 1787 1833 1788
3372 2 2 1 1 1788 1833 1834
3373 2 2 1 1 1788 1834 1789
3374 2 2 1 1 1789 1834 1835
3375 2 2 1 1 1789 1835 1790
3376 2 2 1 1 1790 1835 1836
3377 2 2 1 1 1790 1836 1791
3378 2 2 1 1 1791 1836 1837
3379 2 2 1 1 1791 1837 1792
3380 2 2 1 1 1792 1837 1838
3381 2 2 1 1 1792 1838 1793
3382 2 2 1 1 1793 1838 1839
3383 2 2 1 1 1793 1839 1794
3384 2 2 1 1 1794 1839 1840
3385 2 2 1 1 1794 1840 1795
3386 2 2 1 1 1795 1840 1841
3387 2 2 1 1 1795 1841 1796
3388 2 2 1 1 1796 1841 1842
3389 2 2 1 1 1796 1842 1797
3390 2 2 1 1 1797 1842 1843
3391 2 2 1 1 1797 1843 1798
3392 2 2 1 1 1798 1843 1844
3393 2 2 1 1 1798 1844 1799
3394 2 2 1 1 1799 1844 1845
3395 2 2 1 1 1799 1845 1800
3396 2 2 1 1 1800 1845 1846
3397 2 2 1 1 1800 1846 1801
3398 2 2 1 1 1801 1846 1847
3399 2 2 1 1 1801 1847 1802
3400 2 2 1 1 1802 1847 1848
3401 2 2 1 1 1802 1848 114
3402 2 2 1 1 114 1848 113
3403 2 2 1 1 44 45 1803
3404 2 2 1 1 1803 45 1849
3405 2 2 1 1 1803 1849 1804
3406 2 2 1 1 1804 1849 1850
3407 2 2 1 1 1804 1850 1805
3408 2 2 1 1 1805 1850 1851
3409 2 2 1 1 1805 1851 1806
3410 2 2 1 1 1806 1851 1852
3411 2 2 1 1 1806 1852 1807
3412 2 2 1 1 1807 1852 1853
3413 2 2 1 1 1807 1853 1808
3414 2 2 1 1 1808 1853 1854
3415 2 2 1 1 1808 1854 1809
3416 2 2 1 1 1809 1854 1855
3417 2 2 1 1 1809 1855 1810
3418 2 2 1 1 1810 1855 1856
3419 2 2 1 1 1810 1856 1811
3420 2 2 1 1 1811 1856 1857
3421 2 2 1 1 1811 1857 1812
3422 2 2 1 1 1812 1857 1858
3423 2 2 1 1 1812 1858 1813
3424 2 2 1 1 1813 1858 1859
3425 2 2 1 1 1813 1859 1814
3426 2 2 1 1 1814 1859 1860
3427 2 2 1 1 1814 1860 1815
3428 2 2 1 1 1815 1860 1861
3429 2 2 1 1 1815 1861 1816
3430 2 2 1 1 1816 1861 1862
3431 2 2 1 1 1816 1862 1817
3432 2 2 1 1 1817 1862 1863
3433 2 2 1 1 1817 1863 1818
3434 2 2 1 1 1818 1863 1864
3435 2 2 1 1 1818 1864 1819
3436 2 2 1 1 1819 1864 1865
3437 2 2 1 1 1819 1865 1820
3438 2 2 1 1 1820 1865 1866
3439 2 2 1 1 1820 1866 1821
3440 2 2 1 1 1821 1866 1867
3441 2 2 1 1 1821 1867 1822
3442 2 2 1 1 1822 1867 1868
3443 2 2 1 1 1822 1868 1823
3444 2 2 1 1 1823 1868 1869
3445 2 2 1 1 1823 1869 1824
3446 2 2 1 1 1824 1869 1870
3447 2 2 1 1 1824 1870 1825
3448 2 2 1 1 1825 1870 1871
3449 2 2 1 1 1825 1871 1826
3450 2 2 1 1 1826 1871 1872
3451 2 2 1 1 1826 1872 1827
3452 2 2 1 1 1827 1872 1873
3453 2 2 1 1 1827 1873 1828
3454 2 2 1 1 1828 1873 1874
3455 2 2 1 1 1828 1874 1829
3456 2 2 1 1 1829 1874 1875
3457 2 2 1 1 1829 1875 1830
3458 2 2 1 1 1830 1875 1876
3459 2 2 1 1 1830 1876 1831
3460 2 2 1 1 1831 1876 1877
3461 2 2 1 1 1831 1877 1832
3462 2 2 1 1 1832 1877 1878
3463 2 2 1 1 1832 1878 1833
3464 2 2 1 1 1833 1878 1879
3465 2 2 1 1 1833 1879 1834
3466 2 2 1 1 1834 1879 1880
3467 2 2 1 1 1834 1880 1835
3468 2 2 1 1 1835 1880 1881
3469 2 2 1 1 1835 1881 1836
3470 2 2 1 1 1836 1881 1882
3471 2 2 1 1 1836 1882 1837
3472 2 2 1 1 1837 1882 1883
3473 2 2 1 1 1837 1883 1838
3474 2 2 1 1 1838 1883 1884
3475 2 2 1 1 1838 1884 1839
3476 2 2 1 1 1839 1884 1885
3477 2 2 1 1 1839 1885 1840
3478 2 2 1 1 1840 1885 1886
3479 2 2 1 1 1840 1886 1841
3480 2 2 1 1 1841 1886 1887
3481 2 2 1 1 1841 1887 1842
3482 2 2 1 1 1842 1887 1888
3483 2 2 1 1 1842 1888 1843
3484 2 2 1 1 1843 1888 1889
3485 2 2 1 1 1843 1889 1844
3486 2 2 1 1 1844 1889 1890
3487 2 2 1 1 1844 1890 1845
3488 2 2 1 1 1845 1890 1891
3489 2 2 1 1 1845 1891 1846
3490 2 2 1 1 1846 1891 1892
3491 2 2 1 1 1846 1892 1847
3492 2 2 1 1 1847 1892 1893
3493 2 2 1 1 1847 1893 1848
3494 2 2 1 1 1848 1893 1894
3495 2 2 1 1 1848 1894 113
3496 2 2 1 1 113 1894 112
3497 2 2 1 1 45 46 1849
3498 2 2 1 1 1849 46 1895
3499 2 2 1 1 1849 1895 1850
3500 2 2 1 1 1850 1895 1896
3501 2 2 1 1 1850 1896 1851
3502 2 2 1 1 1851 1896 1897
3503 2 2 1 1 1851 1897 1852
3504 2 2 1 1 1852 1897 1898
3505 2 2 1 1 1852 1898 1853
3506 2 2 1 1 1853 1898 1899
3507 2 2 1 1 1853 1899 1854
3508 2 2 1 1 1854 1899 1900
3509 2 2 1 1 1854 1900 1855
3510 2 2 1 1 1855 1900 1901
3511 2 2 1 1 1855 1901 1856
3512 2 2 1 1 1856 1901 1902
3513 2 2 1 1 1856 1902 1857
3514 2 2 1 1 1857 1902 1903
3515 2 2 1 1 1857 1903 1858
3516 2 2 1 1 1858 1903 1904
3517 2 2 1 1 1858 1904 1859
3518 2 2 1 1 1859 1904 1905
3519 2 2 1 1 1859 1905 1860
3520 2 2 1 1 1860 1905 1906
3521 2 2 1 1 1860 1906 1861
3522 2 2 1 1 1861 1906 1907
3523 2 2 1 1 1861 1907 1862
3524 2 2 1 1 1862 1907 1908
3525 2 2 1 1 1862 1908 1863
3526 2 2 1 1 1863 1908 1909
3527 2 2 1 1 1863 1909 1864
3528 2 2 1 1 1864 1909 1910
3529 2 2 1 1 1864 1910 1865
3530 2 2 1 1 1865 1910 1911
3531 2 2 1 1 1865 1911 1866
3532 2 2 1 1 1866 1911 1912
3533 2 2 1 1 1866 1912 1867
3534 2 2 1 1 1867 1912 1913
3535 2 2 1 1 1867 1913 1868
3536 2 2 1 1 1868 1913 1914
3537 2 2 1 1 1868 1914 1869
3538 2 2 1 1 1869 1914 1915
3539 2 2 1 1 1869 1915 1870
3540 2 2 1 1 1870 1915 1916
3541 2 2 1 1 1870 1916 1871
3542 2 2 1 1 1871 1916 1917
3543 2 2 1 1 1871 1917 1872
3544 2 2 1 1 1872 1917 1918
3545 2 2 1 1 1872 1918 1873
3546 2 2 1 1 1873 1918 1919
3547 2 2 1 1 1873 1919 1874
3548 2 2 1 1 1874 1919 1920
3549 2 2 1 1 1874 1920 1875
3550 2 2 1 1 1875 1920 1921
3551 2 2 1 1 1875 1921 1876
3552 2 2 1 1 1876 1921 1922
3553 2 2 1 1 1876 1922 1877
3554 2 2 1 1 1877 1922 1923
3555 2 2 1 1 1877 1923 1878
3556 2 2 1 1 1878 1923 1924
3557 2 2 1 1 1878 1924 1879
3558 2 2 1 1 1879 1924 1925
3559 2 2 1 1 1879 1925 1880
3560 2 2 1 1 1880 1925 1926
3561 2 2 1 1 1880 1926 1881
3562 2 2 1 1 1881 1926 1927
3563 2 2 1 1 1881 1927 1882
3564 2 2 1 1 1882 1927 1928
3565 2 2 1 1 1882 1928 1883
3566 2 2 1 1 1883 1928 1929
3567 2 2 1 1 1883 1929 1884
3568 2 2 1 1 1884 1929 1930
3569 2 2 1 1 1884 1930 1885
3570 2 2 1 1 1885 1930 1931
3571 2 2 1 1 1885 1931 1886
3572 2 2 1 1 1886 1931 1932
3573 2 2 1 1 1886 1932 1887
3574 2 2 1 1 1887 1932 1933
3575 2 2 1 1 1887 1933 1888
3576 2 2 1 1 1888 1933 1934
3577 2 2 1 1 1888 1934 1889
3578 2 2 1 1 1889 1934 1935
3579 2 2 1 1 1889 1935 1890
3580 2 2 1 1 1890 1935 1936
3581 2 2 1 1 1890 1936 1891
3582 2 2 1 1 1891 1936 1937
3583 2 2 1 1 1891 1937 1892
3584 2 2 1 1 1892 1937 1938
3585 2 2 1 1 1892 1938 1893
3586 2 2 1 1 1893 1938 1939
3587 2 2 1 1 1893 1939 1894
3588 2 2 1 1 1894 1939 1940
3589 2 2 1 1 1894 1940 112
3590 2 2 1 1 112 1940 111
3591 2 2 1 1 46 47 1895
3592 2 2 1 1 1895 47 1941
3593 2 2 1 1 1895 1941 1896
3594 2 2 1 1 1896 1941 1942
3595 2 2 1 1 1896 1942 1897
3596 2 2 1 1 1897 1942 1943
3597 2 2 1 1 1897 1943 1898
3598 2 2 1 1 1898 1943 1944
3599 2 2 1 1 1898 1944 1899
3600 2 2 1 1 1899 1944 1945
3601 2 2 1 1 1899 1945 1900
3602 2 2 1 1 1900 1945 1946
3603 2 2 1 1 1900 1946 1901
3604 2 2 1 1 1901 1946 1947
3605 2 2 1 1 1901 1947 1902
3606 2 2 1 1 1902 1947 1948
3607 2 2 1 1 1902 1948 1903
3608 2 2 1 1 1903 1948 1949
3609 2 2 1 1 1903 1949 1904
3610 2 2 1 1 1904 1949 1950
3611 2 2 1 1 1904 1950 1905
3612 2 2 1 1 1905 1950 1951
3613 2 2 1 1 1905 1951 1906
3614 2 2 1 1 1906 1951 1952
3615 2 2 1 1 1906 1952 1907
3616 2 2 1 1 1907 1952 1953
3617 2 2 1 1 1907 1953 1908
3618 2 2 1 1 1908 1953 1954
3619 2 2 1 1 1908 1954 1909
3620 2 2 1 1 1909 1954 1955
3621 2 2 1 1 1909 1955 1910
3622 2 2 1 1 1910 1955 1956
3623 2 2 1 1 1910 1956 1911
3624 2 2 1 1 1911 1956 1957
3625 2 2 1 1 1911 1957 1912
3626 2 2 1 1 1912 1957 1958
3627 2 2 1 1 1912 1958 1913
3628 2 2 1 1 1913 1958 1959
3629 2 2 1 1 1913 1959 1914
3630 2 2 1 1 1914 1959 1960
3631 2 2 1 1 1914 1960 1915
3632 2 2 1 1 1915 1960 1961
3633 2 2 1 1 1915 1961 1916
3634 2 2 1 1 1916 1961 1962
3635 2 2 1 1 1916 1962 1917
3636 2 2 1 1 1917 1962 1963
3637 2 2 1 1 1917 1963 1918
3638 2 2 1 1 1918 1963 1964
3639 2 2 1 1 1918 1964 1919
3640 2 2 1 1 1919 1964 1965
3641 2 2 1 1 1919 1965 1920
3642 2 2 1 1 1920 1965 1966
3643 2 2 1 1 1920 1966 1921
3644 2 2 1 1 1921 1966 1967
3645 2 2 1 1 1921 1967 1922
3646 2 2 1 1 1922 1967 1968
3647 2 2 1 1 1922 1968 1923
3648 2 2 1 1 1923 1968 1969
3649 2 2 1 1 1923 1969 1924
3650 2 2 1 1 1924 1969 1970
3651 2 2 1 1 1924 1970 1925
3652 2 2 1 1 1925 1970 1971
3653 2 2 1 1 1925 1971 1926
3654 2 2 1 1 1926 1971 1972
3655 2 2 1 1 1926 1972 1927
3656 2 2 1 1 1927 1972 1973
3657 2 2 1 1 1927 1973 1928
3658 2 2 1 1 1928 1973 1974
3659 2 2 1 1 1928 1974 1929
3660 2 2 1 1 1929 1974 1975
3661 2 2 1 1 1929 1975 1930
3662 2 2 1 1 1930 1975 1976
3663 2 2 1 1 1930 1976 1931
3664 2 2 1 1 1931 1976 1977
3665 2 2 1 1 1931 1977 1932
3666 2 2 1 1 1932 1977 1978
3667 2 2 1 1 1932 1978 1933
3668 2 2 1 1 1933 1978 1979
3669 2 2 1 1 1933 1979 1934
3670 2 2 1 1 1934 1979 1980
3671 2 2 1 1 1934 1980 1935
3672 2 2 1 1 1935 1980 1981
3673 2 2 1 1 1935 1981 1936
3674 2 2 1 1 1936 1981 1982
3675 2 2 1 1 1936 1982 1937
3676 2 2 1 1 1937 1982 1983
3677 2 2 1 1 1937 1983 1938
3678 2 2 1 1 1938 1983 1984
3679 2 2 1 1 1938 1984 1939
3680 2 2 1 1 1939 1984 1985
3681 2 2 1 1 1939 1985 1940
3682 2 2 1 1 1940 1985 1986
3683 2 2 1 1 1940 1986 111
3684 2 2 1 1 111 1986 110
3685 2 2 1 1 47 48 1941
3686 2 2 1 1 1941 48 1987
3687 2 2 1 1 1941 1987 1942
3688 2 2 1 1 1942 1987 1988
3689 2 2 1 1 1942 1988 1943
3690 2 2 1 1 1943 1988 1989
3691 2 2 1 1 1943 1989 1944
3692 2 2 1 1 1944 1989 1990
3693 2 2 1 1 1944 1990 1945
3694 2 2 1 1 1945 1990 1991
3695 2 2 1 1 1945 1991 1946
3696 2 2 1 1 1946 1991 1992
3697 2 2 1 1 1946 1992 1947
3698 2 2 1 1 1947 1992 1993
3699 2 2 1 1 1947 1993 1948
3700 2 2 1 1 1948 1993 1994
3701 2 2 1 1 1948 1994 1949
3702 2 2 1 1 1949 1994 1995
3703 2 2 1 1 1949 1995 1950
3704 2 2 1 1 1950 1995 1996
3705 2 2 1 1 1950 1996 1951
3706 2 2 1 1 1951 1996 1997
3707 2 2 1 1 1951 1997 1952
3708 2 2 1 1 1952 1997 1998
3709 2 2 1 1 1952 1998 1953
3710 2 2 1 1 1953 1998 1999
3711 2 2 1 1 1953 1999 1954
3712 2 2 1 1 1954 1999 2000
3713 2 2 1 1 1954 2000 1955
3714 2 2 1 1 1955 2000 2001
3715 2 2 1 1 1955 2001 1956
3716 2 2 1 1 1956 2001 2002
3717 2 2 1 1 1956 2002 1957
3718 2 2 1 1 1957 2002 2003
3719 2 2 1 1 1957 2003 1958
3720 2 2 1 1 1958 2003 2004
3721 2 2 1 1 1958 2004 1959
3722 2 2 1 1 1959 2004 2005
3723 2 2 1 1 1959 2005 1960
3724 2 2 1 1 1960 2005 2006
3725 2 2 1 1 1960 2006 1961
3726 2 2 1 1 1961 2006 2007
3727 2 2 1 1 1961 2007 1962
3728 2 2 1 1 1962 2007 2008
3729 2 2 1 1 1962 2008 1963
3730 2 2 1 1 1963 2008 2009
3731 2 2 1 1 1963 2009 1964
3732 2 2 1 1 1964 2009 2010
3733 2 2 1 1 1964 2010 1965
3734 2 2 1 1 1965 2010 2011
3735 2 2 1 1 1965 2011 1966
3736 2 2 1 1 1966 2011 2012
3737 2 2 1 1 1966 2012 1967
3738 2 2 1 1 1967 2012 2013
3739 2 2 1 1 1967 2013 1968
3740 2 2 1 1 1968 2013 2014
3741 2 2 1 1 1968 2014 1969
3742 2 2 1 1 1969 2014 2015
3743 2 2 1 1 1969 2015 1970
3744 2 2 1 1 1970 2015 2016
3745 2 2 1 1 1970 2016 1971
3746 2 2 1 1 1971 2016 2017
3747 2 2 1 1 1971 2017 1972
3748 2 2 1 1 1972 2017 2018
3749 2 2 1 1 1972 2018 1973
3750 2 2 1 1 1973 2018 2019
3751 2 2 1 1 1973 2019 1974
3752 2 2 1 1 1974 2019 2020
3753 2 2 1 1 1974 2020 1975
3754 2 2 1 1 1975 2020 2021
3755 2 2 1 1 1975 2021 1976
3756 2 2 1 1 1976 2021 2022
3757 2 2 1 1 1976 2022 1977
3758 2 2 1 1 1977 2022 2023
3759 2 2 1 1 1977 2023 1978
3760 2 2 1 1 1978 2023 2024
3761 2 2 1 1 1978 2024 1979
3762 2 2 1 1 1979 2024 2025
3763 2 2 1 1 1979 2025 1980
3764 2 2 1 1 1980 2025 2026
3765 2 2 1 1 1980 2026 1981
3766 2 2 1 1 1981 2026 2027
3767 2 2 1 1 1981 2027 1982
3768 2 2 1 1 1982 2027 2028
3769 2 2 1 1 1982 2028 1983
3770 2 2 1 1 1983 2028 2029
3771 2 2 1 1 1983 2029 1984
3772 2 2 1 1 1984 2029 2030
3773 2 2 1 1 1984 2030 1985
3774 2 2 1 1 1985 2030 2031
3775 2 2 1 1 1985 2031 1986
3776 2 2 1 1 1986 2031 2032
3777 2 2 1 1 1986 2032 110
3778 2 2 1 1 110 2032 109
3779 2 2 1 1 48 49 1987
3780 2 2 1 1 1987 49 2033
3781 2 2 1 1 1987 2033 1988
3782 2 2 1 1 1988 2033 2034
3783 2 2 1 1 1988 2034 1989
3784 2 2 1 1 1989 2034 2035
3785 2 2 1 1 1989 2035 1990
3786 2 2 1 1 1990 2035 2036
3787 2 2 1 1 1990 2036 1991
3788 2 2 1 1 1991 2036 2037
3789 2 2 1 1 1991 2037 1992
3790 2 2 1 1 1992 2037 2038
3791 2 2 1 1 1992 2038 1993
3792 2 2 1 1 1993 2038 2039
3793 2 2 1 1 1993 2039 1994
3794 2 2 1 1 1994 2039 2040
3795 2 2 1 1 1994 2040 1995
3796 2 2 1 1 1995 2040 2041
3797 2 2 1 1 1995 2041 1996
3798 2 2 1 1 1996 2041 2042
3799 2 2 1 1 1996 2042 1997
3800 2 2 1 1 1997 2042 2043
3801 2 2 1 1 1997 2043 1998
3802 2 2 1 1 1998 2043 2044
3803 2 2 1 1 1998 2044 1999
3804 2 2 1 1 1999 2044 2045
3805 2 2 1 1 1999 2045 2000
3806 2 2 1 1 2000 2045 2046
3807 2 2 1 1 2000 2046 2001
3808 2 2 1 1 2001 2046 2047
3809 2 2 1 1 2001 2047 2002
3810 2 2 1 1 2002 2047 2048
3811 2 2 1 1 2002 2048 2003
3812 2 2 1 1 2003 2048 2049
3813 2 2 1 1 2003 2049 2004
3814 2 2 1 1 2004 2049 2050
3815 2 2 1 1 2004 2050 2005
3816 2 2 1 1 2005 2050 2051
3817 2 2 1 1 2005 2051 2006
3818 2 2 1 1 2006 2051 2052
3819 2 2 1 1 2006 2052 2007
3820 2 2 1 1 2007 2052 2053
3821 2 2 1 1 2007 2053 2008
3822 2 2 1 1 2008 2053 2054
3823 2 2 1 1 2008 2054 2009
3824 2 2 1 1 2009 2054 2055
3825 2 2 1 1 2009 2055 2010
3826 2 2 1 1 2010 2055 2056
3827 2 2 1 1 2010 2056 2011
3828 2 2 1 1 2011 2056 2057
3829 2 2 1 1 2011 2057 2012
3830 2 2 1 1 2012 2057 2058
3831 2 2 1 1 2012 2058 2013
3832 2 2 1 1 2013 2058 2059
3833 2 2 1 1 2013 2059 2014
3834 2 2 1 1 2014 2059 2060
3835 2 2 1 1 2014 2060 2015
3836 2 2 1 1 2015 2060 2061
3837 2 2 1 1 2015 2061 2016
3838 2 2 1 1 2016 2061 2062
3839 2 2 1 1 2016 2062 2017
3840 2 2 1 1 2017 2062 2063
3841 2 2 1 1 2017 2063 2018
3842 2 2 1 1 2018 2063 2064
3843 2 2 1 1 2018 2064 2019
3844 2 2 1 1 2019 2064 2065
3845 2 2 1 1 2019 2065 2020
3846 2 2 1 1 2020 2065 2066
3847 2 2 1 1 2020 2066 2021
3848 2 2 1 1 2021 2066 2067
3849 2 2 1 1 2021 2067 2022
3850 2 2 1 1 2022 2067 2068
3851 2 2 1 1 2022 2068 2023
3852 2 2 1 1 2023 2068 2069
3853 2 2 1 1 2023 2069 2024
3854 2 2 1 1 2024 2069 2070
3855 2 2 1 1 2024 2070 2025
3856 2 2 1 1 2025 2070 2071
3857 2 2 1 1 2025 2071 2026
3858 2 2 1 1 2026 2071 2072
3859 2 2 1 1 2026 2072 2027
3860 2 2 1 1 2027 2072 2073
3861 2 2 1 1 2027 2073 2028
3862 2 2 1 1 2028 2073 2074
3863 2 2 1 1 2028 2074 2029
3864 2 2 1 1 2029 2074 2075
3865 2 2 1 1 2029 2075 2030
3866 2 2 1 1 2030 2075 2076
3867 2 2 1 1 2030 2076 2031
3868 2 2 1 1 2031 2076 2077
3869 2 2 1 1 2031 2077 2032
3870 2 2 1 1 2032 2077 2078
3871 2 2 1 1 2032 2078 109
3872 2 2 1 1 109 2078 108
3873 2 2 1 1 49 50 2033
3874 2 2 1 1 2033 50 2079
3875 2 2 1 1 2033 2079 2034
3876 2 2 1 1 2034 2079 2080
3877 2 2 1 1 2034 2080 2035
3878 2 2 1 1 2035 2080 2081
3879 2 2 1 1 2035 2081 2036
3880 2 2 1 1 2036 2081 2082
3881 2 2 1 1 2036 2082 2037
3882 2 2 1 1 2037 2082 2083
3883 2 2 1 1 2037 2083 2038
3884 2 2 1 1 2038 2083 2084
3885 2 2 1 1 2038 2084 2039
3886 2 2 1 1 2039 2084 2085
3887 2 2 1 1 2039 2085 2040
3888 2 2 1 1 2040 2085 2086
3889 2 2 1 1 2040 2086 2041
3890 2 2 1 1 2041 2086 2087
3891 2 2 1 1 2041 2087 2042
3892 2 2 1 1 2042 2087 2088
3893 2 2 1 1 2042 2088 2043
3894 2 2 1 1 2043 2088 2089
3895 2 2 1 1 2043 2089 2044
3896 2 2 1 1 2044 2089 2090
3897 2 2 1 1 2044 2090 2045
3898 2 2 1 1 2045 2090 2091
3899 2 2 1 1 2045 2091 2046
3900 2 2 1 1 2046 2091 2092
3901 2 2 1 1 2046 2092 2047
3902 2 2 1 1 2047 2092 2093
3903 2 2 1 1 2047 2093 2048
3904 2 2 1 1 2048 2093 2094
3905 2 2 1 1 2048 2094 2049
3906 2 2 1 1 2049 2094 2095
3907 2 2 1 1 2049 2095 2050
3908 2 2 1 1 2050 2095 2096
3909 2 2 1 1 2050 2096 2051
3910 2 2 1 1 2051 2096 2097
3911 2 2 1 1 2051 2097 2052
3912 2 2 1 1 2052 2097 2098
3913 2 2 1 1 2052 2098 2053
3914 2 2 1 1 2053 2098 2099
3915 2 2 1 1 2053 2099 2054
3916 2 2 1 1 2054 2099 2100
3917 2 2 1 1 2054 2100 2055
3918 2 2 1 1 2055 2100 2101
3919 2 2 1 1 2055 2101 2056
3920 2 2 1 1 2056 2101 2102
3921 2 2 1 1 2056 2102 2057
3922 2 2 1 1 2057 2102 2103
3923 2 2 1 1 2057 2103 2058
3924 2 2 1 1 2058 2103 2104
3925 2 2 1 1 2058 2104 2059
3926 2 2 1 1 2059 2104 2105
3927 2 2 1 1 2059 2105 2060
3928 2 2 1 1 2060 2105 2106
3929 2 2 1 1 2060 2106 2061
3930 2 2 1 1 2061 2106 2107
3931 2 2 1 1 2061 2107 2062
3932 2 2 1 1 2062 2107 2108
3933 2 2 1 1 2062 2108 2063
3934 2 2 1 1 2063 2108 2109
3935 2 2 1 1 2063 2109 2064
3936 2 2 1 1 2064 2109 2110
3937 2 2 1 1 2064 2110 2065
3938 2 2 1 1 2065 2110 2111
3939 2 2 1 1 2065 2111 2066
3940 2 2 1 1 2066 2111 2112
3941 2 2 1 1 2066 2112 2067
3942 2 2 1 1 2067 2112 2113
3943 2 2 1 1 2067 2113 2068
3944 2 2 1 1 2068 2113 2114
3945 2 2 1 1 2068 2114 2069
3946 2 2 1 1 2069 2114 2115
3947 2 2 1 1 2069 2115 2070
3948 2 2 1 1 2070 2115 2116
3949 2 2 1 1 2070 2116 2071
3950 2 2 1 1 2071 2116 2117
3951 2 2 1 1 2071 2117 2072
3952 2 2 1 1 2072 2117 2118
3953 2 2 1 1 2072 2118 2073
3954 2 2 1 1 2073 2118 2119
3955 2 2 1 1 2073 2119 2074
3956 2 2 1 1 2074 2119 2120
3957 2 2 1 1 2074 2120 2075
3958 2 2 1 1 2075 2120 2121
3959 2 2 1 1 2075 2121 2076
3960 2 2 1 1 2076 2121 2122
3961 2 2 1 1 2076 2122 2077
3962 2 2 1 1 2077 2122 2123
3963 2 2 1 1 2077 2123 2078
3964 2 2 1 1 2078 2123 2124
3965 2 2 1 1 2078 2124 108
3966 2 2 1 1 108 2124 107
3967 2 2 1 1 50 51 2079
3968 2 2 1 1 2079 51 2125
3969 2 2 1 1 2079 2125 2080
3970 2 2 1 1 2080 2125 2126
3971 2 2 1 1 2080 2126 2081
3972 2 2 1 1 2081 2126 2127
3973 2 2 1 1 2081 2127 2082
3974 2 2 1 1 2082 2127 2128
3975 2 2 1 1 2082 2128 2083
3976 2 2 1 1 2083 2128 2129
3977 2 2 1 1 2083 2129 2084
3978 2 2 1 1 2084 2129 2130
3979 2 2 1 1 2084 2130 2085
3980 2 2 1 1 2085 2130 2131
3981 2 2 1 1 2085 2131 2086
3982 2 2 1 1 2086 2131 2132
3983 2 2 1 1 2086 2132 2087
3984 2 2 1 1 2087 2132 2133
3985 2 2 1 1 2087 2133 2088
3986 2 2 1 1 2088 2133 2134
3987 2 2 1 1 2088 2134 2089
3988 2 2 1 1 2089 2134 2135
3989 2 2 1 1 2089 2135 2090
3990 2 2 1 1 2090 2135 2136
3991 2 2 1 1 2090 2136 2091
3992 2 2 1 1 2091 2136 2137
3993 2 2 1 1 2091 2137 2092
3994 2 2 1 1 2092 2137 2138
3995 2 2 1 1 2092 2138 2093
3996 2 2 1 1 2093 2138 2139
3997 2 2 1 1 2093 2139 2094
3998 2 2 1 1 2094 2139 2140
3999 2 2 1 1 2094 2140 2095
4000 2 2 1 1 2095 2140 2141
4001 2 2 1 1 2095 2141 2096
4002 2 2 1 1 2096 2141 2142
4003 2 2 1 1 2096 2142 2097
4004 2 2 1 1 2097 2142 2143
4005 2 2 1 1 2097 2143 2098
4006 2 2 1 1 2098 2143 2144
4007 2 2 1 1 2098 2144 2099
4008 2 2 1 1 2099 2144 2145
4009 2 2 1 1 2099 2145 2100
4010 2 2 1 1 2100 2145 2146
4011 2 2 1 1 2100 2146 2101
4012 2 2 1 1 2101 2146 2147
4013 2 2 1 1 2101 2147 2102
4014 2 2 1 1 2102 2147 2148
4015 2 2 1 1 2102 2148 2103
4016 2 2 1 1 2103 2148 2149
4017 2 2 1 1 2103 2149 2104
4018 2 2 1 1 2104 2149 2150
4019 2 2 1 1 2104 2150 2105
4020 2 2 1 1 2105 2150 2151
4021 2 2 1 1 2105 2151 2106
4022 2 2 1 1 2106 2151 2152
4023 2 2 1 1 2106 2152 2107
4024 2 2 1 1 2107 2152 2153
4025 2 2 1 1 2107 2153 2108
4026 2 2 1 1 2108 2153 2154
4027 2 2 1 1 2108 2154 2109
4028 2 2 1 1 2109 2154 2155
4029 2 2 1 1 2109 2155 2110
4030 2 2 1 1 2110 2155 2156
4031 2 2 1 1 2110 2156 2111
4032 2 2 1 1 2111 2156 2157
4033 2 2 1 1 2111 2157 2112
4034 2 2 1 1 2112 2157 2158
4035 2 2 1 1 2112 2158 2113
4036 2 2 1 1 2113 2158 2159
4037 2 2 1 1 2113 2159 2114
4038 2 2 1 1 2114 2159 2160
4039 2 2 1 1 2114 2160 2115
4040 2 2 1 1 2115 2160 2161
4041 2 2 1 1 2115 2161 2116
4042 2 2 1 1 2116 2161 2162
4043 2 2 1 1 2116 2162 2117
4044 2 2 1 1 2117 2162 2163
4045 2 2 1 1 2117 2163 2118
4046 2 2 1 1 2118 2163 2164
4047 2 2 1 1 2118 2164 2119
4048 2 2 1 1 2119 2164 2165
4049 2 2 1 1 2119 2165 2120
4050 2 2 1 1 2120 2165 2166
4051 2 2 1 1 2120 2166 2121
4052 2 2 1 1 2121 2166 2167
4053 2 2 1 1 2121 2167 2122
4054 2 2 1 1 2122 2167 2168
4055 2 2 1 1 2122 2168 2123
4056 2 2 1 1 2123 2168 2169
4057 2 2 1 1 2123 2169 2124
4058 2 2 1 1 2124 2169 2170
4059 2 2 1 1 2124 2170 107
4060 2 2 1 1 107 2170 106
4061 2 2 1 1 51 52 2125
4062 2 2 1 1 2125 52 2171
4063 2 2 1 1 2125 2171 2126
4064 2 2 1 1 2126 2171 2172
4065 2 2 1 1 2126 2172 2127
4066 2 2 1 1 2127 2172 2173
4067 2 2 1 1 2127 2173 2128
4068 2 2 1 1 2128 2173 2174
4069 2 2 1 1 2128 2174 2129
4070 2 2 1 1 2129 2174 2175
4071 2 2 1 1 2129 2175 2130
4072 2 2 1 1 2130 2175 2176
4073 2 2 1 1 2130 2176 2131
4074 2 2 1 1 2131 2176 2177
4075 2 2 1 1 2131 2177 2132
4076 2 2 1 1 2132 2177 2178
4077 2 2 1 1 2132 2178 2133
4078 2 2 1 1 2133 2178 2179
4079 2 2 1 1 2133 2179 2134
4080 2 2 1 1 2134 2179 2180
4081 2 2 1 1 2134 2180 2135
4082 2 2 1 1 2135 2180 2181
4083 2 2 1 1 2135 2181 2136
4084 2 2 1 1 2136 2181 2182
4085 2 2 1 1 2136 2182 2137
4086 2 2 1 1 2137 2182 2183
4087 2 2 1 1 2137 2183 2138
4088 2 2 1 1 2138 2183 2184
4089 2 2 1 1 2138 2184 2139
4090 2 2 1 1 2139 2184 2185
4091 2 2 1 1 2139 2185 2140
4092 2 2 1 1 2140 2185 2186
4093 2 2 1 1 2140 2186 2141
4094 2 2 1 1 2141 2186 2187
4095 2 2 1 1 2141 2187 2142
4096 2 2 1 1 2142 2187 2188
4097 2 2 1 1 2142 2188 2143
4098 2 2 1 1 2143 2188 2189
4099 2 2 1 1 2143 2189 2144
4100 2 2 1 1 2144 2189 2190
4101 2 2 1 1 2144 2190 2145
4102 2 2 1 1 2145 2190 2191
4103 2 2 1 1 2145 2191 2146
4104 2 2 1 1 2146 2191 2192
4105 2 2 1 1 2146 2192 2147
4106 2 2 1 1 2147 2192 2193
4107 2 2 1 1 2147 2193 2148
4108 2 2 1 1 2148 2193 2194
4109 2 2 1 1 2148 2194 2149
4110 2 2 1 1 2149 2194 2195
4111 2 2 1 1 2149 2195 2150
4112 2 2 1 1 2150 2195 2196
4113 2 2 1 1 2150 2196 2151
4114 2 2 1 1 2151 2196 2197
4115 2 2 1 1 2151 2197 2152
4116 2 2 1 1 2152 2197 2198
4117 2 2 1 1 2152 2198 2153
4118 2 2 1 1 2153 2198 2199
4119 2 2 1 1 2153 2199 2154
4120 2 2 1 1 2154 2199 2200
4121 2 2 1 1 2154 2200 2155
4122 2 2 1 1 2155 2200 2201
4123 2 2 1 1 2155 2201 2156
4124 2 2 1 1 2156 2201 2202
4125 2 2 1 1 2156 2202 2157
4126 2 2 1 1 2157 2202 2203
4127 2 2 1 1 2157 2203 2158
4128 2 2 1 1 2158 2203 2204
4129 2 2 1 1 2158 2204 2159
4130 2 2 1 1 2159 2204 2205
4131 2 2 1 1 2159 2205 2160
4132 2 2 1 1 2160 2205 2206
4133 2 2 1 1 2160 2206 2161
4134 2 2 1 1 2161 2206 2207
4135 2 2 1 1 2161 2207 2162
4136 2 2 1 1 2162 2207 2208
4137 2 2 1 1 2162 2208 2163
4138 2 2 1 1 2163 2208 2209
4139 2 2 1 1 2163 2209 2164
4140 2 2 1 1 2164 2209 2210
4141 2 2 1 1 2164 2210 2165
4142 2 2 1 1 2165 2210 2211
4143 2 2 1 1 2165 2211 2166
4144 2 2 1 1 2166 2211 2212
4145 2 2 1 1 2166 2212 2167
4146 2 2 1 1 2167 2212 2213
4147 2 2 1 1 2167 2213 2168
4148 2 2 1 1 2168 2213 2214
4149 2 2 1 1 2168 2214 2169
4150 2 2 1 1 2169 2214 2215
4151 2 2 1 1 2169 2215 2170
4152 2 2 1 1 2170 2215 2216
4153 2 2 1 1 2170 2216 106
4154 2 2 1 1 106 2216 105
4155 2 2 1 1 52 53 2171
4156 2 2 1 1 2171 53 2217
4157 2 2 1 1 2171 2217 2172
4158 2 2 1 1 2172 2217 2218
4159 2 2 1 1 2172 2218 2173
4160 2 2 1 1 2173 2218 2219
4161 2 2 1 1 2173 2219 2174
4162 2 2 1 1 2174 2219 2220
4163 2 2 1 1 2174 2220 2175
4164 2 2 1 1 2175 2220 2221
4165 2 2 1 1 2175 2221 2176
4166 2 2 1 1 2176 2221 2222
4167 2 2 1 1 2176 2222 2177
4168 2 2 1 1 2177 2222 2223
4169 2 2 1 1 2177 2223 2178
4170 2 2 1 1 2178 2223 2224
4171 2 2 1 1 2178 2224 2179
4172 2 2 1 1 2179 2224 2225
4173 2 2 1 1 2179 2225 2180
4174 2 2 1 1 2180 2225 2226
4175 2 2 1 1 2180 2226 2181
4176 2 2 1 1 2181 2226 2227
4177 2 2 1 1 2181 2227 2182
4178 2 2 1 1 2182 2227 2228
4179 2 2 1 1 2182 2228 2183
4180 2 2 1 1 2183 2228 2229
4181 2 2 1 1 2183 2229 2184
4182 2 2 1 1 2184 2229 2230
4183 2 2 1 1 2184 2230 2185
4184 2 2 1 1 2185 2230 2231
4185 2 2 1 1 2185 2231 2186
4186 2 2 1 1 2186 2231 2232
4187 2 2 1 1 2186 2232 2187
4188 2 2 1 1 2187 2232 2233
4189 2 2 1 1 2187 2233 2188
4190 2 2 1 1 2188 2233 2234
4191 2 2 1 1 2188 2234 2189
4192 2 2 1 1 2189 2234 2235
4193 2 2 1 1 2189 2235 2190
4194 2 2 1 1 2190 2235 2236
4195 2 2 1 1 2190 2236 2191
4196 2 2 1 1 2191 2236 2237
4197 2 2 1 1 2191 2237 2192
4198 2 2 1 1 2192 2237 2238
4199 2 2 1 1 2192 2238 2193
4200 2 2 1 1 2193 2238 2239
4201 2 2 1 1 2193 2239 2194
4202 2 2 1 1 2194 2239 2240
4203 2 2 1 1 2194 2240 2195
4204 2 2 1 1 2195 2240 2241
4205 2 2 1 1 2195 2241 2196
4206 2 2 1 1 2196 2241 2242
4207 2 2 1 1 2196 2242 2197
4208 2 2 1 1 2197 2242 2243
4209 2 2 1 1 2197 2243 2198
4210 2 2 1 1 2198 2243 2244
4211 2 2 1 1 2198 2244 2199
4212 2 2 1 1 2199 2244 2245
4213 2 2 1 1 2199 2245 2200
4214 2 2 1 1 2200 2245 2246
4215 2 2 1 1 2200 2246 2201
4216 2 2 1 1 2201 2246 2247
4217 2 2 1 1 2201 2247 2202
4218 2 2 1 1 2202 2247 2248
4219 2 2 1 1 2202 2248 2203
4220 2 2 1 1 2203 2248 2249
4221 2 2 1 1 2203 2249 2204
4222 2 2 1 1 2204 2249 2250
4223 2 2 1 1 2204 2250 2205
4224 2 2 1 1 2205 2250 2251
4225 2 2 1 1 2205 2251 2206
4226 2 2 1 1 2206 2251 2252
4227 2 2 1 1 2206 2252 2207
4228 2 2 1 1 2207 2252 2253
4229 2 2 1 1 2207 2253 2208
4230 2 2 1 1 2208 2253 2254
4231 2 2 1 1 2208 2254 2209
4232 2 2 1 1 2209 2254 2255
4233 2 2 1 1 2209 2255 2210
4234 2 2 1 1 2210 2255 2256
4235 2 2 1 1 2210 2256 2211
4236 2 2 1 1 2211 2256 2257
4237 2 2 1 1 2211 2257 2212
4238 2 2 1 1 2212 2257 2258
4239 2 2 1 1 2212 2258 2213
4240 2 2 1 1 2213 2258 2259
4241 2 2 1 1 2213 2259 2214
4242 2 2 1 1 2214 2259 2260
4243 2 2 1 1 2214 2260 2215
4244 2 2 1 1 2215 2260 2261
4245 2 2 1 1 2215 2261 2216
4246 2 2 1 1 2216 2261 2262
4247 2 2 1 1 2216 2262 105
4248 2 2 1 1 105 2262 104
4249 2 2 1 1 53 54 2217
4250 2 2 1 1 2217 54 2263
4251 2 2 1 1 2217 2263 2218
4252 2 2 1 1 2218 2263 2264
4253 2 2 1 1 2218 2264 2219
4254 2 2 1 1 2219 2264 2265
4255 2 2 1 1 2219 2265 2220
4256 2 2 1 1 2220 2265 2266
4257 2 2 1 1 2220 2266 2221
4258 2 2 1 1 2221 2266 2267
4259 2 2 1 1 2221 2267 2222
4260 2 2 1 1 2222 2267 2268
4261 2 2 1 1 2222 2268 2223
4262 2 2 1 1 2223 2268 2269
4263 2 2 1 1 2223 2269 2224
4264 2 2 1 1 2224 2269 2270
4265 2 2 1 1 2224 2270 2225
4266 2 2 1 1 2225 2270 2271
4267 2 2 1 1 2225 2271 2226
4268 2 2 1 1 2226 2271 2272
4269 2 2 1 1 2226 2272 2227
4270 2 2 1 1 2227 2272 2273
4271 2 2 1 1 2227 2273 2228
4272 2 2 1 1 2228 2273 2274
4273 2 2 1 1 2228 2274 2229
4274 2 2 1 1 2229 2274 2275
4275 2 2 1 1 2229 2275 2230
4276 2 2 1 1 2230 2275 2276
4277 2 2 1 1 2230 2276 2231
4278 2 2 1 1 2231 2276 2277
4279 2 2 1 1 2231 2277 2232
4280 2 2 1 1 2232 2277 2278
4281 2 2 1 1 2232 2278 2233
4282 2 2 1 1 2233 2278 2279
4283 2 2 1 1 2233 2279 2234
4284 2 2 1 1 2234 2279 2280
4285 2 2 1 1 2234 2280 2235
4286 2 2 1 1 2235 2280 2281
4287 2 2 1 1 2235 2281 2236
4288 2 2 1 1 2236 2281 2282
4289 2 2 1 1 2236 2282 2237
4290 2 2 1 1 2237 2282 2283
4291 2 2 1 1 2237 2283 2238
4292 2 2 1 1 2238 2283 2284
4293 2 2 1 1 2238 2284 2239
4294 2 2 1 1 2239 2284 2285
4295 2 2 1 1 2239 2285 2240
4296 2 2 1 1 2240 2285 2286
4297 2 2 1 1 2240 2286 2241
4298 2 2 1 1 2241 2286 2287
4299 2 2 1 1 2241 2287 2242
4300 2 2 1 1 2242 2287 2288
4301 2 2 1 1 2242 2288 2243
4302 2 2 1 1 2243 2288 2289
4303 2 2 1 1 2243 2289 2244
4304 2 2 1 1 2244 2289 2290
4305 2 2 1 1 2244 2290 2245
4306 2 2 1 1 2245 2290 2291
4307 2 2 1 1 2245 2291 2246
4308 2 2 1 1 2246 2291 2292
4309 2 2 1 1 2246 2292 2247
4310 2 2 1 1 2247 2292 2293
4311 2 2 1 1 2247 2293 2248
4312 2 2 1 1 2248 2293 2294
4313 2 2 1 1 2248 2294 2249
4314 2 2 1 1 2249 2294 2295
4315 2 2 1 1 2249 2295 2250
4316 2 2 1 1 2250 2295 2296
4317 2 2 1 1 2250 2296 2251
4318 2 2 1 1 2251 2296 2297
4319 2 2 1 1 2251 2297 2252
4320 2 2 1 1 2252 2297 2298
4321 2 2 1 1 2252 2298 2253
4322 2 2 1 1 2253 2298 2299
4323 2 2 1 1 2253 2299 2254
4324 2 2 1 1 2254 2299 2300
4325 2 2 1 1 2254 2300 2255
4326 2 2 1 1 2255 2300 2301
4327 2 2 1 1 2255 2301 2256
4328 2 2 1 1 2256 2301 2302
4329 2 2 1 1 2256 2302 2257
4330 2 2 1 1 2257 2302 2303
4331 2 2 1 1 2257 2303 2258
4332 2 2 1 1 2258 2303 2304
4333 2 2 1 1 2258 2304 2259
4334 2 2 1 1 2259 2304 2305
4335 2 2 1 1 2259 2305 2260
4336 2 2 1 1 2260 2305 2306
4337 2 2 1 1 2260 2306 2261
4338 2 2 1 1 2261 2306 2307
4339 2 2 1 1 2261 2307 2262
4340 2 2 1 1 2262 2307 2308
4341 2 2 1 1 2262 2308 104
4342 2 2 1 1 104 2308 103
4343 2 2 1 1 54 55 2263
4344 2 2 1 1 2263 55 2309
4345 2 2 1 1 2263 2309 2264
4346 2 2 1 1 2264 2309 2310
4347 2 2 1 1 2264 2310 2265
4348 2 2 1 1 2265 2310 2311
4349 2 2 1 1 2265 2311 2266
4350 2 2 1 1 2266 2311 2312
4351 2 2 1 1 2266 2312 2267
4352 2 2 1 1 2267 2312 2313
4353 2 2 1 1 2267 2313 2268
4354 2 2 1 1 2268 2313 2314
4355 2 2 1 1 2268 2314 2269
4356 2 2 1 1 2269 2314 2315
4357 2 2 1 1 2269 2315 2270
4358 2 2 1 1 2270 2315 2316
4359 2 2 1 1 2270 2316 2271
4360 2 2 1 1 2271 2316 2317
4361 2 2 1 1 2271 2317 2272
4362 2 2 1 1 2272 2317 2318
4363 2 2 1 1 2272 2318 2273
4364 2 2 1 1 2273 2318 2319
4365 2 2 1 1 2273 2319 2274
4366 2 2 1 1 2274 2319 2320
4367 2 2 1 1 2274 2320 2275
4368 2 2 1 1 2275 2320 2321
4369 2 2 1 1 2275 2321 2276
4370 2 2 1 1 2276 2321 2322
4371 2 2 1 1 2276 2322 2277
4372 2 2 1 1 2277 2322 2323
4373 2 2 1 1 2277 2323 2278
4374 2 2 1 1 2278 2323 2324
4375 2 2 1 1 2278 2324 2279
4376 2 2 1 1 2279 2324 2325
4377 2 2 1 1 2279 2325 2280
4378 2 2 1 1 2280 2325 2326
4379 2 2 1 1 2280 2326 2281
4380 2 2 1 1 2281 2326 2327
4381 2 2 1 1 2281 2327 2282
4382 2 2 1 1 2282 2327 2328
4383 2 2 1 1 2282 2328 2283
4384 2 2 1 1 2283 2328 2329
4385 2 2 1 1 2283 2329 2284
4386 2 2 1 1 2284 2329 2330
4387 2 2 1 1 2284 2330 2285
4388 2 2 1 1 2285 2330 2331
4389 2 2 1 1 2285 2331 2286
4390 2 2 1 1 2286 2331 2332
4391 2 2 1 1 2286 2332 2287
4392 2 2 1 1 2287 2332 2333
4393 2 2 1 1 2287 2333 2288
4394 2 2 1 1 2288 2333 2334
4395 2 2 1 1 2288 2334 2289
4396 2 2 1 1 2289 2334 2335
4397 2 2 1 1 2289 2335 2290
4398 2 2 1 1 2290 2335 2336
4399 2 2 1 1 2290 2336 2291
4400 2 2 1 1 2291 2336 2337
4401 2 2 1 1 2291 2337 2292
4402 2 2 1 1 2292 2337 2338
4403 2 2 1 1 2292 2338 2293
4404 2 2 1 1 2293 2338 2339
4405 2 2 1 1 2293 2339 2294
4406 2 2 1 1 2294 2339 2340
4407 2 2 1 1 2294 2340 2295
4408 2 2 1 1 2295 2340 2341
4409 2 2 1 1 2295 2341 2296
4410 2 2 1 1 2296 2341 2342
4411 2 2 1 1 2296 2342 2297
4412 2 2 1 1 2297 2342 2343
4413 2 2 1 1 2297 2343 2298
4414 2 2 1 1 2298 2343 2344
4415 2 2 1 1 2298 2344 2299
4416 2 2 1 1 2299 2344 2345
4417 2 2 1 1 2299 2345 2300
4418 2 2 1 1 2300 2345 2346
4419 2 2 1 1 2300 2346 2301
4420 2 2 1 1 2301 2346 2347
4421 2 2 1 1 2301 2347 2302
4422 2 2 1 1 2302 2347 2348
4423 2 2 1 1 2302 2348 2303
4424 2 2 1 1 2303 2348 2349
4425 2 2 1 1 2303 2349 2304
4426 2 2 1 1 2304 2349 2350
4427 2 2 1 1 2304 2350 2305
4428 2 2 1 1 2305 2350 2351
4429 2 2 1 1 2305 2351 2306
4430 2 2 1 1 2306 2351 2352
4431 2 2 1 1 2306 2352 2307
4432 2 2 1 1 2307 2352 2353
4433 2 2 1 1 2307 2353 2308
4434 2 2 1 1 2308 2353 2354
4435 2 2 1 1 2308 2354 103
4436 2 2 1 1 103 2354 102
4437 2 2 1 1 55 56 2309
4438 2 2 1 1 2309 56 2355
4439 2 2 1 1 2309 2355 2310
4440 2 2 1 1 2310 2355 2356
4441 2 2 1 1 2310 2356 2311
4442 2 2 1 1 2311 2356 2357
4443 2 2 1 1 2311 2357 2312
4444 2 2 1 1 2312 2357 2358
4445 2 2 1 1 2312 2358 2313
4446 2 2 1 1 2313 2358 2359
4447 2 2 1 1 2313 2359 2314
4448 2 2 1 1 2314 2359 2360
4449 2 2 1 1 2314 2360 2315
4450 2 2 1 1 2315 2360 2361
4451 2 2 1 1 2315 2361 2316
4452 2 2 1 1 2316 2361 2362
4453 2 2 1 1 2316 2362 2317
4454 2 2 1 1 2317 2362 2363
4455 2 2 1 1 2317 2363 2318
4456 2 2 1 1 2318 2363 2364
4457 2 2 1 1 2318 2364 2319
4458 2 2 1 1 2319 2364 2365
4459 2 2 1 1 2319 2365 2320
4460 2 2 1 1 2320 2365 2366
4461 2 2 1 1 2320 2366 2321
4462 2 2 1 1 2321 2366 2367
4463 2 2 1 1 2321 2367 2322
4464 2 2 1 1 2322 2367 2368
4465 2 2 1 1 2322 2368 2323
4466 2 2 1 1 2323 2368 2369
4467 2 2 1 1 2323 2369 2324
4468 2 2 1 1 2324 2369 2370
4469 2 2 1 1 2324 2370 2325
4470 2 2 1 1 2325 2370 2371
4471 2 2 1 1 2325 2371 2326
4472 2 2 1 1 2326 2371 2372
4473 2 2 1 1 2326 2372 2327
4474 2 2 1 1 2327 2372 2373
4475 2 2 1 1 2327 2373 2328
4476 2 2 1 1 2328 2373 2374
4477 2 2 1 1 2328 2374 2329
4478 2 2 1 1 2329 2374 2375
4479 2 2 1 1 2329 2375 2330
4480 2 2 1 1 2330 2375 2376
4481 2 2 1 1 2330 2376 2331
4482 2 2 1 1 2331 2376 2377
4483 2 2 1 1 2331 2377 2332
4484 2 2 1 1 2332 2377 2378
4485 2 2 1 1 2332 2378 2333
4486 2 2 1 1 2333 2378 2379
4487 2 2 1 1 2333 2379 2334
4488 2 2 1 1 2334 2379 2380
4489 2 2 1 1 2334 2380 2335
4490 2 2 1 1 2335 2380 2381
4491 2 2 1 1 2335 2381 2336
4492 2 2 1 1 2336 2381 2382
4493 2 2 1 1 2336 2382 2337
4494 2 2 1 1 2337 2382 2383
4495 2 2 1 1 2337 2383 2338
4496 2 2 1 1 2338 2383 2384
4497 2 2 1 1 2338 2384 2339
4498 2 2 1 1 2339 2384 2385
4499 2 2 1 1 2339 2385 2340
4500 2 2 1 1 2340 2385 2386
4501 2 2 1 1 2340 2386 2341
4502 2 2 1 1 2341 2386 2387
4503 2 2 1 1 2341 2387 2342
4504 2 2 1 1 2342 2387 2388
4505 2 2 1 1 2342 2388 2343
4506 2 2 1 1 2343 2388 2389
4507 2 2 1 1 2343 2389 2344
4508 2 2 1 1 2344 2389 2390
4509 2 2 1 1 2344 2390 2345
4510 2 2 1 1 2345 2390 2391
4511 2 2 1 1 2345 2391 2346
4512 2 2 1 1 2346 2391 2392
4513 2 2 1 1 2346 2392 2347
4514 2 2 1 1 2347 2392 2393
4515 2 2 1 1 2347 2393 2348
4516 2 2 1 1 2348 2393 2394
4517 2 2 1 1 2348 2394 2349
4518 2 2 1 1 2349 2394 2395
4519 2 2 1 1 2349 2395 2350
4520 2 2 1 1 2350 2395 2396
4521 2 2 1 1 2350 2396 2351
4522 2 2 1 1 2351 2396 2397
4523 2 2 1 1 2351 2397 2352
4524 2 2 1 1 2352 2397 2398
4525 2 2 1 1 2352 2398 2353
4526 2 2 1 1 2353 2398 2399
4527 2 2 1 1 2353 2399 2354
4528 2 2 1 1 2354 2399 2400
4529 2 2 1 1 2354 2400 102
4530 2 2 1 1 102 2400 101
4531 2 2 1 1 56 2 2355
4532 2 2 1 1 2355 2 57
4533 2 2 1 1 2355 57 2356
4534 2 2 1 1 2356 57 58
4535 2 2 1 1 2356 58 2357
4536 2 2 1 1 2357 58 59
4537 2 2 1 1 2357 59 2358
4538 2 2 1 1 2358 59 60
4539 2 2 1 1 2358 60 2359
4540 2 2 1 1 2359 60 61
4541 2 2 1 1 2359 61 2360
4542 2 2 1 1 2360 61 62
4543 2 2 1 1 2360 62 2361
4544 2 2 1 1 2361 62 63
4545 2 2 1 1 2361 63 2362
4546 2 2 1 1 2362 63 64
4547 2 2 1 1 2362 64 2363
4548 2 2 1 1 2363 64 3
4549 2 2 1 1 2363 3 2364
4550 2 2 1 1 2364 3 65
4551 2 2 1 1 2364 65 2365
4552 2 2 1 1 2365 65 66
4553 2 2 1 1 2365 66 2366
4554 2 2 1 1 2366 66 67
4555 2 2 1 1 2366 67 2367
4556 2 2 1 1 2367 67 68
4557 2 2 1 1 2367 68 2368
4558 2 2 1 1 2368 68 69
4559 2 2 1 1 2368 69 2369
4560 2 2 1 1 2369 69 70
4561 2 2 1 1 2369 70 2370
4562 2 2 1 1 2370 70 71
4563 2 2 1 1 2370 71 2371
4564 2 2 1 1 2371 71 72
4565 2 2 1 1 2371 72 2372
4566 2 2 1 1 2372 72 73
4567 2 2 1 1 2372 73 2373
4568 2 2 1 1 2373 73 74
4569 2 2 1 1 2373 74 2374
4570 2 2 1 1 2374 74 75
4571 2 2 1 1 2374 75 2375
4572 2 2 1 1 2375 75 76
4573 2 2 1 1 2375 76 2376
4574 2 2 1 1 2376 76 77
4575 2 2 1 1 2376 77 2377
4576 2 2 1 1 2377 77 78
4577 2 2 1 1 2377 78 2378
4578 2 2 1 1 2378 78 79
4579 2 2 1 1 2378 79 2379
4580 2 2 1 1 2379 79 80
4581 2 2 1 1 2379 80 2380
4582 2 2 1 1 2380 80 81
4583 2 2 1 1 2380 81 2381
4584 2 2 1 1 2381 81 82
4585 2 2 1 1 2381 82 2382
4586 2 2 1 1 2382 82 83
4587 2 2 1 1 2382 83 2383
4588 2 2 1 1 2383 83 84
4589 2 2 1 1 2383 84 2384
4590 2 2 1 1 2384 84 85
4591 2 2 1 1 2384 85 2385
4592 2 2 1 1 2385 85 86
4593 2 2 1 1 2385 86 2386
4594 2 2 1 1 2386 86 87
4595 2 2 1 1 2386 87 2387
4596 2 2 1 1 2387 87 88
4597 2 2 1 1 2387 88 2388
4598 2 2 1 1 2388 88 89
4599 2 2 1 1 2388 89 2389
4600 2 2 1 1 2389 89 90
4601 2 2 1 1 2389 90 2390
4602 2 2 1 1 2390 90 91
4603 2 2 1 1 2390 91 2391
4604 2 2 1 1 2391 91 92
4605 2 2 1 1 2391 92 2392
4606 2 2 1 1 2392 92 7
4607 2 2 1 1 2392 7 2393
4608 2 2 1 1 2393 7 93
4609 2 2 1 1 2393 93 2394
4610 2 2 1 1 2394 93 94
4611 2 2 1 1 2394 94 2395
4612 2 2 1 1 2395 94 95
4613 2 2 1 1 2395 95 2396
4614 2 2 1 1 2396 95 96
4615 2 2 1 1 2396 96 2397
4616 2 2 1 1 2397 96 97
4617 2 2 1 1 2397 97 2398
4618 2 2 1 1 2398 97 98
4619 2 2 1 1 2398 98 2399
4620 2 2 1 1 2399 98 99
4621 2 2 1 1 2399 99 2400
4622 2 2 1 1 2400 99 100
4623 2 2 1 1 2400 100 101
4624 2 2 1 1 101 100 4
$EndElements
