$MeshFormat
2.2 0 8
$EndMeshFormat
$PhysicalNames
9
1 1 "gate_contact"
1 2 "gate_oxide_interface"
1 3 "bulk_oxide_interface"
1 4 "source_contact"
1 5 "drain_contact"
1 6 "body_contact"
2 7 "gate"
2 8 "oxide"
2 9 "bulk"
$EndPhysicalNames
$Nodes
6883
1 0 0 0
2 2.775e-05 0 0
3 3.225e-05 0 0
4 6e-05 0 0
5 6e-05 6.999999999999999e-05 0
6 0 6.999999999999999e-05 0
7 2.775e-05 -1.05e-05 0
8 3.225e-05 -1.05e-05 0
9 3.225e-05 -5e-07 0
10 2.775e-05 -5e-07 0
11 1.413428171251171e-06 6.999999999999999e-05 0
12 2.829494749148529e-06 6.999999999999999e-05 0
13 4.512403451101091e-06 6.999999999999999e-05 0
14 6.308167443481806e-06 6.999999999999999e-05 0
15 7.849623511367922e-06 6.999999999999999e-05 0
16 9.583041724783674e-06 6.999999999999999e-05 0
17 1.117699586405355e-05 6.999999999999999e-05 0
18 1.270340014791556e-05 6.999999999999999e-05 0
19 1.437504096215587e-05 6.999999999999999e-05 0
20 1.621674365397436e-05 6.999999999999999e-05 0
21 1.804172149776879e-05 6.999999999999999e-05 0
22 1.989915118058377e-05 6.999999999999999e-05 0
23 2.179667582826869e-05 6.999999999999999e-05 0
24 2.364600836618161e-05 6.999999999999999e-05 0
25 2.540438212679779e-05 6.999999999999999e-05 0
26 2.703309546283079e-05 6.999999999999999e-05 0
27 2.863781297529429e-05 6.999999999999999e-05 0
28 3.010672063003583e-05 6.999999999999999e-05 0
29 3.162084115007994e-05 6.999999999999999e-05 0
30 3.319916173069866e-05 6.999999999999999e-05 0
31 3.47282669971222e-05 6.999999999999999e-05 0
32 3.623116835819971e-05 6.999999999999999e-05 0
33 3.80485214762485e-05 6.999999999999999e-05 0
34 3.982596414134636e-05 6.999999999999999e-05 0
35 4.168069289341089e-05 6.999999999999999e-05 0
36 4.362345170216771e-05 6.999999999999999e-05 0
37 4.555563051244462e-05 6.999999999999999e-05 0
38 4.727777200502145e-05 6.999999999999999e-05 0
39 4.881491765995144e-05 6.999999999999999e-05 0
40 5.040390601092763e-05 6.999999999999999e-05 0
41 5.213679763851313e-05 6.999999999999999e-05 0
42 5.368168517944412e-05 6.999999999999999e-05 0
43 5.548173617440782e-05 6.999999999999999e-05 0
44 5.716892890670108e-05 6.999999999999999e-05 0
45 5.858474118827293e-05 6.999999999999999e-05 0
46 6e-05 6.859529090350619e-05 0
47 6e-05 6.720167050471563e-05 0
48 6e-05 6.553058592506197e-05 0
49 6e-05 6.347194079408032e-05 0
50 6e-05 6.106041236727177e-05 0
51 6e-05 5.82016746820376e-05 0
52 6e-05 5.474612695277721e-05 0
53 6e-05 5.07402579112169e-05 0
54 6e-05 4.645487249899214e-05 0
55 6e-05 4.159036759867927e-05 0
56 6e-05 3.641915246751466e-05 0
57 6e-05 3.150263683297542e-05 0
58 6e-05 2.711193401410844e-05 0
59 6e-05 2.292064874758204e-05 0
60 6e-05 1.903350485835702e-05 0
61 6e-05 1.598215025229419e-05 0
62 6e-05 1.371508786065084e-05 0
63 6e-05 1.191075183861876e-05 0
64 6e-05 1.014352790489563e-05 0
65 6e-05 8.619244403903291e-06 0
66 6e-05 7.358739391438856e-06 0
67 6e-05 6.327876650657254e-06 0
68 6e-05 5.590459315002705e-06 0
69 6e-05 5.029920371564845e-06 0
70 6e-05 4.524330311044819e-06 0
71 6e-05 4.063380924234042e-06 0
72 6e-05 3.637035826208475e-06 0
73 6e-05 3.241887568897168e-06 0
74 6e-05 2.878481173617818e-06 0
75 6e-05 2.545195407812066e-06 0
76 6e-05 2.230736887741483e-06 0
77 6e-05 1.921088869996063e-06 0
78 6e-05 1.614661067733311e-06 0
79 6e-05 1.294707446490405e-06 0
80 6e-05 9.554873457439945e-07 0
81 6e-05 5.568691744706368e-07 0
82 5.931050986236882e-05 0 0
83 5.867366319623295e-05 0 0
84 5.805244402610591e-05 0 0
85 5.738922514700161e-05 0 0
86 5.678552182020324e-05 0 0
87 5.627279955734174e-05 0 0
88 5.578743316804297e-05 0 0
89 5.522990231949359e-05 0 0
90 5.472674790501555e-05 0 0
91 5.424705055102789e-05 0 0
92 5.373193436688528e-05 0 0
93 5.312465875033691e-05 0 0
94 5.25027326412069e-05 0 0
95 5.190371056936488e-05 0 0
96 5.133428213404297e-05 0 0
97 5.077153440677149e-05 0 0
98 5.020948011781983e-05 0 0
99 4.965010504042701e-05 0 0
100 4.912195838206276e-05 0 0
101 4.864909133639731e-05 0 0
102 4.814578456878771e-05 0 0
103 4.751162831624499e-05 0 0
104 4.694969204375568e-05 0 0
105 4.637878654107293e-05 0 0
106 4.581423200604978e-05 0 0
107 4.530771116852491e-05 0 0
108 4.478608388136478e-05 0 0
109 4.422032425499164e-05 0 0
110 4.366469985625381e-05 0 0
111 4.308695073393509e-05 0 0
112 4.248607505401641e-05 0 0
113 4.18911092740938e-05 0 0
114 4.131151975234605e-05 0 0
115 4.076212463695232e-05 0 0
116 4.026136684032293e-05 0 0
117 3.977312751074603e-05 0 0
118 3.921134870323198e-05 0 0
119 3.858228636763196e-05 0 0
120 3.793831754388945e-05 0 0
121 3.729090462079314e-05 0 0
122 3.667883433264325e-05 0 0
123 3.620083317528313e-05 0 0
124 3.574710541796212e-05 0 0
125 3.529783930141115e-05 0 0
126 3.496468530354912e-05 0 0
127 3.472545265099759e-05 0 0
128 3.454958628111392e-05 0 0
129 3.438829918518697e-05 0 0
130 3.423152046324355e-05 0 0
131 3.407508299378643e-05 0 0
132 3.391920784727945e-05 0 0
133 3.377931397597556e-05 0 0
134 3.365512705561591e-05 0 0
135 3.350547346550935e-05 0 0
136 3.330336050704343e-05 0 0
137 3.304093857763382e-05 0 0
138 3.282882962129942e-05 0 0
139 3.267758822506122e-05 0 0
140 3.25697475753115e-05 0 0
141 3.249146274878548e-05 0 0
142 3.242925051270251e-05 0 0
143 3.237921173634769e-05 0 0
144 3.233603237846616e-05 0 0
145 3.229301618923356e-05 0 0
146 3.21988865917291e-05 0 0
147 3.212954927973927e-05 0 0
148 3.205779930308119e-05 0 0
149 3.199688952200953e-05 0 0
150 3.194972770885157e-05 0 0
151 3.188888434088403e-05 0 0
152 3.180454480162258e-05 0 0
153 3.17081475985229e-05 0 0
154 3.161048476728889e-05 0 0
155 3.151792810169065e-05 0 0
156 3.144644572675607e-05 0 0
157 3.136778313920723e-05 0 0
158 3.126820704966701e-05 0 0
159 3.11757346792946e-05 0 0
160 3.110081034023765e-05 0 0
161 3.104017832510074e-05 0 0
162 3.098598686308056e-05 0 0
163 3.093189082929034e-05 0 0
164 3.086092312142567e-05 0 0
165 3.077177420602309e-05 0 0
166 3.068021920165176e-05 0 0
167 3.058918733475626e-05 0 0
168 3.051653734403483e-05 0 0
169 3.045274797903955e-05 0 0
170 3.037784187463495e-05 0 0
171 3.028909520426416e-05 0 0
172 3.019287627325978e-05 0 0
173 3.009660399753481e-05 0 0
174 3.002146814506568e-05 0 0
175 2.994866618520562e-05 0 0
176 2.985568883636714e-05 0 0
177 2.976027326831753e-05 0 0
178 2.966593949357906e-05 0 0
179 2.957106901430682e-05 0 0
180 2.948487668350133e-05 0 0
181 2.941237374001854e-05 0 0
182 2.931908920937787e-05 0 0
183 2.922507255852197e-05 0 0
184 2.914485099168859e-05 0 0
185 2.907356816914365e-05 0 0
186 2.901197327303224e-05 0 0
187 2.895472041768967e-05 0 0
188 2.889663365319789e-05 0 0
189 2.883145646303936e-05 0 0
190 2.874893679229483e-05 0 0
191 2.865739207056701e-05 0 0
192 2.856885074613469e-05 0 0
193 2.850334967863019e-05 0 0
194 2.842853359001749e-05 0 0
195 2.833267874203297e-05 0 0
196 2.823547109815685e-05 0 0
197 2.815233272324301e-05 0 0
198 2.809301667329654e-05 0 0
199 2.80507051769637e-05 0 0
200 2.801758640843869e-05 0 0
201 2.79744982281376e-05 0 0
202 2.791739952660099e-05 0 0
203 2.787111524166018e-05 0 0
204 2.783070373128971e-05 0 0
205 2.779033200108401e-05 0 0
206 2.77096294584788e-05 0 0
207 2.766942425640126e-05 0 0
208 2.762774454786469e-05 0 0
209 2.757626135018592e-05 0 0
210 2.751059295859073e-05 0 0
211 2.742129160536779e-05 0 0
212 2.731966672542253e-05 0 0
213 2.720879387073654e-05 0 0
214 2.70572312299027e-05 0 0
215 2.68908403127615e-05 0 0
216 2.674225765630521e-05 0 0
217 2.66146992405403e-05 0 0
218 2.649284765441812e-05 0 0
219 2.637420961353296e-05 0 0
220 2.625222555183756e-05 0 0
221 2.612552871511741e-05 0 0
222 2.599407786416444e-05 0 0
223 2.585779520283441e-05 0 0
224 2.571598215411967e-05 0 0
225 2.556666685630986e-05 0 0
226 2.540853945523928e-05 0 0
227 2.521132830170607e-05 0 0
228 2.494729587579044e-05 0 0
229 2.46238447436672e-05 0 0
230 2.423839676701514e-05 0 0
231 2.376863517539208e-05 0 0
232 2.325030552455858e-05 0 0
233 2.273199918087148e-05 0 0
234 2.220189886276622e-05 0 0
235 2.163966983834553e-05 0 0
236 2.110031497959276e-05 0 0
237 2.054473075926363e-05 0 0
238 1.995742734363888e-05 0 0
239 1.933680005708851e-05 0 0
240 1.857327473677745e-05 0 0
241 1.792059526583498e-05 0 0
242 1.73266957932448e-05 0 0
243 1.670656031638156e-05 0 0
244 1.600774161875556e-05 0 0
245 1.528911988445773e-05 0 0
246 1.450186795810826e-05 0 0
247 1.371257649039209e-05 0 0
248 1.292565777167667e-05 0 0
249 1.210710398181849e-05 0 0
250 1.136191083962016e-05 0 0
251 1.07309393355587e-05 0 0
252 1.000266643718568e-05 0 0
253 9.291876248128825e-06 0 0
254 8.551905579203679e-06 0 0
255 7.900932352220557e-06 0 0
256 7.358592981074504e-06 0 0
257 6.793879714154547e-06 0 0
258 6.174620940286028e-06 0 0
259 5.646203506515238e-06 0 0
260 5.134368479904303e-06 0 0
261 4.598809731806148e-06 0 0
262 4.014592878516059e-06 0 0
263 3.353448456714821e-06 0 0
264 2.73862105532693e-06 0 0
265 2.133176890245942e-06 0 0
266 1.635887693651523e-06 0 0
267 1.151165394232096e-06 0 0
268 6.052304680016421e-07 0 0
269 0 4.067202237643811e-07 0
270 0 6.972406550990832e-07 0
271 0 9.424771807119997e-07 0
272 0 1.181812683514468e-06 0
273 0 1.418082446933656e-06 0
274 0 1.654349797207923e-06 0
275 0 1.890868121167062e-06 0
276 0 2.127951005940463e-06 0
277 0 2.367331527874238e-06 0
278 0 2.611509353830984e-06 0
279 0 2.859227793187769e-06 0
280 0 3.108051122244513e-06 0
281 0 3.36251703613066e-06 0
282 0 3.636086508513762e-06 0
283 0 3.941837665403401e-06 0
284 0 4.357960254238685e-06 0
285 0 4.940727653727222e-06 0
286 0 5.741117228604215e-06 0
287 0 6.838350471356462e-06 0
288 0 8.313289757551852e-06 0
289 0 1.007916617437566e-05 0
290 0 1.21448358282649e-05 0
291 0 1.497911878057331e-05 0
292 0 1.838772689586537e-05 0
293 0 2.204714328917951e-05 0
294 0 2.601837092789283e-05 0
295 0 3.063030930269754e-05 0
296 0 3.542148031614134e-05 0
297 0 4.043697784043443e-05 0
298 0 4.592295653831325e-05 0
299 0 5.040915873538317e-05 0
300 0 5.44084655093449e-05 0
301 0 5.780036146060099e-05 0
302 0 6.070607230797947e-05 0
303 0 6.343207107515828e-05 0
304 0 6.55402356547476e-05 0
305 0 6.720898302478248e-05 0
306 0 6.860028239813253e-05 0
307 3.225e-05 -8.958497737302727e-06 0
308 3.225e-05 -7.549036601134578e-06 0
309 3.225e-05 -6.146264960548051e-06 0
310 3.225e-05 -4.829645978831963e-06 0
311 3.225e-05 -3.726413380606904e-06 0
312 3.225e-05 -2.852301395104411e-06 0
313 3.225e-05 -2.175826286175365e-06 0
314 3.225e-05 -1.663450242299824e-06 0
315 3.225e-05 -1.272332566192735e-06 0
316 3.225e-05 -9.518757138494898e-07 0
317 3.225e-05 -7.157137695886786e-07 0
318 3.204065256107443e-05 -5e-07 0
319 3.18254218205822e-05 -5e-07 0
320 3.154212943229217e-05 -5e-07 0
321 3.117182545323799e-05 -5e-07 0
322 3.074687520936455e-05 -5e-07 0
323 3.03083737142904e-05 -5e-07 0
324 2.989433973871844e-05 -5e-07 0
325 2.947938767130172e-05 -5e-07 0
326 2.904555893252419e-05 -5e-07 0
327 2.864060835019671e-05 -5e-07 0
328 2.829652239005653e-05 -5e-07 0
329 2.801554507778035e-05 -5e-07 0
330 2.775e-05 -9.166379907373894e-06 0
331 2.775e-05 -7.933345565851323e-06 0
332 2.775e-05 -6.712267395694607e-06 0
333 2.775e-05 -5.563380296256927e-06 0
334 2.775e-05 -4.514420376328451e-06 0
335 2.775e-05 -3.611141359546126e-06 0
336 2.775e-05 -2.906685387759946e-06 0
337 2.775e-05 -2.278357919028822e-06 0
338 2.775e-05 -1.769760527574952e-06 0
339 2.775e-05 -1.388954065750759e-06 0
340 2.775e-05 -1.047197612820185e-06 0
341 2.775e-05 -7.657337655484696e-07 0
342 2.892659038381919e-05 -1.05e-05 0
343 2.995591724033731e-05 -1.05e-05 0
344 3.097897212845916e-05 -1.05e-05 0
345 3.225e-05 -3.688495305741297e-07 0
346 3.225e-05 -2.670768809805823e-07 0
347 3.225e-05 -1.740845305919641e-07 0
348 3.225e-05 -8.557848495598903e-08 0
349 2.775e-05 -4.693477703632502e-08 0
350 2.775e-05 -1.12329773491105e-07 0
351 2.775e-05 -2.034459805289506e-07 0
352 2.775e-05 -3.304000025409231e-07 0
353 2.696432620134443e-05 2.833845012488449e-05 0
354 4.523260795201275e-05 1.459390396910549e-05 0
355 3.094090229444023e-05 1.433858195420308e-05 0
356 1.59171017512716e-05 1.600328861170804e-05 0
357 5.447044277857948e-05 5.62340203569663e-06 0
358 4.782870644251635e-05 6.769046738865518e-06 0
359 3.999603278357998e-05 8.037839441553347e-06 0
360 3.293488409946698e-05 7.122725983272788e-06 0
361 2.514156028691587e-05 7.791236231157759e-06 0
362 3.787966387225737e-06 3.806875917909102e-06 0
363 1.036680288637219e-05 7.580772428466989e-06 0
364 3.932329006992644e-05 4.889720514043155e-05 0
365 2.207522423870984e-06 2.24764126690735e-06 0
366 7.629762666647525e-06 3.827976463529711e-06 0
367 2.879134660975379e-05 4.597388827238932e-06 0
368 3.225051788777156e-05 3.586038182236155e-06 0
369 3.015223848992414e-05 2.445379824981185e-06 0
370 2.767693316001092e-05 2.506735520423388e-06 0
371 2.892287662401487e-05 1.531094452306339e-06 0
372 2.771402456508412e-05 1.257665680161632e-06 0
373 3.007596572648705e-05 1.212251320456971e-06 0
374 3.150181756077389e-05 1.457134982639847e-06 0
375 3.238723789331246e-05 1.023440178346905e-06 0
376 3.430990982421542e-05 2.290894806384508e-06 0
377 2.605980328964067e-05 1.746402508882774e-06 0
378 2.854652175497347e-05 8.066153396485541e-07 0
379 2.803185263787704e-05 5.741554412425529e-07 0
380 2.298628848084406e-05 3.537750315842735e-06 0
381 1.757061232683666e-05 5.954590188519558e-06 0
382 2.564525168284507e-05 4.804263775051938e-06 0
383 3.095893884618561e-05 8.178199463309176e-07 0
384 3.37282943580814e-05 1.230012262340868e-06 0
385 2.944404071262448e-05 7.475398042676919e-07 0
386 3.041265555522581e-05 5.821318091807135e-07 0
387 2.759820944597245e-05 4.737820766132633e-07 0
388 3.166666834989675e-05 6.93693115973903e-07 0
389 5.695915355089171e-05 3.095322835105534e-06 0
390 1.945337793287776e-05 5.055716831277616e-05 0
391 3.760634266047331e-05 3.498506564968198e-06 0
392 4.158388369777217e-05 4.025936572635457e-06 0
393 4.504328710012798e-05 3.44836943977104e-06 0
394 4.840995303142498e-05 3.34597864535039e-06 0
395 2.68165489845334e-05 9.080815730826786e-07 0
396 2.892567703544358e-05 4.989740765176134e-07 0
397 3.977407294639785e-05 2.439266828760313e-06 0
398 3.957920101386431e-05 4.479030335352443e-06 0
399 3.628722615535265e-05 2.031087575481015e-06 0
400 3.556502415946669e-05 3.969635451145425e-06 0
401 3.720459722252365e-05 6.426745443180555e-06 0
402 5.161899635170388e-05 3.211668191163101e-06 0
403 5.426765616569725e-05 2.697941654857012e-06 0
404 2.411570009892902e-05 1.950983359262127e-06 0
405 3.216103827387359e-05 5.415698221358875e-07 0
406 3.496772525836266e-05 1.217329413250953e-06 0
407 3.102049562151305e-05 4.114563657600312e-07 0
408 2.853422282888323e-05 3.989593719831727e-07 0
409 1.102323905501775e-05 3.435423650236307e-06 0
410 1.940730085835349e-06 4.185903776515755e-06 0
411 4.804634483248644e-05 5.807035573291879e-05 0
412 2.999111994077656e-05 4.549670232928978e-07 0
413 4.388291188760301e-05 7.08922582874969e-06 0
414 2.803582490806658e-05 2.822604353068741e-07 0
415 2.551052215109015e-05 9.622680419615534e-07 0
416 3.071146953159383e-05 1.56185304165745e-06 0
417 2.025411976163896e-05 2.830759346470452e-06 0
418 4.312439705879202e-05 2.26068954806069e-06 0
419 4.339546649711641e-05 4.030827805617472e-06 0
420 5.831617873178161e-05 2.075912878868773e-06 0
421 2.900765929674259e-05 9.998816639759656e-07 0
422 5.687383503037045e-06 2.373006055939998e-06 0
423 3.986343465083118e-06 1.999948796776514e-06 0
424 5.668786773987793e-06 4.456775967905883e-06 0
425 3.753324298683658e-06 7.502465485912199e-06 0
426 3.539162671995443e-05 2.826362945784507e-06 0
427 3.43530537945474e-05 3.494969887027757e-06 0
428 4.143780638121097e-05 2.352788008899955e-06 0
429 4.667454297305591e-05 2.121834339987999e-06 0
430 4.67389804721775e-05 3.834306230471965e-06 0
431 2.781601864749419e-05 2.376276087480102e-07 0
432 1.044710572548945e-05 5.987096540726229e-05 0
433 4.994381636947416e-05 2.088493437445095e-06 0
434 5.00132511492755e-05 3.680996274626229e-06 0
435 5.165491615231828e-05 6.238241739563488e-06 0
436 5.780622730881861e-05 5.2151441758591e-06 0
437 1.762364552953991e-05 2.618396267976596e-06 0
438 1.432883796774488e-05 3.267360664709267e-06 0
439 2.226323407371837e-05 1.844929858704241e-06 0
440 3.141406460421165e-05 4.004158459836128e-07 0
441 3.650281218892264e-05 3.14584590802304e-06 0
442 3.671758259800513e-05 4.369933111833493e-06 0
443 3.736210601083577e-05 2.403397431749931e-06 0
444 5.577597742344755e-05 1.761434685470175e-06 0
445 5.555945620560905e-05 3.112723277534335e-06 0
446 3.125024632006147e-05 2.505671165994316e-06 0
447 3.240570755922076e-05 2.223949964174178e-06 0
448 3.337131501427132e-05 2.102793632409887e-06 0
449 5.420530736938179e-05 1.11400646828069e-05 0
450 2.949317618449036e-05 1.336304941320111e-06 0
451 2.511100382411281e-05 1.853883002536215e-06 0
452 3.434036408791634e-05 7.686731288169654e-07 0
453 3.857072698288287e-05 2.668832814583371e-06 0
454 5.707464607510524e-05 1.7776698410697e-06 0
455 4.49671107521063e-05 1.7571964156301e-06 0
456 3.05563202167637e-05 1.050160570367068e-06 0
457 5.84256105151972e-05 3.649893851749866e-06 0
458 2.89378706852627e-05 5.719031063420767e-05 0
459 2.45510458408043e-05 1.054611588799332e-06 0
460 1.201779322850443e-06 1.572398553110192e-06 0
461 2.164674316940956e-05 3.12237004439526e-06 0
462 2.120705516548575e-05 6.812084454662265e-06 0
463 2.926777727504013e-05 3.746058572106664e-07 0
464 1.22294801359895e-06 2.983639457716142e-06 0
465 4.82882613518814e-05 1.697929718929581e-06 0
466 5.274327464085575e-05 1.77773439704199e-06 0
467 5.296813454865055e-05 3.134948454391563e-06 0
468 5.132434242336587e-05 1.861615433547766e-06 0
469 3.371115203481703e-05 6.090623840865888e-07 0
470 7.553411893782028e-06 1.870688489103044e-06 0
471 9.245532431383364e-06 2.811202797644464e-06 0
472 9.502521849823611e-06 5.004621673872045e-06 0
473 2.61755126558396e-05 6.653275421712683e-07 0
474 3.305250750940922e-05 9.455891741879599e-07 0
475 3.814062967971162e-05 4.882282331220441e-06 0
476 2.760157178507007e-05 2.022376049036965e-07 0
477 4.419508284378239e-05 2.627967510635951e-06 0
478 7.326555865764192e-06 6.320587885430565e-06 0
479 2.898600300628344e-05 2.51255604588949e-07 0
480 4.563975561427556e-05 2.585215005528463e-06 0
481 2.962372368690419e-05 3.636733477641446e-07 0
482 3.544132998091679e-05 1.93319821539275e-06 0
483 3.594011943074771e-05 1.074518794290688e-06 0
484 3.435227766537337e-05 1.577503682378003e-06 0
485 4.541247796192627e-05 5.699678838268065e-06 0
486 3.048400965074256e-05 2.939130605530472e-07 0
487 3.071128916891942e-05 4.996339758479139e-07 0
488 5.451766954958049e-05 1.32150342591611e-06 0
489 2.87944095449868e-05 2.790771006923129e-06 0
490 3.262100725986029e-05 4.647718561407364e-07 0
491 2.316052033620401e-05 2.474155955102567e-06 0
492 2.420750633290331e-05 3.162723003794919e-06 0
493 2.321808791399902e-05 1.445716027136399e-06 0
494 3.37072662199861e-05 2.943567488966498e-06 0
495 3.283240584472402e-05 1.600006591567873e-06 0
496 4.389297064764296e-05 1.62216523747168e-06 0
497 2.827375674926075e-05 4.221925322044968e-07 0
498 4.065283153398546e-05 3.258559985979212e-06 0
499 4.735456837823128e-06 2.98196057016308e-06 0
500 2.834024417858423e-05 1.408347020092958e-06 0
501 3.010287158716759e-05 8.076995180166023e-07 0
502 4.738453088617335e-05 2.950775008971119e-06 0
503 2.942170054618469e-05 2.148537885499399e-06 0
504 2.08389274551822e-05 1.459308537677202e-06 0
505 1.925468709239686e-05 1.584047353880584e-06 0
506 1.896701751091312e-05 2.819136488421794e-06 0
507 5.630968914885461e-05 4.494610517060201e-06 0
508 1.060438818827669e-05 1.758300992138218e-06 0
509 1.261974602671001e-05 2.126809260836506e-06 0
510 1.27327515496675e-05 3.824022118385588e-06 0
511 1.472410302542577e-05 6.949738172678596e-06 0
512 4.393488051063172e-05 3.085839416396356e-05 0
513 2.973661591477268e-05 6.497556897589398e-07 0
514 3.235762205740716e-05 3.011623177310878e-07 0
515 4.233644480457065e-05 3.116502165499729e-06 0
516 3.29491991622205e-05 2.772207318030951e-06 0
517 1.908245999789231e-05 6.129523997058912e-05 0
518 3.82280739887283e-05 1.413605675028399e-06 0
519 3.715411247311659e-05 1.298698758523874e-06 0
520 1.579167521432648e-05 1.900679547419279e-06 0
521 1.616826190771626e-05 3.755677184274745e-06 0
522 1.421049607508675e-05 1.755278803911335e-06 0
523 4.586818126747672e-05 1.69298144723263e-06 0
524 2.404375724676675e-05 4.805669494405293e-06 0
525 3.187528634421735e-06 2.840239183348835e-06 0
526 2.464547161086452e-05 2.566936204031488e-06 0
527 2.570369193760087e-05 2.671302172228954e-06 0
528 2.505411715125329e-05 3.377524952717127e-06 0
529 3.192118685328106e-05 3.27377001265192e-07 0
530 2.711911671512585e-05 4.602784271008993e-07 0
531 3.823815091386617e-05 6.058013401879783e-05 0
532 2.80308028886946e-05 1.426774261285563e-07 0
533 2.82320038099029e-05 2.099505163183388e-07 0
534 5.365938406436862e-05 1.937073956522174e-06 0
535 3.872975954330655e-05 3.809393788630658e-06 0
536 4.060746551287344e-05 1.285832412102856e-06 0
537 3.944360894769206e-05 1.339300708100423e-06 0
538 3.02443597034463e-05 3.934504357099558e-07 0
539 5.737285971578244e-05 4.102996341099695e-06 0
540 5.074877407861308e-05 2.688195318142667e-06 0
541 5.509796088030745e-05 2.370811324209769e-06 0
542 5.047576354714522e-06 1.288105081347088e-06 0
543 2.78839566049437e-05 4.206346373534701e-07 0
544 3.12246416484987e-05 6.44154914366921e-07 0
545 3.13066885357337e-05 1.06073851961401e-06 0
546 3.09428773993723e-05 1.211182223101016e-06 0
547 2.875013672588907e-05 3.359795414061566e-07 0
548 4.89806079575707e-05 2.487563971671916e-06 0
549 5.613765644980989e-05 2.517388138457765e-06 0
550 3.565063512599575e-05 5.693547986143459e-06 0
551 2.777098348348346e-05 7.057678544647254e-07 0
552 5.235966722329776e-05 4.665180639085096e-06 0
553 5.111978783304046e-05 4.438002736455918e-06 0
554 4.954532751899315e-05 5.672349338392104e-06 0
555 3.380567430782132e-05 1.774164747811843e-06 0
556 4.644179820433311e-05 2.972397823177795e-06 0
557 4.259243535931781e-05 5.892747756416072e-06 0
558 4.797394384392803e-05 4.960606439771486e-06 0
559 1.139002155732607e-05 5.573530118484563e-06 0
560 6.324691553625142e-06 1.281553935581603e-06 0
561 2.812682107128699e-05 1.009483213105285e-06 0
562 3.211337282007972e-05 1.616427455744105e-06 0
563 5.884566108857273e-05 1.099187288256737e-06 0
564 5.787958910916818e-05 1.148325142044273e-06 0
565 6.845806030856478e-06 2.885198210426409e-06 0
566 3.486996782726215e-05 1.775080125150216e-06 0
567 3.809875361264765e-05 2.106756614673139e-06 0
568 2.970446047846501e-05 1.008705220666384e-06 0
569 7.034878550064771e-06 1.357609270254524e-05 0
570 2.654575483726699e-05 4.218336515294871e-07 0
571 2.990869937140256e-05 1.769203464134771e-06 0
572 4.901711386030323e-05 4.337249114728092e-06 0
573 4.221924234159e-05 1.300537659426845e-06 0
574 3.338205331066263e-05 4.038611459812616e-06 0
575 2.633574760935734e-05 1.226907663209316e-06 0
576 2.703205868731448e-05 1.750950789540445e-06 0
577 2.653792906005324e-05 2.496604784639365e-06 0
578 5.20541147899972e-05 2.411399513851381e-06 0
579 3.886973221543429e-05 1.952729249534635e-06 0
580 3.19053155362599e-05 1.157267149910499e-06 0
581 2.917825228668977e-05 6.423989185886127e-07 0
582 2.572004156075116e-05 5.097117462444151e-07 0
583 3.095659157978748e-05 2.172303846356315e-07 0
584 3.072048973440063e-05 2.649589406686888e-07 0
585 3.493976225004166e-05 6.176327372010478e-07 0
586 3.064643939354211e-06 1.916234760094201e-06 0
587 2.881100844662375e-05 7.736254534000875e-07 0
588 5.465950656459657e-06 6.426528632127425e-05 0
589 5.451995312631045e-05 6.422907583888249e-05 0
590 2.827764009584811e-05 7.01514087375492e-07 0
591 4.587430071981259e-05 3.605370780062447e-06 0
592 2.98506024170393e-05 2.452625929088761e-07 0
593 3.00762933929662e-05 2.356761746223425e-07 0
594 2.870445701554557e-05 5.386972540653814e-07 0
595 2.281828789737424e-06 1.123783159173388e-06 0
596 8.099658194045266e-07 2.24764126690735e-06 0
597 4.454210659464073e-05 4.73526269777946e-06 0
598 5.453968292604996e-05 4.090547481224113e-06 0
599 5.33917850772338e-05 4.166721135723463e-06 0
600 5.546927309782607e-05 4.037982415448019e-06 0
601 8.006155518293721e-07 8.261353253543758e-07 0
602 4.925194625419543e-05 1.21942326873123e-06 0
603 3.967404112207467e-05 3.45857985043657e-06 0
604 2.844133138980466e-05 2.155435821134204e-07 0
605 4.786959878078199e-06 2.115525199764547e-06 0
606 3.120479426045156e-05 2.473066422310259e-07 0
607 4.754254328804122e-05 2.088755517930044e-06 0
608 3.670849117557111e-05 2.517092909156438e-06 0
609 3.604619334526782e-05 2.620268718719629e-06 0
610 3.713572579029717e-05 3.003286408479556e-06 0
611 3.693006106228636e-05 1.908210305378628e-06 0
612 4.302365950963162e-05 1.448592757851118e-06 0
613 1.158583788425732e-05 2.410330736027099e-06 0
614 4.759848772219642e-05 3.778496511730364e-06 0
615 3.650370525080895e-05 1.411629013511901e-06 0
616 5.897452226703849e-05 2.8176417216735e-06 0
617 2.790191476920901e-05 1.308894201783348e-07 0
618 3.164270108172812e-05 2.714162201990295e-07 0
619 5.786546602041734e-05 2.898768741535924e-06 0
620 1.703430655922014e-05 1.35919609666611e-06 0
621 1.813183515890675e-05 1.613036891108252e-06 0
622 1.277971079802989e-05 2.83243401152952e-05 0
623 8.456138093972177e-07 3.803089082328093e-06 0
624 2.517471460165421e-05 5.524546135871673e-07 0
625 4.667133618217979e-05 1.031032473194437e-06 0
626 3.063119914700697e-05 7.873381418737076e-07 0
627 3.209885704562756e-05 2.09036159701708e-07 0
628 4.412364109574116e-05 3.519194272090023e-06 0
629 5.625344736775457e-05 3.613746252760739e-06 0
630 4.096130198416517e-05 5.503315890689962e-06 0
631 5.041546679087787e-05 1.035629264531817e-05 0
632 2.945073015363559e-05 2.220235669860402e-07 0
633 1.964327504084846e-05 4.949215810398763e-06 0
634 5.641919635659605e-05 1.044067786024366e-06 0
635 2.144783514625917e-05 2.198116399071694e-06 0
636 5.621059302393079e-05 6.26364303821878e-06 0
637 2.009664707833077e-05 1.930519601053562e-06 0
638 2.004506019363638e-05 9.894106724838248e-07 0
639 3.582791775545846e-05 3.297951171191448e-06 0
640 3.547437660822667e-05 1.379586629891988e-06 0
641 4.492981673806307e-05 2.48347039828964e-06 0
642 2.734987980272933e-05 9.502427726152252e-07 0
643 4.352861438926393e-05 3.034030396419747e-06 0
644 3.789680080994731e-05 2.859910492942088e-06 0
645 9.235210574155273e-06 1.375735031662028e-06 0
646 2.871892875748845e-05 1.045253979633982e-06 0
647 4.754924607804447e-05 1.233996753262262e-06 0
648 3.490566851845915e-05 2.424551912587027e-06 0
649 3.029291165959797e-05 1.551081974082003e-06 0
650 4.533168704729687e-05 4.341163716073663e-06 0
651 1.027827639568835e-05 2.725806801189256e-06 0
652 4.226620526645462e-05 2.174999815621591e-06 0
653 2.772714602641016e-05 1.270624914943571e-07 0
654 3.058950948469316e-05 4.135000999709894e-06 0
655 5.473670993735817e-05 3.333853695905599e-06 0
656 5.402701019049252e-05 3.507890627391427e-06 0
657 5.580850915513021e-06 3.398490092838331e-06 0
658 3.695348409046397e-05 3.654180234351649e-06 0
659 3.335914113240132e-05 1.569789727055697e-06 0
660 8.547284451156986e-06 2.131160041356631e-06 0
661 8.261655212739192e-06 1.173645112639694e-06 0
662 2.979439745743041e-05 4.282511058677643e-07 0
663 2.144419913683308e-06 3.197761643275864e-06 0
664 5.235064095243202e-05 3.76167115882245e-06 0
665 5.053903994037351e-05 1.068375157039077e-06 0
666 3.455930683598826e-05 4.902502203038585e-06 0
667 2.556728094481768e-05 1.509570715834174e-06 0
668 5.911950629304402e-05 2.006677426361113e-06 0
669 4.066254296387889e-05 4.341137320284767e-06 0
670 4.613609665590478e-05 4.455202388113489e-06 0
671 5.175981081446966e-05 1.919506675943599e-05 0
672 2.384139735722435e-05 2.57680262050846e-06 0
673 4.972098068775677e-05 2.881604148696858e-06 0
674 4.536905132944871e-05 8.968351252351798e-07 0
675 4.452074677232761e-05 9.988799807424459e-07 0
676 4.139708085941274e-05 1.4951248762083e-06 0
677 2.903796988339588e-06 3.670366322670045e-06 0
678 3.208692083489223e-06 5.496671398282762e-06 0
679 6.51829901097306e-06 2.10569878401744e-06 0
680 4.801246755864049e-06 3.973429411982707e-06 0
681 2.188362860860471e-05 1.46406881787527e-05 0
682 2.932958103583441e-05 1.047282048941888e-06 0
683 2.560710934655173e-05 2.089263800797307e-06 0
684 5.358393108465384e-05 9.294188261347065e-07 0
685 3.408222363382416e-05 4.155569898602363e-07 0
686 4.061699852681831e-05 2.190374413478367e-06 0
687 2.173172064537922e-05 9.99852896827807e-07 0
688 3.415933366368568e-05 1.169838595026407e-06 0
689 2.592107542086047e-05 1.040162170848956e-06 0
690 5.08347538387644e-05 3.536330093861108e-06 0
691 5.311152447928985e-05 2.389461717277107e-06 0
692 2.506362717921854e-05 1.273221828171169e-06 0
693 3.636718620111739e-05 1.184050702852904e-05 0
694 3.543836935738868e-05 8.4240302135348e-07 0
695 2.25226786419003e-05 1.082552361126166e-06 0
696 5.199266868502718e-05 1.058884253738252e-06 0
697 5.276021151582532e-05 9.785524942727138e-07 0
698 4.603878546241908e-05 1.039923978390343e-06 0
699 5.53093232541347e-05 9.577842171508743e-07 0
700 3.173688721006621e-05 4.872505732932949e-07 0
701 4.922163273799349e-05 3.486772334059823e-06 0
702 5.506280278739764e-05 1.672834622181239e-06 0
703 4.679305488079992e-05 5.566687844748361e-06 0
704 4.243348289908763e-05 3.927317985629714e-06 0
705 3.629956116903761e-05 3.780651963736965e-06 0
706 2.388975316405047e-05 1.311300967981403e-06 0
707 3.148218691422398e-05 1.855428470192665e-07 0
708 1.670047890535076e-05 2.282949459301083e-06 0
709 2.811856981557071e-05 2.124023789301931e-07 0
710 3.164834117014588e-05 2.064118290997973e-06 0
711 3.954478697078058e-06 2.787811099530851e-06 0
712 2.708165551638725e-05 3.978538156835331e-06 0
713 2.469713304657838e-05 6.389900527525582e-05 0
714 2.95307450435178e-05 6.484594113385438e-05 0
715 3.410261914654505e-05 6.559086469301512e-05 0
716 3.620542450690034e-06 1.020135865004567e-06 0
717 4.148664172984734e-05 3.201521312432574e-06 0
718 3.75179932752701e-05 1.812411961608232e-06 0
719 2.913867751721068e-05 1.251881195576979e-06 0
720 3.448619892207857e-05 2.890510972936492e-06 0
721 1.023085258894392e-05 6.504688244081683e-05 0
722 1.492514931790468e-06 2.330006467327805e-06 0
723 3.84662658250531e-05 2.180608456866099e-05 0
724 8.306332218444762e-06 3.059002353989916e-06 0
725 5.880094478875239e-05 4.819306157313407e-06 0
726 3.326713477571903e-05 4.414172874033127e-07 0
727 2.909182990145524e-05 4.10078946573258e-07 0
728 4.64685627527839e-06 5.491141986270989e-06 0
729 3.121221514256107e-05 4.456317548480934e-07 0
730 3.381760484621379e-05 2.261083019050507e-06 0
731 3.456252010160999e-05 1.11242297659024e-06 0
732 2.921307183155623e-05 8.713698476655652e-06 0
733 1.519223351958544e-05 6.49621447470442e-05 0
734 6.504485441407692e-06 3.856371862404427e-06 0
735 2.917435251650904e-05 1.99566640083237e-07 0
736 3.512098977910834e-05 3.441749872272778e-06 0
737 3.481383460453309e-05 4.110552952982754e-06 0
738 3.141972657334153e-05 8.209053976768476e-07 0
739 3.160499364536837e-05 1.063338683583126e-06 0
740 3.191930602486838e-05 1.595171938499033e-07 0
741 2.945014379640512e-05 5.075491443563012e-07 0
742 3.596316494742853e-05 1.597642269543769e-06 0
743 3.115318159535195e-05 1.874689712169731e-06 0
744 3.062316025866847e-05 2.112947950792582e-06 0
745 5.436317082819486e-05 2.015827457804968e-06 0
746 9.817496703208789e-06 2.022234513621413e-06 0
747 4.987842516364715e-05 6.528842444469985e-05 0
748 4.466027110364197e-05 6.517911715178259e-05 0
749 3.448335130255665e-05 3.610001551447643e-07 0
750 2.356045861138891e-05 3.144024736731282e-06 0
751 3.741143738023066e-05 4.17206736577852e-06 0
752 4.816256070518063e-05 2.533963748874007e-06 0
753 3.03123944878604e-05 2.018978426348031e-07 0
754 3.118622173427297e-05 8.702471977528788e-07 0
755 2.738874412341964e-05 6.199694973828426e-06 0
756 2.898778239765348e-05 6.761787221087166e-07 0
757 2.883113155436157e-05 1.6968301279421e-07 0
758 2.864713023179399e-05 1.849652004788964e-07 0
759 5.68935561053029e-06 1.642156865793892e-06 0
760 1.167151467254369e-05 1.17185975693413e-06 0
761 4.300015586622514e-06 1.335416222110278e-06 0
762 2.917963530494748e-05 8.628978185387154e-07 0
763 3.391532026999124e-05 9.205889871741622e-07 0
764 5.640488181750687e-05 1.878621983967435e-06 0
765 2.231669125757786e-05 2.795755078021135e-06 0
766 3.094156151604621e-05 5.963527275553348e-07 0
767 1.558930428798571e-06 8.716772412100478e-07 0
768 2.851004571706039e-05 4.13643194996323e-05 0
769 5.202249340246136e-05 1.710678085443042e-06 0
770 5.122127578489103e-05 1.132477873550342e-06 0
771 2.457274638580337e-05 1.61128597333571e-06 0
772 5.693877164628751e-06 9.240908596321993e-07 0
773 2.967826782211332e-05 1.828671941782135e-07 0
774 2.61045737817608e-05 3.736237570437127e-07 0
775 2.792457137547635e-05 2.447426000405436e-07 0
776 3.037193422538346e-05 8.525446188959253e-07 0
777 1.540551587292885e-05 2.97632149873393e-06 0
778 2.954109029464271e-06 1.22718761631905e-06 0
779 2.839675585882612e-05 1.088284729377785e-06 0
780 2.927899417766628e-05 1.617315960677677e-06 0
781 4.543337624620647e-05 2.059966921178314e-06 0
782 1.362544066381551e-05 2.685224251116057e-06 0
783 2.847479924295639e-05 2.193350414118159e-06 0
784 2.7853394405134e-05 1.832379289606178e-06 0
785 5.065518065011959e-05 1.806252708608317e-06 0
786 4.440728965451473e-05 2.054351862054016e-06 0
787 3.291635492153512e-05 2.096653557384087e-06 0
788 3.605214406425825e-05 4.402545733312113e-06 0
789 3.348395874612407e-05 9.132253524877028e-07 0
790 3.198086636383327e-05 8.261317357453456e-07 0
791 6.382903156887533e-07 2.857585370710264e-06 0
792 1.304776524709645e-05 4.055171585042578e-05 0
793 5.716985284278836e-05 1.014157434749512e-06 0
794 5.361810492714817e-05 2.837238529703766e-06 0
795 5.135009279616541e-05 2.520235641694249e-06 0
796 4.722105289421065e-05 4.566888826451612e-06 0
797 5.230870351452836e-05 3.07205998550048e-06 0
798 3.777139086886366e-05 1.268989293906361e-06 0
799 3.184587595322974e-05 2.696116430951085e-06 0
800 2.162406518507715e-05 5.086292890643139e-06 0
801 4.65631333373337e-05 1.005499676469309e-05 0
802 4.247450521672592e-05 1.071671561569468e-05 0
803 1.859352113381406e-06 1.675244224304912e-06 0
804 2.491147519791008e-06 1.680580963232625e-06 0
805 2.981928829239377e-05 1.42510253083909e-06 0
806 2.517708657784904e-05 2.382826135578614e-06 0
807 6.457913107866241e-07 1.650644698055165e-06 0
808 3.921984458639079e-05 2.862566545864301e-06 0
809 9.997809632029193e-06 1.19394576350884e-06 0
810 7.23933129984824e-06 9.659826101949071e-07 0
811 5.735952955073027e-05 2.432683255901105e-06 0
812 3.014601310521472e-05 5.91901071459775e-07 0
813 2.995882748935838e-05 6.616447141988367e-07 0
814 4.611064472320209e-05 2.2077097418179e-06 0
815 2.905185099055091e-05 1.343746732529592e-07 0
816 5.700346373067721e-05 9.470556864737278e-06 0
817 3.381728559560853e-05 2.958872999637176e-07 0
818 3.058955026344565e-05 1.536376857483487e-07 0
819 3.044709625782131e-05 1.574435979241445e-07 0
820 5.164925936319235e-05 3.968264943871873e-06 0
821 2.850428494330582e-05 6.004318915072747e-07 0
822 3.077348514761715e-05 1.00704815806151e-06 0
823 9.873268778553318e-06 3.886663298756834e-06 0
824 8.742914421004144e-06 4.138517478827047e-06 0
825 4.644244161455445e-05 1.563439422332597e-06 0
826 4.705590852897832e-05 1.581525276570294e-06 0
827 2.90135051786587e-05 2.037772517057259e-06 0
828 5.324831299998669e-05 1.484939437447609e-06 0
829 3.831331555255702e-05 3.303932095062981e-06 0
830 3.222594429574088e-05 1.485524158448064e-07 0
831 3.235762205740716e-05 1.318844021702027e-07 0
832 3.253060878666343e-05 1.705826146146482e-07 0
833 2.798266299013055e-05 7.949725095613126e-07 0
834 3.348339226057038e-05 2.579332194682708e-06 0
835 2.738181725825201e-05 2.015668202290351e-07 0
836 3.650385724662295e-05 6.905280136047424e-07 0
837 3.108355062302312e-05 1.529203857516924e-06 0
838 4.585075113283798e-05 7.582578333140287e-06 0
839 9.562635346192406e-06 5.007235033909411e-05 0
840 3.999052577271907e-05 1.744535358014547e-06 0
841 3.179594742340078e-05 2.407132744052918e-07 0
842 2.981569392278727e-05 8.391782242408055e-07 0
843 3.535191353726313e-05 4.708776075659099e-06 0
844 1.824622914029313e-05 1.054061868741048e-05 0
845 2.956423300751494e-05 1.633917716543982e-06 0
846 3.724773215553665e-05 5.018144118715449e-06 0
847 3.142343138727875e-05 6.203890239484663e-07 0
848 5.327041036447847e-05 5.175714945120004e-06 0
849 5.350461722210219e-05 7.849889097444253e-06 0
850 1.085298078662741e-06 4.855504890591431e-06 0
851 5.568467948680647e-05 2.311162738890369e-06 0
852 3.805652222524618e-05 3.988191784191912e-06 0
853 3.52328689371691e-05 8.397150372043826e-06 0
854 5.04618086677551e-05 4.859756520510452e-05 0
855 3.917930046903968e-05 6.238727705615659e-06 0
856 3.107900725069538e-05 1.537605296097903e-07 0
857 4.368496148870078e-05 8.354654412233728e-07 0
858 2.359398709982885e-05 2.05621435010287e-06 0
859 3.585430228871568e-05 2.253847170764114e-06 0
860 4.539875042066983e-05 1.450853530692652e-06 0
861 3.053778559867748e-05 4.741589316546341e-07 0
862 2.8116275450627e-05 4.184822650564438e-07 0
863 4.371552957649131e-05 2.256689463700486e-06 0
864 2.835171818840286e-05 3.003422765525284e-07 0
865 2.07315368493638e-05 2.127506405383438e-06 0
866 6.920321515408793e-06 1.505604985001178e-06 0
867 4.351952078634713e-05 5.210690655551175e-06 0
868 4.832753307384031e-05 7.800038348779678e-07 0
869 3.398894368120525e-05 1.472196130240215e-06 0
870 2.996641236170172e-05 1.43834167881869e-07 0
871 2.973718155090405e-05 2.949285722304133e-07 0
872 1.689495668828029e-05 3.185760821801751e-06 0
873 1.804594275476178e-05 3.919938436124818e-06 0
874 2.893047800289408e-05 1.227231281817473e-07 0
875 7.632615959688856e-06 2.683260358514392e-06 0
876 2.817355894429954e-05 3.209689280746723e-07 0
877 4.463423163797712e-05 4.029370851135424e-06 0
878 5.920498908629892e-05 3.597389061810742e-06 0
879 4.833261592784384e-05 4.076560942701522e-06 0
880 5.586428624105922e-05 1.201522237926401e-06 0
881 4.590873902494809e-05 3.109809040074391e-06 0
882 6.161429583797754e-06 2.943562508529384e-06 0
883 5.767090409939432e-05 1.947433457628346e-06 0
884 3.08669912734293e-05 3.408622316809923e-07 0
885 1.197475895511296e-05 3.239865027691253e-06 0
886 3.403086746397053e-05 2.661614106699782e-06 0
887 3.885291609222225e-05 1.363832913747259e-06 0
888 1.512362034745634e-05 3.897156450502439e-06 0
889 1.398367576891023e-05 4.85892958715145e-06 0
890 1.507860624918965e-05 1.076012301933851e-06 0
891 5.77680481522893e-05 7.474047569060201e-06 0
892 1.943133671041195e-05 2.313538105425462e-06 0
893 4.289902545913007e-05 3.432795057578878e-06 0
894 3.467151652708311e-05 1.509617740946543e-06 0
895 1.711036162933151e-05 4.179295621569504e-06 0
896 1.585347964775797e-05 5.404552034666233e-06 0
897 4.011075692861241e-05 1.530924378481605e-05 0
898 3.157838425780029e-05 4.336316851336485e-07 0
899 2.146125719347729e-05 1.600929276664422e-06 0
900 3.02998662021068e-05 1.070361916486036e-06 0
901 3.043380246941762e-05 1.320035767804367e-06 0
902 4.693451977374006e-05 2.635058227689991e-06 0
903 3.245383687801111e-05 1.423636358587777e-06 0
904 2.889721029076e-05 3.621061297032787e-07 0
905 5.172962024118291e-06 2.622669628469865e-06 0
906 3.107296876630558e-05 2.829405507316154e-07 0
907 1.487552139253917e-05 2.203280421069881e-06 0
908 3.447415049301114e-05 1.93979621045208e-06 0
909 2.781062179523771e-05 9.172958521915641e-08 0
910 4.002144830364786e-05 7.372353803097456e-07 0
911 4.926398496431928e-05 1.865329670946795e-06 0
912 3.515468595076149e-05 1.567649066299689e-06 0
913 2.146642908497475e-05 2.225847991771728e-05 0
914 2.286021576843399e-05 1.945445682597932e-06 0
915 5.549531095398286e-05 5.210657451268613e-06 0
916 4.395185263270627e-05 4.236290194888793e-06 0
917 2.571728112439757e-06 2.748340795753692e-06 0
918 3.118955942920846e-05 1.297604019762319e-06 0
919 1.871530723863259e-05 2.110559085122236e-06 0
920 2.813475859710035e-05 1.078981401562223e-07 0
921 4.696708633660146e-05 3.275613437186828e-06 0
922 3.082091269476846e-05 1.477622285846422e-07 0
923 2.074527368551166e-05 4.059510973517444e-06 0
924 1.959405214472429e-05 3.881934688387814e-06 0
925 3.025676154634665e-05 1.950318251133725e-06 0
926 1.324046351502564e-05 1.047953180390523e-06 0
927 2.643968360094068e-05 8.695866565224344e-07 0
928 5.389791994023318e-05 1.403769175483144e-06 0
929 3.476841061553702e-06 2.317273061524575e-06 0
930 4.98787582096123e-05 1.349042083772946e-06 0
931 2.656298736832443e-05 1.688213428796776e-06 0
932 5.409528989854318e-05 8.599347763832998e-07 0
933 5.476005134430501e-05 8.172767436017525e-07 0
934 3.102922629257429e-05 1.01769890818052e-06 0
935 4.46635462489885e-05 3.002792788115379e-06 0
936 2.673684781257323e-05 1.311404279388276e-06 0
937 3.338492559763106e-05 1.233870307377339e-06 0
938 4.521096830469375e-05 2.946668955681933e-06 0
939 2.796979316484169e-05 8.48024471831566e-08 0
940 2.930973052574014e-05 1.58664809206023e-07 0
941 1.60970608412623e-05 9.765656013488735e-07 0
942 5.033772920073433e-05 3.150298171389043e-06 0
943 5.00979855069577e-05 4.753152858725461e-06 0
944 2.618513936258615e-05 3.62124262412365e-06 0
945 2.956459609977531e-05 2.555790016766251e-07 0
946 2.467756062406834e-05 2.078192397861813e-06 0
947 3.132786209410289e-05 1.495163437916952e-07 0
948 4.048913839873759e-05 6.61851195143087e-05 0
949 4.352260691921534e-06 2.390310170111481e-06 0
950 2.852387929808496e-05 1.293438636483776e-07 0
951 5.294666992687295e-05 3.745115381520601e-06 0
952 2.996913554209849e-05 3.129346431350235e-07 0
953 5.613622428913163e-05 3.042370549831497e-06 0
954 3.180282660656972e-05 1.494484351849126e-06 0
955 5.401911992737608e-05 4.723932377601289e-06 0
956 2.682920253648643e-05 2.780865470464205e-07 0
957 2.394751173301378e-05 6.227744484040568e-07 0
958 3.028646069393528e-05 7.068672412877874e-07 0
959 2.967007778917913e-05 5.305659982828677e-07 0
960 1.798060488979424e-06 2.817665014462831e-06 0
961 1.622213447338232e-06 3.383464080560797e-06 0
962 3.951236615563235e-05 1.862050324247626e-06 0
963 3.073860927238151e-05 1.228250329644704e-06 0
964 2.773689906672986e-05 3.668297582570632e-07 0
965 3.248535211790789e-05 1.812468786859453e-06 0
966 3.561570822848462e-06 1.595294122422311e-06 0
967 5.26096554262156e-05 2.314652129662567e-06 0
968 2.879931596414875e-05 4.493625851107672e-07 0
969 5.509110976444473e-05 2.881040825845611e-06 0
970 3.319477309835005e-05 3.465504539256733e-06 0
971 3.375494216646589e-05 3.589089787498557e-06 0
972 3.405897854841013e-05 4.210637815398496e-06 0
973 3.209932786846377e-05 5.457064928751237e-06 0
974 3.533557836629453e-05 2.358783520243417e-06 0
975 3.411416381182396e-05 1.884214522214018e-06 0
976 2.765063167529728e-05 8.113929766819667e-08 0
977 2.425984518526763e-05 2.743270820588997e-06 0
978 2.603676612313546e-05 1.410410710912517e-06 0
979 2.103219921867716e-05 2.818894964063489e-06 0
980 2.342839974780944e-05 8.4829430489337e-07 0
981 3.19541368577323e-05 5.291196681644586e-07 0
982 4.450404173436648e-05 1.511065737341052e-06 0
983 5.054099491702272e-05 4.073111330160222e-06 0
984 5.839346795233185e-05 1.450998106532954e-06 0
985 2.803696941548562e-05 7.442779841684616e-08 0
986 4.280072948367815e-05 2.842469416613183e-06 0
987 3.108492873099772e-05 5.522417233266708e-07 0
988 2.460890647900489e-05 5.598320824482283e-07 0
989 3.643154617127305e-05 5.046099902651199e-06 0
990 1.635442096162276e-05 1.639522773591678e-06 0
991 1.71169084533372e-06 6.489508550128415e-06 0
992 3.30306051235594e-05 1.258477888795041e-06 0
993 4.489817910741993e-05 1.287013343920571e-06 0
994 8.07010633710159e-06 2.176492797730701e-05 0
995 5.676425288043881e-05 2.315082782982488e-06 0
996 2.087525472107325e-05 6.580765292652557e-05 0
997 2.818670407553732e-05 5.513821293530838e-07 0
998 2.632713582468816e-05 2.725732651832003e-07 0
999 2.103398090284656e-05 7.411822071872445e-07 0
1000 3.271248862425465e-05 8.273200932900937e-07 0
1001 3.038432932458959e-05 4.273102030763314e-07 0
1002 3.314433985940444e-05 1.860497191016402e-06 0
1003 1.278503042420775e-05 2.952846096402122e-06 0
1004 2.051942680387377e-05 1.003493404420754e-06 0
1005 3.132690297918245e-05 3.563586607096997e-06 0
1006 2.906259154801969e-05 5.581454172106573e-07 0
1007 3.07430767901211e-05 3.056204867757832e-06 0
1008 2.973202430645919e-05 3.310587008170971e-06 0
1009 2.94877899504218e-05 3.705280196837553e-07 0
1010 4.274352287889732e-05 7.212817770574509e-07 0
1011 3.495682608827479e-05 2.905435927785608e-06 0
1012 3.682677559194263e-05 1.003959643939205e-06 0
1013 4.096441440980208e-05 2.728612998422921e-06 0
1014 4.031034622755933e-05 2.732930022486433e-06 0
1015 9.212052309743584e-06 2.031865590181352e-06 0
1016 4.208637156519108e-06 3.364754032791735e-06 0
1017 4.619058414885199e-05 2.102285321975497e-05 0
1018 4.610280233695448e-05 2.702334933947587e-06 0
1019 5.167386206057247e-05 2.718736378405748e-05 0
1020 1.074137647426298e-05 8.217834366541254e-07 0
1021 2.855263184673178e-05 2.796946804970912e-07 0
1022 3.883768117327446e-05 3.292581064705105e-06 0
1023 2.796092009461094e-05 1.797915830525583e-07 0
1024 5.386772929256475e-05 2.436871660696136e-06 0
1025 4.43857628562574e-05 5.829772898419881e-06 0
1026 3.450283285310063e-06 1.111200100132028e-05 0
1027 4.344690134213398e-05 1.831389178912478e-06 0
1028 2.884988375594141e-05 6.325694575095127e-07 0
1029 3.060514589255789e-05 2.8691655107709e-07 0
1030 2.647233882591689e-05 1.222832804376319e-05 0
1031 5.016102216922184e-05 2.546296990107435e-06 0
1032 5.527314991564901e-05 3.567070290115495e-06 0
1033 2.979632428634014e-05 1.259877797079909e-07 0
1034 2.549082060330977e-05 2.993078978378391e-07 0
1035 4.165081820658878e-05 7.525468952531315e-07 0
1036 4.109750365785566e-05 9.920260648784999e-07 0
1037 3.10644067424122e-05 6.93900911526525e-07 0
1038 2.833873241502227e-05 1.297379879882563e-07 0
1039 2.823065638931327e-05 1.129637344723286e-07 0
1040 2.491928409607554e-05 8.811944939506875e-07 0
1041 2.591981666342985e-05 7.463923173727481e-07 0
1042 3.028604552472529e-05 6.00737960920078e-06 0
1043 2.857642504049627e-05 1.77297544629144e-06 0
1044 2.795296306381132e-05 3.439335944768934e-07 0
1045 3.070067428524622e-05 1.436807170143298e-07 0
1046 3.719257224197895e-05 6.700986053320965e-05 0
1047 4.217482360760913e-05 4.91047422233954e-06 0
1048 2.988260624466776e-05 5.453927410573018e-07 0
1049 5.086556959086162e-05 5.404871487628287e-06 0
1050 5.167917219943733e-05 5.097641264565914e-06 0
1051 5.941890592485553e-05 1.405983449179066e-06 0
1052 5.941356117905542e-05 8.398726298736467e-07 0
1053 3.742142790148411e-05 8.649616793553894e-06 0
1054 5.111996184585777e-05 3.922602245333774e-05 0
1055 5.744471344621053e-05 3.476730078093881e-06 0
1056 3.904597934562854e-05 6.865576488127464e-07 0
1057 3.856098288770684e-05 8.832217995625917e-07 0
1058 3.807955970503313e-05 9.184831744106128e-07 0
1059 3.740023021227765e-05 6.78685369389163e-07 0
1060 3.356520227642901e-05 5.066722356939914e-06 0
1061 3.424696805289927e-05 6.481684709451932e-06 0
1062 2.957032915874209e-05 1.216497150928882e-07 0
1063 2.92015069573099e-05 4.986963963852037e-07 0
1064 2.934485496377314e-05 5.831618952079545e-07 0
1065 4.219965951681628e-05 7.138229087103891e-07 0
1066 2.950896057694034e-05 9.478202141517382e-07 0
1067 4.638201493984861e-05 3.476400606860677e-06 0
1068 2.907992213116137e-05 2.294836460822837e-07 0
1069 2.91572491651157e-05 3.115605142827285e-07 0
1070 5.690793640870142e-05 3.684953208333045e-06 0
1071 1.960785176975536e-05 2.92036208861133e-06 0
1072 2.23141775842568e-05 3.407335717748595e-06 0
1073 2.163853187697073e-05 4.055479944528397e-06 0
1074 2.253373607809298e-05 4.145378350822826e-06 0
1075 3.795382839841794e-05 1.682551804124373e-06 0
1076 2.952527281465668e-05 1.130959383416242e-06 0
1077 2.969530557081187e-05 1.244267036074935e-06 0
1078 3.009804689213784e-05 3.656572877049212e-07 0
1079 2.840465869134482e-05 4.883039201434336e-07 0
1080 2.963763463696009e-05 8.105740082208033e-07 0
1081 2.681056400284242e-05 5.97140821995903e-07 0
1082 3.397257123935866e-05 6.644258620527237e-07 0
1083 1.867670781063439e-05 8.952293136721526e-07 0
1084 1.934471493691428e-05 9.766332215280384e-07 0
1085 3.584189911976777e-05 4.877335140673693e-07 0
1086 3.838064027037366e-05 1.794749556833115e-06 0
1087 1.345218118488645e-05 3.383577755217703e-06 0
1088 5.394417152917775e-05 3.983180848132936e-06 0
1089 2.776026764428793e-05 5.3082820860213e-07 0
1090 3.310158158183599e-05 2.386252428603486e-06 0
1091 1.775844118647556e-05 8.534543788934001e-07 0
1092 5.839619125045534e-05 9.270251713509202e-07 0
1093 1.086828761509885e-05 2.373531972998157e-06 0
1094 2.863117192356156e-05 1.357895422147895e-06 0
1095 4.797638116374072e-05 3.053108020742218e-06 0
1096 4.127730061628016e-05 4.754297397802499e-06 0
1097 2.785604956389571e-05 3.180145803418687e-07 0
1098 1.739795414304134e-05 1.999553517536695e-06 0
1099 3.168968464224536e-05 1.421706569427686e-07 0
1100 3.181147861740261e-05 1.300038954044444e-07 0
1101 4.185610664503438e-05 2.742685805314672e-06 0
1102 1.344475578686401e-05 1.133412028087409e-05 0
1103 5.378769152680676e-05 5.843075979773664e-05 0
1104 7.09250694665913e-06 2.326130315719607e-06 0
1105 5.098696201151482e-06 5.929859780937321e-05 0
1106 2.023323223846894e-05 3.51169656849661e-05 0
1107 1.61802834481291e-05 2.867358853425053e-06 0
1108 3.172807230348028e-05 3.555440379268591e-07 0
1109 3.652492898241945e-06 3.226593213252169e-06 0
1110 3.034482396222501e-05 3.082367779960482e-07 0
1111 3.017004594065572e-05 1.47839147027909e-07 0
1112 3.021431042398218e-05 2.558908896152095e-07 0
1113 5.86094031101841e-05 6.17279802539365e-06 0
1114 3.695333379211435e-05 6.152666796724556e-07 0
1115 4.953028970226232e-05 2.368665922287024e-06 0
1116 3.851621220435406e-05 2.235493695000933e-06 0
1117 3.895558814947164e-05 2.423815036578012e-06 0
1118 2.032442353181885e-05 1.471114641971658e-06 0
1119 5.241378796176196e-05 1.374589697897868e-06 0
1120 2.802060468256423e-05 3.460471350691173e-06 0
1121 8.914530962344355e-06 3.441916592864913e-06 0
1122 3.509160432556547e-05 2.111590473950285e-06 0
1123 5.336472080240786e-05 3.443139079992555e-06 0
1124 4.657443561578773e-06 6.729925647060071e-07 0
1125 2.843416817002646e-05 1.094125589606296e-07 0
1126 3.272652222493666e-05 2.429574397140291e-06 0
1127 5.593216714852118e-05 1.482580632771115e-05 0
1128 3.879004350240298e-05 4.584253408320865e-06 0
1129 3.369394379185782e-05 1.50401225714138e-06 0
1130 3.218174567407374e-05 1.310164048431492e-06 0
1131 5.094203854766514e-05 2.206385531067741e-06 0
1132 5.321480794963081e-05 1.92891266235609e-06 0
1133 1.346417428254105e-05 1.856498871462645e-06 0
1134 3.527229403037647e-05 1.137110568453067e-06 0
1135 2.88841322455354e-05 2.610316730586473e-07 0
1136 3.777994271992668e-05 2.430177566558881e-06 0
1137 2.429261566255813e-05 2.36837492813636e-06 0
1138 3.240475231995901e-05 2.877337430051684e-06 0
1139 4.261185389284569e-05 1.636231948260933e-06 0
1140 5.310972001531367e-06 2.016978913397405e-06 0
1141 2.383094187649764e-05 3.994482484348573e-06 0
1142 2.449410255060524e-05 3.87876049058292e-06 0
1143 5.576329186803496e-05 3.551076797780069e-06 0
1144 2.751283610404557e-05 7.039025143987679e-07 0
1145 2.755281863790903e-05 9.757821263569042e-08 0
1146 4.462250911346756e-06 1.80010063066765e-06 0
1147 3.292935741269379e-05 3.176699529714409e-07 0
1148 3.092476973528654e-05 1.014808978073385e-07 0
1149 5.840338108004833e-05 2.668530928871214e-06 0
1150 2.866933537442678e-05 7.125099908331309e-07 0
1151 3.633648386866389e-05 1.038068511948358e-06 0
1152 2.93285525049923e-05 9.058607541025175e-07 0
1153 2.802717871953148e-05 2.092849824122317e-07 0
1154 3.635198110090645e-05 2.393917565167182e-06 0
1155 1.819695148918192e-05 3.14982725356886e-06 0
1156 3.006835849369985e-05 1.39560172539415e-07 0
1157 3.239252035492065e-06 4.657667732897202e-06 0
1158 4.155215265052799e-06 4.781327438950291e-06 0
1159 2.580704555596137e-05 2.610195799632715e-07 0
1160 4.108383973639687e-05 1.952124509472538e-06 0
1161 6.315136625937632e-06 9.481332648454319e-06 0
1162 4.855464296520732e-05 2.15609008322431e-06 0
1163 2.929754119828289e-05 7.594181023299635e-07 0
1164 2.28480167838438e-05 2.972197012832826e-06 0
1165 5.037124248031519e-05 6.705627120376909e-06 0
1166 3.641680163152675e-05 2.761917280106272e-06 0
1167 3.676805038798283e-05 2.884378585486664e-06 0
1168 3.347411109860812e-05 1.846254175833081e-06 0
1169 5.548709418157809e-05 1.469742499518514e-06 0
1170 3.161836776867181e-06 6.683331622611561e-05 0
1171 3.46666555205655e-05 8.040450861566398e-07 0
1172 2.88933626373612e-05 1.200951135848045e-06 0
1173 3.663094572568495e-05 2.151258309925077e-06 0
1174 2.903258318958698e-05 8.373498344762206e-07 0
1175 4.493607428262311e-05 7.621735373477614e-07 0
1176 3.219309454745239e-05 1.948724811169261e-06 0
1177 1.198488452608861e-06 2.020566340667186e-06 0
1178 7.043920937546937e-06 5.032349319840973e-06 0
1179 5.536212640133988e-05 1.971024859870819e-06 0
1180 4.88907051603811e-05 3.050346601045875e-06 0
1181 5.666954656421759e-05 1.494666876433645e-06 0
1182 5.118776796685318e-05 2.969252178747476e-06 0
1183 2.190954506149127e-05 1.482581024141842e-06 0
1184 2.834333912695487e-05 8.872833201164694e-07 0
1185 5.28488789361208e-05 4.31050048650806e-06 0
1186 3.243480922050831e-05 7.246348653674071e-07 0
1187 3.009421108724865e-05 1.41746123853186e-06 0
1188 2.71451233573298e-05 2.358257768459433e-07 0
1189 2.60800380482418e-05 2.303195786704237e-06 0
1190 2.620171547190574e-05 9.294584062052018e-07 0
1191 2.121369657512461e-05 1.18264306380159e-06 0
1192 3.202075597513813e-05 1.245652367202202e-07 0
1193 3.613890620120729e-05 3.028335442471217e-06 0
1194 3.932079403525608e-05 3.920324402142768e-06 0
1195 3.995747982538127e-05 4.01685014764664e-06 0
1196 4.194489657633573e-05 3.507618744478856e-06 0
1197 3.030051463089475e-05 5.191401760165985e-07 0
1198 1.428762368197878e-05 2.479890661065273e-06 0
1199 1.883886166686638e-05 3.634435449749058e-06 0
1200 4.322911185465821e-05 9.216558085990327e-07 0
1201 5.433964232004955e-05 3.170690492366708e-06 0
1202 5.944128069505923e-05 2.403819327480598e-06 0
1203 5.472474750330909e-05 2.652327895598908e-06 0
1204 4.354876607396016e-05 1.360465166705326e-06 0
1205 4.110069615866209e-05 3.664624378304161e-06 0
1206 4.968642553619264e-05 4.24475092776026e-06 0
1207 3.502031396478615e-05 9.348395475076678e-07 0
1208 2.873317353328191e-05 1.145746563471698e-07 0
1209 2.873858737392358e-05 2.096641912604507e-07 0
1210 3.152023601204253e-05 3.123982258188524e-07 0
1211 3.052832812433913e-05 1.756948104033526e-06 0
1212 3.080171215894455e-05 1.837640283996667e-06 0
1213 2.812672854247412e-05 6.863955693894789e-07 0
1214 5.359592628938794e-07 3.367489211778276e-06 0
1215 3.15935832790489e-05 1.739904004734309e-07 0
1216 4.724995423864972e-05 6.222044883269436e-07 0
1217 2.564418904615257e-05 1.222779338060965e-06 0
1218 4.781693461251549e-05 4.340351940406755e-06 0
1219 5.811690178048607e-05 4.411108703680871e-06 0
1220 3.658754270471775e-05 1.755775299499153e-06 0
1221 3.47655910729685e-05 2.088048470554792e-06 0
1222 5.693804089660741e-05 6.690109757211806e-05 0
1223 4.159833393067977e-07 2.036959166748691e-06 0
1224 2.914564283701198e-05 9.991777321365941e-08 0
1225 2.922939474080791e-05 1.282581304365934e-07 0
1226 2.679930150389291e-06 2.303448936004762e-06 0
1227 4.397421043444074e-05 3.077012951978306e-06 0
1228 3.789348204934845e-05 3.870124479984464e-05 0
1229 4.906500271434785e-07 1.190230399312996e-06 0
1230 9.736086277302829e-06 3.160988030647532e-06 0
1231 5.445147537236202e-05 3.612198500651294e-06 0
1232 4.05437379179762e-05 7.451252505953116e-07 0
1233 4.363154561166496e-05 3.58272060054046e-06 0
1234 2.780603400018571e-05 9.5015890655586e-07 0
1235 4.550024187834263e-05 3.349498481429235e-06 0
1236 4.543326912367102e-05 3.82858643328986e-06 0
1237 1.134610456020086e-06 2.520383337571278e-06 0
1238 4.213043950112464e-05 7.652646175330939e-06 0
1239 4.878673269587567e-05 1.698130195958152e-06 0
1240 3.480331020217254e-05 3.148602585726771e-07 0
1241 3.359006498224269e-05 2.294987333384824e-07 0
1242 1.982779999440504e-05 1.484918891133738e-06 0
1243 3.699226912475667e-05 2.278147391667692e-06 0
1244 5.613597930838675e-05 1.517218824511855e-06 0
1245 2.927907800591567e-05 2.500832039617616e-07 0
1246 2.536078607028058e-05 1.263234097480309e-06 0
1247 4.285843339048106e-05 4.669230944954879e-06 0
1248 2.19590222422208e-05 2.26273466971065e-06 0
1249 1.038547087862497e-05 3.266884823824322e-06 0
1250 1.064305081639815e-05 4.184549794626488e-06 0
1251 1.161888345619983e-05 4.284453940288081e-06 0
1252 2.644770001708121e-05 6.46610468795784e-07 0
1253 5.191666530532298e-06 7.540163245761483e-07 0
1254 4.705951857912528e-05 6.711141799600984e-05 0
1255 3.121753641842317e-05 1.407098916242154e-07 0
1256 4.77316068700465e-05 7.611754317351287e-07 0
1257 3.988874366216963e-05 1.22000761197044e-06 0
1258 1.253260016869278e-05 1.410125723803865e-06 0
1259 4.771008867978417e-05 2.567437232767519e-06 0
1260 5.486583187703695e-05 3.761887362069141e-06 0
1261 2.602973926742927e-05 6.699514915377644e-05 0
1262 3.057192489194483e-05 6.332697966256773e-07 0
1263 5.583072031421637e-05 2.754998412098195e-06 0
1264 2.933613891411072e-05 1.214222584396136e-06 0
1265 5.479978984164996e-05 2.025884152389209e-06 0
1266 2.727796856813253e-05 1.403634565643958e-06 0
1267 6.670549343812454e-06 6.398669829883859e-07 0
1268 3.410716755817194e-05 3.098551132455043e-06 0
1269 2.351986866370229e-05 5.780626985956323e-05 0
1270 3.683751064489416e-05 1.512225236371934e-06 0
1271 5.007588788560604e-05 6.372452375170038e-07 0
1272 2.664804244293225e-05 1.802653432181867e-05 0
1273 8.831818938964814e-06 6.503400339144691e-07 0
1274 9.509516787271019e-06 8.008676125142502e-07 0
1275 6.178604946805431e-06 1.738937512267096e-06 0
1276 4.803721345192251e-05 2.10960528007043e-06 0
1277 2.627617423972213e-05 1.531886737877284e-06 0
1278 3.658864389100677e-05 3.522408868786523e-06 0
1279 2.465808619395508e-05 3.053654374873427e-06 0
1280 2.497736603001716e-05 2.796722385630914e-06 0
1281 4.266521676054609e-05 1.19226169072192e-06 0
1282 3.534739242652764e-05 4.241196687061464e-07 0
1283 2.664358174589397e-06 3.22870800570527e-06 0
1284 2.396318695292519e-06 3.726623178170774e-06 0
1285 3.220879261972115e-05 6.135610110913963e-05 0
1286 3.331000793650103e-05 2.912253759569705e-06 0
1287 1.124398522227934e-05 1.884069085162987e-06 0
1288 3.621854199254351e-05 3.410316662660041e-06 0
1289 2.867990436611967e-05 4.191843803976054e-07 0
1290 3.078679510550737e-05 8.279418094420649e-07 0
1291 3.074675498919147e-05 6.556569681938836e-07 0
1292 4.615647029606077e-05 1.850617447421283e-06 0
1293 3.066557671454825e-05 3.857378201724198e-07 0
1294 3.74816589382889e-05 2.778717133876186e-06 0
1295 5.104910489275525e-05 1.414579620413949e-05 0
1296 3.818364240530854e-05 2.536208432524904e-06 0
1297 3.270705469770837e-05 1.156514012096285e-06 0
1298 4.398953956044925e-05 1.18703390832756e-06 0
1299 2.916963273566279e-05 1.017068153449959e-06 0
1300 5.501693143829505e-05 4.237990972929102e-06 0
1301 7.049792724608463e-06 3.518797903221211e-06 0
1302 2.958028146806761e-05 6.469676867848117e-07 0
1303 2.803204024094497e-05 1.276284867518959e-06 0
1304 2.288269241251376e-05 6.297592507631784e-07 0
1305 2.378662602785713e-05 1.724895279259267e-06 0
1306 3.022167912491442e-05 9.306710451892663e-07 0
1307 4.176156206474371e-05 1.930975361590828e-06 0
1308 5.651906692732179e-05 2.886240417059319e-06 0
1309 1.831590741360538e-06 1.223072823661645e-06 0
1310 3.705443506290691e-05 2.649169144524965e-06 0
1311 2.866185981882919e-05 2.828656218502589e-07 0
1312 5.168319741250291e-05 2.15368342560055e-06 0
1313 2.844943756107437e-05 3.253055229704857e-07 0
1314 5.599978444649416e-05 4.048923639531636e-06 0
1315 5.573680286003204e-05 4.565734518231122e-06 0
1316 5.034993051428873e-06 3.458653507046875e-06 0
1317 5.603059097531627e-05 2.090690118424209e-06 0
1318 4.092850463047188e-06 8.455348796540337e-07 0
1319 1.284758529220662e-05 6.684691260524776e-05 0
1320 5.160746967007005e-05 1.493118342295509e-06 0
1321 4.872851327865127e-05 3.743644619484976e-06 0
1322 4.578245360947064e-05 2.038730800621035e-06 0
1323 3.003745963503639e-05 9.898631470245509e-07 0
1324 4.775173539428277e-05 1.649050129791348e-06 0
1325 2.4179770200102e-05 1.583163329213558e-06 0
1326 5.177609725169042e-05 2.778661730730368e-06 0
1327 8.704807598054551e-06 2.666481934112911e-06 0
1328 2.645650804832807e-05 4.945026873105103e-05 0
1329 3.566379782787226e-05 1.648752194413729e-06 0
1330 5.747060890083597e-05 1.4472658084691e-06 0
1331 5.596804568248562e-05 5.794226174433632e-07 0
1332 3.207675861586377e-05 3.730455475369102e-07 0
1333 8.622277114114111e-06 1.562764467054046e-06 0
1334 2.655490117728507e-05 2.098504946623288e-07 0
1335 2.942377531752486e-05 1.127346443126094e-07 0
1336 3.438738280550636e-05 1.302382118753867e-06 0
1337 2.818499316691857e-05 1.55652100528529e-07 0
1338 4.64189033237824e-05 2.387120565068722e-06 0
1339 1.197683281808028e-05 1.886257514518535e-06 0
1340 3.213344111897467e-05 1.035344362591122e-06 0
1341 5.461608489740574e-05 4.689354079333329e-06 0
1342 3.802587410811848e-05 3.571342367815419e-06 0
1343 4.865377062016923e-06 1.689901571536832e-06 0
1344 5.691503503735129e-06 2.882087959696873e-06 0
1345 9.750240513750393e-06 2.532871084484058e-06 0
1346 3.614273172188016e-05 1.334355443543121e-06 0
1347 8.135803043804305e-06 2.556184013813964e-06 0
1348 6.165972956773303e-06 8.16465002348427e-07 0
1349 5.207617168916153e-05 4.237159546292305e-06 0
1350 3.101729092492074e-05 8.827841168202435e-08 0
1351 3.56770504081466e-05 2.550974846716323e-06 0
1352 1.421213709116618e-05 8.49496060027789e-07 0
1353 6.167843780664968e-06 2.497077477990988e-06 0
1354 3.427217608656807e-05 2.587610872290814e-07 0
1355 3.974838890388684e-05 2.931107560183822e-06 0
1356 2.295683725011998e-05 9.711914829378566e-06 0
1357 2.83246200813905e-05 2.171236899305537e-07 0
1358 3.131735694269433e-05 5.432721200074462e-07 0
1359 7.046505920317006e-06 4.159678439531309e-06 0
1360 3.686202152844424e-05 3.259066840815012e-06 0
1361 5.695692845379735e-05 4.756083002982252e-06 0
1362 6.430980762736848e-06 4.547621729340502e-06 0
1363 5.952875574924547e-06 5.587279743706143e-06 0
1364 2.050229846306004e-06 5.018471577974534e-06 0
1365 4.568758809409251e-05 4.96560897061528e-06 0
1366 4.506929783120324e-05 4.914079373411562e-06 0
1367 4.944546899831326e-05 4.896577651847023e-06 0
1368 4.879041274947781e-05 5.086378758090572e-06 0
1369 3.456384285021815e-05 2.555349334571971e-06 0
1370 5.368275035497828e-06 3.902867481329257e-06 0
1371 1.220537493344012e-05 2.597822560878361e-06 0
1372 5.100796135904928e-05 1.521064103907261e-06 0
1373 4.872753987090281e-05 1.162218943513149e-06 0
1374 3.560599630118652e-05 1.098352391138487e-06 0
1375 5.939544562370079e-06 3.861150519712138e-06 0
1376 3.573806744021537e-05 8.117979901106919e-07 0
1377 3.721207588332078e-05 3.376595034816175e-06 0
1378 2.544753477979737e-05 6.642813342001515e-07 0
1379 2.104035873137786e-05 1.847875366946552e-06 0
1380 2.261779431458104e-05 1.575412726496463e-06 0
1381 2.691581706354711e-06 6.407729835929567e-07 0
1382 3.175814624286855e-06 7.18493894858662e-07 0
1383 2.521008384819817e-05 8.490067305179634e-07 0
1384 2.770535945669938e-05 2.318211463461099e-07 0
1385 5.874873778141146e-05 2.281777685009134e-06 0
1386 8.116866428031119e-06 1.75124429989924e-06 0
1387 5.153187285748711e-05 7.949451293963074e-06 0
1388 3.666464567284231e-05 3.903922286587088e-06 0
1389 2.800258915967734e-05 4.539138869794002e-07 0
1390 2.790576375600642e-05 5.391472305083613e-07 0
1391 3.041970735091212e-05 7.249338754183841e-07 0
1392 2.736774505142708e-05 4.613751329043575e-07 0
1393 3.14452006054919e-05 6.745566293586981e-05 0
1394 1.56864293284555e-05 1.347313715305252e-06 0
1395 5.54338302554772e-05 2.690695736625755e-06 0
1396 3.589614353929117e-05 3.690890186373867e-06 0
1397 1.552182321388322e-05 5.61669259397982e-05 0
1398 5.127035182472047e-05 6.732982719891095e-05 0
1399 2.040941969933349e-06 6.243017230153961e-07 0
1400 7.699046738090683e-06 6.680835081385641e-05 0
1401 2.956737083389232e-05 4.614221575477963e-07 0
1402 3.003314448839872e-05 5.626165026531722e-07 0
1403 4.125122776309947e-07 2.471669315022552e-06 0
1404 4.738643722570257e-05 3.394605351457511e-06 0
1405 3.096180296391206e-05 2.178261926120648e-06 0
1406 3.495733584651002e-05 5.649715411170573e-05 0
1407 5.266995311131141e-05 2.77698647875104e-06 0
1408 3.727100065916554e-05 2.046243476833992e-06 0
1409 2.783467321887743e-05 1.60338206537511e-07 0
1410 3.472984079980403e-05 3.251810295912414e-06 0
1411 3.576420975894459e-05 2.912008487962228e-06 0
1412 3.41453817145572e-05 9.265640698547824e-07 0
1413 2.572843296893786e-05 1.7903435302331e-06 0
1414 2.062023532306652e-05 3.32351849793892e-06 0
1415 4.628794300267989e-05 3.977458843038368e-06 0
1416 3.051835563776182e-05 1.048770344800067e-07 0
1417 5.404248505315387e-05 1.777454867528046e-06 0
1418 2.788270611582724e-05 6.553569346078589e-08 0
1419 1.079733541736146e-05 2.927647103757653e-06 0
1420 1.674595074010762e-05 7.096148623655843e-07 0
1421 3.624998708184168e-05 1.661994550817588e-06 0
1422 2.522410010015046e-05 1.5542596614772e-06 0
1423 2.705761566190539e-05 7.498777750208479e-07 0
1424 2.634294622854481e-05 1.985587741677631e-06 0
1425 1.031838998154839e-05 2.191814250897152e-06 0
1426 4.669697302150191e-05 4.378501041239053e-06 0
1427 3.131674402372224e-05 2.904847408535817e-07 0
1428 3.550685840866788e-05 3.558082278153837e-06 0
1429 1.785010418614252e-05 6.692798370728505e-05 0
1430 3.131248538129165e-05 1.657325892200398e-06 0
1431 3.160474066211359e-05 1.717502637383591e-06 0
1432 5.857499821061863e-05 3.166230206005117e-06 0
1433 3.720286855193194e-05 1.668977074620793e-06 0
1434 5.151140510568242e-05 5.462499609489837e-07 0
1435 3.275120266175671e-05 1.033522518633835e-05 0
1436 8.272204714332823e-06 5.326326656064437e-06 0
1437 7.658258051587374e-06 1.331776466728668e-06 0
1438 7.812918909838674e-06 7.234310941643639e-07 0
1439 3.128741834901404e-05 7.734005715677184e-07 0
1440 2.75773904930987e-06 4.297886028576153e-06 0
1441 2.87021328637e-05 8.817163032961866e-07 0
1442 2.884977030149322e-05 9.235948088260862e-07 0
1443 3.025501719997333e-05 1.250326376932194e-06 0
1444 2.837628995253501e-05 3.92235792533795e-07 0
1445 3.402743993241024e-05 2.267615009756202e-07 0
1446 2.880327863119207e-05 8.34892179624972e-08 0
1447 5.095672830820609e-05 6.181064886400992e-07 0
1448 4.709556575967019e-05 2.151583016094621e-06 0
1449 2.992709363871227e-05 2.097280220455862e-06 0
1450 2.966149300702011e-05 2.543976157093372e-06 0
1451 3.952475680970183e-05 8.657436011928248e-07 0
1452 4.458903866756367e-05 3.456920389102262e-06 0
1453 4.506515240635361e-05 2.113552616823847e-06 0
1454 2.819374178293942e-05 8.413565932253983e-07 0
1455 2.302074733619821e-05 6.396057617750184e-06 0
1456 2.976291004070001e-05 2.07590774680888e-07 0
1457 3.182309974715406e-05 6.453194397928126e-07 0
1458 4.96778370286974e-05 3.347042274627532e-06 0
1459 5.490249894514328e-05 1.235279402957601e-06 0
1460 5.651706045115068e-05 4.039593167271467e-06 0
1461 1.595691383685675e-06 1.939543640373192e-06 0
1462 2.83627514096365e-05 6.161438333321451e-07 0
1463 2.395225807947784e-05 2.875357098408956e-06 0
1464 2.987914291451152e-05 1.622775456851316e-07 0
1465 2.98533821857455e-05 1.153597085701545e-06 0
1466 5.88403753594974e-05 1.555164494190355e-06 0
1467 4.575566069136369e-05 1.327770656652261e-06 0
1468 5.2022605329733e-05 3.432401182165391e-06 0
1469 1.289473696003609e-05 6.233037148669311e-05 0
1470 5.24268450160035e-05 5.6256696264606e-06 0
1471 3.362158561261728e-05 2.070012178487752e-06 0
1472 4.413163618282954e-05 7.308906125292989e-07 0
1473 2.709366515991761e-05 3.118491234870024e-06 0
1474 4.531613903422834e-05 2.427521888529542e-06 0
1475 3.370067725461585e-05 8.258618728808435e-07 0
1476 3.086503367003541e-05 2.401109845329725e-07 0
1477 2.54158548822726e-05 1.824691304387586e-06 0
1478 8.256870940326954e-06 3.676187286010405e-06 0
1479 8.142839603171492e-06 4.573090973238638e-06 0
1480 5.259238024195704e-05 3.393992194866778e-06 0
1481 4.176498898979909e-05 1.207511097187477e-06 0
1482 6.766396499286858e-06 1.154240454164133e-06 0
1483 2.213095258699474e-05 5.962505487182838e-07 0
1484 4.380063560317821e-05 2.677251354605457e-06 0
1485 4.582038780204412e-05 4.08180056098141e-06 0
1486 3.190349655420386e-05 1.817585235869079e-06 0
1487 1.99015921390247e-05 2.43196583825715e-06 0
1488 1.752751392804824e-05 3.297957091432391e-06 0
1489 4.930621674865076e-05 2.846312797270723e-06 0
1490 4.611654108601726e-05 1.437709842926464e-06 0
1491 5.65187401839713e-05 3.286883255454826e-06 0
1492 4.80609595938729e-05 1.244053810189116e-06 0
1493 2.985760130491124e-05 3.393855768520184e-07 0
1494 5.285159548324071e-05 1.40028421608787e-06 0
1495 3.552956008586642e-05 1.638930194578973e-05 0
1496 7.774581040967744e-06 3.235191346330479e-06 0
1497 4.715731640052151e-05 1.049922751703288e-06 0
1498 5.161401020314697e-05 4.431420192972056e-06 0
1499 3.579105026792339e-05 1.35972705332754e-06 0
1500 7.463815224731101e-06 3.391838397348478e-05 0
1501 5.7900941383352e-05 2.383335016526124e-06 0
1502 3.731187082861303e-05 3.766599359667295e-06 0
1503 3.703634244061914e-05 4.056357077886947e-06 0
1504 3.034602510029193e-05 1.062346135742718e-07 0
1505 3.02614830098806e-05 1.272662141217867e-07 0
1506 2.003847900804902e-05 4.285220795518315e-05 0
1507 2.993042598735711e-05 2.239191194690206e-07 0
1508 3.90911323197884e-05 5.494233608297207e-06 0
1509 4.015680347547321e-05 3.578733147098888e-06 0
1510 1.409574829569309e-06 3.941393748193828e-06 0
1511 1.1885531322607e-06 3.435560391149154e-06 0
1512 3.825647048913473e-05 2.921937787228226e-06 0
1513 1.269942524237586e-05 5.059019517269779e-06 0
1514 3.714726187458139e-05 9.491524981723455e-07 0
1515 5.266231896704689e-06 1.634636069348801e-06 0
1516 5.948507328333775e-05 3.060184371257492e-06 0
1517 4.584882158128e-05 5.905535192459992e-07 0
1518 3.787927040149241e-05 3.225903810355172e-06 0
1519 1.138024008726639e-05 2.947492730756594e-06 0
1520 3.085359527584181e-05 4.801010984094803e-07 0
1521 3.178397400237329e-05 8.845191235071257e-07 0
1522 3.392950271650297e-05 1.134643535792449e-06 0
1523 3.183986201985021e-05 4.09164460329602e-07 0
1524 2.910409935210285e-05 7.446033275585474e-07 0
1525 5.161211878230559e-05 6.168298664300811e-05 0
1526 3.431280929740012e-05 5.141469859378551e-07 0
1527 4.016095393672672e-05 2.174399067025702e-06 0
1528 1.481114982428927e-05 1.632563163964481e-06 0
1529 2.900017660035659e-05 3.539102192433073e-07 0
1530 5.73909103544113e-05 2.90821034146329e-06 0
1531 3.544175672373141e-05 3.182508778592029e-06 0
1532 3.981142290855353e-05 1.057021017431775e-05 0
1533 3.346984914672102e-05 6.374835911649833e-07 0
1534 3.355738175896835e-05 4.516205681359985e-07 0
1535 5.063677866776015e-05 4.593741021215944e-06 0
1536 4.704723035153101e-05 6.182711412546058e-05 0
1537 4.374572594482962e-07 5.519804394317322e-07 0
1538 1.557388981748231e-05 7.746845226563853e-07 0
1539 1.759848668668749e-05 1.390799761224984e-06 0
1540 3.140384850121535e-05 2.206933096455791e-05 0
1541 3.519247232409778e-05 3.813960270230323e-06 0
1542 4.300570107048964e-05 1.841701888875475e-06 0
1543 2.85932182790765e-05 5.102512844553957e-07 0
1544 1.812981531570902e-05 2.287774022538248e-06 0
1545 4.716342640810465e-05 4.053612143588394e-06 0
1546 8.58582871408598e-07 1.331549603229932e-06 0
1547 3.16850824713499e-05 4.406551700786927e-06 0
1548 4.752640266140408e-06 2.518876465923586e-06 0
1549 3.221280846067729e-05 7.714730714266613e-07 0
1550 3.116324808786876e-05 3.440586494248175e-07 0
1551 2.245486810973239e-05 2.257464330285625e-06 0
1552 5.345442075637622e-05 2.243699899309785e-06 0
1553 3.097144584114277e-06 3.300446823947312e-06 0
1554 4.013724853609642e-05 5.054839248589257e-06 0
1555 5.113277830211767e-05 3.930830504145865e-06 0
1556 3.587500736177408e-05 1.878065930382876e-06 0
1557 2.775683866496694e-05 6.73071833754967e-08 0
1558 2.143329404967493e-06 2.731002585887928e-06 0
1559 2.628619855892626e-05 4.829057992300262e-07 0
1560 1.875726662845891e-05 1.475640709652683e-06 0
1561 4.450364421090039e-05 5.162171157811765e-07 0
1562 3.051400638641182e-05 2.090925502919434e-07 0
1563 3.768020550552626e-05 3.908782494677262e-06 0
1564 3.596105133617889e-05 2.94891657156109e-05 0
1565 6.529229974120213e-06 3.293078372096601e-06 0
1566 6.069389812364861e-06 3.363841889156234e-06 0
1567 5.315986616726178e-05 1.084472024008588e-06 0
1568 4.78367193768136e-05 9.001004679194163e-06 0
1569 4.90148089920318e-05 6.041523232280642e-07 0
1570 4.432561293401129e-05 9.201043515472278e-06 0
1571 2.395715954492605e-05 2.261506620446007e-06 0
1572 4.221952726663238e-05 5.473196059869869e-05 0
1573 5.41922644242609e-05 5.267560218675317e-05 0
1574 2.807867754996744e-05 1.077348851012739e-07 0
1575 4.554618795310248e-05 1.755289820017373e-06 0
1576 3.51446426766841e-05 1.838181044645801e-06 0
1577 2.342250063085944e-05 6.72444843013734e-05 0
1578 3.052740788276626e-05 8.958685258137749e-07 0
1579 1.456594041802523e-05 2.207140692388525e-05 0
1580 3.145315007012957e-05 1.21616975311612e-06 0
1581 3.758625711917293e-05 2.140336919919759e-06 0
1582 3.131545693818327e-05 9.183161599312932e-07 0
1583 3.935803167673046e-05 2.334738961724503e-06 0
1584 3.841474138278621e-05 4.221168133873841e-06 0
1585 2.657439120796218e-05 1.117120133516665e-06 0
1586 3.19508120785364e-05 8.172104517583434e-08 0
1587 4.044062024043507e-05 1.763185183580919e-06 0
1588 2.345716915645212e-05 2.780897411568528e-06 0
1589 2.827633180416555e-05 1.6132348889998e-07 0
1590 5.680113979298152e-05 5.747057586572716e-07 0
1591 3.016340342350252e-05 4.788101220271802e-07 0
1592 2.004488804638478e-05 3.334402040906055e-06 0
1593 3.006747585684242e-05 6.726726039559673e-07 0
1594 4.237774765653421e-05 2.615060543606958e-06 0
1595 5.464983508470051e-05 2.980526093140352e-06 0
1596 3.091693229749216e-05 1.401840471693176e-06 0
1597 4.455090134906505e-05 2.42403108889989e-06 0
1598 3.039543050460268e-05 9.845893337602676e-07 0
1599 2.931200032495493e-05 4.757682217552312e-07 0
1600 5.235599673673443e-05 5.760615083792324e-07 0
1601 3.915408970418537e-05 1.618031577809646e-06 0
1602 3.19946139796673e-05 2.36279985999722e-07 0
1603 2.85578884071324e-05 9.805251843883966e-07 0
1604 5.050315801330105e-05 2.209067298790032e-06 0
1605 3.21268608188644e-05 1.056026472116132e-07 0
1606 1.038001879441862e-05 6.761653104637967e-05 0
1607 5.791273033012814e-05 3.854741603046104e-06 0
1608 2.491061198505352e-05 1.585071598659491e-06 0
1609 4.051129435921927e-06 1.62227416197794e-06 0
1610 3.139648412474359e-05 1.897522456060439e-06 0
1611 2.937154699306715e-05 3.093586467053394e-07 0
1612 1.478563747968084e-05 2.830399531244543e-06 0
1613 2.970992132061588e-05 9.494415773061279e-08 0
1614 2.178003904661566e-05 1.884262171523257e-06 0
1615 4.63620083340914e-05 5.713393034920992e-07 0
1616 1.212527213460912e-06 1.113667656108956e-06 0
1617 3.169896535323305e-05 1.261146628923955e-06 0
1618 4.471536853933464e-05 4.378584384016904e-05 0
1619 2.674087403988682e-05 2.025017901047579e-06 0
1620 2.315595295031589e-05 4.214734959745762e-06 0
1621 3.38992270143645e-05 2.020004939363493e-06 0
1622 5.609186607269749e-05 5.089981025919312e-06 0
1623 2.990153799559024e-05 8.777981023494809e-08 0
1624 5.229515975292589e-05 2.053758152499281e-06 0
1625 2.302557226041871e-05 1.037656615817377e-06 0
1626 5.397641330449049e-05 2.993698722029338e-06 0
1627 4.39262194300945e-07 3.823026324510182e-06 0
1628 6.608572389048004e-07 4.44331180015239e-06 0
1629 3.296953810558973e-05 6.31133390446533e-07 0
1630 3.158328810350264e-05 8.636350929897402e-07 0
1631 3.144887477691315e-05 9.923792612943417e-07 0
1632 2.472152689636637e-05 1.33950210264128e-06 0
1633 4.68119310816336e-05 5.904573686343293e-07 0
1634 2.762583032723607e-05 3.163684723539374e-07 0
1635 4.591962518934741e-06 3.457214981760609e-06 0
1636 4.306419210745966e-06 3.843271258921533e-06 0
1637 9.711707366739509e-06 1.167815573286307e-05 0
1638 5.046066392229998e-05 6.14854950569049e-07 0
1639 2.190734946849848e-06 1.480637938303314e-06 0
1640 5.759059897906796e-05 6.428922057643975e-07 0
1641 3.386894412116078e-05 5.045868222562341e-07 0
1642 2.825456390031298e-05 2.902722267161406e-07 0
1643 3.096813699105644e-05 3.104681060927266e-07 0
1644 2.80414060571585e-05 3.638481309360693e-07 0
1645 3.221354413220379e-05 2.873077498313559e-07 0
1646 3.067072867860651e-05 2.540812043547644e-06 0
1647 5.459071134644706e-05 1.68231234005699e-06 0
1648 5.717685113661314e-05 1.220928047183701e-05 0
1649 3.257227552571968e-05 4.368567865428512e-06 0
1650 4.808263293355433e-05 3.68751561578899e-06 0
1651 5.321326745687688e-06 5.412842733313542e-05 0
1652 2.890730044220678e-05 1.909668802407746e-07 0
1653 3.750583363611333e-05 3.154012944483608e-06 0
1654 3.354690369763907e-05 2.312646908657585e-06 0
1655 4.503035275785881e-05 3.91600347175277e-06 0
1656 2.569022027067702e-06 1.333365480520603e-06 0
1657 2.550131125169778e-05 2.408727373597993e-06 0
1658 4.709842347232592e-05 3.674435847839411e-06 0
1659 3.434564876132387e-05 1.044930687873876e-06 0
1660 2.824253664003016e-05 2.79018139363711e-06 0
1661 5.359068665255799e-05 1.584633101673482e-06 0
1662 4.644253240432542e-05 1.16928671531236e-06 0
1663 3.157464172644475e-05 5.747477995292449e-07 0
1664 2.966044325996101e-05 2.607742142098092e-07 0
1665 2.593188705286787e-05 5.347416404964895e-07 0
1666 4.861108636208041e-05 2.631946591746093e-06 0
1667 2.275224572101077e-05 5.372291955440931e-06 0
1668 2.848165031547753e-06 1.594825754142507e-06 0
1669 5.451474445613899e-05 2.375216691471434e-06 0
1670 3.871395266254948e-06 2.390210726436779e-06 0
1671 3.773139857731716e-05 5.888928058380056e-06 0
1672 4.135380945137823e-05 2.773044059190724e-06 0
1673 6.615729840918987e-06 2.979779223258284e-05 0
1674 5.933518437464486e-05 4.286432659174941e-06 0
1675 2.385305732570727e-05 3.491553889805702e-06 0
1676 5.697099554703561e-05 2.658787749795896e-06 0
1677 5.035385995556594e-05 1.475478873292877e-06 0
1678 2.898906972250027e-05 1.708307984007628e-07 0
1679 9.654033953525314e-06 1.588810677905267e-06 0
1680 2.900464048639356e-05 7.721884582273592e-08 0
1681 3.277211888323568e-05 3.196335868238083e-06 0
1682 3.152945036955425e-05 9.843338134528528e-08 0
1683 2.566413126838842e-05 7.3537389527075e-07 0
1684 2.415421571386588e-05 1.030814449780391e-06 0
1685 3.376268013140142e-05 2.56048211752731e-06 0
1686 5.325402525020774e-05 4.720709988843485e-06 0
1687 2.966637937913227e-05 1.922907600251014e-06 0
1688 2.939456419074113e-05 1.848546967891135e-06 0
1689 2.766699373376065e-05 6.158861369536516e-05 0
1690 2.864603249276222e-05 9.317939500648972e-08 0
1691 4.822184598590413e-05 5.98219590180891e-06 0
1692 3.785117186743061e-05 4.430160685505657e-06 0
1693 4.060724636713507e-05 3.788424599331155e-06 0
1694 5.551305317596403e-05 8.303829597298133e-06 0
1695 5.317416879881821e-05 2.773657273298284e-06 0
1696 4.488338025391748e-05 4.419322456604095e-06 0
1697 3.637709312004419e-05 4.160021862450738e-06 0
1698 3.604958558820815e-05 4.02754893171039e-06 0
1699 2.861520260564821e-05 6.145912570832053e-07 0
1700 3.60951182331875e-05 7.986800931837366e-07 0
1701 2.931244998054532e-05 1.431790211957014e-06 0
1702 5.882810898065893e-05 4.049383116009184e-06 0
1703 2.894114957539307e-05 6.77502135402648e-05 0
1704 4.183854607191184e-05 6.266195988234929e-05 0
1705 2.027401460876024e-05 5.296999837607042e-07 0
1706 2.544749775921428e-05 3.092837893288487e-06 0
1707 2.566612893289371e-05 3.707778415650631e-06 0
1708 3.480112101374082e-05 1.036386159041607e-06 0
1709 5.404135973650416e-05 6.724638127496261e-05 0
1710 2.704400867035466e-05 1.162566488128877e-06 0
1711 3.08645657990656e-06 2.424722858217259e-06 0
1712 4.247039184925212e-05 3.51944410203161e-06 0
1713 3.22728070154672e-05 7.446446891002568e-08 0
1714 2.911477452909322e-05 1.607734686555585e-07 0
1715 3.747476206565776e-05 1.037287298336596e-06 0
1716 3.088153598956444e-05 9.194642021047099e-07 0
1717 3.449923249666209e-05 6.198989141408162e-07 0
1718 2.788992277497206e-05 1.930325286153513e-07 0
1719 6.499547883660083e-06 4.406706050307928e-05 0
1720 5.07328926561552e-05 3.111004472142465e-06 0
1721 3.857106218740054e-05 3.03362637651192e-06 0
1722 3.171639399539801e-05 2.199073590089825e-07 0
1723 3.455337931656026e-05 1.710853224544468e-06 0
1724 1.290534930829801e-05 7.089048041386773e-06 0
1725 2.616926796008144e-05 2.750358983116206e-06 0
1726 2.328174159591795e-05 1.823048179461606e-06 0
1727 3.417582749945266e-05 1.398306242541848e-06 0
1728 2.841028081134924e-05 7.580059636187418e-07 0
1729 2.902892163731312e-05 3.775879985117463e-06 0
1730 4.334269866036796e-05 2.622432475595285e-06 0
1731 8.307644145164666e-06 6.233604597066459e-05 0
1732 3.203677732670144e-05 2.300038838392916e-06 0
1733 4.402546487440438e-05 2.005694421885972e-06 0
1734 8.608184947520337e-07 3.153174485846331e-06 0
1735 1.994586185154487e-06 3.612732156909073e-06 0
1736 3.009890139177795e-05 1.650382639815989e-06 0
1737 2.153261642657336e-05 5.089655128698518e-07 0
1738 5.883205784122483e-05 5.533420505576792e-07 0
1739 3.343946566806019e-06 3.624060907792126e-06 0
1740 2.896925252681676e-05 5.859091799323128e-07 0
1741 2.798499826299504e-05 1.327218856118991e-07 0
1742 5.918504964801225e-06 1.267981237253083e-06 0
1743 1.684857509344498e-05 1.81427242576883e-06 0
1744 2.170662195907969e-06 1.876484333118642e-06 0
1745 2.442465484793016e-05 1.890808524229233e-06 0
1746 2.651026568259374e-05 1.422919968221251e-06 0
1747 3.06340337275704e-05 7.654165535688656e-08 0
1748 4.205808842077219e-05 4.320386680666748e-06 0
1749 1.054161601737257e-05 1.729668326614975e-05 0
1750 3.051097134562137e-05 1.554482526712753e-06 0
1751 2.809429249354404e-05 5.360598805582089e-08 0
1752 2.964647695441281e-05 1.419044787098396e-06 0
1753 5.465950652898303e-06 1.251500095032168e-06 0
1754 5.202222031067563e-06 3.063804953972824e-06 0
1755 2.057869039652034e-05 1.760212746810213e-06 0
1756 3.560908127958743e-06 2.709470396733886e-06 0
1757 2.977918426165524e-05 5.198471640690486e-07 0
1758 2.664188268956303e-05 7.578162029946908e-07 0
1759 1.962468404066378e-05 1.897669527514855e-06 0
1760 1.38114282853357e-05 1.372280498428548e-06 0
1761 3.410848326619605e-05 1.650391793536244e-06 0
1762 2.818699948018059e-05 5.980374298425258e-08 0
1763 4.338704715044952e-06 2.799993218296196e-06 0
1764 3.515303268408976e-05 2.603517993984449e-06 0
1765 3.025877170545517e-05 8.20791029549935e-07 0
1766 1.613199072537045e-05 2.338714562356945e-06 0
1767 2.11841127931727e-05 3.3355674617004e-06 0
1768 4.291912042670919e-05 3.882335796779015e-06 0
1769 3.91320428086372e-05 1.103060603859195e-06 0
1770 4.730780101230663e-05 2.506900627606218e-06 0
1771 5.127871729690867e-05 3.489969162232805e-06 0
1772 2.068629036959564e-05 5.952844578525487e-07 0
1773 5.809968298648979e-05 3.310272441086633e-06 0
1774 4.100163401721998e-05 4.222054788441265e-06 0
1775 2.453169749186684e-05 3.397309827938255e-06 0
1776 2.799973794542764e-05 4.63528006096171e-08 0
1777 4.851079664268474e-05 1.266007894294547e-05 0
1778 5.368875271449477e-05 3.796509136703329e-06 0
1779 1.434558030681272e-06 2.676961670899504e-06 0
1780 2.810689855875048e-05 2.837444740262058e-07 0
1781 5.89327884190832e-06 2.024063538593174e-06 0
1782 5.247488867077926e-05 4.150605167200895e-06 0
1783 4.645018794616517e-05 5.063854999998193e-06 0
1784 4.096056319118946e-05 1.520534092286418e-06 0
1785 2.137360709223271e-06 9.248388425309237e-06 0
1786 4.473728150026167e-05 2.004970611602593e-06 0
1787 4.315278083060361e-05 6.734994042497312e-05 0
1788 8.641701326349236e-07 1.905345249391704e-06 0
1789 2.796115069557252e-05 6.900723365916317e-07 0
1790 3.424981908316536e-06 1.949366818268336e-06 0
1791 2.880767991923348e-05 2.445436869371404e-07 0
1792 3.142419903365334e-05 1.000991504942607e-07 0
1793 2.530274215255048e-05 2.107738968607933e-06 0
1794 2.587257713710339e-05 3.150646611934685e-06 0
1795 5.32783405597846e-05 6.611203610926897e-06 0
1796 4.501692905485418e-05 6.932696621576381e-06 0
1797 4.619851293644849e-05 6.568530963888313e-06 0
1798 3.236855468173867e-05 5.068750657070523e-07 0
1799 2.776870029327843e-05 1.804377972822584e-07 0
1800 4.893178320917839e-05 2.068596656289669e-06 0
1801 3.519744529337886e-05 7.114296877021074e-07 0
1802 5.288749856200438e-05 2.107854068756902e-06 0
1803 1.841831379315942e-06 2.482340045030664e-06 0
1804 3.668397331773461e-05 6.311249059774127e-05 0
1805 1.868944245725658e-05 4.706528839272603e-06 0
1806 2.498472282640796e-05 2.133444819738576e-06 0
1807 4.677056671851491e-05 1.40133728131221e-06 0
1808 3.416736882801225e-05 6.770488221337329e-05 0
1809 4.187918160980172e-05 2.284244445929204e-06 0
1810 3.188832991436823e-05 2.446313504530509e-07 0
1811 1.526634125774001e-05 1.723848414966504e-06 0
1812 6.665607635737453e-06 2.473011983845672e-06 0
1813 3.624004516655851e-05 4.286376724846355e-07 0
1814 5.309603503538798e-05 5.434242343479514e-07 0
1815 3.346548323770945e-05 3.30539207867049e-06 0
1816 5.185830103719549e-06 4.471088187765908e-06 0
1817 3.745371056125867e-05 1.492082242534667e-06 0
1818 3.065884145603075e-05 2.219926365611706e-07 0
1819 5.042196989963132e-05 3.546852408167577e-06 0
1820 1.709967644626084e-05 2.658114758696558e-06 0
1821 1.56624597570723e-06 1.488192652328383e-06 0
1822 3.325027250939781e-05 7.661688771273682e-07 0
1823 3.041626297987393e-05 1.13259544019737e-06 0
1824 2.612003266473404e-05 1.158336898585416e-06 0
1825 1.721322856987565e-05 8.864092137362953e-07 0
1826 1.65608234438283e-05 1.166125071910943e-06 0
1827 4.682919582198262e-05 2.961311650195503e-06 0
1828 2.03525784611503e-05 2.364082302884957e-06 0
1829 4.662073774324765e-06 1.126538863348565e-06 0
1830 5.674690567659255e-05 6.213969553782343e-05 0
1831 2.973212540874564e-05 3.829074077539036e-07 0
1832 4.958165389407735e-05 3.885508227171111e-06 0
1833 5.512954138026509e-05 3.239194644977779e-06 0
1834 3.186975203515961e-05 7.665446813422912e-08 0
1835 3.21116755908065e-06 1.51044252078674e-06 0
1836 1.014359929169281e-05 1.704131532883359e-06 0
1837 3.539665496729044e-06 6.229254469376213e-05 0
1838 1.94493297438537e-05 7.263873374100754e-06 0
1839 2.797196548965146e-05 2.303860694299672e-07 0
1840 2.923592267366127e-05 1.161055148008188e-06 0
1841 2.504336063716331e-05 6.071374436156223e-06 0
1842 3.3671597657378e-05 1.016738188665107e-06 0
1843 2.883872483970691e-05 5.37985362389086e-07 0
1844 2.856636963643725e-05 1.957729905727624e-07 0
1845 2.523935723963835e-05 2.764908315843938e-07 0
1846 5.37742119499045e-05 4.502762454287557e-07 0
1847 1.547245735717903e-05 2.42075447241577e-06 0
1848 2.616543255740686e-05 1.702525533292893e-07 0
1849 7.295326809218637e-06 3.043829203299023e-06 0
1850 6.533277944748413e-06 1.584231989471222e-06 0
1851 5.9574370514607e-05 1.815923626137711e-06 0
1852 5.521169382268029e-06 6.764284637567305e-05 0
1853 4.266671849536874e-05 2.156221704000879e-06 0
1854 2.993154138211908e-05 1.296634819238542e-06 0
1855 3.055163492245429e-05 3.683355132860401e-07 0
1856 3.328614309607479e-05 1.030973030678895e-06 0
1857 5.077125852443755e-06 7.16198047311832e-06 0
1858 1.51809013459409e-05 6.765091345265177e-05 0
1859 4.10431301518422e-05 2.335191180937829e-06 0
1860 4.574319136513417e-05 4.566794550610134e-06 0
1861 4.673664005635227e-05 1.759095473031099e-06 0
1862 1.777232892762565e-05 4.838246955403076e-06 0
1863 3.277481944826879e-05 2.190798454910051e-07 0
1864 5.065238292424314e-06 1.823307435154802e-05 0
1865 4.560454807413717e-05 2.921811184570204e-06 0
1866 2.275822578656366e-05 2.560138227216769e-06 0
1867 2.808392952289231e-05 1.651619645974957e-07 0
1868 3.555333659886085e-05 2.191014214965608e-06 0
1869 3.085399659735709e-05 3.478780265560554e-05 0
1870 1.010363663981058e-05 6.03833791225853e-07 0
1871 4.907603877279703e-05 7.903747562344849e-06 0
1872 2.830143389309531e-05 5.279766053416123e-07 0
1873 2.874897914804378e-05 6.440081331816433e-07 0
1874 3.012092678032935e-05 7.906834122380762e-08 0
1875 5.708705936809547e-05 2.153795027331135e-06 0
1876 2.820308567485779e-05 1.726827977891109e-06 0
1877 3.672979010479913e-06 3.961934840735876e-07 0
1878 3.836910471840797e-05 3.693609184247516e-06 0
1879 4.967096508362189e-05 1.667929408098088e-06 0
1880 2.680594162677911e-05 5.220332312363163e-06 0
1881 3.117307418405402e-05 1.006519604193324e-06 0
1882 3.309001761176743e-05 1.525971844758642e-06 0
1883 3.855050226665951e-05 1.501839624596129e-06 0
1884 1.401276925002183e-05 3.9823890213324e-06 0
1885 1.334243850233157e-05 4.143779564347185e-06 0
1886 3.107209667818283e-05 8.257521553717869e-07 0
1887 2.534937730774988e-05 2.71311607721412e-06 0
1888 5.797477788343594e-05 1.602951262517185e-06 0
1889 4.585385202997084e-05 2.337585904490153e-06 0
1890 3.537956662962742e-05 1.681053399053066e-06 0
1891 3.2777917403281e-05 1.858433532793581e-06 0
1892 4.214993051802927e-05 1.735270961594799e-06 0
1893 3.311596639777084e-05 2.117885785473557e-06 0
1894 3.89420434316289e-05 2.873174406470009e-06 0
1895 3.041993873987634e-05 2.41004040179048e-07 0
1896 2.575089706952022e-05 1.45645617010025e-06 0
1897 4.332982297899791e-05 4.532552589480671e-07 0
1898 4.850272412840881e-05 4.581671545896725e-06 0
1899 3.001055987654648e-05 8.132238291523796e-08 0
1900 4.391935520954468e-05 4.788414130441813e-06 0
1901 4.341949363096251e-05 4.572613151043006e-06 0
1902 3.354967799114724e-05 1.354060959807037e-06 0
1903 5.402296497466051e-05 2.121436009564911e-06 0
1904 3.492561527228621e-05 1.471692541142548e-06 0
1905 2.159689140015583e-05 2.734586630235263e-06 0
1906 5.239135887099306e-05 9.212481794721431e-07 0
1907 1.202785439912229e-06 4.970106100755743e-07 0
1908 8.356687993314477e-06 6.568562064232882e-07 0
1909 3.296525164949519e-07 1.485744835561471e-06 0
1910 4.820893570565477e-05 1.796148847466595e-05 0
1911 5.672120818448272e-05 1.959223630405558e-06 0
1912 1.97404372402487e-05 4.527124264367585e-07 0
1913 2.721004049427773e-05 2.275732496069141e-06 0
1914 3.524570894104531e-05 4.228742468032361e-06 0
1915 3.566551980206896e-05 4.425398942058458e-06 0
1916 4.524795531523632e-05 1.822796020056626e-06 0
1917 2.90595483268146e-05 1.160697965866484e-06 0
1918 4.434137984522153e-05 3.170260898622127e-06 0
1919 1.313062935289903e-05 2.336834555898576e-06 0
1920 9.39247790595228e-06 3.883462088208277e-06 0
1921 1.292808422335843e-05 1.56989829534657e-06 0
1922 5.005626309702817e-05 4.154865252852935e-06 0
1923 2.901567870859564e-05 4.678105276250329e-07 0
1924 1.902613924099062e-05 2.843557884855256e-05 0
1925 3.087945731964807e-05 7.321469660301004e-07 0
1926 2.4391892079032e-05 1.334367205847021e-06 0
1927 4.097621736118333e-05 4.965694139411993e-07 0
1928 4.101864277441021e-05 3.14816449928813e-06 0
1929 2.948960823896251e-05 1.692430525169881e-07 0
1930 2.353793912338206e-05 1.245203601881914e-06 0
1931 2.357732084488869e-05 2.399165988373983e-06 0
1932 2.087550242024355e-05 1.115657258625303e-06 0
1933 3.472885950654428e-05 1.275322795969221e-06 0
1934 2.573365370787214e-05 9.609579349254969e-07 0
1935 3.162035919946846e-05 9.283648197921246e-08 0
1936 1.817192581081454e-05 1.216145777183969e-06 0
1937 3.517167730490336e-05 1.33318303619676e-06 0
1938 3.71218988625842e-05 4.421145749043397e-06 0
1939 2.989333485713445e-05 4.48237766578345e-07 0
1940 3.407252101398867e-05 2.208743584703271e-06 0
1941 3.15227888651607e-05 7.19082122458053e-07 0
1942 5.159616632262849e-05 1.005259417238507e-06 0
1943 2.9848518352874e-05 7.334133269655636e-07 0
1944 2.99799853733457e-05 8.081906638589968e-07 0
1945 3.06886938795135e-05 9.020107427807497e-07 0
1946 3.477274543507056e-05 3.627151230905649e-06 0
1947 5.230114604460448e-05 2.687665863774805e-06 0
1948 3.04310789223572e-05 7.930351896810775e-08 0
1949 2.207190604550644e-05 1.08199342177168e-06 0
1950 2.592943085430704e-05 2.009966384325625e-06 0
1951 2.88134890784845e-05 6.277465152306866e-06 0
1952 2.908150942786601e-05 7.022570425259116e-08 0
1953 3.920291556076319e-05 3.61452951653766e-06 0
1954 2.964067062551014e-05 1.200304976212198e-07 0
1955 2.960954457166713e-05 1.825745804317131e-07 0
1956 4.830965052212331e-05 2.949471486668491e-06 0
1957 1.384854863088728e-05 2.126063148534243e-06 0
1958 2.82318473960405e-05 1.19341341956708e-06 0
1959 1.456753721584767e-05 4.644903950185165e-05 0
1960 5.274055131044344e-05 5.150420992712646e-06 0
1961 3.578975612640399e-05 7.195891346296047e-06 0
1962 3.96287806720542e-05 1.586256044929966e-06 0
1963 3.119094696710902e-05 5.528829656764037e-07 0
1964 5.094688808014594e-05 1.157078555103472e-06 0
1965 4.947822458960725e-05 6.730472461198273e-07 0
1966 5.641831603529351e-05 2.214822711076517e-06 0
1967 2.793278933742083e-05 1.006658061322598e-06 0
1968 2.972892651679602e-05 1.462053546541319e-07 0
1969 4.026439031240031e-05 1.058479680756787e-06 0
1970 4.899031868614834e-05 6.767980024251558e-05 0
1971 3.013990382734535e-05 1.034590551430182e-06 0
1972 1.098693024349349e-05 1.415212824303246e-06 0
1973 3.781451077508786e-05 1.938161546781168e-06 0
1974 2.894951746920096e-05 4.218297808039683e-07 0
1975 2.358999570646119e-05 3.940913369356637e-07 0
1976 3.133639529191736e-05 6.759706158129786e-07 0
1977 5.61652420870086e-05 1.872732741160406e-05 0
1978 7.172112329214722e-06 3.922175977649267e-07 0
1979 3.09023310082893e-05 1.614214490478288e-06 0
1980 2.894717914296955e-05 7.911628458771139e-07 0
1981 3.00234091605851e-05 2.071969607534574e-07 0
1982 3.326090628237571e-05 2.68472289889716e-06 0
1983 4.474314087655376e-05 5.930522733051959e-05 0
1984 3.147728365294203e-05 4.744502830809887e-07 0
1985 2.888945219464268e-05 1.082630274347007e-06 0
1986 9.048911477643862e-06 2.470073044622638e-06 0
1987 3.108855093012383e-05 4.38439872101846e-07 0
1988 3.061405208428005e-05 1.390260889737692e-06 0
1989 2.775856639383638e-05 2.965061625852661e-07 0
1990 3.6122814603649e-05 2.219455301739298e-06 0
1991 2.378972294675635e-05 9.778539796922754e-07 0
1992 3.176052181448094e-05 1.67081994925443e-07 0
1993 3.416352137983113e-05 6.644918562516613e-07 0
1994 5.508186663488398e-05 4.340723849049573e-07 0
1995 2.748588094631933e-05 2.988590538865233e-07 0
1996 5.198754372849183e-05 6.093080434328353e-07 0
1997 2.768914533724436e-05 6.14944663288419e-08 0
1998 4.642623858580217e-05 2.053522058300425e-06 0
1999 2.939562970041346e-05 1.931000485366575e-07 0
2000 2.817830788932693e-05 2.475023165770254e-07 0
2001 2.839769626861711e-05 1.689266884210848e-07 0
2002 3.108674502592499e-05 7.228753050675752e-08 0
2003 3.01773649433015e-05 6.912816786685595e-07 0
2004 4.570841442486053e-05 9.894891754478454e-07 0
2005 1.410511783280184e-05 3.454304765473249e-05 0
2006 3.012163465882843e-05 1.874590149651697e-07 0
2007 4.915110324626475e-05 3.941718232253795e-06 0
2008 5.302130298810531e-05 3.361064080997962e-05 0
2009 3.456210752382204e-05 2.286910572338706e-06 0
2010 6.949271812049642e-06 1.983929192925368e-06 0
2011 3.022882698280169e-05 1.995703503352291e-07 0
2012 3.899228427701244e-05 4.152787483562453e-06 0
2013 1.838037346979716e-05 2.599154219522903e-06 0
2014 5.758651022981712e-05 4.639491988466037e-06 0
2015 5.370085344578581e-05 3.224639403990734e-06 0
2016 3.240593032882553e-05 7.474752417992356e-08 0
2017 3.234376458608903e-05 6.997378875747659e-08 0
2018 3.185355065494493e-05 3.365854013559111e-07 0
2019 4.151421633347163e-05 5.45495233661872e-06 0
2020 4.150800574124301e-05 6.672717394255503e-06 0
2021 2.341479792960879e-05 3.582296831765787e-06 0
2022 3.103738587922448e-05 1.688265932612897e-07 0
2023 2.520731948220933e-05 3.88051557093156e-06 0
2024 4.531586801855613e-05 4.183349675680653e-07 0
2025 4.622957767262543e-05 3.243700907894304e-06 0
2026 3.171450936613865e-05 6.47084637381799e-05 0
2027 2.981381207367067e-05 1.803673506366266e-07 0
2028 1.651702713043666e-05 8.487429000794953e-06 0
2029 3.974910742495115e-05 2.05405173925348e-06 0
2030 4.427798104078814e-05 3.928125224684556e-06 0
2031 7.974797702434168e-07 2.565872693644045e-06 0
2032 2.888158614861449e-05 7.069559275182622e-08 0
2033 3.065211872714945e-05 1.029024724569717e-06 0
2034 3.198054626176483e-05 1.351007877535509e-06 0
2035 2.58380308027053e-05 2.32598643143986e-06 0
2036 5.238898060291591e-05 1.009823983083455e-05 0
2037 8.827101465310194e-06 1.174784436202961e-06 0
2038 2.595424592975666e-05 2.067004193354367e-07 0
2039 4.733720555054499e-05 5.353014595761583e-06 0
2040 3.995072679032212e-05 6.123753471205083e-06 0
2041 2.761928769124391e-05 1.594372690514864e-06 0
2042 5.436129420691434e-05 3.880305590854075e-07 0
2043 4.421550542242727e-05 1.761104659786517e-06 0
2044 3.118055051106068e-05 7.465919845616734e-07 0
2045 3.917211845797246e-07 3.125415804948099e-06 0
2046 5.7060035741127e-05 1.380877251917393e-06 0
2047 5.869308763823792e-05 1.962929194112595e-06 0
2048 4.743108925634204e-05 1.585224047316797e-06 0
2049 5.197902161302038e-05 4.722540075917917e-06 0
2050 5.026245857009796e-05 1.829334915004888e-06 0
2051 4.418727799926416e-05 2.355868707422979e-06 0
2052 7.298064370059007e-06 1.389605002905939e-06 0
2053 3.773469245477271e-05 8.100920311043342e-07 0
2054 1.865608256027095e-06 2.139157623129566e-06 0
2055 5.429490891847903e-05 4.391846416089782e-05 0
2056 2.008764876580296e-06 6.45180417110415e-05 0
2057 2.732123473635406e-06 1.885300626856797e-06 0
2058 2.911813766284555e-05 1.487323835882298e-06 0
2059 2.906314348327624e-05 1.689908174293619e-06 0
2060 3.219668031754358e-05 7.416655547943186e-08 0
2061 2.827856132949572e-05 1.029105784884053e-06 0
2062 3.370901862059486e-05 4.338123847128594e-07 0
2063 3.027447481049882e-05 2.850034657191614e-07 0
2064 1.047708467969315e-05 1.266507757101895e-06 0
2065 2.617670058879482e-06 9.33856058625106e-07 0
2066 2.786100972153549e-05 2.441433160787964e-07 0
2067 3.164891531392138e-05 3.658197798520576e-07 0
2068 3.205620780499967e-05 6.724239519192248e-07 0
2069 5.739866524034067e-06 4.284449945067913e-07 0
2070 2.879538018398567e-05 1.750368597649216e-06 0
2071 3.449893640012493e-05 8.999719232996125e-07 0
2072 5.482603210997815e-05 6.826117295091004e-06 0
2073 4.151810173112289e-05 3.608664609200908e-06 0
2074 4.783985469633885e-05 3.416846421830149e-06 0
2075 4.188440490691367e-05 3.222257165951776e-06 0
2076 5.672754960463403e-05 5.769237276850982e-06 0
2077 4.664279514624218e-05 3.248454270098161e-06 0
2078 9.317737642892378e-06 3.31959542421346e-06 0
2079 3.007408504570569e-05 4.655709287673024e-07 0
2080 4.310268886260936e-05 3.098644623707821e-06 0
2081 4.32322167277713e-05 3.598076482459176e-06 0
2082 2.440190480309262e-05 7.486816819384486e-07 0
2083 2.850539898425885e-05 4.828168227481329e-07 0
2084 3.448527451808155e-05 1.944828023030286e-07 0
2085 2.103945421245466e-05 2.396391308699575e-06 0
2086 1.440169320710636e-05 1.215625784767099e-06 0
2087 2.563647341814991e-05 1.769084128837833e-07 0
2088 2.943611558786946e-05 1.030066177409898e-06 0
2089 2.93932692366715e-05 4.203531011231112e-07 0
2090 3.880287906745985e-06 1.215590217743263e-06 0
2091 3.088368589078247e-05 1.701817734000334e-07 0
2092 4.384587979629234e-05 3.805662303903694e-06 0
2093 3.075537940960621e-05 8.875151079359639e-08 0
2094 1.457569265985717e-05 4.511725455576542e-06 0
2095 3.41104234777855e-05 3.427982877216641e-06 0
2096 3.405635265339227e-05 3.844681212946723e-06 0
2097 3.38418006291667e-05 3.248491567619508e-06 0
2098 3.096325908917523e-05 5.244826221666784e-07 0
2099 2.977588734964067e-05 1.61293968605556e-06 0
2100 2.994036427387043e-05 1.552010495715389e-06 0
2101 4.660201066923009e-05 2.688461357138822e-06 0
2102 2.925429738414529e-05 9.646534868328632e-07 0
2103 4.333912727261562e-05 6.27471532784033e-06 0
2104 3.834198098462503e-05 4.5086698804861e-07 0
2105 3.469940514619718e-05 4.986696300304446e-07 0
2106 3.278372586852767e-05 3.678747666003793e-06 0
2107 2.801842075589689e-05 1.001279947502813e-07 0
2108 1.402115208231476e-05 2.869130818544982e-06 0
2109 5.168300094035352e-05 1.811119745673412e-06 0
2110 3.11273669490697e-05 2.225261606742156e-07 0
2111 2.918798345526657e-05 7.344732942650485e-07 0
2112 2.924374300397571e-05 5.730482129322591e-07 0
2113 2.92676343839396e-05 6.622124974569852e-07 0
2114 5.238759203361502e-05 1.680279354329149e-06 0
2115 2.48166791010564e-05 1.844077517422167e-06 0
2116 4.012420911526734e-05 3.100953928859355e-06 0
2117 2.846141177001425e-05 4.040610763722415e-07 0
2118 5.938937609341064e-05 5.166138953192543e-06 0
2119 5.093122844169031e-05 1.85313140513562e-06 0
2120 2.517575835095996e-05 1.058671775504716e-06 0
2121 5.543293509790654e-05 1.715475936433733e-06 0
2122 3.175056881318882e-05 7.234959213115136e-08 0
2123 2.908641654141307e-05 6.411714324913564e-07 0
2124 3.139983514502643e-05 2.993745027811783e-06 0
2125 1.822725429252696e-05 4.319262995862402e-07 0
2126 5.349568426590998e-05 1.275724736825599e-06 0
2127 5.211077772279195e-05 6.497197104571477e-05 0
2128 1.006233367661167e-05 4.725439325037368e-06 0
2129 3.078377500241293e-05 2.301710289015742e-07 0
2130 4.021764069229573e-05 1.454260209181394e-06 0
2131 5.674629820556519e-05 1.070011696449366e-06 0
2132 2.83936896755219e-05 2.682850952336929e-07 0
2133 1.919008683795719e-05 3.358932232045365e-06 0
2134 3.083713743309777e-05 7.271910504262257e-08 0
2135 3.257330174967205e-05 2.115760850045443e-06 0
2136 2.943371537845664e-05 6.474189996479425e-07 0
2137 1.15583271525666e-05 3.417118019941154e-06 0
2138 3.144899565121304e-05 2.595428949829463e-07 0
2139 3.430890718546598e-05 2.084400109131428e-06 0
2140 3.192246605308866e-05 9.853952924870873e-07 0
2141 4.547615982207818e-06 1.520722920240445e-06 0
2142 3.112625371184755e-05 1.175088174265324e-06 0
2143 3.062620580892849e-07 1.813614520497335e-06 0
2144 3.078522049427323e-05 4.01969224604702e-07 0
2145 3.090158565615544e-05 5.19785361679261e-06 0
2146 2.808654911258093e-05 2.433580885861546e-07 0
2147 4.437425455209174e-05 4.336596106825437e-06 0
2148 5.137099840186928e-05 2.182198060313053e-06 0
2149 2.854772621744691e-05 7.171991064285586e-07 0
2150 1.916299924600696e-05 2.005574067998436e-06 0
2151 1.603563280320282e-05 1.46226946585407e-06 0
2152 3.165796734578999e-05 1.805293130162865e-07 0
2153 2.726169607193459e-05 1.394086322219286e-07 0
2154 3.899257920303341e-05 6.750385135827753e-05 0
2155 1.372160307678304e-05 7.316632030754781e-07 0
2156 3.851051150081495e-05 1.203605902175468e-06 0
2157 3.046613963372873e-05 3.818082572166147e-07 0
2158 1.577003761291492e-05 3.344135442689613e-06 0
2159 3.169243171215093e-05 7.014279744649402e-08 0
2160 2.792794981240794e-05 5.078650351602464e-08 0
2161 5.585992049820814e-05 3.261765295608609e-06 0
2162 4.29759433984727e-05 1.136153106957162e-06 0
2163 3.127011644121286e-05 2.135245344083434e-06 0
2164 3.004136970080164e-05 3.263466702035172e-07 0
2165 3.384926091162741e-05 1.503187961179135e-07 0
2166 3.207330455997541e-05 6.539349660926198e-08 0
2167 2.41530451758276e-05 3.539013309432332e-06 0
2168 5.301696025412939e-05 1.711449123440248e-06 0
2169 2.94949460814154e-05 7.684122031180793e-08 0
2170 3.090963131865703e-05 1.085584583011262e-06 0
2171 5.067601239464563e-05 1.43234529358794e-06 0
2172 5.139847172800739e-06 2.387309091563552e-06 0
2173 2.429980164100075e-05 3.712696236509606e-07 0
2174 1.478295654501724e-06 3.073892196226192e-06 0
2175 5.473433877222193e-05 2.304393786274134e-06 0
2176 5.336122029415523e-05 3.094905071870914e-06 0
2177 2.918281772337879e-05 3.937558691609187e-07 0
2178 3.759225384278397e-05 4.593551526878926e-06 0
2179 4.52316980756171e-05 1.18582080229997e-06 0
2180 2.813474665809194e-05 1.525624061990974e-07 0
2181 2.985622299876822e-05 1.034758456372317e-07 0
2182 3.610091954058051e-05 1.805313444127868e-06 0
2183 2.859643587139926e-05 1.369724913050449e-07 0
2184 4.254013014386652e-05 4.444428368308707e-06 0
2185 3.528077688423232e-06 1.465415845408614e-05 0
2186 2.935229883147646e-05 7.599087012018581e-08 0
2187 2.928795039359319e-05 8.493480737001185e-08 0
2188 3.433734872516157e-05 1.799404744861413e-06 0
2189 3.43288676156115e-05 2.559515983119735e-06 0
2190 3.970846292330222e-05 3.792793283994999e-07 0
2191 4.514023500872086e-05 1.483736553853973e-06 0
2192 3.12614123432156e-05 1.475546733455004e-06 0
2193 4.137322212023166e-05 1.069637031604778e-06 0
2194 5.794267192193578e-05 7.147654098129309e-07 0
2195 5.833839680825603e-05 3.50911051133865e-07 0
2196 2.115676835962595e-05 1.489924891051349e-06 0
2197 3.328479681232247e-05 2.336208116599261e-06 0
2198 2.92432005327934e-05 2.058700903863418e-07 0
2199 2.487921643603618e-05 3.51077254701849e-07 0
2200 2.971180098257734e-05 2.336027837257885e-07 0
2201 2.801493632897368e-05 4.560595466304987e-06 0
2202 4.500531621310078e-06 2.090505968031824e-06 0
2203 3.053671292110381e-05 1.220176921824824e-06 0
2204 3.090500670389379e-05 7.874955717921081e-06 0
2205 2.849293256957504e-05 6.92357909752104e-08 0
2206 2.753488364999498e-05 8.391037327666604e-06 0
2207 5.423236842151195e-05 4.395918563980437e-06 0
2208 2.857498210794173e-05 6.723760258673286e-08 0
2209 2.550187530602246e-05 5.12151797679786e-07 0
2210 5.19603393169133e-05 3.037560237273429e-06 0
2211 5.206238525429153e-05 1.379516271614357e-06 0
2212 5.102142479849261e-05 2.514623687047087e-06 0
2213 4.418019135359832e-05 1.440941598651141e-06 0
2214 3.236975196399993e-05 1.65349718651842e-06 0
2215 5.538031598445148e-05 4.390505111725679e-06 0
2216 2.858627501852511e-05 1.190143735401961e-06 0
2217 5.102518869765304e-05 4.987416601862987e-06 0
2218 2.630655151707699e-05 8.119465762916813e-07 0
2219 9.501343971102445e-06 2.266243822456361e-06 0
2220 2.883526371278721e-05 3.199989886615629e-07 0
2221 1.900701698426068e-05 2.418868093475671e-06 0
2222 2.89413430206556e-05 3.061233237114377e-07 0
2223 4.906408646784147e-05 1.551717212537723e-06 0
2224 2.711870190485475e-05 6.439773961319064e-05 0
2225 3.301575762483071e-06 1.160623338976631e-06 0
2226 3.129919619869643e-05 3.870173166041304e-07 0
2227 3.908544947702757e-06 3.093819024018695e-06 0
2228 3.157431320536276e-05 2.563919478437098e-07 0
2229 2.742504492093832e-05 1.198631827108959e-07 0
2230 4.739584574782792e-05 8.65753855756068e-07 0
2231 2.914556930304281e-05 5.693717607325798e-07 0
2232 1.499188925976683e-05 3.417287401254739e-06 0
2233 5.197451035602848e-05 3.793049578438304e-06 0
2234 2.488319958901344e-05 2.427296514902567e-06 0
2235 2.886454098723153e-05 4.371115904973551e-07 0
2236 2.958437712194898e-05 1.063080545546096e-06 0
2237 2.410661057917582e-05 2.515374989210187e-06 0
2238 4.99163766171928e-05 3.219637951064523e-06 0
2239 3.185601529469014e-05 1.749643736094106e-07 0
2240 2.697685041899672e-05 1.546368609741618e-07 0
2241 5.412287614004678e-05 2.454555617507798e-06 0
2242 2.985411086031568e-05 9.930118786024805e-07 0
2243 5.374013106206913e-05 4.512352340287373e-06 0
2244 4.261339605566142e-05 3.119218910668718e-06 0
2245 3.401334492145533e-05 1.296805927153961e-06 0
2246 3.32420453641068e-05 1.384538779168152e-06 0
2247 5.411837424678526e-05 1.217638542080538e-06 0
2248 5.378955011805436e-05 1.072234147214458e-06 0
2249 3.315391805493267e-05 5.070497282716328e-05 0
2250 3.417369037572726e-05 4.36825262514926e-05 0
2251 1.015180966772174e-05 5.458115436750168e-05 0
2252 2.195107478976887e-05 6.299605833628531e-05 0
2253 2.609361628367718e-05 5.273743037977158e-07 0
2254 5.014380697446744e-05 1.069371097764142e-06 0
2255 3.354929873780602e-05 1.628892256215465e-06 0
2256 3.382195870186532e-05 7.579659469415351e-07 0
2257 1.991880827768983e-05 1.775859384609333e-05 0
2258 2.848619613179116e-05 1.650808539395304e-07 0
2259 6.421579732246505e-06 9.210762397747369e-07 0
2260 2.74997958081066e-05 1.050869115894388e-06 0
2261 2.897497258128522e-05 1.363488429166498e-06 0
2262 4.589229927215208e-05 2.779739215836039e-06 0
2263 5.127833264082354e-05 7.09746641605675e-07 0
2264 5.569533099990926e-05 2.090221742843584e-06 0
2265 2.887560817077756e-05 1.266947221215123e-07 0
2266 4.476087193580424e-05 1.494317224859259e-06 0
2267 3.106451275864149e-05 1.740874004909537e-06 0
2268 3.654793011761929e-05 1.126905144697895e-06 0
2269 2.907707126745208e-05 3.15424430149029e-07 0
2270 3.444737634041344e-05 3.242408255060605e-06 0
2271 3.798630725891919e-05 1.345892774218675e-06 0
2272 5.332261996212476e-05 3.806853368433451e-06 0
2273 3.331801387518157e-05 2.212438327304674e-07 0
2274 2.055279668224311e-05 2.975010374274234e-06 0
2275 2.633497873511435e-05 1.055983073027495e-06 0
2276 8.7223274244405e-06 3.157552827147061e-06 0
2277 4.558406642878333e-05 2.29406681075454e-06 0
2278 4.982391089875051e-05 2.484242387309421e-06 0
2279 2.848506636863187e-05 2.659324612053993e-07 0
2280 1.90026440910079e-05 4.66064097287158e-07 0
2281 2.230473715157394e-05 1.400678390167412e-06 0
2282 3.481571329892101e-05 2.663028268451013e-06 0
2283 2.956078570778322e-05 3.272854165938672e-07 0
2284 2.953382370643961e-05 8.216402986640181e-07 0
2285 5.349268435367091e-05 2.635032617564765e-06 0
2286 5.126093169359313e-05 4.147950620688039e-07 0
2287 2.460632362496414e-06 2.009285920658725e-06 0
2288 2.48511084392691e-05 1.072706363043437e-06 0
2289 5.16795719338026e-05 3.569916239870448e-06 0
2290 7.818272416802778e-06 2.357628109990526e-06 0
2291 4.973170092613863e-05 9.410957125090195e-07 0
2292 2.606792895249477e-05 8.061960051689158e-07 0
2293 3.1150005735399e-05 1.003504627864907e-07 0
2294 2.867967563142865e-05 1.375502552611557e-07 0
2295 5.52175985567772e-05 3.911783794844223e-06 0
2296 3.866807102874994e-05 6.458130491686465e-05 0
2297 3.380271601485986e-05 1.373186055067561e-06 0
2298 3.799368692960189e-05 4.641363894959488e-07 0
2299 5.574883351690735e-05 1.451473932717387e-06 0
2300 5.899434311608661e-05 3.3289555704849e-06 0
2301 2.803900170655286e-05 2.286023512167621e-06 0
2302 3.872393974178887e-05 5.246778983237594e-07 0
2303 2.881559491288151e-06 2.916584428389958e-06 0
2304 1.881927646496008e-06 3.143176422304902e-06 0
2305 1.225896116030195e-05 6.406232668551591e-07 0
2306 1.275740547007161e-05 8.015786259728634e-07 0
2307 2.588920485058511e-05 1.208027476784073e-06 0
2308 9.031099871069208e-06 1.735652354966991e-06 0
2309 3.344868299058524e-05 3.612676330366128e-06 0
2310 5.096051064875354e-06 1.918542432876466e-06 0
2311 3.806848870089505e-05 7.568154788492049e-06 0
2312 4.324953259037193e-05 1.19205480978747e-06 0
2313 9.516265232279306e-06 1.188079371270564e-06 0
2314 5.173398318909405e-05 2.47383476749776e-06 0
2315 4.70948312664838e-05 5.270047877311879e-05 0
2316 9.84987928380132e-07 2.822451932435171e-06 0
2317 2.87740915830232e-05 1.569341602410069e-07 0
2318 3.198356587019884e-05 4.199913741717106e-07 0
2319 1.809216976706626e-05 6.358299128015766e-05 0
2320 3.024713864511378e-05 6.122848800597995e-07 0
2321 3.646492391055007e-05 4.576730734726064e-06 0
2322 2.439968132986678e-05 3.022908084504445e-06 0
2323 1.899522440828607e-05 1.192534069755149e-06 0
2324 3.10006275424024e-05 6.441165200992487e-07 0
2325 3.035722382557274e-05 1.698304917134215e-07 0
2326 3.270876098322752e-05 1.381393781995702e-06 0
2327 4.493708136846456e-05 2.740149190956696e-06 0
2328 2.79349260769244e-05 1.195030734100525e-07 0
2329 3.006557489672778e-05 7.773585254028686e-08 0
2330 5.444429769175613e-05 1.049874675047004e-06 0
2331 2.380567329710163e-05 3.245773655874134e-06 0
2332 3.395207425085621e-05 3.50127466639607e-07 0
2333 2.801421547402176e-05 1.721307016925777e-07 0
2334 1.086629613713841e-06 2.272836931521433e-06 0
2335 3.192558938103757e-06 4.142395254087284e-06 0
2336 2.910599012074813e-05 4.780177134078395e-07 0
2337 2.671067776985411e-05 1.629595360083594e-07 0
2338 2.859668586987536e-05 3.446218418041743e-07 0
2339 3.286943962497878e-05 9.999312752891427e-07 0
2340 2.265764564142333e-05 3.310716481653385e-06 0
2341 2.760159430933759e-05 5.153640335845457e-08 0
2342 7.22586137865984e-06 1.808194693337535e-06 0
2343 4.208117679364733e-05 3.912770460517059e-06 0
2344 2.256425908531735e-05 7.41702256871672e-07 0
2345 2.157771474794415e-05 1.225535453438393e-06 0
2346 2.641823708549221e-05 1.529579175993662e-07 0
2347 4.061422152277454e-05 2.542967348431079e-06 0
2348 3.044866203575164e-05 5.069236300099629e-07 0
2349 2.760245176201121e-05 8.10779743564916e-07 0
2350 4.278145884787821e-05 1.369031386921538e-05 0
2351 4.293288663240764e-05 1.659300139464385e-05 0
2352 4.301729025002055e-05 4.291407045434028e-06 0
2353 5.694676183387851e-05 4.339568677851124e-06 0
2354 3.879287955074786e-05 1.662894025275128e-06 0
2355 3.198678986571809e-05 3.30209607246468e-06 0
2356 3.176810339592711e-05 3.759044607304594e-06 0
2357 2.674856181032047e-05 4.496069347392871e-07 0
2358 2.691681087841872e-05 4.508700683586671e-07 0
2359 2.66677016952499e-05 5.664835815805932e-07 0
2360 4.724678699339391e-05 1.920722485243604e-06 0
2361 4.81900315801391e-05 4.481847889683313e-06 0
2362 3.881349838178969e-05 1.130348360923762e-06 0
2363 2.314482719222578e-05 3.228332413243596e-06 0
2364 5.902925186012345e-06 2.684817090265874e-06 0
2365 2.377403464489596e-05 1.962928234686333e-06 0
2366 5.778941898693876e-05 6.459878415884104e-05 0
2367 2.324506529249007e-05 2.184548074916095e-06 0
2368 2.068162197892208e-05 5.13966599622523e-06 0
2369 3.112884872112892e-05 6.423896506493577e-07 0
2370 5.654401792823393e-05 2.541977539108159e-06 0
2371 1.65228714452293e-05 2.737462915612506e-06 0
2372 4.246673348952498e-05 9.481085443075362e-07 0
2373 2.910464484976842e-05 9.484130347702284e-07 0
2374 5.417940724451099e-05 1.571724518233666e-06 0
2375 3.931932723404244e-05 3.143554138154447e-06 0
2376 4.059026908355178e-05 2.867031295658372e-06 0
2377 3.241037147224867e-05 2.583755491618688e-06 0
2378 5.568683538807138e-05 8.112405772014883e-07 0
2379 3.03229450067993e-05 3.790730142932269e-07 0
2380 2.829014907804321e-05 1.097085931220484e-07 0
2381 3.070265837185645e-05 8.99928282850238e-08 0
2382 4.937731946295716e-05 3.180742125887577e-06 0
2383 4.675386177153742e-05 3.527289234176219e-06 0
2384 3.509407839834088e-05 3.076434802719885e-06 0
2385 2.834399834083517e-05 4.620053927834884e-07 0
2386 2.836606428100414e-05 6.433440715947409e-08 0
2387 1.641091244975359e-05 3.362511231526729e-06 0
2388 2.87836053069736e-05 1.352167539205264e-06 0
2389 2.877035922584158e-05 1.536625095634512e-06 0
2390 2.871398500032324e-05 1.238820663897708e-06 0
2391 9.244247559599846e-06 6.664265726583027e-06 0
2392 3.347623004107104e-05 1.134356887529152e-06 0
2393 3.530868559487079e-05 2.128008883470308e-06 0
2394 8.210773405860345e-06 7.931571890987467e-06 0
2395 4.648302863583309e-05 1.81966041639688e-06 0
2396 1.946044026352789e-06 8.697945241387996e-07 0
2397 4.378543474412434e-05 1.853244445089607e-06 0
2398 3.201602277433237e-05 5.498582728919815e-08 0
2399 2.819663094190043e-05 4.18681529296376e-07 0
2400 2.764827396198793e-05 1.594501841078625e-07 0
2401 3.064412342599909e-05 1.436258130359559e-07 0
2402 5.040207075626218e-05 2.823489882925419e-06 0
2403 2.204128055519032e-05 2.99775020176061e-06 0
2404 5.412393629040255e-05 3.793353038619189e-06 0
2405 2.797259212918994e-05 2.950344645494799e-07 0
2406 5.145935709052295e-05 2.828262278114838e-06 0
2407 2.452582215168575e-05 2.784204039452347e-06 0
2408 3.950122521649316e-05 2.630750828216021e-06 0
2409 5.751335050438946e-05 1.097872083679899e-06 0
2410 3.331878389259089e-05 1.921556386431542e-06 0
2411 5.855688890255285e-05 1.197623881810529e-06 0
2412 3.86503129932827e-05 3.442512517883541e-06 0
2413 3.45228614524146e-05 3.959398804398898e-06 0
2414 3.577943441659441e-05 4.903402504562344e-06 0
2415 5.785295952264302e-05 6.355376108612009e-06 0
2416 3.259679800317806e-05 1.595676674693104e-06 0
2417 3.012929360289604e-05 3.071952693896157e-07 0
2418 4.340929427089695e-05 2.152758779485117e-06 0
2419 5.41132409991851e-05 2.341326202887029e-05 0
2420 2.568789596262541e-05 3.642145633945967e-07 0
2421 4.876753567933092e-05 3.384985940864351e-06 0
2422 2.986269194488203e-05 6.271817908328879e-07 0
2423 2.937158607238469e-05 6.829153527309611e-07 0
2424 4.712684489496458e-06 4.894454713836876e-05 0
2425 4.307815975424008e-05 5.514703483790212e-07 0
2426 4.001073122604063e-05 4.584623509970598e-06 0
2427 2.819418649956054e-05 1.007694617398067e-07 0
2428 2.737424989608516e-07 2.732302234460834e-06 0
2429 2.962670745324231e-05 9.43584853946219e-07 0
2430 2.02036168889365e-06 6.797948820090601e-05 0
2431 4.965752667201422e-05 2.044240902176623e-06 0
2432 3.095388473933534e-05 4.811677788622833e-08 0
2433 4.586317740768729e-05 3.335207605415474e-06 0
2434 1.074731053391367e-05 3.648787896282628e-06 0
2435 1.12354014549242e-05 3.96442791099272e-06 0
2436 1.116781642227372e-05 4.882705374277585e-06 0
2437 1.14561367163521e-05 6.596716904617322e-07 0
2438 5.799397809493169e-05 6.798843981055863e-05 0
2439 3.027904615624901e-05 1.79580846286569e-06 0
2440 5.508524227863475e-05 1.961446539106579e-06 0
2441 1.775472436939285e-05 1.817194681775501e-06 0
2442 1.688832451431935e-06 4.170277141228846e-07 0
2443 1.566206487811069e-05 6.242546517987623e-05 0
2444 4.838518528167212e-05 1.313172528533321e-06 0
2445 2.78171736038428e-05 3.849738213664841e-07 0
2446 3.67813272722624e-05 1.323123854690411e-06 0
2447 3.859541633004004e-05 5.196145299192905e-06 0
2448 3.398800321121636e-05 2.444298751841126e-06 0
2449 3.188254429694337e-05 2.050831460151931e-06 0
2450 5.53845619320498e-05 2.297679621750382e-06 0
2451 2.910443458672853e-05 2.461663386268136e-06 0
2452 2.811503058735405e-05 3.544741452975305e-07 0
2453 4.454114901938453e-05 2.716908983227396e-06 0
2454 3.030637019198528e-05 9.407262118822179e-07 0
2455 5.603542053894592e-05 1.815880321949045e-06 0
2456 3.057173016120034e-05 1.084574055863319e-07 0
2457 4.023755392455611e-05 4.928626635691454e-07 0
2458 3.080592757070276e-05 2.928600791612004e-07 0
2459 4.184970622036372e-05 1.5493685251188e-06 0
2460 3.104472359272762e-05 1.346200977086554e-06 0
2461 3.696550582440005e-05 5.790872016690193e-06 0
2462 4.502669190586814e-05 3.180650801180241e-06 0
2463 2.456341078583761e-05 2.32887122323169e-06 0
2464 3.7714199066762e-05 1.607053603525783e-06 0
2465 4.926042838977836e-05 2.162986881282772e-06 0
2466 6.202109419782718e-06 2.049848186065862e-06 0
2467 4.341098330482052e-05 3.672859718022938e-05 0
2468 5.035942964160348e-05 5.136134255445865e-06 0
2469 5.022597197034889e-05 5.806662074574895e-06 0
2470 2.781190902437278e-05 4.178568063558288e-08 0
2471 5.264400168871158e-05 3.87452797155373e-06 0
2472 5.762268353893896e-05 2.626813751030253e-06 0
2473 4.521526611406295e-05 6.789423349626422e-05 0
2474 5.501331726817065e-05 2.649309228160526e-06 0
2475 3.319044950400463e-05 1.203490220915312e-06 0
2476 1.247772741844305e-05 3.363814575714228e-06 0
2477 2.070491960822405e-05 2.561253878362227e-06 0
2478 5.821564378345855e-05 8.885761440949434e-06 0
2479 1.929203025611602e-05 2.701691301231021e-06 0
2480 1.961158647977744e-05 1.061700278195705e-06 0
2481 3.177850705699062e-05 1.059338841176121e-06 0
2482 4.12500943310739e-05 6.03528524236189e-07 0
2483 3.466016894705986e-05 1.933587316792413e-06 0
2484 2.299972526510573e-05 1.563911548511085e-06 0
2485 4.431087583458041e-05 5.317809768424709e-06 0
2486 5.613286057214466e-05 2.785574864815219e-06 0
2487 3.01696032148106e-05 1.147835762669854e-06 0
2488 4.310559471340796e-06 3.524813173989002e-07 0
2489 2.460886320777927e-05 8.296201482902554e-07 0
2490 4.277267619136747e-05 2.485192715004758e-06 0
2491 2.946008066266744e-05 1.485602796649846e-06 0
2492 4.795683654677194e-05 4.009070294353095e-06 0
2493 1.047342913480614e-05 5.479427537407687e-06 0
2494 2.02982459236525e-05 3.921082525326831e-06 0
2495 3.510543582521692e-05 2.326378229021011e-06 0
2496 3.38259808344684e-05 1.614433340784583e-06 0
2497 5.310567220230283e-05 4.126534433633255e-06 0
2498 4.143860428634363e-05 2.005246258320995e-06 0
2499 4.708024942445499e-05 3.050138707090832e-06 0
2500 5.616376561819388e-05 1.250644204497759e-06 0
2501 3.826886961779103e-05 1.028135412041631e-06 0
2502 4.872499997153017e-05 4.173102594939189e-06 0
2503 5.010762165224401e-05 2.818084850314719e-06 0
2504 5.735097977510157e-05 1.927111257397494e-06 0
2505 4.162525995776177e-05 4.448206249816024e-06 0
2506 7.90602323947813e-06 2.875531585107271e-06 0
2507 3.126038661708538e-05 1.91033880842389e-07 0
2508 2.823882328446649e-05 1.498241385059292e-07 0
2509 5.224178990003573e-05 5.10628352629845e-06 0
2510 5.589866229828835e-05 2.507354193561118e-06 0
2511 3.016116317090281e-05 2.946747858668561e-06 0
2512 3.025857041391936e-05 3.647541305630218e-06 0
2513 2.968417468278362e-05 4.201613970943516e-06 0
2514 3.172505857844206e-05 6.161824902093229e-07 0
2515 2.975166323959232e-05 9.129417784911987e-07 0
2516 5.284028191866707e-05 2.532770718923105e-06 0
2517 4.805430712334696e-05 5.434361606815525e-07 0
2518 5.55086109716839e-05 1.090410519217899e-06 0
2519 5.909416487445493e-05 1.405041314361421e-06 0
2520 1.449281798321725e-05 2.073413410599634e-06 0
2521 2.920496546065584e-05 2.486066099552158e-07 0
2522 2.807111640729683e-05 8.693650427283436e-07 0
2523 3.5602532898665e-07 8.519941559419651e-07 0
2524 3.032243321051077e-05 1.208706475217245e-06 0
2525 5.491859097954108e-05 3.064259361305235e-06 0
2526 3.525055207201271e-05 6.00152386427341e-05 0
2527 3.097619519599549e-05 7.220665545837018e-07 0
2528 2.13787335700731e-05 8.267486837382485e-07 0
2529 2.040192584437634e-05 2.049221737827064e-06 0
2530 4.600740720357862e-05 2.003906055922925e-06 0
2531 3.970842565578065e-05 3.803552893799277e-06 0
2532 2.591058937509949e-05 1.547046999875334e-06 0
2533 5.843152657819382e-06 3.150145565224378e-06 0
2534 2.917945628597422e-05 1.421820695979422e-07 0
2535 6.943206201368296e-06 8.192929689912414e-07 0
2536 5.30858928413649e-05 3.406008089293487e-06 0
2537 2.860767360182229e-05 2.354293143982055e-07 0
2538 3.056517393257329e-05 2.39583057192736e-07 0
2539 2.053278289646054e-05 1.257522206933223e-06 0
2540 2.313981112465476e-05 2.804884788753739e-06 0
2541 2.920403809334932e-05 5.022936466587057e-08 0
2542 1.476282122003908e-05 5.607046637747953e-07 0
2543 3.922470814380425e-05 2.058585017433662e-06 0
2544 4.559798474036493e-05 1.170250903113455e-06 0
2545 3.171359989323745e-05 2.846922359658194e-07 0
2546 5.501515151509117e-05 4.640083707023442e-06 0
2547 3.092688201606467e-05 4.199549681425576e-07 0
2548 5.20292310497939e-05 2.134405278926881e-06 0
2549 4.670463759230062e-05 2.450446800895347e-06 0
2550 1.18042273819192e-05 2.787047582888824e-06 0
2551 4.339514562098382e-05 1.550050344742261e-06 0
2552 2.72457543409796e-05 3.536350755180549e-07 0
2553 3.684238878980871e-06 1.86160269384402e-06 0
2554 2.996122746033078e-05 5.270661780394316e-07 0
2555 4.544642847389969e-05 2.680049649940245e-06 0
2556 2.144908466481796e-05 6.793129136913535e-05 0
2557 3.303915775763332e-05 3.017905418772593e-06 0
2558 4.277487991214403e-05 1.440462243252309e-06 0
2559 1.455703540518029e-05 3.922957925008504e-06 0
2560 3.25268298164648e-05 3.599577979477723e-07 0
2561 2.028973429672835e-05 9.123502588027537e-06 0
2562 2.893815848673932e-05 8.815931166603845e-07 0
2563 4.721868245295925e-05 6.442732511785799e-05 0
2564 3.161111239682827e-05 2.475374445903806e-06 0
2565 3.910833647779102e-06 3.39768936783763e-06 0
2566 2.933603453499587e-05 2.133564788804426e-07 0
2567 5.880590990082741e-05 3.600148387123557e-06 0
2568 1.328411916854535e-05 2.938128619514478e-06 0
2569 3.035160853692555e-05 2.25025463534304e-06 0
2570 5.067549473404702e-05 3.773607113050265e-06 0
2571 5.559442403965662e-05 3.595820951122197e-07 0
2572 3.105289898738564e-05 2.84229445840174e-06 0
2573 2.813914598346901e-05 6.021075875476367e-08 0
2574 3.526716053691656e-05 9.138951679108842e-07 0
2575 2.344395599235534e-05 1.626684724901168e-06 0
2576 4.560539514103384e-05 3.604220803339326e-06 0
2577 4.534069044703343e-05 3.53975028544519e-06 0
2578 4.38893667007737e-05 3.519439673440751e-07 0
2579 5.032957557202374e-05 3.889762979461581e-06 0
2580 2.998608934676129e-05 2.53272995416661e-07 0
2581 4.075274139415408e-05 1.886602500319027e-06 0
2582 3.563921394039626e-05 5.901045710907353e-07 0
2583 2.811568409587346e-05 5.02076190715057e-07 0
2584 3.812150353389038e-05 3.152757361159192e-06 0
2585 1.200812323990412e-05 3.89778628256891e-06 0
2586 4.452890695505945e-05 1.739057651333673e-06 0
2587 3.228048365244772e-05 4.089517251512338e-07 0
2588 3.712784574614133e-05 7.646987372616015e-06 0
2589 3.362745713562108e-05 2.717485675343177e-06 0
2590 2.531082832572626e-05 1.028948767761266e-05 0
2591 3.194441330818298e-05 1.614598961860178e-06 0
2592 5.482979680027699e-05 1.516318296609366e-06 0
2593 3.816517513220892e-05 4.352284504543549e-06 0
2594 3.84060754312753e-05 4.549342338513416e-06 0
2595 1.380969729241456e-05 8.90991594563422e-06 0
2596 5.841294352642602e-05 4.094846151403241e-06 0
2597 2.261212254532129e-05 3.778827967869924e-06 0
2598 2.208562016039079e-05 3.875248285840348e-06 0
2599 2.851041227493244e-05 3.25436146869438e-07 0
2600 9.343388806549268e-07 5.930494504272952e-06 0
2601 2.76069095863223e-05 5.984832581534031e-07 0
2602 4.606088938408515e-05 2.438838683049946e-06 0
2603 3.816279149556894e-05 1.861068046318557e-06 0
2604 2.793275597422594e-05 1.603765633433823e-06 0
2605 3.597539586077864e-05 2.37374728520634e-06 0
2606 3.448912064907664e-05 1.43983827069538e-06 0
2607 2.664860592015072e-05 9.669337884612416e-07 0
2608 2.989444024756193e-05 2.920003565001806e-07 0
2609 2.636107364686004e-05 3.360849788297207e-05 0
2610 3.200891535862842e-05 3.287831013837221e-07 0
2611 8.172951317164012e-06 2.148476481293888e-06 0
2612 2.917638590075598e-05 1.17051962716259e-05 0
2613 9.241251804988131e-06 1.064706607974408e-06 0
2614 9.35557906080964e-06 1.755754791248964e-06 0
2615 3.130905390713033e-05 1.223410139912508e-06 0
2616 3.20762782299366e-05 1.087268341938898e-07 0
2617 3.411344818411627e-05 6.268551994588332e-05 0
2618 4.89714388159435e-05 6.730042291500012e-06 0
2619 2.680959548570524e-05 1.581453956985393e-06 0
2620 5.535305002735914e-05 2.929947927653317e-06 0
2621 3.184783190236653e-05 7.830364924596955e-07 0
2622 2.890308063998366e-05 6.90420609176159e-07 0
2623 3.819760630841401e-05 1.648165992027979e-06 0
2624 5.516057171115592e-05 1.198011770336308e-06 0
2625 5.966631932214342e-05 1.1250973961172e-06 0
2626 5.958531181457494e-05 3.883120734477308e-06 0
2627 2.415257600616948e-05 1.318233321356041e-06 0
2628 3.265055031440125e-05 6.517788048171286e-07 0
2629 2.785197479277621e-05 1.202144668052858e-07 0
2630 5.132134688429109e-05 1.553158042023945e-06 0
2631 6.499567566411333e-06 2.943260620546957e-06 0
2632 2.278052271019072e-05 1.188315484489125e-06 0
2633 5.032958600268665e-05 4.389447353313719e-06 0
2634 3.164713863516802e-05 5.038029714350218e-07 0
2635 2.86941787672799e-05 5.409469500808849e-08 0
2636 2.873451684777475e-05 8.040429605228085e-07 0
2637 5.829517184876946e-05 1.069413954029824e-05 0
2638 4.725837299525155e-05 1.36605719330031e-06 0
2639 4.622680300559458e-05 2.906147803573762e-06 0
2640 2.778581105360249e-05 1.201344892225408e-07 0
2641 3.594570192206145e-05 6.786917675451652e-05 0
2642 2.290578502526557e-05 2.282379023054712e-06 0
2643 2.257616336914742e-05 1.851701048102766e-06 0
2644 3.683713399930492e-05 4.780277630494791e-06 0
2645 4.364947275088932e-05 1.599238531562414e-06 0
2646 2.950319632963914e-05 2.797287193288315e-07 0
2647 2.315461977503792e-06 2.917588885085629e-06 0
2648 3.359563175431696e-05 6.966767373319153e-07 0
2649 3.648950912127807e-05 2.55236760731542e-06 0
2650 4.347657340143745e-06 3.107126846828571e-06 0
2651 1.624699626246783e-05 4.924147943951805e-07 0
2652 5.831644211704208e-05 5.090472997229876e-06 0
2653 2.81870699365416e-05 2.033242685909299e-07 0
2654 4.434193872052391e-05 1.244609658437048e-05 0
2655 3.198257665081788e-05 1.709682798386716e-07 0
2656 3.833431513517164e-05 2.038023771189187e-06 0
2657 3.859269091356048e-05 1.969505285070463e-06 0
2658 4.249857272131119e-05 1.375241615569016e-06 0
2659 1.536467054953319e-06 1.159392829138617e-06 0
2660 3.144184380330398e-05 1.100927882451757e-06 0
2661 2.629716406213151e-05 1.759137074524271e-06 0
2662 4.61576759567903e-05 5.479474130318283e-06 0
2663 5.61741951420879e-05 3.388274728885364e-06 0
2664 2.974717741388581e-05 7.517776443012423e-07 0
2665 8.554639689197676e-06 3.424473128009866e-06 0
2666 4.332841233711121e-05 3.354618668291547e-06 0
2667 4.386332738368343e-05 3.365114542198698e-06 0
2668 3.239810465057694e-05 1.224407738224694e-06 0
2669 2.979296666121791e-05 2.684274900160159e-07 0
2670 2.618211601476654e-05 1.295788640194519e-06 0
2671 3.868195798885536e-05 2.447915692288386e-06 0
2672 5.526143362320537e-05 6.006820898926117e-06 0
2673 3.034367432411616e-05 6.256793133603429e-07 0
2674 2.638657219559257e-05 4.167592294570339e-06 0
2675 2.89460072114762e-05 4.96971955288193e-08 0
2676 5.684785004994248e-05 3.371481543016463e-06 0
2677 5.657353863990621e-05 3.569556667309699e-06 0
2678 2.961701925678164e-05 1.157987865677896e-06 0
2679 3.576417037174067e-06 4.221371248636036e-06 0
2680 4.037128041406203e-06 4.142585546310348e-06 0
2681 3.482955190775383e-05 1.611596457980492e-06 0
2682 5.37213638339681e-05 1.357659656316911e-05 0
2683 2.737433611269746e-05 6.81240760184584e-05 0
2684 6.391527214999412e-06 3.640116232173616e-07 0
2685 2.726827358919089e-05 6.590727315528921e-07 0
2686 3.22422322566735e-05 1.788531976631154e-06 0
2687 3.080258736015777e-05 5.640247606471199e-07 0
2688 2.795062948614614e-05 1.511859427353394e-05 0
2689 3.181218889086065e-05 6.976666617698359e-08 0
2690 3.403609947123015e-05 8.206529601683282e-07 0
2691 4.279446540463506e-05 2.663950285854136e-07 0
2692 1.510852835987763e-06 4.370286947745653e-06 0
2693 2.994739563545151e-05 3.934040811856858e-07 0
2694 1.107223856627925e-05 2.69460933391676e-06 0
2695 1.022689878649331e-05 3.784381109316429e-06 0
2696 2.149296571252324e-05 1.900049983667665e-06 0
2697 2.937332602605113e-05 1.245702872503158e-07 0
2698 5.133831926075843e-05 5.55013454153659e-05 0
2699 2.914059720381748e-05 2.487374415940995e-07 0
2700 5.964802421998649e-05 2.166119907566639e-06 0
2701 5.450351833235303e-05 3.379157530021061e-06 0
2702 5.427417692624686e-05 3.420991523728175e-06 0
2703 5.343766408567132e-05 1.824796962357377e-06 0
2704 4.602670848988896e-05 4.763966408761428e-06 0
2705 2.805518975009711e-05 4.553377033421698e-08 0
2706 3.370443759469289e-05 1.879694774293996e-06 0
2707 4.526204948305708e-05 3.261602944768013e-06 0
2708 3.119220653216996e-05 1.874657712628994e-07 0
2709 3.416088996102931e-05 1.45116358539384e-07 0
2710 2.442378514471778e-05 2.562059097065007e-06 0
2711 2.824472193593517e-05 6.173465929046961e-07 0
2712 2.963010944195415e-05 4.321073845031511e-07 0
2713 2.493529966606123e-05 5.954758418629957e-07 0
2714 2.749618778112333e-05 1.963263960241275e-06 0
2715 2.460880447869917e-05 4.579869820768141e-06 0
2716 2.828733717397676e-05 8.036820109060811e-07 0
2717 2.784155125090409e-05 8.241742572236897e-07 0
2718 2.904195574438449e-05 1.923358779186245e-07 0
2719 2.826353323550162e-05 5.221288038124848e-08 0
2720 2.832394458608284e-05 6.120467506165513e-08 0
2721 5.414809618379119e-06 2.456486241719643e-06 0
2722 8.922733480730888e-07 1.626175550344873e-06 0
2723 2.980116900196044e-05 5.219187483334298e-08 0
2724 2.496432472628325e-07 2.250516330841191e-06 0
2725 2.804957347154364e-05 1.716053783377675e-07 0
2726 3.430192350576597e-05 2.848773048538821e-06 0
2727 4.572365934258762e-05 1.525147643801746e-06 0
2728 3.229761992657278e-05 2.165233599506452e-07 0
2729 4.853195813255236e-05 4.47578446840328e-07 0
2730 1.640782011268368e-05 2.021500265434009e-06 0
2731 2.995828135042667e-05 9.404376992458822e-08 0
2732 2.979544441736885e-05 3.263962449978531e-07 0
2733 3.509206233208847e-05 1.117646514713514e-06 0
2734 2.305254527510633e-06 7.521629523201942e-07 0
2735 2.360346047511187e-06 4.648722714539114e-07 0
2736 4.761688548339012e-05 4.720676117710324e-06 0
2737 5.869653917056075e-05 8.760049540021571e-07 0
2738 2.959116432291787e-05 5.497952641534948e-07 0
2739 3.00150562306796e-05 1.358826286379149e-07 0
2740 4.474447281019395e-05 8.008060462665563e-06 0
2741 2.030024294902619e-05 8.124837709817748e-07 0
2742 2.028234397655267e-05 1.148552480473456e-06 0
2743 2.252612635097324e-05 3.007635541338384e-06 0
2744 2.850820324973159e-05 2.071436428196682e-07 0
2745 4.486627839784163e-05 2.211590896977744e-06 0
2746 3.66287170233035e-05 2.719580816162774e-06 0
2747 3.185423855234956e-05 5.427665983363748e-07 0
2748 2.862238160881068e-05 8.058109173731044e-07 0
2749 4.192622177930468e-05 9.252432402848505e-07 0
2750 1.970723121374466e-05 5.726334820766404e-05 0
2751 2.29707657854167e-05 5.36315887178315e-05 0
2752 5.087593577338185e-05 4.142264122651467e-06 0
2753 4.250308975699816e-05 4.673853813440091e-07 0
2754 3.740437670660655e-05 1.287588800933764e-06 0
2755 4.643769722923273e-05 8.449714027096001e-07 0
2756 2.852201680844552e-05 1.545018045056939e-06 0
2757 3.563202410816136e-05 2.001526858289612e-06 0
2758 4.939009893251115e-06 3.926458443109442e-07 0
2759 5.373814107994579e-06 3.861575155257671e-07 0
2760 5.398573840363035e-05 2.698688333915428e-06 0
2761 4.754871321979718e-05 4.178646731601512e-06 0
2762 3.861738493490662e-05 1.247258981544537e-05 0
2763 2.497760752536713e-05 6.817825642432486e-05 0
2764 3.398617273233542e-05 1.779045501634691e-06 0
2765 5.178846695252774e-05 1.202736758614351e-05 0
2766 4.693374193014341e-05 1.976504104158064e-06 0
2767 5.960452107739723e-05 4.654983168976008e-06 0
2768 5.548938856066725e-05 3.397524546354469e-06 0
2769 2.438009821929425e-06 2.446901609009345e-06 0
2770 5.967992007775817e-05 2.73564762661112e-06 0
2771 8.883985036989292e-06 6.830433126988183e-05 0
2772 5.720543718222515e-05 5.661328271463039e-05 0
2773 5.254683721906765e-05 2.094097810234784e-06 0
2774 5.906390002816977e-05 2.483190517829768e-06 0
2775 4.438122693201164e-05 1.267534544964906e-06 0
2776 5.262489335287718e-05 3.094276966893115e-06 0
2777 2.677889070399277e-05 1.108515725720767e-06 0
2778 9.995376170419504e-06 2.308563388947313e-06 0
2779 7.177957637194913e-06 2.695602810540268e-06 0
2780 4.760337254659212e-05 3.192366609621379e-06 0
2781 5.820573976800827e-05 1.195002347209172e-06 0
2782 3.849680525216922e-05 5.823726917041085e-06 0
2783 4.361097308769379e-05 4.288754929509968e-06 0
2784 5.078141445834269e-05 9.362849315693829e-07 0
2785 3.377660583321784e-05 4.01023285563904e-06 0
2786 3.368106699187443e-05 4.449225012025692e-06 0
2787 3.713562589953119e-06 2.147003543710314e-06 0
2788 2.758313911354555e-07 3.526263329169964e-06 0
2789 4.852767280724612e-05 1.852131833311108e-06 0
2790 1.322249226942402e-05 6.492086900747187e-05 0
2791 4.159914470122567e-05 3.264732863220624e-07 0
2792 4.191345591787255e-05 4.187594298377091e-07 0
2793 4.330545648890192e-05 8.343613242535324e-06 0
2794 3.234465828030988e-06 2.162960111427408e-06 0
2795 3.677581192809424e-05 2.313979703100251e-06 0
2796 3.656108489631478e-05 2.926918749857333e-06 0
2797 3.020532615690386e-05 7.498824760105953e-08 0
2798 2.882472991256056e-05 3.978175076711026e-07 0
2799 2.875530702498088e-05 4.01215262653816e-07 0
2800 4.956587055133998e-05 1.389752404925302e-06 0
2801 4.402764413525318e-05 6.18947333805267e-05 0
2802 3.627779041467981e-05 2.596296029648768e-06 0
2803 3.062310577948323e-05 1.64845447477379e-06 0
2804 4.780003466640023e-05 2.265110249461406e-06 0
2805 2.624856926255681e-05 3.734153459834871e-07 0
2806 3.650331740907525e-05 1.974848399959243e-06 0
2807 5.500248017036094e-05 3.472293288335286e-06 0
2808 3.249692136618063e-05 9.780135212600149e-08 0
2809 5.638371324712985e-05 5.723928394193307e-07 0
2810 1.31837870871017e-05 5.456572135183486e-07 0
2811 5.924162816820138e-05 1.059384113250866e-06 0
2812 3.939190866238384e-05 5.794318307336311e-07 0
2813 2.370679315200795e-05 2.821998284923901e-06 0
2814 8.019325405706493e-06 3.424523329429445e-06 0
2815 3.545042095991791e-05 1.20002320493111e-06 0
2816 3.392120279024764e-05 2.870907036222772e-06 0
2817 3.253515714386718e-05 8.692494864392386e-07 0
2818 1.363878677219869e-06 1.80461225265757e-06 0
2819 1.01543755309591e-05 3.078514748190352e-06 0
2820 4.164425415269197e-06 2.209410998593526e-05 0
2821 4.061381552348329e-05 6.83444725733769e-05 0
2822 2.743411829895088e-05 1.005881047418988e-05 0
2823 2.938630535471343e-05 1.148696770458435e-06 0
2824 3.262274596250702e-05 1.05293486985736e-07 0
2825 4.467121092807143e-05 3.731955710804007e-06 0
2826 1.803884004079066e-05 2.64972119415219e-06 0
2827 2.870863500856543e-05 1.975439990256119e-06 0
2828 3.494071944815763e-05 2.025170415259375e-06 0
2829 3.833254856264191e-05 7.961459996611771e-07 0
2830 3.187833563885227e-07 4.127320986041826e-06 0
2831 5.014694795378904e-05 3.402656186386388e-06 0
2832 3.007549627249409e-05 1.848981789642107e-06 0
2833 5.654733331038552e-05 7.503867120941537e-06 0
2834 1.298929230787164e-05 3.367468966132584e-06 0
2835 4.208329533446074e-06 2.156235078142741e-06 0
2836 3.909388977937472e-05 1.361270341167435e-06 0
2837 3.38196494861539e-05 1.041195410219149e-06 0
2838 3.503455604923233e-05 1.704139791688403e-06 0
2839 3.934621046820322e-06 6.322244702446716e-06 0
2840 4.69743379061063e-06 1.894921891682348e-06 0
2841 5.96202358384337e-05 3.397253331325331e-06 0
2842 2.872270635965574e-05 1.605345151751124e-07 0
2843 2.621437096839867e-05 6.135094019495968e-06 0
2844 3.786333671859821e-05 2.175836210253346e-06 0
2845 2.646050386622702e-05 3.229578723879268e-07 0
2846 3.684138259819552e-05 2.681581451767743e-06 0
2847 3.422644871435678e-05 3.952257237141398e-07 0
2848 2.954073368088828e-05 1.925108280097125e-07 0
2849 2.757342034552859e-05 2.362706541870785e-05 0
2850 4.845583220423813e-05 2.43247577420939e-06 0
2851 5.035156888164145e-05 2.254336161571078e-05 0
2852 5.43179778284177e-05 1.762156058057044e-06 0
2853 3.063920980495511e-05 4.659889492394761e-07 0
2854 2.091360392090923e-05 4.027124539490364e-07 0
2855 2.792217191301895e-05 2.992451110906092e-07 0
2856 4.768287866210628e-05 2.869794010204199e-06 0
2857 1.587301879226555e-05 4.552005787934566e-06 0
2858 3.053467918190056e-05 1.548859872341478e-07 0
2859 4.609910568421791e-05 3.431505393996009e-06 0
2860 5.656136235728468e-05 4.968390319374834e-06 0
2861 1.052939696619887e-05 2.476168065349791e-06 0
2862 5.469586163787253e-05 3.563694936592743e-06 0
2863 3.044671488927719e-06 3.519218560927691e-07 0
2864 3.780608464271537e-05 4.157150790826487e-06 0
2865 5.317053547822718e-05 4.386991268714253e-06 0
2866 3.026530531271211e-05 6.28206157493075e-05 0
2867 4.346824500286128e-05 9.712804644356815e-07 0
2868 3.07608062127541e-05 1.400670350703857e-07 0
2869 3.109779933666162e-05 9.565788401735301e-07 0
2870 3.495639050183239e-05 4.557388533702684e-06 0
2871 5.275578908113043e-05 4.717930938509348e-06 0
2872 4.004284516560939e-05 2.48638907364359e-06 0
2873 1.350835945469943e-05 5.267567233443221e-05 0
2874 4.464516800245593e-05 1.259647662713089e-06 0
2875 3.796986407097122e-05 2.615968963593692e-06 0
2876 4.264149494704578e-05 5.169414840881675e-06 0
2877 3.643621522130058e-05 2.193547883397631e-06 0
2878 2.252146293903071e-05 2.797276971991396e-07 0
2879 3.334213820446913e-05 1.755842611198224e-06 0
2880 3.102158152500143e-05 2.368329584839085e-07 0
2881 2.194842174655384e-05 2.645831326392508e-06 0
2882 2.60189584041797e-05 6.517708885045412e-07 0
2883 5.8255974464051e-05 1.741426140310709e-06 0
2884 4.380449322804824e-05 1.392630062880575e-06 0
2885 1.988858659192408e-06 2.930272065028158e-06 0
2886 5.758856805101993e-05 2.241336632137758e-06 0
2887 1.279784475408421e-05 2.484955181922561e-06 0
2888 2.867887777827803e-05 2.274897408730978e-07 0
2889 1.77202939112391e-05 2.212721319967067e-06 0
2890 1.91759528944224e-05 4.178949340086502e-06 0
2891 1.974077367032599e-05 4.34557052669389e-06 0
2892 3.65654923788059e-05 2.353693996343667e-06 0
2893 2.294429686471077e-05 6.539589419925321e-05 0
2894 4.295878759859912e-05 9.035144181675155e-07 0
2895 2.878872792193937e-05 8.608671381277117e-07 0
2896 3.508626083562048e-05 2.573128759853503e-07 0
2897 2.79223239372215e-05 1.660273479685366e-07 0
2898 3.2157113200596e-05 1.705529659359952e-07 0
2899 2.760303136136734e-05 1.392804036449541e-07 0
2900 3.492678543093996e-05 2.211980728749309e-06 0
2901 5.606838964105675e-05 4.85975652051045e-05 0
2902 4.089997233871354e-06 2.545867856313756e-06 0
2903 1.993699513689644e-05 2.778459886675843e-06 0
2904 2.887748741430067e-06 9.105758418443423e-07 0
2905 4.996014119765193e-06 3.859869908048455e-05 0
2906 3.096478031306095e-05 1.310537784812354e-07 0
2907 5.715826131110955e-05 3.30340638445332e-06 0
2908 4.511312349068556e-05 9.504504588913689e-07 0
2909 3.160289757951286e-05 3.156307654357948e-07 0
2910 3.963052565404945e-05 1.144086111565744e-06 0
2911 3.033183456057321e-05 7.754535702525092e-07 0
2912 4.075202064308568e-05 1.018490497471961e-06 0
2913 3.834216015282451e-05 3.954314481225476e-06 0
2914 3.012180318173799e-05 1.320347371534632e-07 0
2915 3.290221245786141e-05 2.31043800841908e-06 0
2916 3.46772092501759e-05 1.840931082230904e-07 0
2917 5.641639809784164e-05 1.589313062670021e-06 0
2918 1.588955514831437e-05 2.595904730129214e-06 0
2919 2.442039290974033e-05 2.123498501770025e-06 0
2920 5.23185870224959e-05 3.478089039119686e-06 0
2921 3.035784387634761e-05 6.830949061522987e-05 0
2922 3.128453200015805e-05 7.81077860466707e-08 0
2923 3.963089295211442e-05 4.12941727464616e-06 0
2924 3.660049733025553e-05 9.03391801734289e-07 0
2925 2.928025453269874e-05 8.392153054092129e-07 0
2926 3.691950370080229e-05 2.481806208774407e-06 0
2927 1.56520315008744e-05 3.786224353542561e-06 0
2928 4.957315395343305e-05 2.678300678140423e-06 0
2929 5.904329562283042e-05 8.737482952050694e-07 0
2930 5.551449082006134e-05 3.748650489256209e-06 0
2931 4.261902252316922e-05 6.550020917639077e-05 0
2932 1.188256641740341e-05 6.839674676787722e-05 0
2933 1.064729425465519e-05 2.097855903705787e-06 0
2934 3.693547911322468e-05 1.1950234768802e-06 0
2935 3.047138428040261e-05 1.986788059152195e-06 0
2936 3.06515496943602e-05 1.939939423783675e-06 0
2937 2.823236044555121e-05 3.483094519510453e-07 0
2938 2.784871832936432e-05 6.183719891254425e-07 0
2939 4.163980802091704e-06 1.802587422538019e-06 0
2940 3.75586378058682e-05 2.545136383937912e-06 0
2941 5.141118654007194e-05 4.14746299867766e-06 0
2942 3.054401196121461e-05 2.82296177603466e-07 0
2943 2.941204372138319e-05 6.735010602034494e-08 0
2944 7.45893169070309e-06 4.37587479234672e-06 0
2945 1.752448754152712e-05 3.520375975043359e-07 0
2946 2.838515110414048e-05 1.136923928198958e-07 0
2947 1.166502944221259e-05 1.407646589029265e-05 0
2948 6.917913147489692e-06 6.843669351359031e-05 0
2949 5.007183045614115e-06 2.853581742165272e-06 0
2950 3.244152472092088e-05 1.567926109754121e-07 0
2951 2.837637760261786e-05 2.188452234791555e-07 0
2952 3.920627998061393e-05 2.548074976535299e-06 0
2953 5.380817767801178e-05 2.188296619322648e-06 0
2954 4.101977126707887e-05 9.221621728826512e-06 0
2955 2.810488753395036e-05 5.847413794507937e-07 0
2956 2.862269259146776e-06 2.641916635602016e-06 0
2957 5.134937696507864e-05 4.726778065223609e-06 0
2958 2.550272315571075e-05 1.155309921000179e-06 0
2959 2.551707268701018e-05 1.326500473345248e-06 0
2960 2.222208867830815e-05 2.134195344139781e-06 0
2961 1.730128988163186e-05 1.61774267127777e-06 0
2962 5.718451009003075e-05 6.490394890661548e-07 0
2963 7.923758610265462e-06 6.478197759833196e-05 0
2964 3.675139783226031e-05 3.710341374868762e-07 0
2965 3.486870987336873e-05 8.015210852394252e-07 0
2966 8.850729084974055e-06 2.009434947615889e-06 0
2967 3.63693082381343e-05 1.247329121294522e-06 0
2968 2.583842331385857e-05 4.188093149207201e-07 0
2969 3.405862625177313e-05 1.051740359732024e-06 0
2970 3.109505725542119e-05 3.756652872227856e-07 0
2971 3.075982692357669e-05 1.360006282986477e-06 0
2972 2.877709596945058e-05 5.22882577674183e-07 0
2973 3.020797996521672e-05 1.442815457502231e-06 0
2974 3.239498700674936e-05 2.007486836861565e-06 0
2975 5.325868946643618e-06 3.593935360137563e-06 0
2976 7.458831320364309e-06 6.773815195092784e-07 0
2977 2.666206017738454e-05 3.196792710110266e-07 0
2978 3.278887398229924e-05 5.623625401086694e-07 0
2979 5.464399712835544e-07 2.251072349217558e-06 0
2980 3.124417535942139e-05 3.263848586793154e-07 0
2981 4.779721340824481e-05 1.054376696314926e-06 0
2982 2.8396130854547e-05 3.289625004658713e-07 0
2983 3.729434779297993e-05 2.605957056280216e-06 0
2984 4.072495414592805e-05 4.952011034052042e-06 0
2985 3.370006248747267e-05 1.398843033432381e-07 0
2986 3.87676544083946e-05 2.195471336961541e-06 0
2987 5.483898229422256e-05 2.837579484150712e-06 0
2988 2.749970539913506e-05 1.95210111679479e-07 0
2989 3.613813315004624e-05 1.115773297543835e-06 0
2990 2.96458600153588e-05 7.200056399459644e-06 0
2991 2.772295438266054e-05 1.792706211183383e-07 0
2992 2.824951155392722e-05 9.291955361833941e-07 0
2993 3.09092351589967e-05 4.598962626024482e-08 0
2994 5.072183772149487e-06 3.775925377557387e-06 0
2995 2.791707230749405e-05 6.614977811136242e-05 0
2996 3.53047409479321e-05 1.455473446877163e-06 0
2997 2.843998138984395e-05 1.238728185000223e-06 0
2998 1.670834470060961e-05 1.481462479015266e-06 0
2999 4.747128847263838e-05 5.90457180119794e-06 0
3000 3.02127630941927e-05 5.522606738634619e-07 0
3001 4.793992925600949e-05 2.71380317284432e-06 0
3002 5.45138783440041e-05 2.777927680083722e-06 0
3003 3.042980642644287e-05 3.304874368382107e-07 0
3004 3.055205159615756e-05 1.807749028168278e-05 0
3005 3.913273200847824e-05 4.487783046611627e-06 0
3006 3.900868500214082e-05 4.922490155030413e-06 0
3007 3.656703825471657e-06 1.318425525572119e-06 0
3008 2.960872723725537e-05 4.951686942149085e-08 0
3009 5.262832419648832e-05 1.5580835521037e-06 0
3010 8.409264529627427e-07 3.468703491560692e-06 0
3011 3.101403416836134e-05 8.944614843044315e-07 0
3012 3.792353655225197e-05 1.119126669920774e-06 0
3013 3.680159772186709e-05 3.479579122755023e-06 0
3014 2.890457855054828e-05 5.603133612112334e-07 0
3015 5.273804111288618e-05 6.839321132159432e-05 0
3016 3.714031917126323e-05 2.446708111313058e-06 0
3017 2.845838299329709e-05 5.329281909689205e-07 0
3018 2.079024233934447e-05 8.588033382453747e-07 0
3019 4.715106702352753e-05 2.765459025937874e-06 0
3020 4.60653355678635e-05 1.657309759664272e-06 0
3021 3.29394940483253e-05 1.899671606794214e-06 0
3022 3.078271823021455e-05 1.671752311797402e-06 0
3023 3.140524008766677e-05 1.746596732513045e-07 0
3024 4.92450619612884e-05 2.508731082899479e-06 0
3025 3.664029405764285e-05 1.563211917356768e-06 0
3026 1.332147600349905e-06 6.666411625484173e-05 0
3027 3.241000144038932e-05 6.850537186277027e-05 0
3028 3.00321720933895e-05 3.947914955315975e-07 0
3029 4.035799861904553e-05 2.665719360691846e-05 0
3030 2.876678535019972e-05 2.33022768101084e-06 0
3031 5.865293267892045e-05 6.668650977923435e-05 0
3032 3.678725564597342e-05 1.7305028875455e-06 0
3033 5.589851292807052e-05 3.01086455146553e-06 0
3034 2.474598278821886e-05 2.790671119688656e-06 0
3035 4.7672149885805e-05 3.884016283697873e-07 0
3036 4.553669143095522e-05 4.119219796839857e-06 0
3037 1.843959879981863e-05 1.367242130035901e-05 0
3038 2.830064559880769e-05 3.699912466153664e-07 0
3039 2.401221543903996e-05 1.727827137452057e-06 0
3040 3.041409871258757e-05 2.507553436324802e-06 0
3041 3.670835968574798e-05 3.094167074329867e-06 0
3042 4.874229040414758e-05 2.387669718793473e-06 0
3043 5.821851802788947e-05 2.889532640763103e-06 0
3044 5.826620095345606e-05 2.397632985159256e-06 0
3045 3.017465968315281e-05 3.609477454938674e-07 0
3046 3.817907902258071e-05 6.603460128995777e-06 0
3047 3.450717525298695e-05 2.135310454425295e-06 0
3048 5.205627816555861e-05 2.762734492800815e-06 0
3049 2.844431382787e-05 8.417785151435937e-07 0
3050 2.765467783059747e-05 3.663107846917887e-08 0
3051 3.164761911542576e-05 1.318749827971068e-07 0
3052 2.689286394826499e-06 4.941761211779138e-06 0
3053 2.935875992006114e-05 8.112600046451537e-07 0
3054 3.595926907993792e-05 1.255533577547564e-06 0
3055 2.186348283032926e-05 3.507199450641265e-06 0
3056 5.231716888295992e-05 2.43421335710765e-06 0
3057 3.685208646653839e-05 2.108488389561609e-06 0
3058 3.671810941628636e-05 1.927855548562401e-06 0
3059 9.584073856414506e-06 2.822202035862026e-06 0
3060 4.841010790459322e-05 3.774364964543263e-06 0
3061 5.100854609974288e-05 3.263628756154738e-06 0
3062 3.441095465111606e-06 2.984130038283867e-06 0
3063 2.860568113155982e-05 4.450838727836322e-07 0
3064 3.401380552060378e-05 5.301632855510086e-07 0
3065 2.629805921905526e-05 1.258643775758927e-07 0
3066 2.549814392234077e-05 1.525540543140115e-07 0
3067 4.992335807106281e-05 1.603590001946046e-06 0
3068 1.164400141097949e-05 9.850438395261393e-06 0
3069 3.135711950313284e-05 7.449378652363025e-08 0
3070 6.084307661214574e-06 1.065974487871303e-06 0
3071 2.776128244057931e-05 2.212969400846655e-07 0
3072 3.697610219846619e-05 2.843478630016767e-06 0
3073 2.879674765326379e-05 5.895532762804593e-07 0
3074 6.940336251792152e-07 2.031721224016814e-06 0
3075 3.074296391509516e-05 3.435999530603714e-07 0
3076 3.119317854608238e-05 3.990895715882121e-06 0
3077 3.121631731245829e-05 5.189189852104338e-08 0
3078 3.780012722744212e-05 3.674416955231854e-06 0
3079 5.649427301545997e-05 6.862542277310372e-05 0
3080 1.47509751504494e-05 5.462205747026778e-06 0
3081 1.351890632957378e-05 5.739319971499146e-06 0
3082 1.606934496994443e-05 1.760642996063142e-06 0
3083 1.679159936057224e-05 3.798280025420178e-06 0
3084 3.901723902407708e-05 3.806622618937733e-06 0
3085 2.992625617839515e-05 5.961294510796307e-07 0
3086 3.463824924168181e-06 6.846579120496875e-05 0
3087 3.173951310988596e-06 5.642387240434635e-05 0
3088 2.62652056798539e-07 1.214156917801049e-06 0
3089 5.700313375698713e-05 2.391452446805295e-06 0
3090 5.379562251494658e-05 1.727150671756084e-06 0
3091 1.712097459315975e-05 3.547889898844464e-06 0
3092 1.756264363625919e-05 3.785562535277731e-06 0
3093 3.665049487961744e-05 3.31002274081209e-06 0
3094 5.619325761479906e-06 3.721579741081493e-06 0
3095 5.778182910860948e-05 5.9911295319229e-05 0
3096 1.858263415775306e-05 3.285879734300537e-06 0
3097 1.232772626707269e-05 4.282947821823848e-06 0
3098 5.411334808355913e-05 9.117272284816717e-06 0
3099 3.413699684816846e-05 2.949112649817132e-07 0
3100 5.264151308595251e-05 1.232694135367033e-06 0
3101 3.205575814046175e-05 1.21160881152905e-06 0
3102 3.149702255396336e-05 3.967996517223521e-07 0
3103 2.379853193259568e-06 3.413667610697196e-06 0
3104 3.304206353016165e-05 1.098219546543307e-06 0
3105 2.696666532064201e-05 1.394318050663472e-06 0
3106 2.965490897375316e-05 7.002115554868531e-07 0
3107 1.646007319640556e-05 4.157051185655898e-06 0
3108 1.688139274154364e-05 5.069060000466647e-06 0
3109 5.799124953738839e-05 1.931748310388645e-06 0
3110 5.395683875432099e-05 1.669847752642973e-05 0
3111 1.020499713333852e-05 4.167837766476356e-06 0
3112 3.60617826446344e-05 1.999361273079104e-06 0
3113 5.873863472292227e-05 2.62283868830809e-06 0
3114 3.612311308485086e-05 3.623588452484718e-06 0
3115 1.707809498200167e-05 2.313714238984777e-06 0
3116 8.634696017205763e-06 3.765849886832268e-06 0
3117 2.980465760644153e-05 1.303110160566296e-06 0
3118 4.21729042632617e-05 2.849839866720046e-06 0
3119 3.311242656130952e-05 4.604717883924344e-06 0
3120 2.793525019047102e-05 2.063023961783367e-07 0
3121 4.613420797190894e-05 7.580953090421657e-07 0
3122 4.610556834339353e-05 3.538255382263173e-07 0
3123 4.369885904913044e-05 1.119207623131074e-06 0
3124 4.369471374738303e-06 1.0377833594249e-06 0
3125 3.06586580311675e-05 6.030289967518751e-07 0
3126 2.487583860248633e-05 1.486896093781318e-05 0
3127 3.223282617893817e-05 1.486394852540056e-06 0
3128 4.420886923875435e-05 2.922529582108191e-06 0
3129 5.919662337014666e-05 4.965974775239726e-07 0
3130 4.252447072659473e-05 6.724314013492643e-06 0
3131 4.658292512809252e-05 4.066253332961822e-06 0
3132 3.164389873495138e-05 1.557297289230034e-06 0
3133 5.030720889943612e-05 7.871347850553224e-06 0
3134 2.807169259770248e-05 3.228640742103037e-07 0
3135 3.540368814859669e-05 1.021115449568589e-06 0
3136 2.095797510964339e-05 3.662240033458646e-06 0
3137 3.446582439445842e-05 4.350238010391293e-06 0
3138 5.500571339373565e-05 9.679087002586928e-07 0
3139 5.021188321866376e-05 2.220239671048763e-06 0
3140 5.559111559865597e-05 2.843731002898816e-06 0
3141 3.37148886778111e-05 9.031604968623393e-06 0
3142 3.092382833369894e-05 2.631222236271174e-07 0
3143 3.2664835539421e-06 1.75709836337423e-06 0
3144 3.078137673649298e-05 1.115666774830858e-06 0
3145 3.951935803984517e-05 3.35514586306483e-05 0
3146 2.317092805287185e-05 7.595529219545984e-07 0
3147 2.654959651030535e-06 3.536010556427573e-06 0
3148 2.657953668068713e-06 3.845594915812436e-06 0
3149 4.692582019988182e-05 8.722167384962479e-07 0
3150 2.006771573511478e-05 1.62909343032649e-06 0
3151 4.921441268314923e-06 3.166274614320232e-06 0
3152 3.541439053471641e-05 6.643103342684056e-05 0
3153 1.051716599582666e-06 4.177505416681308e-06 0
3154 3.292041242007439e-05 2.527237850146283e-06 0
3155 2.867106448751005e-05 3.669303689555263e-07 0
3156 1.41161106177907e-05 5.941828982888196e-05 0
3157 5.411313459697666e-05 3.240589900675954e-06 0
3158 3.69204641238094e-05 3.049175315146062e-06 0
3159 1.954547708631571e-05 6.79706993197536e-05 0
3160 4.569988181821926e-05 3.853237332546e-06 0
3161 2.083351595026497e-05 1.708803310581778e-06 0
3162 3.300392269297164e-05 1.700209164443689e-06 0
3163 2.991575820251774e-05 1.295445829574471e-07 0
3164 2.900403304476988e-05 1.245716706750711e-07 0
3165 3.036512760316748e-05 2.343866736899648e-07 0
3166 1.387242966769979e-05 1.72610238071578e-06 0
3167 7.589176057788738e-06 9.875931479202178e-07 0
3168 3.01056134537761e-05 1.308740809191122e-06 0
3169 3.875141453612459e-05 8.489182345306259e-07 0
3170 9.780077360506084e-06 1.009290427535806e-06 0
3171 5.462299257839404e-05 3.825989571977411e-06 0
3172 1.958712087003608e-05 2.563275341091554e-06 0
3173 2.876245533100371e-05 5.522227306947652e-08 0
3174 3.535094085043035e-05 2.448288513933916e-05 0
3175 4.159429365433641e-05 2.602587545257545e-06 0
3176 3.340498011952378e-05 1.36833463560635e-06 0
3177 3.463741971277959e-05 9.874444670612988e-07 0
3178 4.687543282822565e-05 4.088210214876672e-06 0
3179 3.1190423081888e-05 1.104327009559622e-06 0
3180 2.582985272676857e-05 6.201208616912713e-07 0
3181 2.906216984695066e-06 6.547754962663533e-06 0
3182 2.511161892292591e-06 7.716501628621994e-06 0
3183 3.107086282014182e-05 2.02976500467874e-07 0
3184 3.638907672703496e-05 1.807653206473484e-06 0
3185 4.813322438995361e-06 3.623435143498133e-06 0
3186 4.119985473970988e-05 1.309620780248352e-06 0
3187 3.347609220258822e-05 2.004477445548979e-06 0
3188 5.683286463099345e-05 1.760328503217286e-06 0
3189 5.393010492013668e-06 5.059676663906817e-06 0
3190 3.539261376335548e-05 2.584805771085298e-06 0
3191 3.053535096229434e-05 7.322312883753189e-07 0
3192 9.234188638220777e-06 4.515706133285725e-06 0
3193 3.214144533231417e-05 4.786427922754563e-08 0
3194 5.362179313781269e-05 4.79771659276595e-06 0
3195 5.58768470469522e-06 2.124396906589504e-06 0
3196 6.116651693984404e-06 1.462223063216224e-06 0
3197 3.202336016693103e-05 1.501441931583581e-06 0
3198 5.259075987950053e-05 7.619320117755829e-07 0
3199 5.274633170127089e-05 4.441320952667784e-07 0
3200 4.689488850986558e-05 7.2461567370805e-06 0
3201 3.067163361360252e-05 3.14047992257803e-07 0
3202 4.036592839103042e-05 2.367906088816159e-06 0
3203 2.973911056065869e-05 1.134774204519009e-06 0
3204 1.236000332671125e-05 1.803908768794118e-06 0
3205 5.487553634197727e-05 5.15002733803659e-06 0
3206 4.422095130828447e-05 1.015319426691033e-06 0
3207 3.21264717930074e-05 2.915016129488527e-07 0
3208 3.324760005919645e-05 3.17374218082683e-06 0
3209 3.620800637082369e-05 2.796016918530567e-06 0
3210 3.634608212254189e-05 2.966914405099316e-06 0
3211 4.34217929253583e-05 7.511729860952162e-07 0
3212 2.529536735561793e-05 4.134336993346431e-07 0
3213 3.360274098212731e-05 1.220798092072921e-06 0
3214 7.056311880430989e-06 1.267636095625652e-06 0
3215 1.379337931241702e-05 6.832332098176003e-05 0
3216 1.163658495129576e-05 1.64725673561817e-06 0
3217 3.518401018527922e-05 2.90488930655301e-06 0
3218 3.292957801214579e-05 8.170407756297613e-07 0
3219 4.438289188168616e-05 3.664735090645104e-06 0
3220 2.875603400487225e-05 9.523462835400177e-07 0
3221 3.715821843686141e-06 2.901873382930226e-06 0
3222 1.225920691519059e-05 2.181683148567652e-06 0
3223 2.791161043374597e-05 9.236036708037527e-08 0
3224 4.486776467282214e-05 5.43953974648032e-06 0
3225 4.39413672871626e-05 2.45072345947928e-06 0
3226 2.909651908028026e-05 1.160958007643812e-07 0
3227 5.93135090227045e-05 2.760558795126183e-06 0
3228 3.764819209832179e-05 5.110349391890285e-07 0
3229 2.8810126481778e-05 6.94634559830243e-07 0
3230 3.017846088040739e-05 1.996234945684858e-07 0
3231 6.863115665451513e-06 3.225428361083371e-06 0
3232 5.073610782183796e-05 2.373220447664707e-06 0
3233 2.968172843982892e-05 3.209993937337391e-07 0
3234 1.951449112740208e-06 1.435119143770061e-06 0
3235 5.601619403306304e-05 4.374508744032762e-06 0
3236 5.603989495770558e-05 4.703437053882892e-06 0
3237 5.454867547913682e-05 2.147705322599694e-06 0
3238 4.646757967934645e-05 3.77661038070326e-06 0
3239 2.769190302295342e-05 1.022861912276871e-07 0
3240 6.014033957261666e-06 2.262493541129283e-06 0
3241 4.572416144489609e-05 1.845146332196478e-06 0
3242 2.183606715326386e-05 6.686917005651816e-07 0
3243 5.29584355910117e-05 2.776720377682447e-06 0
3244 5.474586006065582e-05 4.337603093211992e-06 0
3245 7.66368905262716e-07 4.501447825684698e-07 0
3246 4.639864474749912e-05 2.753837870761649e-06 0
3247 4.779049685614532e-05 1.958206254773108e-06 0
3248 4.972214966258204e-05 4.424584677920897e-05 0
3249 2.475906345151045e-05 3.644094544255385e-06 0
3250 5.675584098671023e-07 1.42374368981642e-06 0
3251 2.816987513720731e-05 4.762685428383723e-07 0
3252 3.222895550929905e-05 4.286665200072887e-08 0
3253 3.148816405686139e-05 6.744119060972971e-06 0
3254 2.837011013998736e-05 1.92547623483414e-06 0
3255 1.641564312720661e-05 8.414583284000235e-07 0
3256 3.643750958853621e-05 3.358864086644671e-06 0
3257 2.368193401556079e-05 1.456025670467842e-06 0
3258 4.867646401284158e-05 8.293889216852742e-07 0
3259 3.358871174970782e-05 5.796699468094819e-07 0
3260 1.689075303573488e-05 1.034128308089969e-06 0
3261 2.827321360826143e-05 2.417049527077301e-07 0
3262 6.541121877978653e-06 7.726980844274704e-06 0
3263 2.877942326044334e-05 1.139003215701673e-07 0
3264 7.998574234135796e-06 5.696623699204797e-05 0
3265 3.267638976560693e-05 2.708720059305009e-06 0
3266 4.527039630883515e-05 4.035029619578808e-06 0
3267 4.476864460962699e-06 4.212024599153424e-06 0
3268 1.933736571931775e-05 1.321219271183496e-06 0
3269 4.922262249646709e-06 1.014425134400587e-06 0
3270 4.491631400863142e-05 4.287006293210535e-07 0
3271 2.872765616061059e-05 2.740811526813405e-07 0
3272 8.390675709117375e-06 2.757898154299428e-06 0
3273 2.772181536492174e-05 3.005457988822328e-06 0
3274 2.994513738123393e-05 1.421791150324502e-06 0
3275 2.844544280986538e-05 9.672833151865393e-07 0
3276 1.592160019006892e-05 6.320478417727459e-07 0
3277 1.07363293675296e-06 7.631014811192005e-06 0
3278 2.93806752705942e-05 9.775386331594749e-07 0
3279 5.924525898747882e-05 1.669532984180613e-06 0
3280 4.692693006442117e-05 1.190593345230927e-06 0
3281 3.471139766038855e-05 1.774223234237224e-06 0
3282 5.482784094227272e-05 1.771709279872936e-06 0
3283 1.629489888090256e-06 3.767838500784341e-06 0
3284 1.454410666739271e-06 3.597915573701904e-06 0
3285 3.429282120282198e-05 1.164958710326924e-06 0
3286 2.938990735116715e-05 2.463597831230386e-07 0
3287 3.037385551449426e-05 5.016615753332043e-07 0
3288 5.385632123201682e-05 5.287630620802126e-06 0
3289 3.826524938806595e-05 2.292956364168208e-06 0
3290 2.505787618466062e-05 2.528081324435078e-06 0
3291 3.369815602459972e-05 1.6601489091679e-06 0
3292 4.900391774313205e-05 2.761118011895436e-06 0
3293 3.368200920607559e-05 3.278113568432119e-07 0
3294 5.800143596859151e-05 1.406269611323392e-05 0
3295 5.782083158197025e-05 1.625093835113902e-05 0
3296 5.177173663581554e-05 1.219148563533409e-06 0
3297 2.966405759663451e-05 6.05077131246777e-07 0
3298 3.456417550417873e-05 1.25459251647287e-06 0
3299 3.369047094335981e-05 2.398456796981487e-06 0
3300 3.564186314771405e-05 1.45746131245095e-06 0
3301 2.843517218836264e-05 5.039948694357696e-08 0
3302 3.20929777781426e-05 1.767467613101306e-06 0
3303 3.761818408719369e-05 6.839962797114014e-05 0
3304 2.911962560569917e-05 8.210501211568994e-07 0
3305 4.411419284755407e-05 4.488450011292256e-06 0
3306 3.030107280940127e-05 6.331313931284747e-08 0
3307 3.802679815258637e-05 2.359650691962028e-06 0
3308 2.53461995847502e-05 1.100640625778869e-06 0
3309 3.135667944967122e-05 9.883151699224216e-07 0
3310 2.991973040951457e-05 9.095922260378141e-07 0
3311 3.176187719362446e-05 1.191677724126779e-07 0
3312 2.92076756375018e-05 1.790709076478151e-06 0
3313 2.007150059808442e-05 1.316775722212866e-06 0
3314 4.138514060918058e-06 2.962436824453532e-06 0
3315 4.852551256651845e-05 1.555995014292931e-06 0
3316 4.515329145095258e-05 2.599100082363711e-06 0
3317 4.829748897052369e-05 2.02789378917734e-06 0
3318 5.226079747015254e-06 1.123302325930831e-06 0
3319 3.123012666749646e-05 9.447798385714732e-07 0
3320 6.783844764284359e-06 2.251093979698359e-06 0
3321 3.026476038862126e-05 1.000152913406561e-06 0
3322 2.819596195828436e-05 7.328252121429965e-06 0
3323 2.97652925561387e-05 1.763578341333118e-06 0
3324 2.98459074285849e-05 1.925510872859536e-06 0
3325 3.62717181539864e-05 6.290788354477448e-06 0
3326 3.013969437195258e-05 2.557526575793849e-07 0
3327 2.785591131161658e-05 3.500252279139633e-08 0
3328 3.634622918721114e-05 8.594351648776654e-07 0
3329 1.007532111800379e-05 3.447809599079594e-06 0
3330 5.926155529426678e-05 6.762839757103985e-06 0
3331 3.473980013293232e-05 2.298397332902906e-06 0
3332 3.833240761495513e-05 2.714703738548455e-06 0
3333 3.582724572717704e-05 3.945384471592825e-06 0
3334 3.904306044635297e-05 3.098381101700361e-06 0
3335 2.377782545886826e-05 2.398272704956346e-06 0
3336 3.948253289350608e-05 5.122927165727472e-06 0
3337 7.429457046077477e-06 3.406945058083904e-06 0
3338 6.451158710466396e-06 1.834505505682345e-06 0
3339 1.023992035187126e-05 1.007250002339841e-06 0
3340 4.273118333240771e-05 3.664881645319026e-06 0
3341 3.812996885421823e-05 3.373230619737829e-06 0
3342 2.277036791464296e-05 9.215029841809252e-07 0
3343 8.463052307838562e-06 2.448526730989103e-06 0
3344 3.227774293627917e-05 6.266407754827106e-07 0
3345 4.483741407195976e-05 1.0223759175385e-06 0
3346 2.965461526195157e-05 6.667095530013482e-08 0
3347 1.048307023431472e-05 3.000983320351538e-06 0
3348 1.962377100728824e-05 3.368979320106561e-06 0
3349 5.436962936587807e-05 6.200183823209848e-05 0
3350 4.791763401604639e-06 1.464805622153981e-06 0
3351 5.725600942715064e-05 3.754919362652708e-06 0
3352 3.205928606746077e-05 4.830792169638541e-07 0
3353 4.910428024110096e-05 4.790539807265029e-06 0
3354 3.194926049906351e-05 6.97203312666493e-07 0
3355 2.416543043918998e-05 2.96585907379337e-06 0
3356 2.865139268970587e-05 4.880217119067925e-07 0
3357 5.601500967725517e-05 9.417996737486927e-07 0
3358 2.749061207038673e-05 5.405686287670496e-07 0
3359 4.857908763704351e-05 3.095106423083101e-06 0
3360 5.776386925474836e-05 3.229095843587013e-06 0
3361 2.937298802358839e-05 5.210615266589939e-07 0
3362 3.157731966042961e-05 1.220017515210057e-07 0
3363 3.157437178874377e-05 6.497512828487102e-08 0
3364 5.960553223105806e-05 4.304888498525302e-07 0
3365 2.032270259368131e-05 3.16309902878174e-06 0
3366 3.488854775722274e-05 1.031214682362644e-05 0
3367 9.953138522222238e-06 2.814221591990592e-06 0
3368 1.51317864067747e-05 2.61785605975923e-06 0
3369 2.893065821760687e-05 2.36843403699338e-07 0
3370 3.170143942425295e-05 4.240649069612861e-07 0
3371 1.982196881824377e-05 2.098758364329236e-06 0
3372 3.031064545261224e-05 4.488186455288871e-07 0
3373 5.05346172913761e-05 3.298386038538662e-06 0
3374 2.262976101114327e-06 4.535016522908778e-06 0
3375 2.319984948610405e-05 4.520548361111206e-07 0
3376 2.61013926679325e-05 1.536005731981929e-06 0
3377 2.886115749465936e-05 2.137131091539559e-07 0
3378 2.785428500378394e-05 2.014922363210299e-07 0
3379 2.358012296963954e-05 8.143204280972922e-06 0
3380 3.506606003948348e-05 5.344616928891678e-06 0
3381 2.82289098355749e-05 6.812418729515589e-08 0
3382 2.803650522268083e-05 1.10517030962824e-06 0
3383 2.902118778647495e-05 7.507096698190945e-07 0
3384 4.160973302747212e-05 2.912317673091363e-06 0
3385 5.226394277079195e-05 7.028819380073295e-06 0
3386 5.600055859600249e-05 3.742992160067517e-06 0
3387 6.577341889545815e-06 1.362781391155453e-06 0
3388 5.43694054799696e-05 3.85654997119641e-06 0
3389 3.318289855177924e-05 1.675735049085119e-06 0
3390 1.387717668294714e-05 3.328867938537613e-06 0
3391 2.974647689017375e-05 4.500147504566525e-07 0
3392 2.643417631889678e-05 5.085950338610771e-07 0
3393 2.934258831080301e-06 2.177054850665209e-06 0
3394 2.71523208744966e-05 9.731776425793047e-08 0
3395 3.031190363494147e-05 1.462175511179103e-07 0
3396 2.659163670462641e-05 7.283940794802183e-06 0
3397 2.439183243880317e-05 1.698677138339455e-06 0
3398 3.31567600973719e-05 6.13607075544372e-07 0
3399 2.198321474130433e-05 1.726823684887802e-06 0
3400 4.407192291028175e-05 4.872708789988795e-05 0
3401 2.576166381778306e-05 1.233656501591675e-07 0
3402 2.853405854692305e-05 4.104535616228641e-08 0
3403 5.970453560172378e-05 1.521293801590009e-06 0
3404 2.944573191903707e-05 8.856270584291221e-07 0
3405 4.225954985191347e-05 3.381311987130537e-06 0
3406 2.416026093480545e-05 3.890627051402124e-06 0
3407 2.169304220778086e-05 2.151072101925853e-06 0
3408 3.47326403515002e-05 2.888945197980514e-06 0
3409 3.010592121400414e-05 5.355905535595917e-07 0
3410 3.767179475318558e-05 4.955559998885306e-06 0
3411 3.080628201058162e-05 3.541008139713225e-06 0
3412 3.234493878052962e-05 8.559470907592361e-07 0
3413 4.274521886481422e-05 4.142760226358331e-06 0
3414 3.628507992129789e-05 3.193236961898629e-06 0
3415 3.218599130485148e-05 3.558404545542402e-07 0
3416 5.56622360450124e-05 2.579665749680782e-06 0
3417 9.690090628351783e-06 3.986990947703232e-07 0
3418 9.237875705951067e-06 4.826021294794131e-07 0
3419 2.241116643391402e-05 4.74763855233728e-05 0
3420 2.781224304655548e-05 2.845278508133933e-07 0
3421 2.510468551779384e-05 5.197699880383658e-06 0
3422 1.071204730221918e-05 3.279760685853176e-06 0
3423 3.078306883995103e-05 9.153965655245467e-07 0
3424 3.63633272848736e-05 3.572580252550363e-06 0
3425 3.34603961737976e-06 2.53655409944755e-06 0
3426 3.42963982537916e-05 9.076935000969602e-07 0
3427 4.525875627285705e-05 2.207350209192928e-06 0
3428 1.053445355911107e-05 6.251932982841334e-05 0
3429 3.050520890434383e-05 5.719711075542291e-07 0
3430 2.538206135271044e-05 8.208168286292074e-07 0
3431 3.228700878544601e-05 1.336583338964056e-07 0
3432 3.104435690300952e-05 5.331651564597621e-08 0
3433 1.708226989541678e-05 4.8788266950016e-07 0
3434 1.52685620009426e-05 1.397026357587148e-06 0
3435 3.086752812101404e-05 1.209614393973794e-07 0
3436 4.810410755653709e-05 3.34177535750466e-06 0
3437 5.624726199972985e-05 3.90756024559089e-06 0
3438 2.612689279045403e-05 1.919431025497262e-06 0
3439 2.02995193144056e-05 1.744618291606869e-06 0
3440 4.973721708972235e-05 2.252086140199212e-06 0
3441 3.137354029695217e-05 1.360768752751824e-06 0
3442 1.929761901696914e-06 1.902362086993688e-06 0
3443 3.769467350933621e-05 1.029568871836539e-06 0
3444 5.371165274464145e-05 2.636063851402006e-06 0
3445 5.257539696818366e-05 4.432842891441924e-06 0
3446 3.772642033008053e-05 3.048371780029196e-06 0
3447 1.293898211487931e-06 3.216892112221476e-06 0
3448 1.424504421150409e-06 2.089829952176703e-06 0
3449 2.963984503325078e-05 2.108447022937439e-07 0
3450 2.944555367580199e-05 1.214957292705574e-06 0
3451 8.550087178370899e-06 9.625290106008795e-07 0
3452 2.003887044334314e-05 6.548805903832356e-07 0
3453 2.018494522761427e-05 3.261385674067421e-07 0
3454 2.121785514241308e-05 2.601942408183545e-06 0
3455 2.12809051033425e-05 2.970589382298882e-06 0
3456 2.993181121779988e-05 1.056582413546879e-06 0
3457 3.939450188808335e-05 1.591674275681623e-06 0
3458 2.95517944606112e-05 1.234830444363029e-06 0
3459 1.122095636864582e-05 2.249007268631431e-06 0
3460 4.249699169672968e-05 2.875627646358312e-06 0
3461 1.662753657557338e-05 3.869381524249632e-05 0
3462 2.697295356257111e-05 2.659940420595376e-06 0
3463 2.97595577795312e-05 8.6763688891648e-08 0
3464 5.6002078854291e-05 2.930728542354193e-05 0
3465 5.807720923358722e-05 2.659177715652496e-06 0
3466 5.60622146561489e-05 3.904842484140532e-05 0
3467 1.834895990931213e-05 3.579551452040014e-06 0
3468 4.619990278406774e-05 3.685123072919471e-06 0
3469 2.781861257404472e-05 4.656481703893505e-07 0
3470 5.574041961383854e-05 4.226056634037215e-06 0
3471 9.599317175402175e-06 3.547993419009771e-06 0
3472 3.41648774728364e-05 5.379675683496085e-07 0
3473 3.353213896661729e-05 1.492837787390778e-06 0
3474 4.684437032457333e-05 4.793586717152766e-06 0
3475 4.078451860681641e-05 1.893894756248973e-05 0
3476 2.983705756805314e-05 4.856120713931367e-07 0
3477 8.455457021294459e-06 1.819051721764124e-06 0
3478 4.305994281747628e-05 2.602841582415367e-06 0
3479 3.022018270957967e-05 4.857983421611587e-06 0
3480 5.327821685558485e-05 2.183224218523009e-06 0
3481 2.823408112209832e-05 4.907205997709009e-07 0
3482 5.667147733744954e-05 4.579961184275873e-06 0
3483 3.631288886025013e-05 1.448245322434155e-06 0
3484 1.782551451030309e-05 5.296953253785804e-07 0
3485 3.11421011034871e-05 2.728930214734351e-07 0
3486 4.209291248513674e-05 2.516772913637408e-06 0
3487 1.736868840079854e-05 2.91102972607333e-06 0
3488 3.84250327640703e-05 2.482685122852376e-06 0
3489 5.46990512011777e-06 1.807376068686087e-06 0
3490 9.053042821348231e-06 3.056758172188885e-06 0
3491 2.846517188297212e-05 6.831945605340185e-07 0
3492 1.523471706659137e-05 6.734318149700241e-07 0
3493 5.34526309210916e-05 4.469196732451328e-06 0
3494 2.464555683517189e-05 6.577865730297501e-05 0
3495 8.34382185013771e-06 1.502354989317259e-06 0
3496 4.752927532938374e-05 2.392969260593277e-06 0
3497 6.699374930923936e-06 1.797027863942754e-06 0
3498 5.092297704211974e-05 6.142721848911562e-06 0
3499 5.124786662579119e-05 7.022034660245244e-06 0
3500 3.072249077318705e-05 7.584213133784998e-07 0
3501 6.702027712400493e-06 3.557240966031134e-06 0
3502 2.801170560701265e-05 3.249806731827926e-07 0
3503 4.620581836692193e-05 2.603368461853195e-05 0
3504 5.30799997550089e-05 1.311957632855413e-06 0
3505 7.419837965883518e-07 1.093234621816471e-06 0
3506 2.803942904052507e-05 6.439110297686512e-07 0
3507 3.720643277625756e-05 2.241996424504341e-06 0
3508 1.835314647128791e-05 1.921392708016102e-06 0
3509 4.871255302849787e-05 3.09216988615112e-05 0
3510 5.073336611077928e-05 2.039714398858293e-06 0
3511 3.061359955726708e-05 3.506941768971841e-07 0
3512 3.343261600188011e-05 2.734280856999268e-06 0
3513 2.10673038056968e-05 9.889649197822204e-07 0
3514 3.681445803493372e-05 8.003533371455941e-07 0
3515 2.811100035842486e-05 7.912660792645093e-07 0
3516 3.348849859989327e-05 3.056397630120544e-06 0
3517 3.533519350215087e-05 4.007960266448015e-06 0
3518 3.509022724470679e-05 4.035803161793541e-06 0
3519 3.493957454091957e-05 3.846904677362629e-06 0
3520 4.54124538129373e-05 4.686277075262631e-06 0
3521 2.330476745581632e-05 1.133596035453823e-06 0
3522 5.432103046215024e-05 2.927042801979245e-06 0
3523 3.064439646579869e-05 6.949910841998271e-07 0
3524 1.756263323092939e-06 7.232982953039198e-07 0
3525 2.80106161360167e-05 2.461775026536335e-07 0
3526 3.153625101764962e-05 1.521282203062596e-07 0
3527 4.735693945102597e-05 3.665118815624242e-06 0
3528 4.906342720939555e-05 3.268885708460913e-06 0
3529 2.90416531451056e-05 4.383199010091348e-08 0
3530 2.462328084835833e-05 3.815107465430807e-05 0
3531 3.312134685447748e-05 2.131259851540934e-07 0
3532 3.937077682988891e-05 1.077126183118798e-06 0
3533 4.00107216372342e-05 2.779145916877576e-06 0
3534 4.115912772566702e-05 2.584925605725279e-06 0
3535 1.620219553546626e-06 1.696095076019975e-06 0
3536 5.369591588017616e-05 3.487596059222779e-06 0
3537 2.586070862445655e-05 8.92613075814835e-07 0
3538 2.943746774466987e-05 2.943029282648239e-07 0
3539 5.656799068523607e-06 4.054286976524542e-06 0
3540 3.204613301945776e-05 1.669721543609252e-07 0
3541 3.238527858828284e-05 2.123751128429828e-07 0
3542 4.085501863713836e-05 7.6292386386371e-07 0
3543 5.775412206769957e-05 4.234736214039808e-06 0
3544 7.429070777984367e-06 2.446302018419422e-06 0
3545 4.980515677301689e-06 8.541856907087e-06 0
3546 5.815056222803634e-06 6.20157914067974e-05 0
3547 3.78439561211288e-05 3.456141426083319e-06 0
3548 4.93976030843677e-05 4.525129237727822e-06 0
3549 3.706393190097188e-05 2.07877314904739e-06 0
3550 3.293984758062091e-05 1.421383998621529e-06 0
3551 3.707278734211177e-05 3.216607824988568e-06 0
3552 3.023026620818218e-05 3.250458717197892e-07 0
3553 1.78526184257302e-05 2.994490343994979e-06 0
3554 4.93875838833349e-05 6.229699116161043e-05 0
3555 2.577085819724983e-05 1.121024422371288e-06 0
3556 1.079807027712052e-06 1.822821328514885e-06 0
3557 5.344104599180235e-05 2.043545962285606e-06 0
3558 4.779786695390492e-05 1.358947832680795e-06 0
3559 5.590182789861305e-05 1.597997660122802e-06 0
3560 1.230187816980248e-05 2.994924514050627e-06 0
3561 4.373548670485635e-05 3.148674643829928e-06 0
3562 3.012932064538178e-05 9.270454718403122e-07 0
3563 2.802364574135121e-05 2.706792622500295e-08 0
3564 1.8982338878681e-05 1.807435765626029e-06 0
3565 3.040699192097217e-05 1.461121993688916e-06 0
3566 2.78601133253947e-05 1.126265001183373e-06 0
3567 2.41715204024279e-05 2.162061539752024e-06 0
3568 5.700750776384768e-05 3.981118956132793e-06 0
3569 9.396240748277968e-06 2.532416525471815e-06 0
3570 5.643489060280885e-05 1.308705275316725e-06 0
3571 5.667928160070419e-05 3.07391352419654e-06 0
3572 3.64498548507685e-05 3.945567063935415e-06 0
3573 3.659428291414821e-05 4.124684561400564e-06 0
3574 5.638845289892488e-05 3.056298566245072e-06 0
3575 2.651852577341171e-05 3.047374376499509e-06 0
3576 3.2598013744432e-05 3.860401403738401e-05 0
3577 2.94237365398708e-05 1.664726764980241e-06 0
3578 2.772693252747617e-05 3.851306965199246e-08 0
3579 3.559550485698943e-05 3.341163961265884e-06 0
3580 1.815564360946297e-07 1.982086350730372e-06 0
3581 3.055865111647757e-05 5.144539407831163e-08 0
3582 5.217191814828404e-05 3.959056809582761e-06 0
3583 2.956037387755252e-05 4.002895519764834e-07 0
3584 2.404273568036137e-05 2.660470311215377e-06 0
3585 3.56579387265135e-05 3.74308527855998e-06 0
3586 5.163939674463422e-07 4.845889600216425e-06 0
3587 3.197816683211854e-05 4.118656573158781e-08 0
3588 1.29021084307042e-06 2.402296185473267e-06 0
3589 5.47957314105296e-05 4.029948925690156e-06 0
3590 2.119139652024205e-05 4.512110410438427e-06 0
3591 4.568379659024446e-05 3.172351592096614e-06 0
3592 4.545232086609502e-05 3.1303866317092e-06 0
3593 4.559288735703055e-05 7.39241774032645e-07 0
3594 3.707159690711407e-05 1.508305758918475e-06 0
3595 3.180539247661486e-05 1.854400516757038e-07 0
3596 3.732844784826807e-05 1.843407547411957e-06 0
3597 5.214547725456032e-05 8.385029268499748e-07 0
3598 3.148514461152026e-05 1.620218276669902e-06 0
3599 2.848076333872419e-05 1.126699117371009e-07 0
3600 2.193966474266908e-05 3.073211754670119e-07 0
3601 2.968665221495011e-05 1.344215527071611e-07 0
3602 1.577855353564137e-05 1.005122780076211e-06 0
3603 2.527447096780853e-05 6.919109727234448e-07 0
3604 4.122779457429011e-05 3.351150184581667e-06 0
3605 2.173261776365894e-05 1.622474222286963e-06 0
3606 4.803739056194357e-05 1.824791591067812e-06 0
3607 4.789589517828546e-05 6.866764539158886e-05 0
3608 3.57831325115795e-05 1.175704313503381e-06 0
3609 2.925714410505136e-05 1.64390450433328e-07 0
3610 3.046290858017071e-05 8.173768555000019e-07 0
3611 5.464967433200023e-05 1.162798914825655e-06 0
3612 5.122333163780707e-05 2.727509216178522e-06 0
3613 2.805021561374771e-05 1.0283040552274e-07 0
3614 1.346028018032593e-05 1.451333188680894e-06 0
3615 2.355684710783263e-06 4.076648553651452e-06 0
3616 1.350506477078198e-05 2.236448757374096e-06 0
3617 3.531544679151214e-05 1.285283618814022e-06 0
3618 1.206315978429283e-05 1.497487678141465e-06 0
3619 5.527942419356047e-05 2.53983794323919e-06 0
3620 1.15957534920068e-06 3.736811502887171e-06 0
3621 4.980337603646595e-05 5.176896241521731e-06 0
3622 2.97203361037799e-05 1.881027512882734e-07 0
3623 1.854538388045982e-05 4.078062611016617e-06 0
3624 3.651575500035808e-05 3.736823798379282e-06 0
3625 3.881283351265958e-05 2.666151107182326e-06 0
3626 2.10089346355693e-05 2.118295330277298e-06 0
3627 2.904074633975644e-05 2.699731916453357e-07 0
3628 3.573934913553448e-05 3.519310856979872e-06 0
3629 5.542275898830568e-05 6.808511833107336e-07 0
3630 5.681230477661925e-05 2.833168278324478e-06 0
3631 2.559923773444824e-05 6.055894492588403e-07 0
3632 3.484020738865775e-05 7.346541205353912e-06 0
3633 3.023922207246946e-05 4.706631400941844e-07 0
3634 3.136946417030749e-05 4.680130876499744e-07 0
3635 6.332082578294953e-06 2.721936441223661e-06 0
3636 7.910970645129689e-06 1.075710248038327e-06 0
3637 4.46101279902412e-05 2.187307541257634e-06 0
3638 4.535938429492959e-05 1.650331184773283e-06 0
3639 4.020405513783271e-05 1.90260249603841e-06 0
3640 2.819633430649607e-05 7.478233842514341e-07 0
3641 3.814030569370494e-05 5.276639397801835e-05 0
3642 2.149165133312249e-05 3.475380935084698e-06 0
3643 3.613299509716351e-05 1.511329653116316e-06 0
3644 3.186617400047716e-05 1.263200029970577e-07 0
3645 5.367949874812611e-05 4.058699107809107e-06 0
3646 2.230926650522422e-05 8.846196444199376e-07 0
3647 3.421061868933991e-05 1.04813430588499e-06 0
3648 1.540007885738005e-05 3.412788688682762e-06 0
3649 3.139658402439152e-05 9.070494302272093e-07 0
3650 4.986901228761329e-05 3.923849814766648e-06 0
3651 2.900487619906585e-05 1.251920171538691e-06 0
3652 2.744506013550891e-05 5.394077144423679e-05 0
3653 2.70107105312129e-05 3.200229313098943e-07 0
3654 5.858296205314215e-05 1.671354606988236e-06 0
3655 2.679754498805517e-05 7.53524070212184e-07 0
3656 4.599460679315201e-05 3.885254648099576e-06 0
3657 1.519641963679452e-05 4.590545311841843e-06 0
3658 3.562447329942467e-05 1.278475817540576e-06 0
3659 2.280504947395141e-05 2.559473711100329e-05 0
3660 4.822990373408075e-05 2.284384505968926e-06 0
3661 5.933390677471672e-05 5.896314184073781e-06 0
3662 1.558605207234213e-05 3.719040380396359e-07 0
3663 2.961186346159694e-05 2.979967341721505e-07 0
3664 3.366513035928374e-05 2.223558095548696e-06 0
3665 4.281524037542837e-06 1.583529894230653e-06 0
3666 2.992434118657907e-05 1.775305431856889e-07 0
3667 2.433455191890123e-05 1.156831516164723e-06 0
3668 5.526614183613941e-05 1.581572943191096e-06 0
3669 3.177137699666488e-05 1.679728155034252e-06 0
3670 2.400173481924764e-05 5.932700360201181e-06 0
3671 3.147817882066272e-05 5.745466063105814e-08 0
3672 2.769855328688801e-05 4.559579016379506e-07 0
3673 2.794192169178561e-05 4.058998662335951e-07 0
3674 2.793098731968746e-05 4.688994177535419e-07 0
3675 2.53772785467218e-05 1.442054002198685e-06 0
3676 1.683141010128062e-05 6.832603615098396e-05 0
3677 1.731560012815231e-05 1.210384555865608e-06 0
3678 5.900346867342075e-05 7.899395039649891e-06 0
3679 3.389329742790439e-05 1.309037179246469e-05 0
3680 4.998675027255695e-05 4.450462001929443e-06 0
3681 3.126237680687612e-05 8.593669880128248e-07 0
3682 8.045471928052364e-06 4.866068730928037e-07 0
3683 3.143916042748268e-05 7.19743781020915e-07 0
3684 2.481236724916188e-05 6.10343071341587e-05 0
3685 5.881664044635555e-05 1.326114662426778e-06 0
3686 5.23152388923156e-05 4.366473378986475e-06 0
3687 3.184526076841298e-05 1.301152623227001e-06 0
3688 5.132975673445586e-05 3.217461404597239e-06 0
3689 3.383150726399326e-05 6.19910102089628e-07 0
3690 2.898516506152334e-05 5.170744457967301e-07 0
3691 3.282956192493205e-05 5.334800054905126e-06 0
3692 3.338568760084291e-05 5.970388187506475e-06 0
3693 4.423452006198122e-05 3.690639119467069e-07 0
3694 2.97706862250829e-05 1.639443272208633e-07 0
3695 5.050223120281008e-06 1.532134702205336e-06 0
3696 3.640780274981984e-06 5.045349841364631e-06 0
3697 1.574291561957881e-05 1.066740604408436e-05 0
3698 3.737125619492772e-05 3.545598264342584e-06 0
3699 2.594576671784823e-05 3.240487583082786e-07 0
3700 2.650599554714921e-05 7.662514438580199e-07 0
3701 2.439207013534046e-05 3.22225434844917e-06 0
3702 4.584830917055992e-05 2.573147284938821e-06 0
3703 3.553475503874904e-05 2.985748405000026e-06 0
3704 3.716021406531031e-05 3.990581254204596e-07 0
3705 2.731797245240667e-05 1.690279649632314e-06 0
3706 3.886102694214665e-05 3.575017776425138e-06 0
3707 2.100982307297501e-05 1.301188877040954e-06 0
3708 1.466166559237217e-05 2.504517711632122e-06 0
3709 2.891427133062434e-05 6.23708932618044e-07 0
3710 3.98235390803211e-05 3.217015041310183e-06 0
3711 5.108549809623997e-05 9.283156324241403e-07 0
3712 4.591455014684645e-05 1.482958132634374e-06 0
3713 2.984233049782128e-05 1.402775829879558e-07 0
3714 3.40985248663176e-05 2.04486677123421e-06 0
3715 3.987821961105254e-05 3.61128364835938e-06 0
3716 1.468522517766862e-05 9.72876508532364e-07 0
3717 2.74151330101868e-05 3.528582351603146e-06 0
3718 4.096751120857593e-05 3.41641650365413e-06 0
3719 2.808035489287242e-05 2.006400420584469e-06 0
3720 3.048033530076995e-05 5.417362322140876e-08 0
3721 3.415448033755712e-05 5.412070489000931e-06 0
3722 4.802984346361317e-05 1.539908913794039e-06 0
3723 5.176502240071034e-05 4.203035331051607e-06 0
3724 3.53108908145711e-05 6.392178421769079e-06 0
3725 5.921763365616549e-05 2.229541400143679e-06 0
3726 4.411498884085924e-05 3.292189307814244e-06 0
3727 4.624330898852086e-05 2.360396646986073e-06 0
3728 2.030706913762727e-05 4.416171725005783e-06 0
3729 3.673516121570499e-05 3.693015241476628e-06 0
3730 4.069862607630655e-05 1.592273619702091e-06 0
3731 2.459481575317334e-05 1.831015130300321e-06 0
3732 2.861107422068341e-05 8.820094015835508e-07 0
3733 3.116529733519019e-05 1.636272075592135e-06 0
3734 2.967915256150898e-05 2.168997948209317e-06 0
3735 2.118390665078801e-06 3.868866899924812e-06 0
3736 3.113972507611338e-05 4.978958796222679e-08 0
3737 3.250150861519627e-05 5.900643047260365e-07 0
3738 4.393778830826695e-05 9.199716907933097e-07 0
3739 2.78961514450073e-05 3.622136853743728e-07 0
3740 2.57136655051681e-05 1.617603067199608e-06 0
3741 3.151248313077614e-05 2.452499993299877e-07 0
3742 2.981195516756689e-05 5.784193813314079e-07 0
3743 2.521693952272659e-05 1.371507015579231e-06 0
3744 4.515084174645998e-06 2.615330688340346e-06 0
3745 4.086408399173856e-05 2.132810404501535e-06 0
3746 4.952560278182115e-05 2.948127295161297e-06 0
3747 4.271034236148472e-05 9.421113619541721e-07 0
3748 4.841505391744697e-05 1.081108459703655e-05 0
3749 3.28829619233761e-05 1.219320083890167e-06 0
3750 4.66091489710413e-05 3.328685891985263e-07 0
3751 2.858340203422604e-05 3.353253065841413e-06 0
3752 8.766862704903451e-06 2.322645613866446e-06 0
3753 3.105616247055777e-05 1.118094283728947e-07 0
3754 2.87385749067935e-05 7.195229638077149e-07 0
3755 1.958389841951569e-05 7.749381702420075e-07 0
3756 5.222966187403354e-05 1.183388938578357e-06 0
3757 2.944893396168552e-05 8.0695936614235e-08 0
3758 5.253404176979997e-05 2.573437087453722e-06 0
3759 1.026836895426842e-05 4.590146681086836e-05 0
3760 2.098924447279944e-06 1.230364626508426e-06 0
3761 3.193646045861975e-05 2.142751600370493e-07 0
3762 4.877800291951364e-05 1.432359709833288e-06 0
3763 3.089724594161573e-05 9.744875933457185e-06 0
3764 1.106116179181739e-05 3.086933867552204e-06 0
3765 5.628933998969307e-05 1.09218595810753e-05 0
3766 1.792243835721558e-05 3.454554518739799e-06 0
3767 3.815966297479307e-05 3.781444437008e-06 0
3768 2.800865338116113e-05 7.414064687021489e-08 0
3769 2.973053475686931e-05 1.508269302614459e-06 0
3770 4.635706612528953e-06 2.347072134044875e-06 0
3771 3.267386310871125e-05 9.896912429543677e-07 0
3772 2.178658728561429e-06 5.976508672793848e-05 0
3773 8.918567460399125e-06 1.471960530279739e-06 0
3774 3.772963485280931e-05 2.680736149566639e-06 0
3775 4.824454546472084e-05 4.791499814626007e-06 0
3776 4.832954700632011e-05 5.225114926558277e-06 0
3777 2.912673470546961e-05 2.070767385012389e-07 0
3778 2.354375661211529e-05 1.866238171123223e-06 0
3779 4.129389596989588e-05 1.759305265372418e-06 0
3780 4.028028159719751e-05 3.840867728757656e-06 0
3781 2.807456004580655e-05 2.023204394036002e-07 0
3782 3.586038080859846e-05 4.212118433221598e-06 0
3783 2.748447406175894e-05 4.177256658997725e-07 0
3784 3.408672578342797e-05 1.516773941550649e-06 0
3785 5.524784894107085e-05 1.794945678832e-06 0
3786 5.711055433689172e-05 2.843806465895158e-06 0
3787 3.473113255565492e-05 2.477320381256045e-06 0
3788 3.218386144661156e-05 1.179185997146236e-07 0
3789 3.007075042490747e-05 1.844904251353664e-07 0
3790 4.103567024400462e-06 3.680605785734153e-06 0
3791 3.47735459688438e-05 6.513995600116615e-07 0
3792 2.479926674716872e-05 2.247947389440086e-06 0
3793 2.822294364627243e-05 2.538898476665426e-07 0
3794 4.35036727903433e-05 2.448581614585981e-06 0
3795 5.458171067692599e-05 6.872503535103326e-05 0
3796 3.70997792275969e-05 3.825197881920828e-06 0
3797 2.923261005504093e-05 3.11474148237149e-07 0
3798 5.575817226801184e-05 3.86635364276383e-06 0
3799 3.605600796853467e-05 3.248573411512283e-06 0
3800 3.99398254683323e-05 1.514058555975177e-06 0
3801 5.329904033614991e-05 8.6274362375206e-07 0
3802 5.300362862282519e-05 9.059113889778799e-07 0
3803 3.727617376371564e-05 1.096208279470335e-06 0
3804 3.55887076745392e-05 9.205758745862663e-07 0
3805 3.576362672555377e-05 9.975117640734522e-07 0
3806 4.222036418600443e-05 1.022517426090132e-06 0
3807 1.053601987171517e-05 4.485738293683695e-07 0
3808 5.620597925662061e-05 2.264672663100639e-06 0
3809 4.750315011385948e-05 1.81675433615891e-06 0
3810 6.275027763613944e-06 3.202461051444722e-06 0
3811 6.334033397990944e-06 3.528873583725554e-06 0
3812 4.072564400971243e-05 6.419332378056594e-05 0
3813 3.348725221859419e-05 7.819592709965892e-07 0
3814 3.951335071729477e-05 4.409794076110394e-05 0
3815 3.357727340092775e-05 9.995628471987894e-08 0
3816 1.44312148592679e-05 2.839846248279337e-06 0
3817 4.717867930053652e-05 3.291212536711184e-06 0
3818 5.849847920587398e-05 2.29598992112548e-06 0
3819 3.229986886673854e-05 4.368729603235573e-08 0
3820 2.013645618868147e-05 2.224016345227502e-06 0
3821 5.048104233459185e-05 2.53663028570075e-06 0
3822 4.167102518799906e-05 4.92969078126502e-06 0
3823 3.408080989745289e-05 4.731899314465818e-06 0
3824 2.79677388325287e-05 4.66507370617578e-08 0
3825 4.494470180057394e-05 6.125194481494739e-06 0
3826 3.34132156069188e-05 5.04732211501382e-07 0
3827 1.313016918361274e-05 1.945428595588885e-06 0
3828 3.14822479133309e-05 8.883616429389664e-07 0
3829 2.804955978410613e-05 5.384033824502579e-06 0
3830 2.869026178697035e-05 8.874633610881249e-08 0
3831 3.981206970056136e-05 9.395547453677882e-07 0
3832 7.987750490822736e-06 4.039457707936499e-06 0
3833 5.090067606475762e-05 2.917495361930387e-06 0
3834 2.868062706164104e-05 6.131046036006203e-07 0
3835 4.360559927528653e-05 3.854717539352359e-06 0
3836 1.905783766840492e-05 8.392037251979251e-07 0
3837 5.104439357195138e-06 4.113877921735238e-06 0
3838 2.92652263998747e-05 1.298956414325057e-06 0
3839 2.395860124312872e-05 1.517286597549972e-06 0
3840 2.831619409383703e-05 1.70527444169537e-07 0
3841 4.475391727483928e-05 1.768007356373478e-06 0
3842 2.924835372516982e-05 1.043274511484375e-06 0
3843 2.698902942903418e-05 5.921963417223634e-07 0
3844 2.415197011575548e-06 1.500543511461162e-06 0
3845 9.53898244177548e-06 2.004179975909429e-06 0
3846 2.988804823563971e-05 2.079303986744984e-07 0
3847 2.938213914695179e-05 2.834367622582747e-06 0
3848 2.943995369163445e-05 1.63727841353043e-07 0
3849 2.495012383433818e-05 3.087060522936252e-06 0
3850 2.031645580543659e-05 3.54698019717257e-06 0
3851 3.377709640648802e-05 2.122515754420582e-06 0
3852 3.031201876431272e-05 1.372021558247197e-06 0
3853 9.650061221792231e-07 2.096752913517058e-06 0
3854 2.631885109431601e-05 6.175235931583933e-07 0
3855 6.253045753718386e-06 4.124844902690867e-06 0
3856 6.651129618091993e-06 4.189187364665573e-06 0
3857 4.360851857618991e-06 3.562116614373823e-06 0
3858 6.065889197687232e-07 3.629426009278059e-06 0
3859 4.061368496951801e-05 4.21202378143347e-07 0
3860 6.216824750806374e-07 3.098681607473886e-06 0
3861 3.617454410674207e-05 2.409103080752764e-06 0
3862 1.285490269674704e-05 1.208081270322668e-06 0
3863 3.330213477123278e-05 2.509473394415344e-06 0
3864 3.582771006480182e-05 2.70370791117865e-06 0
3865 5.508279727661867e-05 1.429676048744972e-06 0
3866 1.784660789238543e-05 1.142524698281312e-06 0
3867 6.198573818543305e-06 6.618620769035866e-05 0
3868 2.8181734835252e-05 1.087612100670088e-06 0
3869 3.211942995709636e-05 8.856447789536819e-07 0
3870 2.983688187272894e-05 2.951002949052221e-07 0
3871 2.912418709742377e-05 5.912295597638302e-08 0
3872 3.222712124666946e-05 2.164686878966545e-06 0
3873 5.413774005132294e-07 1.861180517686196e-06 0
3874 3.059177435153163e-05 5.406822022664312e-07 0
3875 2.238612741528765e-05 1.626410809321823e-06 0
3876 3.161618381097766e-05 2.199888594028858e-07 0
3877 2.508113456448853e-05 9.189006659761472e-07 0
3878 8.577559990245118e-06 1.290846494333783e-06 0
3879 3.527803799976234e-05 3.604233993702264e-06 0
3880 1.209239717676724e-06 2.729227120622662e-06 0
3881 2.926550345902219e-05 4.518522988014972e-08 0
3882 2.863759678128482e-05 5.559169012070791e-07 0
3883 2.203538264661468e-05 1.974876219592308e-06 0
3884 8.015725768580986e-06 1.415655147498288e-06 0
3885 9.40787009623186e-06 6.64835606871798e-05 0
3886 5.882203303057441e-06 7.296866211848146e-07 0
3887 2.779140064005868e-05 3.341667317139496e-07 0
3888 5.773508775853132e-05 9.026644747751729e-07 0
3889 5.39009997054798e-05 1.944207641255459e-06 0
3890 3.582461397907995e-05 1.71257611008439e-06 0
3891 4.472595286055541e-05 2.588459588935415e-06 0
3892 5.117065834950273e-05 6.879838218710698e-05 0
3893 3.086399568996492e-05 1.298339137557215e-06 0
3894 1.392211140125424e-05 2.463510426961023e-06 0
3895 2.873203910226251e-05 4.677818082110738e-07 0
3896 1.581005345278439e-05 1.612635785639227e-06 0
3897 4.327507200629694e-05 2.881450032212464e-06 0
3898 3.35112625494477e-05 2.160079009822862e-06 0
3899 3.688462725625029e-05 3.870751518147199e-06 0
3900 3.255996928789447e-05 1.256277803285945e-06 0
3901 4.027323874591237e-05 8.354479885243097e-07 0
3902 3.038069620250058e-05 3.664518897120986e-07 0
3903 5.534324880629084e-05 3.166254627009937e-06 0
3904 4.476689442825475e-05 3.259034204832796e-06 0
3905 2.881988442820041e-05 1.258919881111895e-07 0
3906 3.063986445347208e-05 1.140451998596963e-06 0
3907 2.798936889579226e-05 2.002420319377901e-07 0
3908 5.724238224212464e-05 1.584601216540356e-06 0
3909 4.646014582386299e-05 1.251151092523641e-05 0
3910 2.602665191951683e-05 9.314474116915711e-07 0
3911 3.345676428562123e-05 3.306550245531883e-07 0
3912 3.94843479406353e-05 2.129832664078078e-06 0
3913 4.170889800754882e-05 3.347210117169075e-06 0
3914 4.699299771497523e-05 4.258520530137667e-07 0
3915 3.746467589301863e-05 3.941842807004741e-06 0
3916 3.083907365324218e-05 2.010775270731789e-07 0
3917 2.904249607637951e-05 9.111897105485057e-08 0
3918 4.59246165694182e-05 2.172015359277312e-06 0
3919 5.596293851663206e-05 1.403771371955241e-06 0
3920 2.558572145968622e-05 1.902100691161607e-06 0
3921 2.634432503602364e-05 1.393835179858995e-06 0
3922 3.555253571349656e-05 2.366867046412046e-06 0
3923 2.998170966847953e-05 4.372837595449143e-08 0
3924 2.92423157460686e-05 4.469454906141455e-07 0
3925 3.418913339204508e-05 7.77071968493967e-07 0
3926 5.77439777542597e-05 1.402305928245598e-06 0
3927 3.716030732991009e-05 3.594515836998915e-06 0
3928 5.423815770210062e-05 4.108325145475572e-06 0
3929 3.076260685237426e-05 2.291048438753958e-06 0
3930 3.464229351034411e-05 3.43971797038807e-07 0
3931 3.740886925411207e-05 2.198761925999306e-06 0
3932 2.938619273254791e-05 5.336050038431734e-06 0
3933 4.316958590940792e-05 1.654116191877921e-06 0
3934 3.382881826674576e-05 2.720066774786924e-06 0
3935 2.50991646240477e-05 7.481572197697342e-07 0
3936 3.644724911371605e-05 1.608084885015508e-06 0
3937 3.389431711019033e-05 1.260415913434698e-06 0
3938 3.720095622036524e-05 2.807439759275453e-06 0
3939 3.035058837436332e-05 4.857714369661152e-08 0
3940 3.169670932050387e-05 8.153351683325254e-07 0
3941 4.321482716663184e-05 1.966934487121576e-06 0
3942 3.727209904346848e-05 1.471833481532756e-06 0
3943 2.996607369676095e-05 6.66396766299129e-05 0
3944 8.742484658152495e-06 4.816066981541179e-06 0
3945 2.887540351165096e-05 3.137517112346048e-07 0
3946 5.858167197557578e-05 2.907390834644535e-06 0
3947 6.39486377934032e-07 4.044846689886722e-06 0
3948 3.072714512297337e-05 1.993406378158787e-07 0
3949 5.210890019692216e-05 3.060353283268885e-07 0
3950 5.179618529318014e-05 4.02116253670245e-07 0
3951 3.755225661078457e-05 2.340026362768454e-06 0
3952 1.308257275535047e-05 2.651792559706976e-06 0
3953 4.898445848529003e-05 9.698401217146753e-07 0
3954 5.489965286298846e-06 3.107078268100682e-06 0
3955 3.448500637673107e-05 7.580106985732266e-07 0
3956 3.037142516078065e-05 1.064710840242103e-06 0
3957 4.126995300322476e-05 3.942954660365643e-06 0
3958 3.542258752010983e-05 3.782826256373307e-06 0
3959 2.955895615718937e-05 7.370102745599156e-07 0
3960 4.80316882817977e-05 9.092203709788624e-07 0
3961 2.749080921615203e-05 6.540920473345515e-08 0
3962 5.274140174948619e-05 3.584226778556583e-06 0
3963 2.539079672344748e-05 1.636226945697597e-06 0
3964 3.903043276061011e-05 3.288706043441377e-07 0
3965 3.74634590981446e-05 1.99854814996047e-06 0
3966 9.622727557663156e-06 4.340372752736812e-06 0
3967 3.700834860818568e-05 1.721659344986267e-06 0
3968 2.80697767965182e-05 4.61006064353581e-07 0
3969 1.544774761765836e-05 2.016049768927121e-06 0
3970 3.215515871691447e-05 5.846643299914592e-05 0
3971 2.701585072396883e-05 9.516650255043338e-07 0
3972 4.164022119502978e-05 2.172082202627678e-06 0
3973 3.443946449729884e-05 2.418752016944353e-06 0
3974 2.798249117848762e-05 5.238259885013411e-07 0
3975 3.526611072273844e-05 1.983897204688965e-06 0
3976 5.193413751082572e-05 2.580290529645923e-06 0
3977 2.222636012577479e-05 2.433367154542178e-06 0
3978 5.323210678019412e-05 1.694182168987933e-06 0
3979 4.84293228547102e-05 6.593434946130265e-05 0
3980 5.383848509034387e-05 8.134297644903949e-07 0
3981 5.350829539544198e-05 6.480712424813123e-07 0
3982 5.344702709959132e-05 3.283543444516039e-07 0
3983 5.114244675369996e-05 2.0234729273157e-06 0
3984 2.892831814484101e-06 3.404523690603188e-06 0
3985 2.949350740390529e-05 4.46068798654381e-07 0
3986 3.014156110796379e-05 2.152313232410794e-06 0
3987 2.082764213517637e-06 1.674558110943871e-06 0
3988 2.652723498627676e-05 8.583790937078041e-08 0
3989 3.682777542753303e-05 6.520678312192198e-05 0
3990 4.558068214987837e-05 1.954362340895646e-06 0
3991 2.810493811251581e-05 1.338909397677964e-07 0
3992 4.628264653053043e-05 1.671902494347686e-06 0
3993 5.925893786676135e-06 1.751275295191135e-06 0
3994 1.090682831037028e-05 1.811189389260613e-06 0
3995 2.777017672846156e-05 3.249861917890338e-08 0
3996 5.373416805243557e-05 1.295270690869782e-06 0
3997 3.087066628773321e-05 8.320951136349435e-07 0
3998 2.78780366061667e-05 7.312095384358897e-07 0
3999 4.899289736651395e-05 1.855043077755354e-06 0
4000 5.105939611196318e-05 5.897924737189157e-05 0
4001 1.646788762713772e-06 2.156565014142156e-06 0
4002 3.169517466642982e-05 5.482961442226225e-05 0
4003 2.401262975034734e-05 3.311582787046287e-07 0
4004 3.701445448371544e-05 3.435047496096522e-06 0
4005 3.591380722632966e-05 8.994157174902667e-07 0
4006 2.546823338250723e-05 2.206766489360309e-06 0
4007 1.762848785823399e-06 9.949309470214934e-07 0
4008 1.401019214720086e-05 4.010574211765542e-07 0
4009 3.716493564677118e-05 7.285307538148469e-07 0
4010 3.072899736264325e-05 4.845281810273913e-08 0
4011 2.853161790314627e-05 5.319964067657267e-07 0
4012 2.925301834758076e-05 5.14316909550355e-07 0
4013 3.598926338789403e-05 2.857844470135229e-06 0
4014 4.557009422383544e-05 6.644917730518535e-05 0
4015 2.787459559203625e-05 1.593052628672251e-07 0
4016 3.402547725475151e-06 1.387676720342496e-06 0
4017 3.461082210969352e-05 2.056182087942651e-06 0
4018 5.522840782190073e-05 2.158457615572427e-06 0
4019 5.585115117723358e-05 1.955264471691146e-06 0
4020 2.795596904252165e-05 1.459488114153831e-07 0
4021 1.614629915543969e-06 2.539616017014421e-06 0
4022 5.627190830508825e-05 4.199457253284888e-06 0
4023 3.871149119183952e-05 5.703571271566754e-05 0
4024 4.251983586452347e-05 2.385059943224529e-06 0
4025 1.191981158101009e-05 2.340122822074605e-06 0
4026 5.454003973627734e-05 3.163752781081464e-06 0
4027 2.949882365594205e-05 5.865491253408114e-07 0
4028 1.954550664648458e-05 1.617195854248446e-06 0
4029 1.010166186015901e-05 1.994327138993237e-06 0
4030 5.393704532971833e-05 6.071606565222513e-06 0
4031 8.378457935782197e-06 4.106816572510285e-06 0
4032 3.126130037173681e-05 2.600960104178792e-07 0
4033 7.684455980169255e-06 1.663521496236757e-05 0
4034 2.903397153029354e-05 6.096916137663311e-07 0
4035 2.812149257838181e-05 2.899815418481229e-08 0
4036 3.314934154239307e-05 3.78768866364664e-06 0
4037 7.648890562303708e-06 5.125645925384267e-06 0
4038 1.159320487004971e-05 3.798211370385274e-06 0
4039 1.365201395650184e-05 3.040985876586166e-06 0
4040 4.241402589979533e-05 1.16773338722309e-06 0
4041 4.609512541624804e-05 4.17716907030836e-06 0
4042 5.558843372979021e-06 7.09637749017005e-07 0
4043 1.542792537276314e-05 1.075963659460828e-06 0
4044 2.930129272916157e-05 2.005846659899125e-06 0
4045 2.925526537630598e-05 6.892958108789803e-05 0
4046 4.487289943302568e-05 4.138555828061042e-06 0
4047 3.104549930880591e-05 4.942606303730625e-07 0
4048 3.154785168338866e-05 3.057385149723534e-05 0
4049 3.018931487898423e-05 8.535675349419719e-07 0
4050 3.221318384744598e-05 2.140326816667338e-07 0
4051 2.879334581619573e-05 2.004032845189951e-07 0
4052 1.159199431568275e-05 2.051517432758699e-06 0
4053 2.807017003392343e-05 7.839324441763655e-08 0
4054 4.092945315682875e-05 1.239055556769965e-05 0
4055 3.274054957780869e-05 2.212097697915955e-06 0
4056 2.836875966855269e-05 5.447180352184107e-07 0
4057 1.632326435055874e-05 1.342091545209004e-06 0
4058 3.040437470013846e-05 1.671340980089591e-06 0
4059 4.621934444181428e-05 2.041198129859967e-06 0
4060 4.124760460628232e-05 2.183929857311106e-06 0
4061 2.796299230899696e-05 5.961583360442652e-07 0
4062 2.631820257212032e-05 2.247511495204947e-06 0
4063 3.397837388403419e-05 1.602869110497763e-06 0
4064 2.64925799208491e-05 1.26417188780466e-06 0
4065 3.040731195339068e-05 1.279226270121966e-07 0
4066 3.025293912047632e-05 7.814185317354488e-08 0
4067 3.114225877498913e-05 1.418634024604407e-06 0
4068 3.881343289766973e-06 9.588456331178789e-07 0
4069 6.087979207738255e-06 5.418242177607753e-07 0
4070 2.750879513114017e-05 1.288274109142649e-06 0
4071 2.731796661639205e-05 1.149746652712483e-06 0
4072 2.564503805683341e-06 2.994668090456377e-06 0
4073 3.75390797183335e-05 3.722624407648655e-06 0
4074 5.145702988439324e-05 1.241625353700143e-06 0
4075 4.887922605171854e-06 2.340711847798754e-06 0
4076 4.50839041357942e-05 1.901304101438522e-06 0
4077 2.928719898525691e-05 1.998987261466326e-07 0
4078 3.315998214249613e-05 2.251481604275398e-06 0
4079 2.816237319148654e-05 1.298910073555108e-07 0
4080 2.183667093376761e-05 1.256656887809024e-06 0
4081 5.668844142056705e-06 1.170172840656854e-05 0
4082 2.290135824031423e-05 3.8783030548315e-06 0
4083 1.987097764805757e-05 3.089374779579527e-06 0
4084 3.435419270193206e-05 3.824142107631947e-07 0
4085 1.402146028095309e-06 1.081889457456319e-05 0
4086 5.917661493350257e-05 3.970065360732249e-06 0
4087 5.159217416328394e-05 2.639113172030288e-06 0
4088 2.815517470722613e-05 1.793341103649485e-07 0
4089 5.852725403577082e-05 6.576798819280555e-07 0
4090 9.232324026628809e-07 2.433374249590902e-06 0
4091 5.865388780940848e-05 4.39217982743299e-06 0
4092 3.728773692951163e-05 3.171312645922912e-06 0
4093 2.061741454389666e-05 1.507794762341303e-06 0
4094 4.434800774204022e-05 3.39896087191374e-06 0
4095 2.4765333718422e-05 3.314694452396631e-06 0
4096 3.016573360195502e-05 9.913188119183586e-08 0
4097 3.017389259614759e-05 5.463860135887923e-08 0
4098 7.791092673237611e-06 1.65748628509073e-06 0
4099 5.459570000937387e-05 1.934379580276001e-06 0
4100 3.257226014040322e-05 2.30835798511978e-06 0
4101 2.268794039659294e-05 6.875168704509313e-05 0
4102 3.624453863960111e-05 3.97372339807655e-06 0
4103 3.610161809527101e-05 3.826644595462165e-06 0
4104 2.887316799334185e-05 4.909230757639303e-07 0
4105 3.498851538230812e-05 2.585595363591209e-06 0
4106 5.644520921144321e-06 2.615534253978234e-06 0
4107 5.677277837647554e-05 2.544560058830226e-06 0
4108 4.161904981640887e-05 1.703617654779963e-06 0
4109 3.043730964518907e-05 9.087913956489953e-07 0
4110 3.191305268883729e-05 4.905006167101964e-08 0
4111 2.821294431423565e-05 1.758952009376332e-07 0
4112 5.142331837727116e-05 3.74674540711939e-06 0
4113 2.554268759314825e-05 7.738569377915352e-07 0
4114 2.862142742631007e-05 5.820622170024423e-08 0
4115 5.077660618916995e-05 1.595871961794371e-06 0
4116 3.021096827978291e-05 1.143170159363683e-07 0
4117 3.54665585818123e-05 1.570386647732416e-06 0
4118 1.263571685180029e-06 8.43501720854833e-07 0
4119 5.478306112177335e-06 1.513816164552027e-06 0
4120 2.827499325450278e-05 1.98971957390248e-07 0
4121 3.097895156670166e-05 1.905658616353272e-06 0
4122 4.228438325552545e-05 3.665204297904792e-06 0
4123 3.071780482636899e-05 8.323675277988932e-07 0
4124 2.789425738413002e-05 3.130409670195389e-08 0
4125 3.355921633936502e-06 3.318282348731311e-06 0
4126 3.789138409254679e-06 2.616108743261035e-06 0
4127 2.769308132144142e-05 2.948716985809634e-07 0
4128 5.586976229117095e-05 5.605166690746671e-06 0
4129 5.2890802124165e-05 4.018909447855604e-06 0
4130 5.636735203711337e-05 2.692109105357471e-06 0
4131 5.494413905320807e-05 2.207588582692325e-06 0
4132 3.175743936416848e-05 7.214569981007671e-07 0
4133 7.921442375270895e-06 3.701012734502592e-06 0
4134 3.634383825925036e-05 9.56363549491271e-06 0
4135 3.791631705013487e-05 1.026610795037767e-05 0
4136 3.079663058249352e-05 2.0442494399668e-06 0
4137 1.18548231322973e-05 3.573139656024629e-06 0
4138 3.973084384337146e-05 6.805943156917328e-07 0
4139 5.154535762313158e-05 2.357080921711068e-06 0
4140 7.244276800982961e-06 3.853309158116904e-06 0
4141 1.871796047709357e-07 2.48666575240596e-06 0
4142 4.400818170233936e-05 2.774664076245251e-06 0
4143 2.320809977571841e-05 1.807528959675108e-05 0
4144 3.21120159884163e-05 7.003323993424418e-08 0
4145 2.508411737662483e-05 1.664027758884868e-06 0
4146 4.792835202250573e-05 2.474685987270969e-06 0
4147 3.713410977180158e-05 1.877878483046504e-06 0
4148 3.877894569676061e-05 3.073785133224115e-06 0
4149 5.626190390798364e-05 2.032647274483645e-06 0
4150 4.468392132144122e-05 7.481114686093006e-07 0
4151 5.70188803388797e-05 3.133078510674696e-07 0
4152 7.30407294281663e-06 2.09927242055777e-06 0
4153 4.699174837617053e-05 3.869610350755147e-06 0
4154 2.333127917549099e-05 3.000964717954779e-06 0
4155 5.726335959597313e-05 1.266971325869937e-06 0
4156 5.547758256528898e-07 9.668830607694998e-07 0
4157 3.434298906182473e-05 1.328843830876877e-07 0
4158 4.081648205946377e-05 2.342598763581141e-06 0
4159 3.014276823493343e-05 4.204969742824589e-07 0
4160 3.114427634286725e-05 4.971436698504692e-07 0
4161 3.947856423893702e-05 2.951457179073611e-06 0
4162 3.443477171615828e-05 2.708562010951685e-06 0
4163 1.121429936227973e-05 6.622845704233277e-06 0
4164 4.872575382248025e-05 1.984441537477972e-06 0
4165 1.936457333857579e-05 5.705997231934406e-07 0
4166 3.4847370242299e-05 1.383929094319074e-07 0
4167 2.182188306110151e-07 3.265445900901275e-06 0
4168 4.18103001666482e-05 3.803719550725865e-06 0
4169 3.290808347292552e-05 1.40068131857152e-07 0
4170 3.047228988232907e-05 2.464313859979973e-07 0
4171 2.781674238889047e-05 1.30125667107047e-07 0
4172 2.367608904558339e-05 7.662970166466007e-07 0
4173 1.383899955864755e-06 1.363947174916372e-06 0
4174 5.368982160429226e-06 2.807942251215651e-06 0
4175 1.871267676781603e-05 5.855441933193388e-06 0
4176 2.918517388549881e-05 9.442037908765088e-07 0
4177 3.859191478377299e-05 1.704809732159935e-06 0
4178 3.155296948530132e-05 1.317321623840587e-06 0
4179 3.12858603530093e-05 4.649955526155356e-07 0
4180 4.655087848472434e-05 1.388957563759895e-06 0
4181 1.136206685400365e-05 6.617817393150473e-05 0
4182 4.710891540397577e-06 4.708617831726655e-06 0
4183 2.090251736540484e-05 3.082574284194897e-06 0
4184 3.538717081892765e-05 6.495068896625642e-07 0
4185 3.809511406962077e-05 2.791723980696556e-06 0
4186 2.644756342418496e-06 1.538365907471674e-06 0
4187 5.812742489543502e-05 3.603899006997003e-06 0
4188 4.975889452804539e-05 3.734872195027019e-07 0
4189 2.506424589377933e-05 1.475151257077746e-06 0
4190 2.438974243805473e-05 6.893366752683618e-06 0
4191 1.432505149027718e-05 6.642451943477797e-05 0
4192 3.53623432838729e-05 3.39842398472658e-06 0
4193 5.267470201854765e-06 3.320587103368122e-06 0
4194 3.085230756270958e-05 4.06408289933474e-07 0
4195 3.004470132595682e-05 4.132785750550717e-08 0
4196 3.567877089140101e-05 3.120393878826933e-07 0
4197 8.975372210990817e-06 2.72999452271912e-06 0
4198 3.559799429232532e-05 2.760601394621172e-06 0
4199 2.881440032999678e-05 1.021863594523673e-06 0
4200 2.63682914016132e-05 3.961797486881851e-07 0
4201 4.555626478293716e-05 8.918719661838906e-06 0
4202 4.440250915790681e-05 6.533507904619374e-06 0
4203 3.199362525918741e-05 1.069133116650553e-06 0
4204 2.923996784607108e-05 8.851507518597048e-08 0
4205 1.129001665102974e-05 3.607862681269957e-06 0
4206 6.40375501602962e-06 6.968222393861822e-07 0
4207 3.430883895770097e-05 1.433473215909822e-06 0
4208 3.487933013669247e-05 1.32616731252768e-06 0
4209 5.663638005148391e-05 2.170760484134316e-06 0
4210 5.551298424417251e-05 1.259623179060845e-05 0
4211 2.93251837970721e-05 1.125623053787979e-07 0
4212 4.513226531355341e-05 4.55432347174148e-06 0
4213 4.464165301816218e-05 4.259585817648132e-06 0
4214 2.776339967907609e-05 4.272747955701997e-07 0
4215 4.027546487052792e-05 4.197299643590945e-06 0
4216 4.439016177046437e-05 7.639223844070831e-07 0
4217 3.391352241638227e-05 2.418413211634328e-07 0
4218 3.047359977708664e-05 6.490018286195241e-07 0
4219 4.88801776615711e-05 5.728267266671124e-06 0
4220 3.134039008152089e-05 8.414542805868194e-07 0
4221 2.489859535484383e-05 1.407195343678118e-06 0
4222 4.600067263809559e-05 1.815015443264732e-06 0
4223 2.946951745177354e-05 1.20441706783749e-07 0
4224 3.48601998630604e-05 3.413345373770447e-05 0
4225 3.580501361656987e-05 1.534982704155507e-06 0
4226 3.191447863841289e-05 6.02241304917152e-07 0
4227 4.239813606682642e-05 1.868826027783935e-06 0
4228 2.962832078329525e-05 6.003977606875726e-05 0
4229 2.907357512432539e-05 1.658141539560058e-07 0
4230 2.820390001458994e-05 6.7336837121972e-07 0
4231 2.404959110821457e-05 3.312367462790365e-06 0
4232 5.11447388772186e-05 1.726077791977708e-06 0
4233 2.938799025306147e-05 9.092883726608653e-08 0
4234 4.629102763481997e-05 2.545259918405527e-06 0
4235 4.123326508707166e-05 3.331773473613944e-07 0
4236 3.285065716349015e-05 6.642562996794733e-05 0
4237 3.551456357014934e-05 1.782869868437403e-06 0
4238 4.090638866658413e-05 3.903415830357847e-06 0
4239 3.733947205054637e-05 8.821633525299088e-07 0
4240 5.658979166452697e-05 8.158096697386855e-07 0
4241 5.691692661021671e-05 8.853656545184794e-07 0
4242 3.502286136484364e-05 1.337087415085494e-06 0
4243 3.501050567493515e-06 7.117469811604111e-07 0
4244 1.16633802051686e-05 3.108996318073739e-06 0
4245 2.110198020754116e-06 2.492406425985616e-06 0
4246 3.090354803975521e-05 2.124199707401235e-07 0
4247 3.003309962984318e-05 5.091622372624792e-07 0
4248 5.141018414405319e-05 5.609332944973286e-06 0
4249 1.58082131755131e-05 2.237102048680242e-06 0
4250 5.891189857060325e-05 2.060473039995031e-06 0
4251 4.197838582933872e-05 1.341947241652438e-06 0
4252 3.802617238823938e-05 5.354707565922123e-06 0
4253 5.425241269498736e-05 2.235236122036497e-06 0
4254 2.810567538069872e-05 8.622661907492139e-08 0
4255 5.182255640992216e-05 8.815396785141811e-07 0
4256 4.59801208811355e-05 1.254354343150815e-06 0
4257 2.484202138631349e-05 2.587169819761974e-06 0
4258 5.066016847563873e-05 4.325848448367024e-06 0
4259 2.806142282063145e-05 1.344650567830239e-07 0
4260 5.116234226832103e-05 1.344456591792095e-06 0
4261 2.89422567796229e-05 1.617857997629456e-07 0
4262 2.461699540359264e-05 2.699766172892444e-07 0
4263 6.324322469084947e-06 2.274461329453502e-06 0
4264 4.97017054222479e-05 3.099373686736394e-06 0
4265 4.508897002293922e-05 2.328827453936605e-06 0
4266 3.903642508608295e-05 2.693033142022082e-06 0
4267 3.332008493534431e-05 6.162644620280245e-07 0
4268 1.093890459506224e-05 2.359900108218697e-05 0
4269 3.191188699167526e-05 1.084310083726316e-07 0
4270 2.563238925161509e-05 1.084467931663896e-06 0
4271 3.305916754722808e-05 4.486043473806951e-07 0
4272 2.886949995239309e-05 8.305066403435842e-07 0
4273 3.923638572295421e-05 8.812821264770967e-07 0
4274 2.556516993588931e-05 1.716861950109987e-06 0
4275 4.602417243121918e-06 3.96693281780721e-07 0
4276 2.201598258727369e-05 8.462816424605779e-07 0
4277 3.016080217202175e-05 1.5430332219061e-06 0
4278 2.878840962077134e-05 1.141991450746732e-06 0
4279 3.591272273164176e-05 3.079388377830267e-06 0
4280 3.577109310835427e-05 2.389712786898756e-06 0
4281 1.037565775334691e-05 1.911301487058881e-06 0
4282 3.976341916716812e-05 1.812912276476206e-06 0
4283 2.524865675098083e-05 1.742801828664572e-06 0
4284 5.360958036855787e-05 2.385516675543952e-06 0
4285 2.754641529443506e-05 4.290476414552004e-08 0
4286 4.444170575658064e-05 2.965624707064572e-06 0
4287 4.747328474099747e-05 2.705412805712324e-06 0
4288 2.932966533677306e-06 3.94861680274401e-06 0
4289 1.616719388694949e-05 6.650710226408973e-05 0
4290 3.44369578288458e-05 1.151003421143053e-06 0
4291 5.282980604195874e-05 3.354064127573316e-06 0
4292 2.832581888852978e-05 1.58258393045139e-06 0
4293 3.12400941314457e-05 5.80179466201342e-07 0
4294 1.868668874714153e-06 3.374494837449736e-06 0
4295 4.848783130338364e-05 1.088876603266051e-06 0
4296 4.111647681277711e-05 2.870218947900361e-06 0
4297 1.64551254244999e-05 6.824658346757058e-06 0
4298 3.162887057120317e-07 2.361562815680735e-07 0
4299 1.926558063869936e-05 3.693956312924812e-06 0
4300 3.765979666048919e-05 3.285181469676693e-06 0
4301 1.773288410962356e-05 4.234403139440367e-06 0
4302 1.815719642594548e-05 4.355435996251496e-06 0
4303 5.184641424256049e-05 1.529708194243093e-06 0
4304 3.662054109841443e-06 3.319442827767713e-05 0
4305 1.859382675565858e-05 5.075368526951561e-07 0
4306 2.513642607245225e-05 2.033647824529593e-06 0
4307 2.737177462316412e-05 3.284448445375338e-07 0
4308 2.851606224823743e-05 2.490336199680509e-06 0
4309 3.54788230960161e-05 4.201825828928582e-06 0
4310 3.538100099977636e-05 4.411830890704204e-06 0
4311 2.529899064572196e-05 2.523425738850495e-06 0
4312 3.131979092423378e-05 2.15411683555887e-07 0
4313 3.417152899807467e-05 2.416528753646811e-06 0
4314 2.575420274688346e-05 1.965914934964734e-06 0
4315 2.606382202486568e-05 1.104357055707771e-07 0
4316 3.054823627045469e-06 1.695547221618933e-06 0
4317 4.377430298149606e-05 5.650787418923994e-06 0
4318 5.29076504228768e-05 1.167294426888158e-06 0
4319 3.60120061482978e-05 2.551743110677816e-07 0
4320 2.590714460434021e-05 1.842239414195779e-06 0
4321 3.970629688085953e-05 1.36074180650835e-06 0
4322 3.42611742349032e-05 1.674640259607226e-06 0
4323 5.294793785984906e-05 1.932529256631034e-06 0
4324 5.974412359362255e-05 2.428193348320999e-06 0
4325 2.124923033296562e-05 1.716882484470867e-06 0
4326 1.503285849074763e-05 1.90471970711682e-06 0
4327 2.964239151205706e-05 1.619607899758348e-07 0
4328 2.855400556917025e-05 4.651483937001525e-07 0
4329 3.084199636997405e-05 1.19720951268599e-06 0
4330 5.251799167651438e-05 6.662265170950948e-05 0
4331 3.144065427176443e-05 2.262101520488588e-06 0
4332 1.939117414462692e-06 2.685008707025217e-06 0
4333 2.421985291529505e-05 1.792273687782528e-06 0
4334 5.930078955113305e-05 3.282304020685913e-06 0
4335 4.552357711823644e-05 6.362496539467344e-06 0
4336 2.365508295351674e-05 2.609162337404235e-06 0
4337 3.236791270105809e-05 3.532906084464231e-08 0
4338 1.293249191378773e-05 4.296228907791742e-06 0
4339 1.331760355921387e-05 4.728981458896073e-06 0
4340 2.955573310390623e-05 7.221111536506477e-08 0
4341 4.705751426467554e-05 2.418611799591739e-06 0
4342 5.257390086672717e-06 1.396337141552687e-06 0
4343 3.460287998026057e-05 1.955392192554753e-05 0
4344 4.524908669030332e-05 2.006295554437163e-06 0
4345 2.898518448540946e-05 3.947963023654733e-08 0
4346 2.473764610290363e-05 1.511560420248641e-06 0
4347 2.879811275181818e-05 3.87263866238548e-08 0
4348 2.884053012345819e-05 5.371206102339573e-08 0
4349 5.803555809441454e-07 2.643372718774577e-06 0
4350 2.921076640435242e-05 1.737170280368241e-07 0
4351 4.936128580685936e-05 4.129178943437024e-06 0
4352 5.732562150944688e-05 2.182454150845085e-06 0
4353 3.493379058912314e-05 1.069954601282765e-06 0
4354 5.042460649227165e-05 1.982643396346393e-06 0
4355 3.078103240739645e-05 4.794466453043507e-07 0
4356 3.794474877686453e-05 3.053543200449378e-06 0
4357 7.589235257365887e-06 2.993900045772558e-06 0
4358 4.923992154331236e-05 5.236064096547645e-06 0
4359 3.760113805849195e-05 4.306781287061885e-06 0
4360 2.094620310016458e-05 1.162362372278352e-05 0
4361 2.980403887764373e-05 2.23430400076248e-07 0
4362 3.681775085621258e-05 4.080225985956122e-06 0
4363 5.034163154966701e-05 1.191021788687248e-06 0
4364 5.559285373646967e-05 9.490188799666516e-06 0
4365 5.836189387117153e-06 3.535080257668617e-06 0
4366 4.749767314778287e-05 4.43250522032422e-06 0
4367 1.222427190855033e-05 5.710029981037004e-05 0
4368 3.6063768745439e-06 3.509184571878979e-06 0
4369 4.037784496404479e-05 2.080311785650821e-06 0
4370 1.483164431813934e-05 1.359968415681368e-06 0
4371 2.999596869926692e-05 6.017368159772944e-07 0
4372 3.021060346709462e-05 7.575703824683973e-07 0
4373 7.837818262797055e-06 1.990985579869846e-06 0
4374 3.101619151043639e-05 1.128505866502828e-06 0
4375 5.914764709727509e-05 3.048445929118393e-06 0
4376 3.22029703707081e-05 4.04451650184813e-06 0
4377 3.129089287423932e-06 3.521390782342793e-06 0
4378 3.162513239373881e-06 3.807373030588786e-06 0
4379 2.140651062441846e-05 1.335575362088147e-06 0
4380 3.368325196706754e-05 1.344350246400156e-06 0
4381 3.837668342744964e-05 3.089232267824938e-06 0
4382 5.876395630000183e-05 5.440335106902848e-06 0
4383 5.81837052748563e-05 5.695130813358517e-06 0
4384 3.114180483109994e-05 8.020075943456048e-07 0
4385 3.241937482181054e-05 3.961427633745403e-07 0
4386 3.224506906185952e-05 1.158432612614403e-06 0
4387 1.076119233969167e-05 2.642935666315871e-06 0
4388 1.894612418668495e-05 6.548425780170144e-05 0
4389 2.843753563479311e-05 1.508122877655214e-07 0
4390 5.450633424713994e-05 2.575661792760499e-06 0
4391 3.177781604955615e-05 2.96357718519181e-07 0
4392 4.088600563683677e-05 1.286462911115029e-06 0
4393 4.518847392242988e-05 3.741734306127503e-06 0
4394 5.728591365938353e-05 4.448410383968079e-06 0
4395 2.852908273780123e-05 1.698386741240919e-07 0
4396 3.458558903514391e-06 3.893769699569378e-06 0
4397 3.846207356411193e-05 2.881259529993687e-06 0
4398 5.973815274847023e-05 7.561782601073157e-07 0
4399 3.313272883842176e-05 2.806843262673843e-06 0
4400 1.023568046588434e-05 2.454104045828484e-06 0
4401 2.834616335570949e-05 9.274098474627567e-08 0
4402 5.524918663945578e-05 2.755299896471318e-06 0
4403 3.174399762375896e-05 2.272043739178978e-06 0
4404 5.153002221469138e-05 2.858847207891273e-07 0
4405 4.294447995784753e-05 2.06688916832201e-06 0
4406 4.373427797164531e-06 7.215486883130928e-07 0
4407 3.738837217098195e-05 1.652266972505566e-06 0
4408 3.362903794495039e-05 9.157988260871318e-07 0
4409 5.784771916797121e-05 3.91566234992593e-07 0
4410 9.878802513755106e-06 1.761887667571577e-06 0
4411 2.716766338962438e-06 1.156692282582074e-06 0
4412 4.423396837939018e-05 4.81544776938286e-06 0
4413 4.699070490453314e-05 1.41099992442442e-06 0
4414 3.438467180883088e-05 6.403168639048442e-07 0
4415 3.914018756490469e-05 2.289443553764962e-06 0
4416 5.563450115845357e-05 1.619998086064012e-06 0
4417 5.415286920677014e-05 1.956263324147608e-06 0
4418 3.485935113359603e-05 3.082508207920197e-06 0
4419 1.417150545778842e-05 2.088938274545618e-06 0
4420 5.715768867113242e-05 2.501629138084523e-05 0
4421 7.460603745713046e-06 1.605939607269688e-06 0
4422 2.849407441717009e-05 1.366966757924907e-06 0
4423 5.585108693880627e-05 2.148036429130806e-06 0
4424 2.848085269165251e-05 3.634155869045438e-07 0
4425 1.93418723019158e-05 1.833209540824482e-06 0
4426 2.319407652398391e-05 3.760268603158849e-06 0
4427 4.692495689400324e-05 6.33085383091661e-06 0
4428 2.99704409953646e-05 1.958784843599342e-07 0
4429 5.165149154146202e-05 2.978455457756445e-06 0
4430 1.073199750899823e-06 3.209223268049887e-06 0
4431 1.02089260061673e-05 1.397807897371699e-06 0
4432 4.534758824803039e-05 5.221694958299568e-06 0
4433 2.89258472019104e-05 9.833849071925439e-07 0
4434 3.277540602151665e-05 3.836801671378101e-07 0
4435 3.045515002236266e-05 4.373911331600818e-07 0
4436 4.933984623751865e-05 3.024860333068874e-07 0
4437 5.471168351372855e-05 4.494757492345596e-07 0
4438 2.772322137366171e-05 8.346579593465749e-08 0
4439 5.749706823229932e-05 1.717105646603657e-06 0
4440 5.167249591705322e-05 4.742819675098769e-06 0
4441 2.98600914124143e-05 5.996270856548798e-08 0
4442 3.998264812696498e-05 6.881776144041914e-06 0
4443 2.778025007856015e-05 9.020717165434879e-08 0
4444 1.920016774906486e-07 1.033647573589895e-06 0
4445 4.936354194240109e-05 1.563179038589478e-06 0
4446 2.653200131183525e-05 1.891884539798433e-06 0
4447 2.67334160699212e-05 1.783607691006984e-06 0
4448 4.644440476576304e-05 3.193585205399937e-06 0
4449 3.216146644212701e-05 4.456128146465839e-07 0
4450 2.923680387655377e-05 7.86681773188974e-07 0
4451 1.254943169547811e-05 3.394771931842078e-07 0
4452 2.473456527786395e-05 9.553994005160279e-07 0
4453 5.152656803132307e-05 1.982000490935061e-06 0
4454 2.780593178132863e-05 1.932340627873694e-07 0
4455 1.11689725377235e-05 1.043531646048522e-06 0
4456 2.985986812486366e-05 4.007721596700263e-07 0
4457 4.689320050396914e-05 2.223796012145554e-06 0
4458 1.099682487893007e-06 1.325674219939254e-06 0
4459 2.621015636280929e-05 1.07216945452381e-06 0
4460 4.377144322494564e-05 2.918736885521173e-06 0
4461 3.245926202956854e-05 4.399680255379249e-08 0
4462 3.205670589966109e-05 2.661595852632703e-07 0
4463 2.60179309423522e-05 1.261390710098841e-06 0
4464 4.900179313790765e-05 3.629013634960414e-06 0
4465 1.645083053589108e-05 2.45997449465683e-06 0
4466 5.560810748241769e-05 1.894169863787163e-06 0
4467 3.003092894896902e-05 8.851762714118124e-07 0
4468 2.017235024393555e-05 2.545858534030762e-06 0
4469 3.055073940012934e-05 2.303040581588136e-06 0
4470 2.869675348980147e-05 3.262417048011349e-07 0
4471 6.849944673849627e-06 3.87417073857098e-06 0
4472 4.573617253804515e-05 2.233016399308216e-06 0
4473 5.939794597731035e-05 2.033788492739828e-06 0
4474 2.813399416342769e-05 2.500678430976965e-07 0
4475 4.138022749578976e-05 4.237288118038952e-06 0
4476 5.576934473238691e-05 4.863763826727683e-06 0
4477 5.546977645216298e-05 4.752764066751522e-06 0
4478 5.088627418185281e-05 3.828259944162862e-06 0
4479 2.734282171943801e-05 8.651608934414531e-08 0
4480 2.833617013742543e-05 1.180426405266879e-06 0
4481 4.651478124991832e-05 2.231855245988212e-06 0
4482 3.092988586095123e-05 1.527037422416801e-07 0
4483 2.837872414093853e-05 6.339670190883711e-05 0
4484 4.855091841284086e-05 3.556451569896788e-06 0
4485 2.774615699748125e-05 2.162760622636419e-06 0
4486 2.795594201649606e-05 2.641111217584491e-07 0
4487 4.356334129320665e-05 2.72017604624254e-06 0
4488 5.435815989555192e-05 5.027408634681704e-06 0
4489 3.034946227495986e-05 5.640345145386639e-07 0
4490 5.836970794294208e-05 3.380446965303327e-06 0
4491 4.990790091636231e-05 3.465435836514502e-06 0
4492 2.842538581547891e-05 3.694739623236051e-07 0
4493 2.667236286779783e-05 1.436524233045043e-06 0
4494 1.737793881255449e-05 2.409989336713373e-06 0
4495 2.144133713917439e-05 1.05671760303841e-06 0
4496 4.252122240517676e-05 4.810490302142715e-06 0
4497 2.89702414407448e-05 1.138742530810832e-06 0
4498 3.001640098909194e-05 7.223239046626679e-07 0
4499 3.736078136214763e-05 2.981809332152321e-06 0
4500 4.789944761339338e-05 7.856497188079944e-06 0
4501 4.163888448974325e-05 1.424951189875212e-06 0
4502 3.504115952599688e-05 7.426732894940738e-07 0
4503 5.544129495436783e-05 6.584801425652228e-05 0
4504 4.556251911786567e-05 1.389144999629746e-06 0
4505 2.901752079481856e-05 9.203936260268136e-07 0
4506 4.783321015401575e-05 5.418772392544986e-06 0
4507 4.030430969370785e-05 3.306479939186196e-06 0
4508 2.39914346320696e-05 3.096141018099096e-06 0
4509 3.282494926734626e-05 2.963010034589755e-06 0
4510 3.443255256730126e-05 5.042578537537927e-07 0
4511 2.242057006641777e-05 2.028216135004297e-06 0
4512 2.592066325590622e-05 2.564390007046058e-06 0
4513 5.684336966700354e-06 1.389690356012832e-06 0
4514 3.113035661906862e-05 1.781389795405546e-07 0
4515 2.789417729789631e-06 1.382296407402436e-06 0
4516 4.973626823914236e-05 4.674494819918622e-06 0
4517 4.43962801499878e-05 2.264334035723814e-06 0
4518 2.347411049737633e-05 3.950419802921898e-06 0
4519 2.634839668625171e-05 9.35010625875409e-07 0
4520 3.193909718514653e-05 2.733116064954899e-07 0
4521 2.292345048852819e-06 1.654160319533771e-06 0
4522 3.045503257021206e-05 1.060596047006005e-06 0
4523 3.049684949472893e-05 9.79262776799097e-07 0
4524 3.254517545274728e-05 1.095441347657078e-06 0
4525 2.901085925378128e-05 4.131122019679056e-07 0
4526 5.003449817542213e-05 6.664333981073887e-05 0
4527 4.633084275331095e-05 1.408038748789557e-06 0
4528 4.619071369056744e-05 1.230448573215262e-06 0
4529 3.446919859763387e-05 1.026733516840542e-06 0
4530 3.10323283690086e-05 7.684460138165173e-07 0
4531 5.739717927871658e-05 8.602937765817676e-07 0
4532 2.826227245146028e-05 8.955908569523178e-08 0
4533 2.993184746735049e-05 7.319562246524696e-07 0
4534 5.214665106391664e-05 3.631438388070317e-06 0
4535 5.549933585597307e-05 6.746919024554798e-05 0
4536 1.595213993805716e-05 4.276499162033381e-05 0
4537 3.026730084912324e-05 2.284226924579917e-07 0
4538 2.052406087097594e-05 3.8141579495647e-07 0
4539 3.030713212925168e-05 8.692119732826855e-07 0
4540 3.164904399342768e-05 4.657082621270241e-08 0
4541 2.908734338441434e-05 1.017232996810745e-06 0
4542 3.522194647025373e-05 1.699576106647799e-06 0
4543 2.208783746445897e-05 5.816710084230887e-06 0
4544 9.972920361447603e-07 1.032879879976792e-06 0
4545 5.441455256633406e-05 1.530077143863493e-06 0
4546 3.241547860347993e-05 3.231508410878077e-06 0
4547 5.244685207428418e-05 2.877416984224029e-06 0
4548 2.532005885150199e-05 1.380812240164043e-07 0
4549 3.700246998454561e-05 1.026224799450003e-06 0
4550 3.158576198692368e-05 1.187498593432623e-06 0
4551 4.948906848373901e-05 3.546451913531869e-06 0
4552 3.17921935094257e-05 1.171680870032566e-06 0
4553 2.376116023062569e-05 3.020827903463509e-06 0
4554 7.533415305749006e-06 6.009752751722909e-05 0
4555 4.203995337060267e-05 1.968503219676054e-06 0
4556 5.687461287368606e-05 2.135282178829743e-06 0
4557 3.20938429803531e-05 3.665429317166338e-08 0
4558 2.047619004369401e-05 2.634235096651997e-06 0
4559 2.311383275875401e-05 2.047762995229722e-06 0
4560 2.78489939170755e-05 7.554704707515473e-08 0
4561 6.853448673172872e-06 4.568097040389571e-06 0
4562 3.129107671755259e-05 1.817270657932392e-06 0
4563 2.938118491820363e-05 1.33387995686757e-06 0
4564 4.793771343812461e-05 4.653683820463994e-06 0
4565 3.124362724769562e-05 7.119333685796272e-07 0
4566 3.176981529378443e-05 4.207149134024948e-07 0
4567 3.046569983158532e-05 1.123873130241417e-07 0
4568 1.320394410147971e-05 3.742424631561384e-06 0
4569 3.977625710936405e-05 2.666972763611381e-06 0
4570 2.865977989758038e-05 5.703871754336712e-08 0
4571 5.291082266080765e-05 5.603866651041623e-06 0
4572 4.302927361056187e-05 3.586830194026241e-07 0
4573 3.172888611396778e-05 1.876900454013506e-06 0
4574 4.084582071721312e-06 2.328573770238117e-06 0
4575 2.812915057212979e-05 1.477021858834062e-06 0
4576 4.514424649848386e-05 1.666006253985048e-06 0
4577 2.379984115852497e-05 1.214166332364586e-05 0
4578 5.284179400756867e-05 1.599552199676325e-06 0
4579 2.544705980641497e-06 5.240881212236404e-05 0
4580 6.004023084536063e-06 4.871188938033041e-06 0
4581 3.15529416339393e-05 5.067159125727069e-07 0
4582 4.520721974782924e-05 6.992894153993456e-07 0
4583 3.423117989839129e-05 1.283741408186409e-06 0
4584 4.664020198513845e-05 3.067144258254494e-06 0
4585 4.319383082760493e-05 4.899429365695585e-06 0
4586 4.847190960140233e-05 4.291912900229259e-06 0
4587 3.370873086321192e-05 7.206329679682952e-07 0
4588 3.029888423013124e-05 4.693223426374628e-05 0
4589 2.852881557512811e-05 8.721338289428763e-08 0
4590 2.123812757797787e-05 2.003684582628636e-06 0
4591 3.933118085734509e-05 4.23386850846309e-06 0
4592 2.835411675249852e-05 9.831544603660306e-07 0
4593 2.841020016958979e-05 4.33399454936962e-07 0
4594 5.337052801310442e-05 2.404476584525443e-06 0
4595 1.41325804563617e-05 1.447249617387948e-06 0
4596 3.787763432289922e-05 3.880951501756106e-06 0
4597 3.490460510954399e-05 4.747534781975731e-07 0
4598 4.087970212155756e-05 4.573201405190286e-06 0
4599 3.378267092719571e-05 8.971637667027035e-07 0
4600 4.666560102827942e-05 7.982975941817334e-07 0
4601 1.366913481935922e-05 3.803585265329196e-06 0
4602 3.003888389203561e-05 1.073037365467791e-07 0
4603 2.48539930508123e-05 2.055783622172505e-06 0
4604 5.22357575176349e-05 1.527572790436051e-06 0
4605 1.582285315575119e-05 2.945401721638352e-06 0
4606 5.329771984684716e-05 1.284013045603967e-06 0
4607 2.68299657388808e-05 1.191365888057883e-07 0
4608 6.172421035891721e-06 6.545031734811074e-06 0
4609 4.317678536240455e-05 5.516297560884804e-06 0
4610 3.619408711687262e-05 9.638438606445345e-07 0
4611 2.568398656134806e-05 2.472477085843726e-06 0
4612 3.202947850025294e-05 1.939913636990476e-06 0
4613 2.973175245132997e-05 5.650460758467781e-07 0
4614 5.115373780956825e-05 2.306457251430482e-06 0
4615 3.888966241376285e-05 8.763559882399708e-06 0
4616 3.499348831665477e-05 1.876744459215299e-06 0
4617 2.979515203432812e-05 1.214974966908416e-06 0
4618 6.886896774593998e-06 2.58386981559102e-06 0
4619 4.715404534008819e-05 8.202445425473513e-07 0
4620 1.927662735710997e-05 3.02521848738167e-06 0
4621 3.126692113603565e-05 1.345932019315726e-07 0
4622 3.813098696477146e-05 1.190271899849216e-06 0
4623 2.860200936454803e-05 2.969410842339777e-07 0
4624 4.185601200537705e-05 4.104150608868503e-06 0
4625 2.996316064696033e-05 1.200912139133936e-06 0
4626 3.14438874991448e-05 1.764048775078243e-06 0
4627 2.96065438716741e-05 1.423763235109904e-07 0
4628 2.406774229987232e-06 3.153804415702144e-06 0
4629 2.733247339154819e-05 4.608180687562115e-06 0
4630 3.151149097891167e-05 6.365576840343237e-07 0
4631 4.703446434459959e-05 4.312121453053886e-06 0
4632 2.857305644192283e-05 5.760288028479882e-07 0
4633 4.664997899242845e-05 1.570389544628436e-06 0
4634 4.912831726490332e-05 3.021481048912105e-06 0
4635 5.732462040541017e-05 2.672593797334327e-06 0
4636 3.225688171537035e-05 2.392961758540545e-06 0
4637 3.212902398379985e-05 2.611072018160989e-06 0
4638 3.209009477187779e-05 2.948076976890106e-06 0
4639 3.752834475829807e-05 8.465822550083784e-07 0
4640 4.27606323392075e-05 1.865931025687419e-06 0
4641 1.852574003533846e-06 1.29902749018597e-05 0
4642 1.605180370862753e-05 2.054751617742013e-06 0
4643 2.253355833935931e-05 1.359809572632722e-06 0
4644 4.252412632305857e-05 2.239466227869698e-05 0
4645 3.146690648634771e-05 2.643012481005594e-05 0
4646 2.962628291010222e-05 4.895875341508649e-07 0
4647 2.544975643122437e-05 2.013339997800178e-06 0
4648 2.794689659991881e-05 2.435931014444561e-08 0
4649 3.128997162793623e-05 9.891497034397005e-07 0
4650 5.053940259547279e-05 3.055998084347084e-06 0
4651 3.147591770723511e-05 1.280529888412391e-07 0
4652 5.340666296793184e-05 1.094959815058e-06 0
4653 2.501293979786178e-05 1.101473606229193e-06 0
4654 3.049414054628041e-05 2.816598315044151e-06 0
4655 3.30392195002999e-05 2.232542276831121e-06 0
4656 4.735083409414212e-05 3.174637954438599e-06 0
4657 3.335875248961604e-05 8.805666254188934e-07 0
4658 3.395901801874663e-05 1.099580163325184e-07 0
4659 2.647584368344775e-05 9.931257084893593e-07 0
4660 2.527740668559889e-05 1.929350487754346e-06 0
4661 2.988569116189184e-05 2.740995890009666e-06 0
4662 3.061812850919498e-05 8.656387197605585e-07 0
4663 3.385574047927793e-05 1.895698126557353e-06 0
4664 3.854446737903932e-05 6.620100051189018e-05 0
4665 3.156949114344808e-05 3.648560215925411e-07 0
4666 2.865959426280063e-05 9.677497658090986e-07 0
4667 3.196334075368049e-05 1.221881307995592e-07 0
4668 1.679291376542466e-05 3.171542250238536e-05 0
4669 4.541496522832282e-05 1.878542991999827e-06 0
4670 3.127385589283773e-05 1.973343412548532e-06 0
4671 3.171791809808553e-05 1.054189059559186e-07 0
4672 2.961384031052203e-05 1.325614159005305e-06 0
4673 1.384317436712091e-06 2.853898847942729e-06 0
4674 2.557378547640414e-05 2.852270456302806e-06 0
4675 2.469315185278765e-05 1.156001649568183e-06 0
4676 3.834830686095621e-06 1.544856081769095e-06 0
4677 5.486137770469515e-05 2.474203779369169e-06 0
4678 4.442365911041262e-05 4.101801940575334e-06 0
4679 2.900291504503515e-05 2.104227158010948e-07 0
4680 2.126624415524639e-05 6.115181075129282e-07 0
4681 2.975104187782524e-05 2.505530030126696e-07 0
4682 4.606698454079215e-06 6.64028095382584e-05 0
4683 3.002130760901812e-06 1.447351369751394e-06 0
4684 3.86852837422781e-05 2.868567157961305e-06 0
4685 5.21453626240237e-05 3.259842896556779e-06 0
4686 2.831070133365911e-05 2.688837426860425e-07 0
4687 4.520913630242596e-05 5.61355512211871e-05 0
4688 3.184014812727173e-05 2.721602649434594e-07 0
4689 3.168148107560626e-05 9.629343168978849e-07 0
4690 4.931830210137406e-05 9.242653116379651e-06 0
4691 3.086944604229866e-05 2.847009899998764e-07 0
4692 4.590645830478101e-05 4.348834342858033e-06 0
4693 3.343109832010283e-05 2.412975338717484e-06 0
4694 2.523513380587361e-05 2.910463460908373e-06 0
4695 3.187908353002302e-05 8.864529562337915e-07 0
4696 3.080599102463359e-05 1.056527455503817e-07 0
4697 3.210997463256769e-05 1.491962568582883e-07 0
4698 2.863614348190933e-05 1.346487625063337e-07 0
4699 2.764628512033198e-05 2.527279801505152e-07 0
4700 2.619394124709466e-05 7.874916609269343e-07 0
4701 2.57801247376821e-05 2.144859113508785e-06 0
4702 2.338676688159952e-05 2.550836983469732e-06 0
4703 3.596570412181723e-05 1.432261783538969e-06 0
4704 2.265247299140141e-05 2.121643552550027e-06 0
4705 2.359459597191948e-05 4.473229750700155e-06 0
4706 5.183408039647156e-05 3.341471854860377e-06 0
4707 5.825854283067351e-05 3.858620008719252e-06 0
4708 2.30318082893378e-05 1.290817525317489e-06 0
4709 5.249096236320187e-06 1.831866848419204e-06 0
4710 3.994477141405832e-05 5.026490702316293e-07 0
4711 2.862134305640343e-05 3.889380942586745e-07 0
4712 3.140778163940888e-05 4.444038181761282e-08 0
4713 2.836418109017008e-05 6.86613385297956e-07 0
4714 5.190915078371907e-05 1.919525281498071e-06 0
4715 3.865368417839402e-05 4.042664262399749e-06 0
4716 5.658695232970568e-05 4.29570357268872e-06 0
4717 3.597684557936886e-05 3.465105123533705e-06 0
4718 5.392281258969448e-05 4.292663649650976e-06 0
4719 3.096544259117153e-05 1.519531332112453e-06 0
4720 5.395796335810929e-05 1.566092020490352e-06 0
4721 2.959129148066127e-05 1.788812772169868e-06 0
4722 4.643587941887976e-05 4.632407032349846e-06 0
4723 3.907948356114371e-05 1.881247174683882e-06 0
4724 3.373318777522743e-05 2.386563086583966e-07 0
4725 5.280862249757996e-05 2.955888055193958e-06 0
4726 2.64329972965855e-05 1.562889773671848e-06 0
4727 2.063751370108379e-05 3.669825356951545e-06 0
4728 2.930540119920327e-05 3.103658052783566e-07 0
4729 5.296961102075863e-05 4.559925201187838e-06 0
4730 3.696460402930022e-05 4.273590906194674e-06 0
4731 3.175846583226242e-05 2.106499814288645e-07 0
4732 2.990833507099911e-05 4.954671952218434e-07 0
4733 5.866948604538481e-06 1.502665363493433e-06 0
4734 1.525304111167283e-05 1.313664424012024e-05 0
4735 5.08639729000868e-05 6.393404787929686e-05 0
4736 2.919394587074844e-05 9.589287003446125e-08 0
4737 2.455643024866736e-05 1.42990026690538e-06 0
4738 2.765776565901194e-05 3.837695064989314e-07 0
4739 4.737289268423001e-05 1.108336752040568e-06 0
4740 2.683259572356159e-05 2.266000265591589e-06 0
4741 1.79540734845121e-05 2.445601753663346e-05 0
4742 4.160289003129548e-05 1.010131698518849e-06 0
4743 3.512632696478127e-05 5.204306282646592e-07 0
4744 2.618887713347763e-05 8.328631898019384e-08 0
4745 3.457607656154407e-05 1.832563019333065e-06 0
4746 5.432562808328371e-05 4.660949580217862e-06 0
4747 2.535350688413955e-05 5.448404446509019e-07 0
4748 3.261785535892945e-05 2.792260306810814e-07 0
4749 1.983072038554045e-05 1.776359278101054e-06 0
4750 2.215224643058102e-05 3.097186655234916e-05 0
4751 5.562033081646247e-05 1.262914690095259e-06 0
4752 1.451533787875983e-05 1.625427205738192e-06 0
4753 2.42806367222286e-05 1.997104809260747e-06 0
4754 3.688570041596969e-05 5.283758755621031e-06 0
4755 3.997336765654102e-05 1.982756697299805e-06 0
4756 3.569254097273415e-05 3.132167908076708e-06 0
4757 3.382094843745336e-05 4.127400239384513e-07 0
4758 4.799976519830883e-05 1.510272808427243e-05 0
4759 5.893623386283001e-05 1.815150070766498e-06 0
4760 2.847354942270609e-05 3.531377579533295e-08 0
4761 3.391085695972633e-05 3.067154265834144e-06 0
4762 9.801916378685963e-06 7.128402865871537e-07 0
4763 5.054370669589545e-05 1.577344974990457e-06 0
4764 3.08196289089583e-05 1.510303807836449e-06 0
4765 3.072288101696589e-05 4.3078960336434e-07 0
4766 2.826271453194427e-05 1.29995331473403e-07 0
4767 2.644270823134614e-05 1.131461693209499e-06 0
4768 2.017291328785392e-05 5.953954137333053e-06 0
4769 2.861071439720202e-05 7.436436813304828e-07 0
4770 2.940941667556901e-05 2.405000084669131e-06 0
4771 3.989234950645301e-05 2.243294742244879e-06 0
4772 2.841217640121424e-05 7.76707366580903e-08 0
4773 3.065397845517895e-05 1.790077730641963e-06 0
4774 5.809926071276939e-05 9.392644157938721e-07 0
4775 5.389996978838291e-05 3.710644808723801e-06 0
4776 4.290415280454848e-05 1.641518220990506e-06 0
4777 2.616428863421347e-05 6.886111748519383e-05 0
4778 3.431129917444496e-05 3.038993007067913e-06 0
4779 2.913655412043875e-05 6.812725498416295e-07 0
4780 4.327419230279804e-05 4.297746287915723e-06 0
4781 2.983808615263384e-05 1.528378499800799e-06 0
4782 4.039639313081435e-05 3.053191034433914e-06 0
4783 3.121592753824486e-05 3.82224641275333e-07 0
4784 3.808124617427677e-05 4.589030219831351e-06 0
4785 9.23797781280736e-06 2.297137401274298e-06 0
4786 2.113484950077608e-06 3.450113938155781e-06 0
4787 2.201309829016482e-05 8.209068403867622e-06 0
4788 2.1814600382854e-05 6.007904470165207e-05 0
4789 5.970500345332341e-05 4.282449559581423e-06 0
4790 3.147221995296729e-05 2.708575758129932e-06 0
4791 3.355608277624558e-05 2.45642833918366e-06 0
4792 3.57020013694074e-05 1.804758192321602e-06 0
4793 7.876729316319106e-06 2.612798402613399e-06 0
4794 3.49899796064316e-05 3.265676435207773e-06 0
4795 4.015362078051975e-06 5.306481263705891e-07 0
4796 5.148986898531043e-05 1.692814843432401e-06 0
4797 3.177438384426461e-05 5.549042353536194e-07 0
4798 2.815129933978337e-05 9.243440283736788e-07 0
4799 1.851368892722273e-05 1.188155705793465e-06 0
4800 4.259359617856659e-05 2.640682052961548e-06 0
4801 2.409398215211401e-05 4.363231830298011e-06 0
4802 3.631129460829084e-05 5.685556074361607e-06 0
4803 3.167194371744721e-05 2.328657031192669e-07 0
4804 3.483473685508639e-05 1.176713580797911e-06 0
4805 3.171974682714144e-05 1.771443406096367e-07 0
4806 6.800506406444081e-06 3.632903552458675e-07 0
4807 4.696685239778621e-05 3.491587611972238e-06 0
4808 9.201011329708461e-06 3.589442073152932e-06 0
4809 2.448512976418557e-06 2.189903708597391e-06 0
4810 3.10018510257231e-05 4.411311875001364e-08 0
4811 4.965189526237961e-05 6.324257771863378e-06 0
4812 1.251494502511881e-05 2.701303545689685e-06 0
4813 5.881995158989055e-05 3.112519997749906e-06 0
4814 4.638663566851544e-05 4.298465776350921e-06 0
4815 3.096364695567054e-05 2.489932060068177e-06 0
4816 7.624809970127521e-06 3.799395140885621e-07 0
4817 2.897491305568131e-06 5.880270234060333e-07 0
4818 2.800653352978965e-05 1.458901893123071e-07 0
4819 2.8693395475016e-05 1.840407806097426e-07 0
4820 6.783309703615863e-07 2.43550043219283e-06 0
4821 5.524467892286688e-05 4.134628633657956e-06 0
4822 2.894962000481736e-05 3.696486612765975e-07 0
4823 3.080238822735319e-05 7.486253785936901e-07 0
4824 3.191269759036267e-05 3.916420802697158e-07 0
4825 4.085100668707787e-05 2.938165175639704e-06 0
4826 3.155346204853741e-05 2.054805366181582e-07 0
4827 1.469831634970119e-06 5.418645154459137e-06 0
4828 5.670256512790952e-05 3.852168782338338e-06 0
4829 5.25209386593362e-05 3.615455144867979e-06 0
4830 3.041272525853465e-05 1.841155940456907e-06 0
4831 3.864982118677958e-05 1.315510789592045e-06 0
4832 4.36136562212718e-05 5.793804858041819e-07 0
4833 3.216143727598514e-05 8.613869650432126e-08 0
4834 1.845616949032858e-05 8.587689906054549e-06 0
4835 6.684921640607788e-06 8.976893702274074e-07 0
4836 5.865219103006326e-05 1.266303834757525e-05 0
4837 3.946244333368439e-05 3.643650251086352e-06 0
4838 3.145654959164894e-05 3.381635011869657e-07 0
4839 3.006985484474203e-05 6.105866292248452e-07 0
4840 3.459445112030621e-05 3.065862656146356e-06 0
4841 5.064942795130713e-05 3.560592940011345e-07 0
4842 9.842690242845548e-06 9.246859195652672e-06 0
4843 3.345849175275434e-05 1.468923125570028e-07 0
4844 5.114144726931842e-05 5.199069367076169e-05 0
4845 5.82571139110378e-05 6.69190609169555e-07 0
4846 4.480559951739844e-05 3.514242297150551e-06 0
4847 3.028337393823032e-05 3.381619130876364e-07 0
4848 3.460663342777525e-05 2.741279156978335e-06 0
4849 4.234775271523853e-05 4.222933598840947e-06 0
4850 3.10373960655376e-05 3.359288838057425e-07 0
4851 4.398701755673463e-05 2.221749583579226e-06 0
4852 3.184509521983245e-05 2.208234515064626e-07 0
4853 2.062424108677375e-06 2.090472380929596e-06 0
4854 3.367207772154436e-05 3.154998046648306e-06 0
4855 3.113936864332325e-05 5.780259415422115e-07 0
4856 3.032757048961933e-05 1.012108243155437e-06 0
4857 2.905027235168391e-05 5.093332655789587e-07 0
4858 2.664578196616869e-05 5.892900896737118e-05 0
4859 3.855059055312158e-05 3.245093355156984e-06 0
4860 5.9762060063658e-05 3.061974687746274e-06 0
4861 3.404968366631476e-05 3.218393056142942e-07 0
4862 5.723878619217559e-05 8.369063586275653e-06 0
4863 3.097673467330817e-05 2.62306080148593e-07 0
4864 2.731502814225076e-06 4.317996718937385e-05 0
4865 4.685657703837335e-05 1.58334328436506e-06 0
4866 3.942305611205483e-05 2.575163526954537e-07 0
4867 6.215111343908544e-06 3.80138848033545e-06 0
4868 2.905377775512827e-05 6.920585222282403e-07 0
4869 5.242446388825161e-05 3.247403908607743e-06 0
4870 2.161610727997358e-05 7.812807631426589e-07 0
4871 4.299726257786244e-05 3.645048602459325e-06 0
4872 3.616174643425849e-06 9.064285964023589e-06 0
4873 2.621092967994635e-05 5.547641572788499e-07 0
4874 1.140046477171838e-05 2.639219430475756e-06 0
4875 3.165820500003153e-06 3.079925004195657e-06 0
4876 3.785360413046564e-05 1.478303490573333e-06 0
4877 3.397619163200547e-05 3.603102307641159e-06 0
4878 2.896591971873062e-05 4.696505501741033e-07 0
4879 3.005298404473993e-05 1.107005889043729e-06 0
4880 3.393751844125288e-05 2.158593600732784e-06 0
4881 2.32085454061512e-06 1.309587856142985e-06 0
4882 4.901907643047847e-06 7.280553951155719e-07 0
4883 4.12322948206554e-05 6.022415869942529e-05 0
4884 4.558444540520301e-06 3.778582001615037e-06 0
4885 3.0662968526129e-05 1.067497009819136e-07 0
4886 3.367960570650306e-05 3.385906215401521e-06 0
4887 6.313165661813013e-06 1.563518338864855e-06 0
4888 4.760444485116304e-05 3.520053991570201e-06 0
4889 2.799156588040382e-05 9.956906767162505e-08 0
4890 3.13646181446553e-05 7.662949293330558e-07 0
4891 4.896440198720139e-05 1.262193549128771e-06 0
4892 5.66065746266013e-05 1.799111842737398e-06 0
4893 3.441187022827082e-05 1.690402203237268e-06 0
4894 4.564085498130318e-05 3.265505833921236e-07 0
4895 2.843332053388259e-05 6.119960564383606e-07 0
4896 3.376355109891513e-05 5.132400018053187e-07 0
4897 3.286016559935213e-05 1.755487130529005e-06 0
4898 1.21555428699251e-05 1.102282258484791e-06 0
4899 5.548894638258126e-05 2.483808358037296e-06 0
4900 2.584469466611746e-05 5.364582802844103e-06 0
4901 2.921496054745419e-05 6.82537263106694e-07 0
4902 3.618923395723542e-05 4.153380206340198e-06 0
4903 4.836937262807233e-05 2.702091391186962e-06 0
4904 1.179034277259287e-05 3.841923544749437e-07 0
4905 2.860574873254782e-05 9.908246115289236e-08 0
4906 2.895970053554256e-05 2.036842004156441e-07 0
4907 4.551189738357425e-05 2.459784408913998e-06 0
4908 3.159328680882825e-05 7.645556326671959e-07 0
4909 1.653074266488972e-05 3.091327418909991e-06 0
4910 4.603778890564566e-05 3.240336937972893e-06 0
4911 2.565066323621493e-05 1.362697745465917e-06 0
4912 4.662521449357415e-06 1.700781066470582e-06 0
4913 5.43621534467925e-05 7.504793383760039e-07 0
4914 4.186598021649193e-05 6.046912373630333e-06 0
4915 2.973216033011518e-05 1.370723455113963e-06 0
4916 3.839890221948647e-05 1.590391146867657e-06 0
4917 3.407842759039479e-05 6.180073204259935e-07 0
4918 4.569566879798489e-05 4.281814425562371e-06 0
4919 5.741487864310955e-05 3.177537363943068e-06 0
4920 4.74824263889594e-05 6.135212291494852e-07 0
4921 9.023306678014462e-06 2.226231319512124e-06 0
4922 3.115754866995817e-05 3.200440549671178e-06 0
4923 1.929109848606285e-07 1.600690721643733e-06 0
4924 8.078938072627699e-06 3.131990669999393e-06 0
4925 3.121699991333656e-05 7.939246174700546e-07 0
4926 5.408308514641409e-05 5.933518657476098e-07 0
4927 5.405301452998773e-05 2.920274614006529e-07 0
4928 5.288727452292107e-05 2.281355653607668e-06 0
4929 4.378678024811871e-05 4.522983588883638e-06 0
4930 3.402622292209936e-05 9.345283694626671e-07 0
4931 1.803295395527333e-05 8.342023532000427e-07 0
4932 2.395200556934021e-05 1.11114508998952e-06 0
4933 8.88031806153045e-06 2.780729962384819e-07 0
4934 3.061733828032862e-05 1.506370793176169e-06 0
4935 3.086019850280154e-05 9.998024659763654e-07 0
4936 5.706582750820342e-06 1.872370729980987e-06 0
4937 9.453066356191892e-06 1.48190989419917e-06 0
4938 3.092103397529556e-05 1.737081740385024e-06 0
4939 4.422201496366473e-05 1.93577302777223e-06 0
4940 4.60224122455089e-05 2.906602467720015e-06 0
4941 5.187631260193821e-05 2.307588606604781e-06 0
4942 3.217970056140642e-05 3.930013096555576e-08 0
4943 4.746223160891669e-06 2.741981565558307e-06 0
4944 3.117961247997281e-05 6.795253861861776e-07 0
4945 5.410285447291449e-06 6.905167075490932e-05 0
4946 2.551852386342045e-05 2.606886484006349e-06 0
4947 1.859176966440713e-05 2.92791190873956e-06 0
4948 5.096226809072519e-05 4.669842244303201e-06 0
4949 1.069133535327267e-05 1.493641134437119e-06 0
4950 3.742806408542717e-05 3.335568145874734e-06 0
4951 2.475376870846658e-05 1.687563557988545e-06 0
4952 3.778525818845425e-05 1.766582897848705e-05 0
4953 2.862577409578426e-05 6.730805995576234e-07 0
4954 5.021060297015477e-05 3.751614586295786e-07 0
4955 4.101033871692476e-06 1.131608536833332e-06 0
4956 4.404215096156886e-05 1.799190424030484e-06 0
4957 2.804419432542542e-05 7.213235049151166e-07 0
4958 2.396116226416416e-05 2.448559611380637e-06 0
4959 4.208815134675637e-05 5.39915941155868e-06 0
4960 6.808324279093689e-06 1.357944004939904e-06 0
4961 4.334771998961077e-05 6.379584185651833e-05 0
4962 3.360774788261246e-05 1.777983251834441e-06 0
4963 2.373780908580733e-05 2.184952777468115e-06 0
4964 3.944104653634648e-06 1.766253831381118e-06 0
4965 4.650844205681614e-05 6.875416512599725e-05 0
4966 3.505511874240443e-05 2.739231471142218e-06 0
4967 2.679814817156905e-05 3.534335976217259e-06 0
4968 4.676686745886356e-05 8.443325560671148e-06 0
4969 1.706913087136998e-05 1.981887010478916e-05 0
4970 4.230042481383543e-07 1.653254965362422e-06 0
4971 5.51100708307065e-05 3.731712787479789e-06 0
4972 4.436883785867408e-05 2.529321623269374e-06 0
4973 4.73153110148125e-05 2.227238061543282e-06 0
4974 3.893884521072285e-05 1.540541318856592e-06 0
4975 2.931105826670862e-05 4.876178198816641e-08 0
4976 5.863331958361028e-05 3.830435651614573e-06 0
4977 3.424698745162952e-05 1.919151191145069e-06 0
4978 3.115321254951449e-05 4.138606457872241e-07 0
4979 5.00033938747487e-05 2.351587122294413e-06 0
4980 3.895757376426031e-05 1.204840739441023e-06 0
4981 5.703303639844984e-05 2.181174526585722e-05 0
4982 4.225013779589055e-05 4.56268217441035e-06 0
4983 4.194302904904287e-05 4.625053215783098e-06 0
4984 9.726152922892881e-06 1.330071854106226e-06 0
4985 4.391846713616061e-05 3.600491632705834e-06 0
4986 3.823772923751799e-05 3.530395217218432e-06 0
4987 4.074803587436894e-06 1.405545852444093e-06 0
4988 1.70566186699072e-05 5.908359446812465e-05 0
4989 3.421555456784237e-05 1.541848189253965e-06 0
4990 5.060147770424861e-06 1.732624065213526e-06 0
4991 5.635917670298029e-05 3.415921596017853e-06 0
4992 4.26728813875926e-05 3.391236391241527e-06 0
4993 4.24684116503243e-05 3.29765920211338e-06 0
4994 4.020512713285936e-05 1.678455799395636e-06 0
4995 5.731913362610719e-05 5.358603242791181e-05 0
4996 5.545637493587327e-05 6.032588963911805e-05 0
4997 2.541803029856944e-05 3.419144613547132e-06 0
4998 5.302230801111866e-05 1.502251505529186e-06 0
4999 3.465182530370898e-05 1.640208971542285e-06 0
5000 4.388202873592676e-05 6.651783395803605e-07 0
5001 4.232501357468903e-05 1.575030282792708e-06 0
5002 3.091729541828186e-05 4.860415819406656e-07 0
5003 2.373245620638585e-05 1.182540899455533e-06 0
5004 2.798506348718681e-05 1.616143593612869e-07 0
5005 2.055293411257209e-05 7.706460033804716e-07 0
5006 2.266048245161125e-05 2.777174824484824e-06 0
5007 3.462734268528255e-05 3.463417252394827e-06 0
5008 3.083869899859825e-05 6.4301044016656e-07 0
5009 2.735980353623498e-05 2.634243598129709e-06 0
5010 3.281734513868377e-05 7.038923819398167e-07 0
5011 4.04484406440049e-05 4.617185360279648e-06 0
5012 3.300747513338863e-05 3.306447134619607e-06 0
5013 5.759035758493348e-05 3.827431905062729e-06 0
5014 3.353840881067152e-05 2.8777439266412e-06 0
5015 3.40414417859002e-05 1.180085466558507e-06 0
5016 3.503475427862014e-05 3.63545840875372e-06 0
5017 4.247996155327144e-05 6.853602087294794e-05 0
5018 3.759590250387826e-05 1.210744049990486e-06 0
5019 3.401426606979673e-05 3.244445974526523e-06 0
5020 3.041207958483636e-05 1.211177567179118e-06 0
5021 3.231336419052949e-05 1.34912307777153e-06 0
5022 3.056316895581352e-05 1.92383706162531e-07 0
5023 3.362401664943966e-05 2.542437024743668e-06 0
5024 4.289090701439428e-05 1.261062192322591e-06 0
5025 3.322477397111593e-05 2.032780934884581e-06 0
5026 2.515923017149063e-05 2.214447880813364e-06 0
5027 3.356951695389053e-05 3.452540393952795e-07 0
5028 3.137758462836556e-05 1.541223110208737e-06 0
5029 5.683454081327698e-05 1.295466664276147e-06 0
5030 3.629266883304285e-05 4.387031885686542e-06 0
5031 3.91368352798475e-05 3.333365748692257e-06 0
5032 2.746908692160094e-05 8.648403478220183e-07 0
5033 1.038068347457734e-05 6.890172055265957e-05 0
5034 5.375796054562054e-05 3.040720730962533e-06 0
5035 3.092678355645673e-05 3.551821534180482e-07 0
5036 3.061500153044111e-05 1.965243670572188e-07 0
5037 2.344052340752215e-05 2.264790341108779e-06 0
5038 1.214461393786998e-05 3.56083562220515e-06 0
5039 4.873895597769023e-05 4.406002367539361e-06 0
5040 5.033324938442199e-05 8.892551874183738e-07 0
5041 2.914889446666741e-05 1.674745019785903e-07 0
5042 4.219845244253137e-05 2.93864457384258e-07 0
5043 2.836174625581728e-05 3.999374240316415e-06 0
5044 3.183680732361291e-05 9.961331166006276e-08 0
5045 5.625118349000162e-05 1.737805183415083e-06 0
5046 2.360307442785376e-05 3.407706923510302e-06 0
5047 5.964109421116827e-06 2.923205503737838e-06 0
5048 5.688959484520749e-05 5.236415754367833e-06 0
5049 5.639178803248757e-05 5.488805684246401e-06 0
5050 3.072987956986574e-05 1.156230227908339e-07 0
5051 2.884417750044855e-05 9.209671639408419e-08 0
5052 5.050232562420114e-06 2.124601091759155e-06 0
5053 3.094459360736446e-05 9.665119153279647e-07 0
5054 2.190157934466833e-05 4.412054828310193e-06 0
5055 2.482903143255763e-06 1.13887763940285e-06 0
5056 5.474111621541786e-05 3.152957467562536e-06 0
5057 2.950298777321857e-05 1.033185504098821e-06 0
5058 3.215910307307232e-05 2.349853543508734e-07 0
5059 1.118741818900777e-05 2.044297911546867e-05 0
5060 3.505634633287585e-05 6.439331068473895e-05 0
5061 2.852104820410493e-05 8.95642351190127e-07 0
5062 1.753493699754607e-06 1.479507654599149e-06 0
5063 2.670041251222977e-05 6.677510096585959e-07 0
5064 2.428583424885659e-05 3.376667251182679e-06 0
5065 5.695825514582211e-05 1.950081265451894e-06 0
5066 5.308359082362689e-05 2.613402039459798e-06 0
5067 3.648931027515809e-05 4.32368043121948e-06 0
5068 2.435636247979663e-05 9.590145503292645e-07 0
5069 2.252827810576585e-05 3.550372757310567e-06 0
5070 1.832009954846039e-05 4.683485833575059e-05 0
5071 1.102112547378156e-05 3.722366470170789e-06 0
5072 5.221152774933309e-05 2.252372308585577e-06 0
5073 2.291179400105977e-05 3.217011866410277e-06 0
5074 4.931568839550921e-05 3.738993046577866e-06 0
5075 2.067753883649846e-07 3.810906962727826e-06 0
5076 3.035113934499032e-05 6.942300578244866e-07 0
5077 2.930037543073027e-05 5.462055880317312e-07 0
5078 3.340689646001121e-05 2.254472871319169e-06 0
5079 4.289162538547836e-05 3.157157458781068e-06 0
5080 3.223254289501804e-05 9.860450430767035e-08 0
5081 3.567335479923141e-05 4.138057478617054e-06 0
5082 2.059600970020445e-05 2.340709318931074e-06 0
5083 4.409681321580748e-05 3.761856570432681e-06 0
5084 2.230037559475116e-05 4.875419756837612e-06 0
5085 3.469759462605498e-05 1.135121202715241e-06 0
5086 3.051911908067549e-05 1.424232180002086e-06 0
5087 2.920832122857768e-05 2.069400921154047e-07 0
5088 2.843874222390377e-05 2.81399624939663e-07 0
5089 4.448670694630072e-05 3.863212047562453e-06 0
5090 5.596686235749274e-05 3.461697259118744e-06 0
5091 3.08104085146836e-05 3.527292705171099e-07 0
5092 4.354145832080799e-05 3.305425123983461e-06 0
5093 2.411679166527343e-05 2.343169321013357e-06 0
5094 2.887631433871197e-05 1.702371625126949e-07 0
5095 2.896494012895354e-05 9.02594721632194e-08 0
5096 3.389620494695389e-05 3.416503121650652e-06 0
5097 1.658154386110116e-05 1.818658031613097e-06 0
5098 2.816328012817221e-05 8.687078322585016e-08 0
5099 3.742138401910808e-05 5.381995085702358e-06 0
5100 5.815705805482858e-05 1.458989434540457e-06 0
5101 3.118456789990485e-06 1.040693962968139e-06 0
5102 5.455675659675853e-05 5.582653640853168e-05 0
5103 1.418241348562671e-05 3.639227764047708e-06 0
5104 1.802895940757327e-05 1.946206480513422e-06 0
5105 2.214463477592176e-05 6.661045251450967e-05 0
5106 2.584799715341921e-05 2.797793646125742e-06 0
5107 2.851998869383678e-05 1.088373775327902e-06 0
5108 4.048205623222224e-05 1.024140508743647e-06 0
5109 5.871670335005791e-06 1.059603712021739e-06 0
5110 1.836798003913444e-05 8.314676398767553e-07 0
5111 1.84727908568789e-05 2.305881457444803e-06 0
5112 2.684860491302999e-06 2.509037714820303e-06 0
5113 2.950268264746435e-05 6.761882158150805e-07 0
5114 3.957498347896823e-05 3.187163060279019e-06 0
5115 3.956444669377173e-05 6.255889531595736e-05 0
5116 3.519749307733545e-05 6.889976366853588e-05 0
5117 2.56464660137487e-05 2.27468004909133e-06 0
5118 2.807194496568254e-05 2.791847922940214e-07 0
5119 2.727658825887939e-05 2.476993981324879e-07 0
5120 5.344208623113222e-05 1.45698651609855e-06 0
5121 4.658659189469781e-05 3.427831232680728e-06 0
5122 2.768983758929678e-05 2.683874590988191e-08 0
5123 8.156298644574215e-06 8.464630908265594e-07 0
5124 3.009112721774208e-05 4.817185042555929e-08 0
5125 3.026536513557222e-05 1.769849005282991e-07 0
5126 5.921487590502407e-06 4.193793458711994e-06 0
5127 3.046520286951093e-05 1.995463480505692e-07 0
5128 3.02299768264527e-05 2.708071223290009e-06 0
5129 3.665886419463109e-05 6.966519002480201e-06 0
5130 4.131158920723873e-05 3.02443172784956e-06 0
5131 5.549386902073731e-05 2.120452740452457e-06 0
5132 2.599159069538461e-05 4.388153221255028e-07 0
5133 3.532802667506164e-05 1.819795973144297e-06 0
5134 4.316393585061539e-05 3.835105351103934e-06 0
5135 3.770854421800848e-05 1.782273762934975e-06 0
5136 1.71883603453907e-05 3.185741626260864e-06 0
5137 2.941915170430998e-05 3.547932955784175e-07 0
5138 2.784925227356602e-05 1.391857394866887e-06 0
5139 2.216850946572689e-05 1.563598079803344e-06 0
5140 3.763792467871601e-05 1.952986256908411e-06 0
5141 3.385278149797516e-05 2.416707482890082e-06 0
5142 3.868157129630193e-05 4.322176934187297e-06 0
5143 2.218458926785719e-06 1.719520126381336e-05 0
5144 9.750368182436155e-06 2.265587581808188e-06 0
5145 3.067120901320925e-05 5.650195891352333e-08 0
5146 3.062176489176103e-05 4.082978363882957e-08 0
5147 3.060058925837813e-05 7.888870158529361e-08 0
5148 3.799233835295127e-05 1.941678188661109e-06 0
5149 5.298675164516256e-05 6.358671323459192e-05 0
5150 3.298210967089886e-05 4.109162883486251e-06 0
5151 2.878951282249775e-05 2.922361902123998e-07 0
5152 3.650867138961897e-06 2.439217401493121e-06 0
5153 5.197584564385914e-06 6.133946375368879e-06 0
5154 4.58745921488865e-05 1.89194694647079e-06 0
5155 2.981649700062825e-05 9.258021129167747e-08 0
5156 4.525244590309111e-05 1.372419942817264e-06 0
5157 4.661451074871758e-05 2.863027211089547e-06 0
5158 2.944607034060012e-05 3.513577362516484e-08 0
5159 2.281503296697753e-05 1.702771986512203e-06 0
5160 3.308964333389428e-05 7.771903759598288e-07 0
5161 3.718494430510982e-05 4.219536419735879e-06 0
5162 1.863992388054585e-05 1.75549111405016e-06 0
5163 5.192506130623552e-05 5.606847517992652e-06 0
5164 5.89999548517792e-05 4.344672782768534e-06 0
5165 5.921715885165787e-05 4.647139417700626e-06 0
5166 1.753333116533005e-05 1.037977363952598e-06 0
5167 2.618950211860535e-05 1.649806181147408e-06 0
5168 3.698910188579703e-05 8.468584977047495e-07 0
5169 3.155302504300238e-05 9.712565195526979e-07 0
5170 2.988171116398525e-05 1.646143197583705e-06 0
5171 5.239877399974888e-05 2.2181120681422e-06 0
5172 4.616560238638008e-06 3.189038536253138e-06 0
5173 4.310886813209424e-05 3.334554730036065e-06 0
5174 1.081995088266193e-05 3.700388714471272e-05 0
5175 7.164090002272786e-06 7.080787703234409e-07 0
5176 4.626073005190029e-05 1.030447094224768e-06 0
5177 4.377794957945341e-05 4.060550886330899e-06 0
5178 5.46719785150372e-06 9.843783016110996e-07 0
5179 2.532761260227327e-05 2.324384333907462e-06 0
5180 4.702694971504571e-05 6.661950382037277e-07 0
5181 2.577405456537102e-05 7.831955051078714e-07 0
5182 7.797338388917417e-06 1.060262342951188e-05 0
5183 4.682281972341705e-05 3.154492825358198e-06 0
5184 3.16735283657225e-05 3.184826925772523e-07 0
5185 3.456105779642577e-05 5.077699926312824e-07 0
5186 2.845829355067693e-05 4.570057640492451e-07 0
5187 9.94506417825999e-06 1.507024705527294e-06 0
5188 3.333650530568458e-05 1.148794280283055e-06 0
5189 1.701154153605538e-05 1.641064578587894e-06 0
5190 3.520989902586671e-05 2.455487196947363e-06 0
5191 3.557015510082442e-05 7.576843445830246e-07 0
5192 2.69249065366458e-05 8.125218194439977e-07 0
5193 4.588880356595116e-05 8.656967066368168e-07 0
5194 3.158676299201556e-05 3.288657052524499e-06 0
5195 5.313212208836583e-05 2.9878978615078e-06 0
5196 5.318887710782935e-05 3.227495297462783e-06 0
5197 2.589064862448749e-05 1.364110921613829e-06 0
5198 4.741408589401044e-05 3.948302445743699e-06 0
5199 1.965088114779579e-05 2.305441541495167e-06 0
5200 5.19129228070202e-05 3.996986377886517e-06 0
5201 1.872225700073773e-06 3.813363525984441e-06 0
5202 1.67257466791129e-06 4.015757299844804e-06 0
5203 2.29868663423259e-05 2.629295071833343e-06 0
5204 4.823313421526807e-05 1.070377289703704e-06 0
5205 2.952203846294147e-05 3.428657013791806e-08 0
5206 3.400218996068758e-05 1.921969106557462e-06 0
5207 2.922905334185563e-05 6.279949747127011e-07 0
5208 2.903328935218291e-05 2.301190402705403e-07 0
5209 3.209419924876103e-05 1.388937239711738e-06 0
5210 5.740618674459024e-05 3.99361156178123e-07 0
5211 2.960805341641393e-05 1.523593022493462e-06 0
5212 3.101124581978631e-05 4.594440534507463e-06 0
5213 3.724723975054879e-05 3.996883832772947e-06 0
5214 5.529558812156603e-05 3.358909334472588e-06 0
5215 2.589744362276933e-05 1.046007569138689e-07 0
5216 4.425133822370919e-06 3.336050202401575e-06 0
5217 2.872827339396976e-05 7.465846867159815e-08 0
5218 3.043959989862177e-05 2.838091979272387e-07 0
5219 3.349592829580564e-06 4.356712432370859e-07 0
5220 4.510334738247041e-05 4.23666881970078e-06 0
5221 5.338087208241094e-05 2.867839406199662e-06 0
5222 3.146134141841292e-06 1.296906104545353e-06 0
5223 3.116240759869055e-05 9.357338328024395e-07 0
5224 3.189464064396617e-05 1.991639329151521e-07 0
5225 2.198309197411774e-07 2.997326458568618e-06 0
5226 4.311708638170417e-05 4.531942757851862e-06 0
5227 5.252444937872684e-05 4.909954024151384e-06 0
5228 1.424288190678906e-05 6.365971260527135e-05 0
5229 3.381772880439317e-05 1.155867516719466e-06 0
5230 2.84574560267807e-05 8.161080333378853e-08 0
5231 8.99582259289282e-06 3.836344517234421e-06 0
5232 2.712355423497373e-05 1.551537274779235e-06 0
5233 5.245009205491761e-05 1.144666046846602e-06 0
5234 5.845960944902368e-05 1.879139821553588e-06 0
5235 2.777953336809952e-05 2.586230615980695e-07 0
5236 2.931703238812823e-05 1.122922801695524e-06 0
5237 3.22680873894751e-05 3.144801368611975e-08 0
5238 2.794132536548477e-05 8.843317837833286e-08 0
5239 3.112519638217587e-05 2.039475404323596e-06 0
5240 2.980825903258039e-05 1.054764869826716e-06 0
5241 3.508577915343093e-05 1.238237788970115e-06 0
5242 5.627134125436769e-05 3.231378949425326e-06 0
5243 2.098672899197076e-05 1.590046729643256e-06 0
5244 3.034248585783938e-05 2.086796271840599e-06 0
5245 3.050895762002414e-05 3.420263295962243e-07 0
5246 3.151094512149808e-05 1.05473969630278e-06 0
5247 2.081717787924505e-05 1.929937467130921e-06 0
5248 1.054182572570234e-05 2.747447262722805e-06 0
5249 1.146336755203773e-05 6.40084595358778e-05 0
5250 3.058720758821755e-05 4.098425754903436e-07 0
5251 1.374195698303341e-05 4.316839805177736e-06 0
5252 4.564974680659951e-05 6.371643380703295e-05 0
5253 2.696123553729539e-05 2.000035664006205e-06 0
5254 2.909735662638098e-05 5.907338715650139e-07 0
5255 1.116591844566003e-05 3.21695359832043e-05 0
5256 3.58409896261209e-05 2.078934284255167e-06 0
5257 1.129279284431668e-05 1.522613901130823e-06 0
5258 2.507931208874827e-05 1.38816979478069e-07 0
5259 2.830321705487057e-05 1.376127265040131e-07 0
5260 4.279499283554992e-06 1.964621395290274e-06 0
5261 2.835757254132868e-05 1.643287389762772e-07 0
5262 3.135644492771509e-05 6.02674915377579e-07 0
5263 1.506943729059782e-05 3.073948740095331e-06 0
5264 5.445982377800854e-05 4.354851385332207e-06 0
5265 5.271381914760991e-05 6.224038971648981e-06 0
5266 5.566665272100628e-05 7.165569166299251e-06 0
5267 2.820710823427875e-05 1.33637231744735e-07 0
5268 5.76305381212992e-05 3.021602408867594e-06 0
5269 2.46873991223049e-05 2.106397566781666e-05 0
5270 1.554214145087253e-05 1.654657908440956e-06 0
5271 2.336981779443805e-05 2.040433685323715e-06 0
5272 3.394449037295303e-05 1.025768562381108e-06 0
5273 2.900697286670291e-05 3.062585444949304e-07 0
5274 3.138656956778328e-05 3.220457746526144e-07 0
5275 3.137546805092382e-05 2.524289534592667e-07 0
5276 2.933936628004252e-05 3.68456983926657e-07 0
5277 4.313326444389703e-05 1.076626412972077e-06 0
5278 1.945691469478545e-05 2.090884437391845e-06 0
5279 3.226129794515689e-05 5.101602325069259e-07 0
5280 2.928396478175849e-05 6.056849571944694e-07 0
5281 2.932492973249785e-05 6.418261872537304e-07 0
5282 2.937782818482069e-05 6.254015865781822e-07 0
5283 1.705031803772076e-05 2.009221332893487e-06 0
5284 3.392045517541532e-05 8.019971349509971e-07 0
5285 4.960179551991686e-05 6.892547405814724e-05 0
5286 1.397657701071085e-05 1.117146668711611e-06 0
5287 2.364539837158332e-07 6.77214843577784e-07 0
5288 2.805522307539422e-05 4.131817125816998e-07 0
5289 2.961605495357567e-05 2.503190940420418e-07 0
5290 5.220837371312136e-05 1.84702836087242e-06 0
5291 4.474897308085911e-05 2.807305757828538e-06 0
5292 2.170791835061303e-05 2.406514727355366e-06 0
5293 2.251973835599441e-05 2.521195933925831e-06 0
5294 6.643078276444114e-06 5.777558592234945e-06 0
5295 5.461740574063848e-05 1.477562548008854e-06 0
5296 3.135642309449936e-05 1.132534593102863e-06 0
5297 1.470564855780661e-05 3.174142389261732e-06 0
5298 3.065149257118482e-05 2.683727899295763e-07 0
5299 4.075607474565593e-05 6.201468067646545e-06 0
5300 5.13666946779165e-05 9.611756550493271e-07 0
5301 2.78881046613253e-05 2.69542968234163e-07 0
5302 3.965257972292917e-05 5.649152828287304e-06 0
5303 3.181419517241415e-05 4.789680043839354e-07 0
5304 4.968762447231446e-05 7.114838266279189e-06 0
5305 2.658404046929213e-05 6.565917638402979e-07 0
5306 3.168061092745973e-05 1.40296810437717e-06 0
5307 3.898974497869178e-05 2.143369063296816e-06 0
5308 5.63185708778447e-05 4.778307040201113e-06 0
5309 3.189732945963245e-05 4.636967498773143e-07 0
5310 3.107305004296486e-05 6.127325609166842e-07 0
5311 3.47712005018389e-05 9.090724308382088e-07 0
5312 2.940342912895816e-06 3.186037590568277e-06 0
5313 3.224194391956482e-05 9.449048955572659e-07 0
5314 5.150651979404728e-05 3.419712005435777e-06 0
5315 2.395241785841409e-05 2.068473728119592e-06 0
5316 2.365790214164347e-06 1.844251616632198e-06 0
5317 3.854217334257745e-05 7.007661840253528e-07 0
5318 3.406004034289748e-05 1.393804010151148e-06 0
5319 1.004254241359297e-05 2.567113382487941e-06 0
5320 4.951129712456178e-06 2.577521723579889e-06 0
5321 3.759270829599658e-05 4.097324949069779e-06 0
5322 5.376506844760522e-05 1.497550114123834e-06 0
5323 2.39734269813977e-05 8.582718740239335e-07 0
5324 2.076704414131698e-05 1.277885978457417e-06 0
5325 4.491373779441416e-05 1.969956339991632e-06 0
5326 3.767745831788713e-05 2.868764531458065e-06 0
5327 8.228370966421708e-07 2.947705214087106e-06 0
5328 5.028290246307346e-05 4.081369266674083e-06 0
5329 2.919281974156444e-05 5.514070584002364e-07 0
5330 2.342611624918861e-06 2.663318142668929e-06 0
5331 1.716698021552985e-06 2.340724956617139e-06 0
5332 3.201268669633391e-05 9.353683816654347e-07 0
5333 1.784284117291117e-05 1.47160200535437e-06 0
5334 2.94528710980833e-05 9.748760451617558e-07 0
5335 4.885393950889827e-05 2.817438357323285e-07 0
5336 3.123895628383843e-05 1.037901856125329e-06 0
5337 2.784089093538213e-05 5.258868845216075e-07 0
5338 2.912064903707363e-05 3.562809241763968e-07 0
5339 4.89417177015576e-06 1.884786956557685e-06 0
5340 2.775348864039968e-05 1.049106535463354e-07 0
5341 3.519185050753052e-05 2.212301013363032e-06 0
5342 3.845034374582503e-05 1.372945121386854e-06 0
5343 4.424348695906264e-05 6.647453551091919e-05 0
5344 5.301631298007345e-05 4.907750046845471e-06 0
5345 3.786741926347771e-05 4.690116952464337e-06 0
5346 3.221807584764981e-05 4.822715883632874e-06 0
5347 4.042558338362086e-05 1.514105831782778e-06 0
5348 2.655845200719049e-05 3.172912036079437e-07 0
5349 4.452901564738459e-05 3.220665403510698e-06 0
5350 3.056666765455479e-05 3.252394783468248e-07 0
5351 5.087020636255531e-05 1.37111909606749e-06 0
5352 4.722741113705847e-05 4.671586675217563e-05 0
5353 3.00182580902488e-05 1.321335008995352e-06 0
5354 3.067015583681167e-05 1.781680759479332e-07 0
5355 2.799740119500823e-05 3.828952149565684e-07 0
5356 2.90722645753046e-05 1.369686930071422e-06 0
5357 2.900993909590373e-05 1.462598559119615e-06 0
5358 5.113180284940224e-05 4.197384675235319e-06 0
5359 4.146014053640846e-05 1.278500878115502e-06 0
5360 2.355373502504768e-05 2.944814542660156e-06 0
5361 3.642400890054929e-05 2.163415298205924e-07 0
5362 5.894788776660644e-05 6.895057547237649e-05 0
5363 1.786730909584259e-05 2.439191844384261e-06 0
5364 3.023290181076821e-05 6.729184911010733e-07 0
5365 5.071947347966464e-05 1.212848417005725e-06 0
5366 2.655075815600034e-05 2.152101121326591e-06 0
5367 4.829853925035463e-05 3.554651833829112e-06 0
5368 2.950488107768594e-05 2.262397308889907e-07 0
5369 3.123437810541752e-05 5.074012431324808e-07 0
5370 5.782312974965756e-05 3.550361812978893e-06 0
5371 3.175244463877096e-05 2.504641138656278e-07 0
5372 7.754913706934026e-06 3.519129786375226e-06 0
5373 4.555089208411857e-05 1.577143995576517e-06 0
5374 2.848280289892234e-05 7.613586970746933e-07 0
5375 4.099324855594832e-05 7.578144453999722e-06 0
5376 5.362860063069168e-05 6.559778791058624e-05 0
5377 5.108270149461737e-05 9.041676976482153e-06 0
5378 5.516710819158017e-05 3.056139477358376e-06 0
5379 5.658781489426657e-05 2.36649764957289e-06 0
5380 5.355509413334492e-05 3.05546824295684e-06 0
5381 3.166476465355932e-05 1.003404984962272e-07 0
5382 3.009155421383867e-05 1.10751819152858e-07 0
5383 1.051163515024319e-06 6.895231780495172e-05 0
5384 2.789484516635544e-05 2.271975274371175e-07 0
5385 4.097078097631258e-05 1.732660043267265e-06 0
5386 2.836479257633096e-05 8.094024599599674e-07 0
5387 2.989461363228627e-05 2.377594431664771e-06 0
5388 2.829262497362222e-05 3.209522876019639e-07 0
5389 3.306484035079295e-05 1.983859356196239e-06 0
5390 7.420143401451794e-06 1.171307632833242e-06 0
5391 3.507251028718813e-05 2.479106139226212e-06 0
5392 2.917140507590402e-05 7.936228557772956e-07 0
5393 1.438133086882738e-05 5.052815183319302e-07 0
5394 2.477960764639708e-05 7.523244162504745e-07 0
5395 5.981204940177688e-05 1.767874968864687e-06 0
5396 3.724437963192625e-05 4.664547363585788e-06 0
5397 4.813229474355051e-05 4.208255748747036e-06 0
5398 2.454143313942649e-05 1.245202388320986e-06 0
5399 5.866508687926041e-05 3.373032496402778e-06 0
5400 4.012209608412805e-05 1.248351254381107e-06 0
5401 4.639091608870435e-05 5.971851737910784e-06 0
5402 3.422393106919332e-05 3.25789185555908e-06 0
5403 2.855520269784669e-05 6.440877029931114e-07 0
5404 4.463525269662714e-05 1.628837223066147e-06 0
5405 3.447056506490958e-05 1.794603880485659e-06 0
5406 4.362954701152789e-05 2.041048767488144e-06 0
5407 4.686173655744161e-05 3.675755412957595e-06 0
5408 2.337596713750138e-05 3.308058231927294e-06 0
5409 2.884219161772736e-05 2.742125598763852e-07 0
5410 2.621890949615168e-05 2.633576578527644e-07 0
5411 5.417722395777695e-05 3.044171439961101e-06 0
5412 5.837438811355566e-05 4.644235459051875e-06 0
5413 3.102148849224949e-05 5.679707810111521e-07 0
5414 5.396826067784784e-06 4.199779307052166e-06 0
5415 2.835142137631845e-05 2.546960055763946e-07 0
5416 1.748954547815471e-05 6.912427581608947e-07 0
5417 4.417349986852683e-05 1.260593740811494e-06 0
5418 4.410579507813494e-05 1.610129923859818e-06 0
5419 5.781971534096798e-05 2.147434653480937e-06 0
5420 4.887714512471465e-05 3.965746207678869e-06 0
5421 2.813295252974046e-05 1.199203795165994e-06 0
5422 3.063677067304121e-05 1.275377921947213e-06 0
5423 4.361997427930456e-05 4.86432051836624e-06 0
5424 4.925694137415225e-05 6.04994318932079e-05 0
5425 2.916253297804442e-05 6.103259277807485e-08 0
5426 4.471018882039164e-05 1.050649251611201e-05 0
5427 4.537748716499186e-06 1.29561933450223e-06 0
5428 2.318307000409e-05 1.653274201759609e-06 0
5429 4.482863944916781e-05 4.710706234784987e-06 0
5430 4.46524025640719e-05 5.034519433800244e-06 0
5431 1.617032510525141e-05 7.356216414792058e-07 0
5432 2.889056384835157e-05 1.426256037605768e-06 0
5433 3.152739103334168e-05 4.878337115891616e-08 0
5434 2.127901723186626e-05 2.899749780142143e-07 0
5435 4.561739200148308e-05 1.753053087304474e-05 0
5436 5.645877471729016e-05 3.796525023054226e-06 0
5437 4.85566979575153e-05 3.988739392073504e-06 0
5438 3.253060516204868e-05 4.474214498894174e-08 0
5439 5.051637880555262e-05 1.319208020758944e-06 0
5440 7.048671257787482e-06 3.039821271750922e-06 0
5441 3.310288329342589e-05 1.387376714863368e-06 0
5442 9.202428624471115e-06 7.751961794114026e-07 0
5443 1.191400382283438e-05 5.018962618960307e-06 0
5444 3.998177189182293e-05 9.083960042319642e-06 0
5445 1.529589230806511e-05 6.900313095481156e-05 0
5446 3.097812864105456e-05 9.208220020049635e-08 0
5447 2.890981492907915e-05 3.791904234216267e-08 0
5448 3.710830695955705e-05 1.124360330525881e-06 0
5449 2.909825340682103e-05 2.731094158977223e-07 0
5450 1.658960634872313e-05 3.770810258480565e-07 0
5451 2.522098056984976e-05 3.177406288679474e-06 0
5452 1.227551971463182e-05 5.90207278949012e-06 0
5453 2.994142813625511e-05 2.665866140631085e-07 0
5454 4.780152612332087e-05 3.736843411495332e-06 0
5455 2.612338848380689e-05 2.107063292748228e-06 0
5456 2.916199510664756e-05 4.577857267551757e-07 0
5457 5.569925274715106e-05 1.039394874252338e-06 0
5458 2.43973339755787e-05 3.621078745798949e-06 0
5459 2.853787568727518e-05 1.288433525118746e-06 0
5460 2.808293933445664e-05 2.562758251497003e-08 0
5461 8.75331012113949e-06 1.755539112386996e-06 0
5462 4.719746636947544e-05 3.503392032720917e-06 0
5463 2.923460576655541e-05 1.510418053015546e-06 0
5464 3.173026311347248e-05 2.989544553128681e-06 0
5465 3.341420991318987e-05 1.018772153687555e-06 0
5466 1.247963581234643e-05 2.417200997799752e-06 0
5467 3.663314109342409e-05 1.424247597160852e-05 0
5468 2.815108357377167e-05 2.863247682886444e-07 0
5469 3.150424088311156e-05 7.96616074542421e-07 0
5470 2.940380834093128e-05 1.474189970390887e-07 0
5471 3.85837120623963e-05 4.817451349035605e-06 0
5472 4.630725529522172e-05 2.210689490173133e-06 0
5473 4.137895073754721e-05 2.559546775567244e-06 0
5474 3.508731309796008e-05 1.967116719551945e-06 0
5475 1.059802837886646e-05 4.626059704334533e-06 0
5476 5.024414177177774e-05 3.692990739420757e-06 0
5477 4.952071143977385e-05 1.854773123405623e-06 0
5478 3.544535141871897e-05 2.082907759358916e-06 0
5479 2.990568817097737e-05 3.476993634685869e-07 0
5480 2.501667304288531e-05 2.310732552524116e-06 0
5481 1.690759514373192e-05 2.897918321957049e-06 0
5482 4.873395683031104e-05 2.831987038666152e-06 0
5483 3.184461072301994e-05 3.881715121882442e-08 0
5484 6.959387804077746e-06 1.04575684202114e-06 0
5485 3.233241425432447e-05 8.356377045324994e-06 0
5486 2.673272635811443e-06 2.058854982207909e-06 0
5487 4.570012289771097e-05 2.751128881001981e-06 0
5488 2.555578308460731e-05 3.819580745832645e-07 0
5489 3.310222105304498e-05 2.602232886400709e-06 0
5490 5.306330841851993e-05 2.123472671855643e-06 0
5491 1.416766009789951e-05 4.337391418074042e-06 0
5492 3.365503960113771e-05 4.991236868080583e-07 0
5493 4.80435866550133e-06 3.375166002810818e-06 0
5494 2.180833421782738e-05 2.87513455069591e-06 0
5495 3.821828985335624e-05 4.126502271423508e-06 0
5496 3.051664996856693e-05 4.080790387543902e-07 0
5497 2.913723181138337e-05 1.356779933577128e-07 0
5498 2.960610320983992e-05 9.540924605196481e-08 0
5499 3.635299899866777e-05 8.044662209048867e-06 0
5500 2.756667219127106e-05 3.634706857014125e-07 0
5501 4.046389203411526e-05 3.56561275900254e-06 0
5502 5.309588660956839e-06 2.227730564581129e-06 0
5503 4.202402895823562e-05 1.142300631789067e-06 0
5504 2.765666432377503e-05 7.058434433684923e-07 0
5505 5.098834520336308e-05 2.901897405838303e-07 0
5506 5.551315404219828e-05 9.220808977846861e-07 0
5507 3.208559459331503e-05 7.774278976315376e-07 0
5508 2.503517397141385e-06 7.640651720409742e-07 0
5509 7.319391565817032e-07 1.4954035600878e-06 0
5510 3.472107003640708e-05 3.845884220612758e-06 0
5511 5.720675163928277e-05 3.065656678172074e-06 0
5512 2.998983316182934e-05 1.09925937961908e-07 0
5513 9.383920780413794e-06 4.140485117349848e-05 0
5514 2.592512871181149e-05 6.382564270162625e-07 0
5515 2.820213639992246e-05 2.912112565456784e-07 0
5516 6.058194809256343e-06 1.903861048325464e-06 0
5517 2.889380483433026e-05 1.309917258457157e-06 0
5518 3.06171658937871e-05 1.113168270491217e-07 0
5519 2.586392714863726e-05 1.708727104077319e-06 0
5520 2.831105063622979e-05 5.862329865441285e-07 0
5521 2.453105593496631e-05 1.994737499704051e-06 0
5522 1.681577738914331e-05 2.545875520012414e-06 0
5523 2.924884831297043e-05 9.006618077073256e-07 0
5524 2.340346859917027e-05 6.378683342948476e-07 0
5525 5.361738602841855e-05 1.752506069736968e-06 0
5526 3.108881761453118e-05 2.425133964997288e-07 0
5527 3.872598958030286e-05 1.505441284504101e-06 0
5528 3.23469595809153e-05 6.310999633319331e-05 0
5529 5.808445470725726e-05 2.188889449407378e-06 0
5530 2.871142910498651e-05 3.721748468626026e-07 0
5531 2.787604223801289e-05 4.840432681052663e-07 0
5532 3.003227136435065e-05 2.732823207574903e-07 0
5533 1.994461185517214e-05 3.67766125951477e-06 0
5534 1.392874095598208e-06 9.970598618281133e-07 0
5535 5.062018254168678e-05 3.513474531559602e-06 0
5536 3.320313250592296e-05 1.510751005223179e-06 0
5537 2.660405389363991e-05 1.329314083894492e-06 0
5538 2.292321119228757e-05 4.673005022593457e-06 0
5539 5.628119571663028e-05 2.907324529129115e-06 0
5540 2.693867190352505e-06 1.722763917181577e-06 0
5541 3.873259002022192e-05 1.827899049772325e-06 0
5542 3.204989551792111e-05 4.146112297434732e-08 0
5543 3.248469762000022e-05 6.183709977118579e-06 0
5544 4.431897454904628e-05 1.586865073184497e-06 0
5545 3.627455623759015e-05 2.249422281307577e-06 0
5546 2.26633638303418e-05 4.952904822280566e-07 0
5547 2.290170662104867e-05 2.910571727184357e-07 0
5548 2.815532454782185e-05 2.223290798469446e-07 0
5549 4.136479618207269e-05 8.216714316466547e-07 0
5550 5.001142783549899e-05 1.177071086322151e-05 0
5551 2.903618814352595e-05 1.57404106581021e-06 0
5552 2.893148734448042e-05 1.663351690665142e-06 0
5553 3.109243756516839e-05 7.700923254997624e-07 0
5554 3.149283776833101e-05 5.624272034673382e-07 0
5555 3.000160415718826e-05 3.526548065031578e-07 0
5556 3.199492623206045e-05 8.525026329831929e-08 0
5557 4.30319524887273e-05 7.463340454194213e-06 0
5558 2.115469861635957e-05 5.761741512618914e-06 0
5559 2.913903372670857e-05 1.103269049860727e-06 0
5560 2.339324631603438e-06 5.652135475881253e-06 0
5561 3.628558875082546e-05 6.391130445873405e-07 0
5562 3.695464212108754e-05 1.376440657475223e-06 0
5563 2.768921572918279e-05 1.478688211108079e-07 0
5564 2.764837654457916e-05 1.206797616384074e-07 0
5565 4.582885612481165e-05 1.137731356860504e-06 0
5566 4.328800111957529e-05 2.417460800028488e-06 0
5567 2.952772296064177e-05 1.310234441467085e-07 0
5568 2.895794994440418e-05 1.817676210110523e-06 0
5569 3.321543622431604e-05 9.188858023181375e-07 0
5570 3.040015527046621e-05 6.551953768806903e-07 0
5571 3.390039322448623e-05 1.694377923630556e-06 0
5572 5.069460250793566e-05 1.688604552899768e-05 0
5573 5.255956648790763e-05 8.580020738249813e-06 0
5574 4.569567552753483e-05 2.413802635655698e-06 0
5575 5.070050740824473e-05 4.910532709026124e-06 0
5576 2.952020200261253e-05 5.102768980105568e-07 0
5577 4.153221234345708e-06 2.740355129897081e-06 0
5578 3.531285650017217e-05 3.039791543837024e-06 0
5579 5.243601021533099e-05 3.952164611313072e-06 0
5580 4.492620527032775e-05 3.7136411784689e-06 0
5581 4.370957875806905e-05 2.495845866875585e-06 0
5582 3.050271212104366e-05 1.135859757528558e-06 0
5583 5.212749305661244e-05 2.594364406888184e-06 0
5584 2.992069125479331e-07 4.54304205887531e-06 0
5585 3.108022151409498e-05 3.441232872167364e-08 0
5586 4.81724992582324e-05 3.936780001843303e-06 0
5587 3.421490954689773e-05 2.181351305576571e-06 0
5588 4.925285601302719e-05 8.926617306579465e-07 0
5589 2.988038282085038e-05 1.273248778811495e-07 0
5590 2.902531659183153e-05 1.57203727366371e-07 0
5591 2.085602938317397e-05 6.494956143085511e-07 0
5592 1.612999882435579e-05 3.17536243840484e-06 0
5593 5.432510803893818e-05 2.479256347306987e-06 0
5594 2.605307408341039e-05 6.261434536829919e-05 0
5595 5.187004641848367e-05 4.466128704313953e-06 0
5596 2.82581153302608e-05 2.138324408165769e-06 0
5597 3.647252645049349e-05 9.948961314281388e-07 0
5598 5.013252439013198e-05 3.903972387967038e-06 0
5599 2.788084046262249e-05 9.901433353872097e-08 0
5600 3.071330337420187e-05 9.701354668951795e-07 0
5601 5.27365644163702e-05 1.981402999342385e-06 0
5602 5.136323574693369e-05 4.419644493306989e-06 0
5603 3.104068724949762e-05 1.237294489050402e-06 0
5604 5.067188889956189e-05 2.912829547566812e-06 0
5605 5.596810923427464e-05 2.306550713594151e-06 0
5606 4.580198635078361e-05 2.940240396883207e-06 0
5607 1.628849340899172e-05 1.101375209151091e-06 0
5608 4.881040403862844e-05 2.606355197237305e-06 0
5609 1.304971199211655e-06 2.565843720180045e-06 0
5610 3.131941042304129e-05 3.815039314257524e-08 0
5611 7.123082654258939e-07 1.813265618083274e-06 0
5612 5.772476440126893e-05 1.674801735642088e-06 0
5613 3.039005985544819e-05 7.868817751237619e-08 0
5614 1.868904595414826e-05 2.530251875454494e-06 0
5615 4.397116451727399e-05 6.865271241426093e-05 0
5616 3.275320892317985e-05 9.053300752637251e-08 0
5617 5.864173478505508e-05 6.225843216552959e-05 0
5618 3.895284988148495e-05 9.757728911453846e-07 0
5619 3.922774059840922e-06 2.197804139761636e-06 0
5620 3.542786074913538e-05 2.228907181334933e-06 0
5621 5.317750704991555e-05 3.636753154662919e-06 0
5622 3.101556092808991e-05 1.626356660838721e-06 0
5623 3.462489354095894e-05 6.553515276682023e-07 0
5624 3.539268362017082e-06 2.562341739956e-05 0
5625 3.763430936892711e-05 1.430285984939171e-06 0
5626 3.203923199530217e-05 8.016927088345852e-08 0
5627 3.041031687488991e-05 1.883556297615574e-07 0
5628 3.354366980056873e-05 1.004716745727635e-06 0
5629 5.571767070398373e-05 3.01267905039577e-06 0
5630 3.135494950226791e-05 5.804734472579978e-06 0
5631 5.414835176228791e-05 2.864325480294748e-06 0
5632 2.274129002740291e-05 3.606338947263878e-06 0
5633 2.835072207761264e-05 3.741736229775799e-05 0
5634 3.363715070942183e-05 4.068457786418811e-07 0
5635 4.280996596344884e-05 4.401240970059632e-06 0
5636 5.347842988597121e-05 3.946890153472649e-06 0
5637 3.137888993331862e-05 1.254724316736433e-07 0
5638 3.807344789961169e-05 2.963059705428275e-06 0
5639 3.269225857531011e-05 1.757184845212472e-06 0
5640 3.440081619844184e-05 9.466782623507573e-07 0
5641 2.435469414759768e-05 1.510994608079404e-06 0
5642 4.299735070086809e-06 2.606267349758671e-06 0
5643 5.833164241025484e-05 3.137335044607962e-06 0
5644 1.971837010554787e-06 3.012403417184384e-07 0
5645 6.684429809209885e-06 3.086741391038335e-06 0
5646 2.919022698372271e-05 1.391676106804719e-06 0
5647 4.694577876399231e-05 2.810081059116181e-06 0
5648 2.430857756455723e-05 4.345894534048469e-05 0
5649 2.607545841796498e-05 2.414031419067097e-07 0
5650 5.660310400915279e-05 2.699611079735931e-06 0
5651 4.664500395204586e-05 1.930048378507081e-06 0
5652 2.531771523078375e-05 9.4979662436841e-07 0
5653 5.795845402754228e-05 4.773209247024439e-06 0
5654 2.8502738894107e-05 2.055358676897497e-05 0
5655 3.001681310241785e-05 6.548878694375894e-07 0
5656 3.315731997279326e-05 1.039431554928722e-06 0
5657 4.979449953610374e-05 1.851166795660425e-06 0
5658 2.881990207405537e-06 1.800903148308107e-06 0
5659 2.957480533121428e-05 1.649352459276396e-07 0
5660 2.772048243761819e-05 8.268504784409764e-07 0
5661 3.957752630205828e-05 2.339737277731119e-06 0
5662 5.25667870814378e-05 1.007818573546815e-06 0
5663 3.41786523006754e-05 3.605559614308218e-06 0
5664 4.989808135341159e-05 2.726093873749859e-06 0
5665 4.815157885502529e-05 2.7904875640632e-06 0
5666 2.972710179381309e-05 8.389954740497894e-07 0
5667 2.279695110283202e-06 2.047070850819455e-06 0
5668 3.671381993080182e-05 5.993994402531357e-07 0
5669 2.891470119432919e-05 4.538338060857409e-07 0
5670 5.428150103189358e-06 5.677336484672871e-05 0
5671 1.132873874708996e-05 3.22866546992958e-06 0
5672 2.770442486424624e-05 4.022623708885527e-06 0
5673 2.168037450235897e-06 9.465720152826445e-07 0
5674 2.392558366802731e-05 3.714371723488259e-06 0
5675 2.81602049368184e-05 3.629973272110069e-07 0
5676 2.855852501899195e-05 3.196166286327004e-07 0
5677 3.030077777265249e-05 5.864189576602821e-07 0
5678 3.203434463383202e-05 5.770601479623192e-07 0
5679 3.158657429567297e-05 6.604670503514141e-07 0
5680 3.925968843436383e-05 1.25374462362796e-06 0
5681 2.44110115942045e-05 4.161772111399135e-06 0
5682 4.879906988796455e-05 4.672121233516351e-06 0
5683 3.9891072484566e-05 4.285900530489648e-06 0
5684 1.921063010763398e-05 2.244516417546473e-06 0
5685 3.515500616558694e-06 2.120045001729512e-06 0
5686 5.348552489649552e-05 3.652298414964533e-06 0
5687 4.7309808098065e-05 3.416632331433304e-07 0
5688 3.337724225993467e-05 7.364885653471717e-07 0
5689 5.675351281251518e-06 1.144990298054236e-06 0
5690 1.986411344449199e-05 1.173618578405e-06 0
5691 5.011922592505805e-05 1.348173149206401e-06 0
5692 5.45257617455316e-05 7.76921881395062e-06 0
5693 3.215274308177303e-05 6.539414031508821e-07 0
5694 4.496142200971171e-05 1.544129762139137e-06 0
5695 2.91119646106455e-05 8.634055855175371e-08 0
5696 2.804075790784809e-05 9.655730892200094e-07 0
5697 8.939609066571046e-06 5.660933351738843e-06 0
5698 5.212002916725578e-05 4.491496468919148e-06 0
5699 1.750995602592724e-06 1.847287755696243e-06 0
5700 4.165387302775116e-05 2.391348357399574e-06 0
5701 2.798419043558159e-05 2.625220160895726e-07 0
5702 5.394220996841033e-05 1.239430530822423e-06 0
5703 3.040381240658249e-05 1.559506868643316e-06 0
5704 1.806538854303156e-05 5.397209218569819e-05 0
5705 2.359212802836249e-05 1.025182176008684e-06 0
5706 5.567376353767398e-05 3.283735528101898e-06 0
5707 4.402441495606676e-05 1.418915745333711e-06 0
5708 2.104885347972757e-05 3.929359839274488e-05 0
5709 3.845513036309971e-05 1.038058981013284e-06 0
5710 3.019628042273561e-05 9.900572211381856e-07 0
5711 4.382859875265652e-05 2.075685336348687e-06 0
5712 3.463993509389794e-05 2.176169270448815e-06 0
5713 2.891775102683668e-05 8.389065150179277e-08 0
5714 3.188680409768592e-05 2.896914505833959e-07 0
5715 1.07631609347635e-05 1.171184758692818e-06 0
5716 5.695829169760824e-05 6.450902125288954e-06 0
5717 3.770555673600699e-05 2.265812489775749e-06 0
5718 2.956965255415649e-05 9.815605872109185e-07 0
5719 3.119731075760557e-05 1.745286468560839e-06 0
5720 3.978462639236355e-05 4.809866314141222e-06 0
5721 3.522033404860955e-05 3.234097569559345e-06 0
5722 3.930893745733524e-06 5.494072853940545e-06 0
5723 5.739699686289169e-05 4.984727260808082e-06 0
5724 4.558309527703646e-05 2.140133297565906e-06 0
5725 3.120117928742177e-05 2.93809227826708e-07 0
5726 2.126545491048525e-05 3.837499359028654e-06 0
5727 4.900254682015115e-05 2.257493368110424e-06 0
5728 2.98519524695841e-05 1.907958213580761e-07 0
5729 6.878102408673354e-06 6.334977532426705e-05 0
5730 2.422683417590813e-06 1.967437802659831e-05 0
5731 3.118558206583901e-05 6.095694920803813e-07 0
5732 4.036381432084947e-05 5.580756756745032e-06 0
5733 4.542941611612731e-05 2.235146485033256e-06 0
5734 3.927277576752149e-05 1.791351153980741e-06 0
5735 5.598896842165495e-05 2.664040293798046e-06 0
5736 3.023053759440977e-05 3.543409328073939e-08 0
5737 3.026841118213788e-05 4.422227144178294e-08 0
5738 2.63875956730127e-05 7.414410893094119e-07 0
5739 4.97564539599608e-05 3.641547390206315e-06 0
5740 2.82508633648819e-05 5.5182993112123e-07 0
5741 5.10765440026835e-05 3.60691929470661e-06 0
5742 3.003931710972152e-05 1.634103512027379e-07 0
5743 3.408262069292609e-05 7.101388453466084e-07 0
5744 2.688336864036716e-05 1.255925981542714e-06 0
5745 2.804888085249257e-05 2.418480478465319e-07 0
5746 2.890803671529529e-05 4.061072031959181e-07 0
5747 5.637685610022298e-05 2.43291130111224e-06 0
5748 4.318711919074573e-05 7.348297002085731e-07 0
5749 1.099028476534595e-05 5.017690721059656e-07 0
5750 5.350276205668102e-05 3.264361934261315e-06 0
5751 2.775978858005163e-05 1.450046067357618e-07 0
5752 4.402761473224815e-05 3.997686541336025e-06 0
5753 1.698498173742322e-05 6.498165749669238e-05 0
5754 3.387278930131772e-05 1.488172346100304e-06 0
5755 5.911895970809172e-05 6.788449729407825e-05 0
5756 3.59724533153589e-05 1.730092869996939e-06 0
5757 2.779789815983249e-05 1.565113584282958e-07 0
5758 4.70143172403655e-05 1.753293034211113e-06 0
5759 6.626286647284251e-06 2.71332135352935e-06 0
5760 4.612452153777651e-05 3.076284574612507e-06 0
5761 3.370301554287447e-05 1.12811760182507e-06 0
5762 5.714622105458221e-05 2.551117961634279e-06 0
5763 2.229313794097531e-05 3.137989593910115e-06 0
5764 2.205331620620482e-05 3.283836424741304e-06 0
5765 4.148905902725594e-05 5.692896709671079e-07 0
5766 4.56888908071596e-05 3.425175744399753e-06 0
5767 5.862761815435442e-05 1.447478135406032e-06 0
5768 3.022254662651761e-05 1.066074285117497e-06 0
5769 2.49566482598762e-05 1.770341089741896e-06 0
5770 2.601077495147814e-05 1.1426243031725e-06 0
5771 3.415582985594308e-05 1.768016615262105e-06 0
5772 5.125659605513204e-05 5.194595342788828e-06 0
5773 2.620522017928061e-05 2.472412211342163e-06 0
5774 3.60985607479314e-05 1.656866595845794e-06 0
5775 3.233208061038361e-05 3.354018282734718e-08 0
5776 2.972524602099261e-05 5.009511279262309e-08 0
5777 2.820508132051097e-05 2.286667372882092e-07 0
5778 2.829252358408858e-05 7.400931414895565e-08 0
5779 2.829605633049891e-05 3.685649979893511e-08 0
5780 2.622703749274658e-05 4.681985909684715e-06 0
5781 4.632265298126281e-05 1.899015674741895e-06 0
5782 5.695939433475929e-05 1.565867321135713e-06 0
5783 8.807345608535747e-07 6.788103753672289e-05 0
5784 4.187762244432399e-05 6.916447851939301e-07 0
5785 3.240967555146394e-05 3.26566769607469e-08 0
5786 2.967126378307037e-05 3.924875673129608e-07 0
5787 5.784906843813516e-05 6.913631235311657e-05 0
5788 2.885224460487967e-05 3.563643927392482e-07 0
5789 6.696714239664355e-07 1.273428089249821e-06 0
5790 3.459292047171193e-06 1.765060226013966e-06 0
5791 9.052028660053142e-06 1.217630991662818e-06 0
5792 4.667244877083313e-05 1.236241475761966e-06 0
5793 3.523207426188334e-05 2.751173372036032e-06 0
5794 3.24699072202765e-05 2.632291120639937e-07 0
5795 3.11123940578782e-05 8.807968507917786e-07 0
5796 1.786015681396192e-05 7.16228045823671e-06 0
5797 3.243678428660772e-05 2.395510607536204e-06 0
5798 5.467903059462594e-05 2.813473314569153e-06 0
5799 5.073855725262953e-05 3.973921441014697e-06 0
5800 4.598750067666907e-05 2.289037422158828e-06 0
5801 2.15565460969717e-06 6.90795194421653e-05 0
5802 2.887390638892071e-05 3.403983940786062e-08 0
5803 4.03532053695901e-05 1.264194982824761e-06 0
5804 3.042157629244614e-05 3.871520163566756e-07 0
5805 3.519138706099215e-05 1.024421718071897e-06 0
5806 3.249429247979713e-05 4.640577737137886e-07 0
5807 5.726007576388902e-05 3.396525049802679e-05 0
5808 4.538670889525354e-05 1.086505397766491e-06 0
5809 5.38099739851062e-05 2.841282033602615e-06 0
5810 5.654869518653807e-05 2.837700268580965e-07 0
5811 4.554393849086169e-05 4.399053912869732e-06 0
5812 4.269158605583064e-05 3.886264410780759e-06 0
5813 4.600640275745963e-05 5.120702813618273e-06 0
5814 5.677795598318287e-05 4.111132674586584e-06 0
5815 1.862150932988429e-06 4.601059480630244e-06 0
5816 1.571326443700901e-06 4.873769104676755e-06 0
5817 3.427287294817775e-05 6.382672892522783e-07 0
5818 3.019240836273553e-05 6.282099349157442e-07 0
5819 2.576830529342711e-05 1.29175392218688e-06 0
5820 3.008135295556401e-05 2.928409329971735e-07 0
5821 4.72516041880318e-05 1.670596062133505e-06 0
5822 3.061766415251649e-05 2.437069416173578e-07 0
5823 2.931516449643506e-05 9.886099826386831e-07 0
5824 1.095714138236664e-05 2.095048778874888e-06 0
5825 4.088679993769184e-05 2.541991577211424e-06 0
5826 2.08699773505735e-05 3.399688408884976e-06 0
5827 2.713117486177309e-05 6.09056950083934e-07 0
5828 3.079336709290492e-05 5.259602991488995e-08 0
5829 3.348597384921836e-05 1.264767698494308e-06 0
5830 3.756583252143079e-06 6.486239969809037e-05 0
5831 6.950092856622467e-06 5.845493350627724e-07 0
5832 2.957116091475485e-05 8.972152828039233e-07 0
5833 2.890639154684266e-05 1.544815385639349e-07 0
5834 3.046787566679307e-05 2.14796549974331e-06 0
5835 1.364207041363623e-05 1.144075347857411e-06 0
5836 3.039896695900443e-05 7.912099612026368e-07 0
5837 3.030104260087527e-05 1.068340337587076e-07 0
5838 5.074314979277888e-05 3.331107553217215e-06 0
5839 3.033956455784953e-05 1.132210940769312e-06 0
5840 4.219552365952104e-05 8.868184293644236e-06 0
5841 2.820092904826244e-05 9.956970553861308e-07 0
5842 3.110482041026942e-05 3.217262150247762e-07 0
5843 2.665535263855486e-06 3.298816708027502e-07 0
5844 9.229560330854723e-06 1.475550270822519e-05 0
5845 3.004455571364522e-05 1.536435384442827e-06 0
5846 1.349103944820996e-05 1.828494898538225e-05 0
5847 2.794016076886588e-05 8.951315213095715e-07 0
5848 4.679000121171368e-05 3.354211435245395e-06 0
5849 3.110256574919819e-05 1.069802155113593e-06 0
5850 2.230881233989307e-05 1.186140005931851e-06 0
5851 1.040662384251609e-05 1.599749383010267e-06 0
5852 3.36774840345986e-06 9.765636370211409e-07 0
5853 4.864401997743824e-06 1.026450233589083e-05 0
5854 3.261232460315035e-05 1.926036895624641e-06 0
5855 5.400267389880537e-05 1.041160493720593e-06 0
5856 4.81979968886569e-06 1.230359973705717e-06 0
5857 7.760809168404341e-06 4.724635619785262e-05 0
5858 2.856510449301051e-05 1.119503035379093e-07 0
5859 2.915645747856187e-05 1.61161936102625e-06 0
5860 1.648611199521388e-05 3.666095297068324e-06 0
5861 3.373373808789291e-06 1.592992353745413e-06 0
5862 1.984207743008943e-05 8.269536994878952e-07 0
5863 4.757142307388056e-05 1.440179763209591e-06 0
5864 3.35914581696631e-05 8.143207644792608e-07 0
5865 3.844422968440069e-05 3.470954306652181e-06 0
5866 2.9895918004816e-05 8.005689768898975e-07 0
5867 3.164139439424609e-05 4.27683412217265e-07 0
5868 3.285341132589836e-06 2.358647596620767e-06 0
5869 3.290629702062294e-05 4.70399311939141e-07 0
5870 5.942456486932308e-05 1.161735245532389e-06 0
5871 6.734504204951017e-06 1.581172534313966e-06 0
5872 2.799647025606576e-05 2.201512390770955e-08 0
5873 3.116590341535747e-05 1.412215857769901e-07 0
5874 2.854471012390738e-05 2.336800256048594e-07 0
5875 1.323122854784015e-05 1.647936408947672e-06 0
5876 6.0080394787146e-06 2.668561670969857e-07 0
5877 3.170680746254731e-05 5.472612435474047e-07 0
5878 3.16511481746953e-05 5.993591118410518e-07 0
5879 4.124387117197736e-05 2.39435152432817e-06 0
5880 1.283601099175261e-06 2.220387520372222e-06 0
5881 4.001500779198598e-05 2.367275754256406e-07 0
5882 3.396686600761522e-05 2.306241241331848e-06 0
5883 4.854052026299229e-05 4.862228049448841e-06 0
5884 8.712262793808249e-07 6.712725631164214e-06 0
5885 2.83314968976293e-05 4.097461386467109e-07 0
5886 2.824685501032936e-05 1.798176691206425e-07 0
5887 2.342901403666108e-05 1.403073995414282e-06 0
5888 5.616741551429525e-05 6.383659368758152e-05 0
5889 2.792969693834138e-05 1.41217059662561e-07 0
5890 3.017764485803315e-05 3.009664867595733e-07 0
5891 3.813178948095797e-05 6.663133803419924e-07 0
5892 2.304226972654654e-05 1.789369099012026e-06 0
5893 4.389633291177717e-05 5.107911710181798e-06 0
5894 2.935267610130212e-05 3.057390550740317e-08 0
5895 4.728129981413199e-05 4.922486375384283e-06 0
5896 3.061591309209203e-05 9.527183362448747e-07 0
5897 5.398813419067236e-05 2.302793276937732e-06 0
5898 2.802261284889189e-05 5.350378467738913e-08 0
5899 3.392585712891897e-05 5.72360777202524e-07 0
5900 3.154504452761219e-05 5.047226856175181e-06 0
5901 3.256446557796064e-05 2.485183708143994e-06 0
5902 5.500448812135959e-05 3.941096722406982e-06 0
5903 2.796192397380774e-05 2.610304529112275e-06 0
5904 2.927489523472263e-05 1.228875963351208e-07 0
5905 2.768731070279586e-05 1.087372310198378e-06 0
5906 3.118901043509374e-05 9.164092195845092e-08 0
5907 2.778595925831983e-05 6.470564801269764e-08 0
5908 2.393201894460097e-06 9.432194994741927e-07 0
5909 2.991766257474725e-05 4.758577744658595e-08 0
5910 2.477527725179105e-05 4.106754826760531e-06 0
5911 5.034980033867302e-05 3.357227303338235e-06 0
5912 2.164386958527793e-05 1.426958660822827e-06 0
5913 3.834065269683841e-05 1.207770498582475e-06 0
5914 5.662089450849293e-05 1.24258365970005e-06 0
5915 4.533447207103314e-06 2.912127015269208e-06 0
5916 2.69075871426891e-05 6.936571495622608e-07 0
5917 2.955777958365933e-05 1.421301887677027e-06 0
5918 2.655299627545271e-05 5.475298277461822e-07 0
5919 5.895433302019044e-06 2.450253753569101e-06 0
5920 2.119909612161664e-05 8.344105836637816e-07 0
5921 2.895192114530703e-05 7.27790809171239e-07 0
5922 3.012686818114011e-05 6.548382203123992e-07 0
5923 4.851845959265052e-05 2.881304080282374e-06 0
5924 3.140613647487811e-05 5.452044389219654e-07 0
5925 2.987107203111228e-05 1.357073998526914e-06 0
5926 2.517206738876483e-05 2.698011975430216e-06 0
5927 5.342804046299347e-05 1.63300737605032e-06 0
5928 4.73132359847509e-05 4.248679470127221e-06 0
5929 1.902761176270869e-05 1.474517051446523e-06 0
5930 1.522223674716948e-05 2.253254032071389e-06 0
5931 4.648304479352644e-05 2.565025302454014e-06 0
5932 5.017530147014685e-05 1.99899863544931e-06 0
5933 4.207931555139498e-05 1.54375112959313e-06 0
5934 2.771964295853003e-05 6.163504331516836e-07 0
5935 2.767671658440015e-05 5.350803756316861e-07 0
5936 2.756728283797569e-05 2.769632513100465e-07 0
5937 4.648138862209261e-05 3.998146891278515e-05 0
5938 2.978275993518117e-05 4.738974122843586e-07 0
5939 1.464931096560087e-06 6.11869488788664e-07 0
5940 4.185750469284741e-05 6.692824669696675e-05 0
5941 3.478777037505852e-05 1.435494714829641e-06 0
5942 3.296844530481104e-05 1.637153098091014e-05 0
5943 1.505326619106117e-05 1.60505072206238e-06 0
5944 5.806275712702388e-05 4.105993285855085e-06 0
5945 4.181527348441209e-05 2.50752781350768e-06 0
5946 4.456959371689729e-05 1.936232462080278e-06 0
5947 2.824833190050432e-05 6.896077412932425e-05 0
5948 2.881503264060117e-05 1.256582161997198e-06 0
5949 2.839492504052629e-05 3.848092615222827e-08 0
5950 5.492762787917131e-05 3.248670915452931e-06 0
5951 5.268679367759206e-05 4.157477192912043e-06 0
5952 1.670588295864491e-05 3.441977448928573e-06 0
5953 3.487902718857154e-05 9.50354764781935e-07 0
5954 3.751657541169004e-05 7.091588486968796e-06 0
5955 2.075679797622566e-05 2.788315884358172e-06 0
5956 5.190178667233485e-05 3.591643158099433e-06 0
5957 2.888215541459334e-05 7.521964791701217e-07 0
5958 2.721022663143298e-05 8.126590457307435e-07 0
5959 3.246344908747641e-06 1.96832305110482e-06 0
5960 6.713279058218197e-06 2.00227586514719e-06 0
5961 2.522283666186807e-05 1.219776375290289e-06 0
5962 9.747899067663543e-07 2.638046258685919e-06 0
5963 3.364175865808956e-05 3.804261319712681e-06 0
5964 3.384117018863421e-05 3.770273496687632e-06 0
5965 4.108955039410115e-05 7.455085626530391e-07 0
5966 6.525289461618315e-06 1.116234852089451e-06 0
5967 2.417175580314098e-05 8.051628881777784e-07 0
5968 4.284447752511525e-05 5.127056884826178e-07 0
5969 2.559207595990087e-05 2.702619303913004e-07 0
5970 5.227600411999531e-05 4.15584521343238e-06 0
5971 4.054737215353432e-05 1.960422956769147e-06 0
5972 2.880143425975675e-05 6.401913567004646e-07 0
5973 2.860361354614434e-05 1.772967972795482e-07 0
5974 3.087722330793529e-05 5.486822839747923e-07 0
5975 3.432136112911714e-05 3.771233286097443e-06 0
5976 2.644019448842312e-05 2.395848874582055e-07 0
5977 5.042485744545054e-05 4.756601639545423e-06 0
5978 3.110731678674427e-05 1.093542497828844e-07 0
5979 2.210003016632653e-05 1.328607968270859e-06 0
5980 5.101934300876496e-05 2.743778838739082e-06 0
5981 2.393679440230468e-05 1.88741820185504e-06 0
5982 1.233818848259147e-05 3.785881284139545e-06 0
5983 5.36055387299282e-05 1.422033031918249e-06 0
5984 2.609343883108264e-05 1.045457073129922e-06 0
5985 2.868540764837237e-05 1.135115366052691e-06 0
5986 2.861943984475369e-05 1.05936700058307e-06 0
5987 3.587975033102628e-05 6.993837798222364e-07 0
5988 4.879140344423294e-05 2.17085827277917e-06 0
5989 3.530610440290655e-05 7.986277057708404e-07 0
5990 1.671774720206027e-05 1.989320303002101e-06 0
5991 8.571556951653552e-06 2.95400305563757e-06 0
5992 3.076787543087774e-06 2.642435310060058e-06 0
5993 4.980075039605467e-05 7.024980614999002e-07 0
5994 2.935209458381922e-05 7.440643167129353e-07 0
5995 5.173363699011922e-05 6.480727227365171e-07 0
5996 2.41050673460742e-05 2.811239326001675e-06 0
5997 4.504812975362343e-05 1.143864699249092e-06 0
5998 4.419492581930016e-05 4.181491669933733e-06 0
5999 4.657108619105089e-05 6.555425819095319e-05 0
6000 1.556172802786415e-05 2.713327366447462e-06 0
6001 6.945460302280852e-06 1.704734794689037e-06 0
6002 1.273353027414854e-05 1.821642781813793e-06 0
6003 3.207474137229268e-05 2.102524684366862e-06 0
6004 4.117762761543026e-05 1.563176818552189e-06 0
6005 2.93500221486925e-05 1.53595021450305e-06 0
6006 5.25179855153875e-05 1.844008232422893e-06 0
6007 5.273356602931578e-05 2.155872532320861e-06 0
6008 5.388519165365118e-05 3.286224649674186e-06 0
6009 1.961262304920351e-05 1.333123049161306e-06 0
6010 8.5097669632151e-06 1.88745759345682e-05 0
6011 2.860727331872725e-06 2.407976312696092e-06 0
6012 3.031282434257499e-05 2.515894904995938e-07 0
6013 3.15733934976472e-05 1.874452730222735e-06 0
6014 2.882541740538403e-05 4.935016663582701e-07 0
6015 1.186649963834314e-05 7.917258654421513e-07 0
6016 4.844766439495219e-05 7.303223127540133e-06 0
6017 2.828831752632239e-05 4.757237825251246e-07 0
6018 4.30339899273499e-05 2.904648647890298e-06 0
6019 3.141403747583188e-05 2.065081978383343e-06 0
6020 5.539384240621552e-05 1.22842479310581e-06 0
6021 5.606195417774684e-05 2.712855918349464e-07 0
6022 2.876816551069686e-05 2.449757979075554e-07 0
6023 4.659221631110261e-05 5.932207444476486e-07 0
6024 2.623377639474197e-05 1.172490583764425e-06 0
6025 1.051667236517137e-05 9.995161737286195e-07 0
6026 2.570289056870077e-05 2.494306857780451e-07 0
6027 1.596265330435893e-06 2.804741661885534e-06 0
6028 3.57007135739516e-05 2.21365039359755e-06 0
6029 5.013592859447153e-05 3.038987922324351e-06 0
6030 3.231073369264431e-05 9.574200655826418e-08 0
6031 4.473661546715327e-05 2.378971902872065e-06 0
6032 3.858219817324684e-05 3.639323567655634e-06 0
6033 5.283939335096198e-05 7.267904449281813e-07 0
6034 5.155146535784872e-05 7.920073460155317e-07 0
6035 2.873168996216907e-05 4.065115856620738e-08 0
6036 5.145398592277282e-05 3.047850247280313e-06 0
6037 3.054809144570364e-05 1.326016736263236e-06 0
6038 1.593534758760651e-05 4.086016816452118e-06 0
6039 1.554005408782623e-05 4.180790965343577e-06 0
6040 9.492185662258928e-06 6.381632970417289e-05 0
6041 2.812737325117816e-05 3.17067643589974e-07 0
6042 3.192420636024242e-05 1.449536726808777e-06 0
6043 2.599110493718517e-05 6.539852666316688e-05 0
6044 1.854181999850675e-07 1.388987570684782e-06 0
6045 3.505098563397839e-05 4.27364786044438e-06 0
6046 3.034707024581016e-05 1.272453549076024e-06 0
6047 3.501122446129779e-05 1.559667920251434e-06 0
6048 5.699850230149123e-05 1.152141671296806e-06 0
6049 5.51251068137428e-05 7.602999392985582e-07 0
6050 3.114720569363991e-05 2.293252855678757e-06 0
6051 4.825024983149182e-05 3.167765444240886e-06 0
6052 3.395264684716011e-05 4.544537426026971e-07 0
6053 3.38481720298327e-05 7.836155896172505e-06 0
6054 2.425554547209306e-05 2.580697366949162e-06 0
6055 2.718758648897557e-05 1.005375996938332e-06 0
6056 5.176007069034068e-05 3.773810642099494e-06 0
6057 5.786657504407387e-05 2.642023806186199e-06 0
6058 4.623811697249755e-06 8.949229121803064e-07 0
6059 5.649715345702913e-05 2.020565500502649e-06 0
6060 2.999162136452925e-05 1.667192828555798e-06 0
6061 5.924102921537832e-05 9.332926792715724e-06 0
6062 2.913559654263136e-05 6.235356002972282e-07 0
6063 1.958948605593914e-06 1.063696892887304e-06 0
6064 5.019843646530766e-05 1.632712261425024e-06 0
6065 4.132111580420553e-05 5.975873212568213e-06 0
6066 4.252220547842071e-05 3.732622488333181e-06 0
6067 2.919168533230031e-05 5.97919235956599e-07 0
6068 2.083027336698074e-05 2.325187301786226e-06 0
6069 2.873985744004233e-05 5.865296274174359e-07 0
6070 3.936032049596115e-05 4.761842919111277e-06 0
6071 4.570310394220348e-05 1.687375604027045e-06 0
6072 2.010878077666813e-05 3.02886123311453e-06 0
6073 4.880420293437821e-05 6.395137536503805e-05 0
6074 2.279640698092535e-05 1.446839807326515e-06 0
6075 3.805513726845682e-05 1.527269226336758e-06 0
6076 7.417279926358281e-06 2.789310567192164e-06 0
6077 4.721677886013038e-05 3.834368842123778e-06 0
6078 5.47185385594181e-05 1.340198974447905e-06 0
6079 1.952435096942835e-06 2.309157907225534e-06 0
6080 3.123486346043377e-05 9.938874001639059e-08 0
6081 3.786860918988558e-05 9.305957926463913e-07 0
6082 8.363878909945802e-06 6.352809541427817e-06 0
6083 3.648645297126972e-05 4.908423063728871e-07 0
6084 2.798629206657125e-05 6.539229681454841e-08 0
6085 2.981923254793258e-05 3.756135216039624e-07 0
6086 6.542192227634714e-06 2.312843347303041e-06 0
6087 3.275999038396209e-05 2.01810902342632e-06 0
6088 3.179225960606955e-05 1.004808001803474e-07 0
6089 1.717809870164884e-06 3.009710498819392e-06 0
6090 3.336664139526248e-05 2.632405820996879e-06 0
6091 3.394045841471158e-05 6.902200354893589e-05 0
6092 3.602312952526198e-05 4.19731701542059e-06 0
6093 7.684690891399829e-06 2.520059813214454e-05 0
6094 3.021858872537987e-05 1.676771511400246e-06 0
6095 3.904920191947054e-05 7.348919681849742e-06 0
6096 3.04870883569882e-05 1.517605586526484e-07 0
6097 2.935527267987801e-05 1.617759479994321e-07 0
6098 5.830485742359847e-07 7.294275528132085e-07 0
6099 3.735934201352114e-05 4.396271618680731e-06 0
6100 2.909315376624552e-05 3.463613006597754e-08 0
6101 2.059512278633824e-05 1.968824304901626e-06 0
6102 3.103058157588071e-05 1.443082132602703e-06 0
6103 2.931218653373203e-05 7.000998863997418e-07 0
6104 2.925285166587151e-05 7.209038027912345e-07 0
6105 5.715931237471426e-05 1.998222308419062e-06 0
6106 1.679855693484823e-05 1.260227988920572e-06 0
6107 1.411924657585865e-06 1.581229403260352e-06 0
6108 5.299002185068914e-05 4.974456144338288e-05 0
6109 2.989952734551295e-05 6.753386519919371e-07 0
6110 4.157421641044516e-05 5.124474197744221e-05 0
6111 4.188743884000167e-05 3.008374887495147e-06 0
6112 2.896361443920011e-05 1.055238463463128e-06 0
6113 2.903790676910417e-05 1.07917711179798e-06 0
6114 3.487927543071953e-05 3.44754391590786e-06 0
6115 2.938891090817968e-05 1.072729076860709e-06 0
6116 2.796317642409299e-05 2.039998633983582e-07 0
6117 4.17079156967806e-05 3.135300786585287e-06 0
6118 6.571088667403654e-06 6.727598006611306e-05 0
6119 6.284911442596599e-06 1.071550876107814e-06 0
6120 4.438003892646739e-05 1.863699749860278e-06 0
6121 1.463766832409954e-06 6.212170855700248e-05 0
6122 2.045501194666036e-05 1.620935110682511e-06 0
6123 3.051271519830842e-05 2.552361837522382e-07 0
6124 1.464824083726361e-05 3.553022099130731e-06 0
6125 3.326062179966464e-05 2.182603824160309e-06 0
6126 3.37248410784079e-05 2.002223091394392e-06 0
6127 3.800675788654201e-06 7.072788418693349e-07 0
6128 4.335867556774928e-05 9.575539753487862e-06 0
6129 3.094176316462451e-05 8.850340904378538e-07 0
6130 2.980990902706614e-05 5.117157233769193e-05 0
6131 2.582759274731473e-05 5.172620966886249e-07 0
6132 1.153040470157026e-05 1.165219249113671e-05 0
6133 5.849908695056079e-05 6.932891299963947e-06 0
6134 2.88015624719779e-05 3.495516755457824e-07 0
6135 2.307293090610019e-05 3.027435493462213e-06 0
6136 2.967162567714536e-05 1.021121823107686e-07 0
6137 4.327605828061426e-05 1.375662520745301e-06 0
6138 2.497657885578632e-05 1.948529646023492e-06 0
6139 5.902900827106528e-05 1.611222215874722e-06 0
6140 2.760869294416868e-05 9.550744164754109e-08 0
6141 5.593858640349661e-05 1.676389099878571e-05 0
6142 2.469537114392514e-05 6.702758220305179e-05 0
6143 1.474553711391063e-05 1.887880781697801e-06 0
6144 2.859134217957531e-05 3.32978360898527e-08 0
6145 5.859284297037116e-05 3.904832459048999e-07 0
6146 3.585948855746983e-05 2.52768230974394e-06 0
6147 4.006619768975914e-05 9.954270579228837e-07 0
6148 4.540501785881035e-05 1.275832596053263e-06 0
6149 9.006772747441688e-06 9.434150937342187e-07 0
6150 3.518745192246228e-05 1.222292305429496e-06 0
6151 4.42625060627649e-05 5.808804299142303e-07 0
6152 2.767283991525856e-05 1.383042468671508e-06 0
6153 2.309577720010057e-05 2.285002283451849e-06 0
6154 3.16135649372322e-05 5.109560911919647e-08 0
6155 8.138513192736468e-06 5.269214472807153e-05 0
6156 5.948576775716628e-05 1.60318346527185e-06 0
6157 3.899622143555715e-05 6.891122769462398e-05 0
6158 9.92958256854622e-07 3.023238871626927e-06 0
6159 2.596351712632209e-05 8.393538478203048e-07 0
6160 1.984297027960398e-05 6.370785409337719e-05 0
6161 6.327378253502295e-07 3.825097026500763e-06 0
6162 3.17792415807555e-05 3.743171133071415e-08 0
6163 1.825699881008904e-05 6.86226136701356e-05 0
6164 2.92500699432605e-05 2.21176410667861e-06 0
6165 2.980928673075353e-05 6.740208579781618e-07 0
6166 1.756393942267351e-06 2.663157665275841e-06 0
6167 8.714697512568945e-07 9.196227965963755e-06 0
6168 4.955160404165937e-05 1.988077111978559e-05 0
6169 3.481782110621126e-05 1.927776002294199e-06 0
6170 4.405256808764893e-05 5.243081249068861e-07 0
6171 5.111266957719714e-05 6.579837701481178e-05 0
6172 3.40577921715302e-05 1.231788244250223e-07 0
6173 5.735693216499977e-05 5.641667653725509e-06 0
6174 1.66985146667303e-06 3.201881806099183e-06 0
6175 2.520021763768079e-05 4.454271351143237e-06 0
6176 3.457667584368833e-05 1.168327424729351e-07 0
6177 3.465070191206955e-05 1.370790544667732e-06 0
6178 3.939509100156339e-05 3.396807094197717e-06 0
6179 5.447725813147548e-05 3.00696826475219e-06 0
6180 2.886026862121433e-05 5.834148326731605e-07 0
6181 1.842796447953944e-05 1.528310484300772e-06 0
6182 7.991891656148875e-07 2.756968218251457e-06 0
6183 5.360178223918232e-05 2.143568074645199e-06 0
6184 5.02135245111421e-05 6.787536469948392e-05 0
6185 3.07044631457475e-05 1.465758963078848e-06 0
6186 3.227671648943125e-05 3.233999615401048e-07 0
6187 4.195361482435915e-05 1.76035210697319e-06 0
6188 1.620286444328649e-05 2.596541602181788e-06 0
6189 3.671462396789232e-05 1.137498891335214e-06 0
6190 4.231417531816226e-05 2.422973304022621e-06 0
6191 1.08793490864364e-05 3.970633520297715e-06 0
6192 2.818526802172106e-05 1.326344973244673e-06 0
6193 4.954255224989244e-05 1.106948373324242e-06 0
6194 3.623858640792554e-05 1.860540337480057e-06 0
6195 3.515062866400172e-05 8.486999008527348e-07 0
6196 4.24029146465782e-05 4.065901909882643e-05 0
6197 3.066338998667448e-05 5.325244929644488e-07 0
6198 5.42491282639164e-05 3.61759696617386e-06 0
6199 2.656715136904379e-05 8.642347594452641e-07 0
6200 3.169265651145298e-05 1.118674154957881e-06 0
6201 2.474223211510633e-05 2.413311369883142e-06 0
6202 2.145083764938222e-05 2.453393107872287e-06 0
6203 9.684836074258753e-06 5.872484344197675e-06 0
6204 3.693985082677047e-05 4.494040593396895e-06 0
6205 1.899645249295498e-05 2.133092331612394e-06 0
6206 2.265821805379149e-05 2.348564213406593e-06 0
6207 2.838839651560599e-05 1.740134674585641e-06 0
6208 2.564718940439711e-05 8.464680671306608e-07 0
6209 3.025339349223236e-05 8.809366792254019e-07 0
6210 2.069296931952484e-05 1.110993793063698e-06 0
6211 4.078309432817632e-05 3.599509009438174e-06 0
6212 3.602802391793839e-05 5.30416706363253e-06 0
6213 3.078228541477655e-05 2.768481876550546e-06 0
6214 4.948626598910386e-05 2.115329953278157e-06 0
6215 2.558429398058408e-05 6.795075785248903e-06 0
6216 5.813135425308852e-06 2.233718290358314e-06 0
6217 6.443055889783548e-06 2.498775322224368e-06 0
6218 3.036288172534965e-05 3.227908955277251e-06 0
6219 2.941334350806722e-05 5.765699372751141e-07 0
6220 2.670792726313936e-05 8.457749874485534e-07 0
6221 1.607419600121765e-05 4.990783531207871e-05 0
6222 2.676673604461074e-05 4.531325872203133e-06 0
6223 2.831578834563616e-05 1.008357135952007e-07 0
6224 3.05435931625631e-05 1.862981851613653e-06 0
6225 2.125473616815746e-05 9.905053116832578e-07 0
6226 2.571746357114548e-05 6.507982915146297e-07 0
6227 4.438826159422856e-05 4.581514877988618e-06 0
6228 2.933639361686982e-05 2.659047835897878e-07 0
6229 4.803040502498263e-05 2.313745339510425e-06 0
6230 2.48793265824437e-05 1.234630541188132e-06 0
6231 3.329629403167535e-05 1.272604448630159e-06 0
6232 3.999352034964944e-05 3.378840925875095e-06 0
6233 2.234567324767519e-05 3.716703384954186e-06 0
6234 1.755346711927998e-05 1.649910222552204e-06 0
6235 2.970139326626662e-05 2.741840600419334e-07 0
6236 2.296239016011182e-05 8.371179431790199e-07 0
6237 1.628542559588195e-06 1.332993056829891e-06 0
6238 2.908471798230897e-05 8.751975488192665e-07 0
6239 3.182028045587004e-05 9.74367970212291e-07 0
6240 5.711536395632695e-05 3.548473821653186e-06 0
6241 2.950906348123165e-05 1.980608305653309e-06 0
6242 3.194493496843143e-05 1.253951948684414e-06 0
6243 3.100842355327446e-05 1.294371473931072e-07 0
6244 2.754886366446009e-05 1.525710211672409e-07 0
6245 3.255275061756489e-05 7.406001172236847e-07 0
6246 2.978701206095407e-05 9.786348493306445e-07 0
6247 2.967971102652443e-05 1.658606141817017e-06 0
6248 4.482450211706012e-05 3.912658675805317e-06 0
6249 2.594658682558931e-05 2.177466342807054e-06 0
6250 5.068849209503172e-05 6.720475330940574e-07 0
6251 3.605659026341549e-05 5.677728950464984e-07 0
6252 1.439630723653277e-06 3.354230216329767e-06 0
6253 4.838963421451089e-05 2.235130515167585e-06 0
6254 3.009757824020526e-05 1.579362399632518e-07 0
6255 5.718201173530797e-05 2.323470321470658e-06 0
6256 4.462887867811035e-05 4.514208443193108e-06 0
6257 3.116547198139357e-05 2.243424455829373e-07 0
6258 9.199126031159817e-06 1.599525460102492e-06 0
6259 4.75842302392582e-05 1.023328678976987e-06 0
6260 4.992998392027136e-05 1.116524700667692e-06 0
6261 3.02899922637675e-05 6.494242705715861e-07 0
6262 3.136390657458518e-05 6.89186396146141e-05 0
6263 3.021352888090471e-05 1.59408939060968e-07 0
6264 5.828162627770394e-06 1.577463511763674e-05 0
6265 3.092294707055546e-05 6.737744861472799e-07 0
6266 3.800676531871019e-05 4.195423364208211e-06 0
6267 2.81134487343158e-05 1.776900950459145e-07 0
6268 3.234855790976023e-05 1.875296680196373e-06 0
6269 2.73747841635881e-05 6.105609893390844e-07 0
6270 2.773663714101572e-05 2.595409914988138e-07 0
6271 5.63790980291344e-05 8.627501193783823e-06 0
6272 4.308929077291668e-05 1.253572732297371e-06 0
6273 3.232077166301982e-05 7.334824692603533e-07 0
6274 2.909029934593927e-05 1.941771957368717e-07 0
6275 3.201975478989255e-05 2.752670319902665e-08 0
6276 3.011440544788677e-05 7.224871520051674e-07 0
6277 3.222578208740329e-05 1.662990761200962e-06 0
6278 2.56290073485696e-06 1.860105537736243e-06 0
6279 4.526819911910262e-05 1.516817300935041e-06 0
6280 1.890783286583447e-05 3.175252383439664e-06 0
6281 2.828501391140796e-05 1.115768487953177e-06 0
6282 9.387294605868262e-06 3.034149292111273e-06 0
6283 3.055271867883814e-05 8.158541859153515e-07 0
6284 3.056505343048716e-05 6.933078184568696e-06 0
6285 3.097472820611758e-05 4.644052206922952e-07 0
6286 2.999887894418581e-05 1.68063061820277e-07 0
6287 5.035489872630731e-05 2.363585526077812e-06 0
6288 4.342306357421693e-05 1.178579697804794e-06 0
6289 2.563988279564717e-05 7.740047496335041e-08 0
6290 9.652197444418613e-06 1.821222778364049e-06 0
6291 3.597105700477973e-05 2.185069063008804e-06 0
6292 4.694275310958292e-05 4.517888732917386e-06 0
6293 6.127305909474573e-06 1.255820715626598e-06 0
6294 8.555195017079922e-06 4.432739000948946e-06 0
6295 8.872817531119852e-06 4.420381715624798e-06 0
6296 4.822364258900558e-05 3.566918322696795e-05 0
6297 1.757769181343236e-06 1.996983224066969e-06 0
6298 4.111629048213571e-05 5.111568969832762e-06 0
6299 5.520435324640317e-05 4.920255196928207e-06 0
6300 4.420422419976173e-05 2.139628606406373e-06 0
6301 2.944752435240663e-05 1.10509903415828e-06 0
6302 2.800114507818301e-05 2.21613860224572e-07 0
6303 3.078706669744274e-05 1.813353638426224e-07 0
6304 5.980500854598614e-06 9.022143826231937e-07 0
6305 2.542922951212843e-05 4.104172117627357e-07 0
6306 2.53788295807562e-05 2.817141531416712e-07 0
6307 3.323085349243785e-05 6.44053395870886e-05 0
6308 3.359945080480391e-05 1.100945503163977e-06 0
6309 3.095603630260982e-05 1.300501367887678e-06 0
6310 2.869757535693302e-05 6.693215809160001e-07 0
6311 3.128642669832779e-05 6.263642333909822e-07 0
6312 9.143491441142171e-06 4.18913078098618e-06 0
6313 3.862355980938589e-05 1.069944011299629e-06 0
6314 3.151552447214697e-05 1.130609554021481e-06 0
6315 5.219691687859183e-05 6.144723447147803e-06 0
6316 4.571996163159527e-05 5.348710275131344e-06 0
6317 5.482948450379604e-05 1.045815940410925e-06 0
6318 5.775429091833872e-05 4.40226200488357e-05 0
6319 2.72605719074295e-05 5.945020410720826e-08 0
6320 3.012782908816163e-05 4.27272008581948e-08 0
6321 5.80263117179883e-05 3.083527524373568e-06 0
6322 2.901460272355529e-05 5.602053722874064e-07 0
6323 3.346255946322485e-05 1.722682492555459e-06 0
6324 4.770778299833676e-05 4.003741369510043e-06 0
6325 3.121968713365466e-05 1.192383630917534e-06 0
6326 5.900762203496033e-05 2.236990957143506e-06 0
6327 3.797158161952258e-05 3.361627509418449e-06 0
6328 3.087842975844457e-05 7.169313996041427e-08 0
6329 7.156839695686045e-06 3.26445386406321e-06 0
6330 4.351689929824646e-05 2.769159424192648e-07 0
6331 2.982119700239647e-05 9.252409543083543e-07 0
6332 2.353851307905103e-05 5.292713707890256e-06 0
6333 6.065263936186548e-06 4.448291835733624e-06 0
6334 1.05219505058191e-05 3.883035796302379e-06 0
6335 4.855854443627803e-06 4.295807590472787e-06 0
6336 2.768005546713989e-05 1.96026893056087e-07 0
6337 3.041384328094068e-05 4.692636092981531e-07 0
6338 2.642211771175506e-05 7.293204090920786e-08 0
6339 5.327674126514686e-05 2.589924378934041e-06 0
6340 1.568961980386264e-07 8.405148817841454e-07 0
6341 2.88958121000021e-05 2.25638766538179e-07 0
6342 8.80542140129753e-06 2.912958102361109e-06 0
6343 5.428187330592483e-05 1.302349498008913e-06 0
6344 3.039751662730662e-05 2.781163114917418e-07 0
6345 5.565160929088993e-05 6.038031036084392e-07 0
6346 3.16135812943422e-05 1.4087548930945e-07 0
6347 4.553100934939165e-05 9.764644751191232e-07 0
6348 4.824284692579348e-05 1.464680400105583e-06 0
6349 3.187237524911051e-05 1.068568948679109e-06 0
6350 1.997695054630044e-05 4.048484144985818e-06 0
6351 3.510826519431282e-05 1.446089687406522e-06 0
6352 5.90066374561463e-05 3.770582876902317e-06 0
6353 3.195659141811774e-05 3.669483892725851e-07 0
6354 3.659398285936805e-05 1.276251993226335e-06 0
6355 5.979715724297852e-05 1.985304768948599e-06 0
6356 2.241072474827407e-07 4.559177678345031e-07 0
6357 8.17981255064515e-06 2.885931356752101e-06 0
6358 2.725085902886873e-05 5.264372917999717e-07 0
6359 2.763788861489222e-05 9.477629264943223e-07 0
6360 1.334036316304116e-05 2.50908984139188e-06 0
6361 5.466830853670102e-05 2.476360789094829e-06 0
6362 2.457504992819179e-05 3.226229689225917e-06 0
6363 3.3507289565579e-05 5.433765794029613e-07 0
6364 3.659248687104249e-05 6.894955820105056e-05 0
6365 1.006126723665822e-06 7.29934463766009e-07 0
6366 2.959316958285119e-05 2.168693350566364e-07 0
6367 1.25118824731477e-05 1.032538229087869e-06 0
6368 3.443982712425717e-05 2.259763967175831e-06 0
6369 2.931912282221259e-05 8.056244121429048e-08 0
6370 3.426007616000261e-05 4.012899011981565e-06 0
6371 3.482043450195944e-06 1.194931670639834e-06 0
6372 3.261274012497175e-05 3.013566033154369e-06 0
6373 8.488482052852082e-06 3.181359082634313e-06 0
6374 1.272027479957197e-05 4.898896095746457e-05 0
6375 3.416173816828247e-05 6.656277079274612e-05 0
6376 2.89452483690218e-05 5.405957660266882e-07 0
6377 2.662995416605229e-05 9.17295880082937e-08 0
6378 2.046811842214489e-05 5.958257439385269e-07 0
6379 5.294420740628125e-05 3.54468504801606e-06 0
6380 5.410947148654813e-05 6.889180230001819e-06 0
6381 4.629342103721854e-05 3.07842326293166e-06 0
6382 3.394100209708094e-05 1.375498764409126e-06 0
6383 3.791117122288792e-05 7.019343500936136e-07 0
6384 4.340932947602385e-05 3.524200846584817e-06 0
6385 6.078853700750316e-06 3.618066946119599e-06 0
6386 1.024676297367779e-05 6.52474405737359e-06 0
6387 2.627649043746799e-05 7.247460923715378e-07 0
6388 4.455104940081912e-05 2.575289117932736e-07 0
6389 3.051669498739555e-05 1.657806521402415e-06 0
6390 1.741302008790939e-06 3.573639017893075e-06 0
6391 3.7990478282478e-05 3.760528775878903e-06 0
6392 3.389263011426184e-05 2.560633846749045e-06 0
6393 2.681376802541709e-05 1.39592530032498e-06 0
6394 6.065114742686998e-06 3.136405502293948e-06 0
6395 4.000780201043799e-05 3.774774483210036e-06 0
6396 3.544871736182552e-05 2.054759610842261e-07 0
6397 4.288853676580586e-05 2.28295986461682e-06 0
6398 3.071963769364481e-05 1.054312457106151e-06 0
6399 2.96864228859138e-05 4.548973904074326e-07 0
6400 4.415986208981896e-05 3.115498185130717e-06 0
6401 2.906937398346598e-05 7.884282382526904e-07 0
6402 2.713017623616204e-05 3.424405526936979e-07 0
6403 4.101003488540029e-06 3.180812231737835e-06 0
6404 4.434682209304763e-05 2.769294448172991e-06 0
6405 2.645246245525334e-05 4.136028905785904e-07 0
6406 3.755511374569453e-05 1.624889527324994e-06 0
6407 3.17938232643232e-05 3.636733063068096e-07 0
6408 5.278204611530646e-05 4.503190481357862e-06 0
6409 7.278316453116219e-07 3.299414602075141e-06 0
6410 4.252271564513055e-05 7.224016747463169e-07 0
6411 1.042752514056627e-05 7.761914466633619e-07 0
6412 2.423143747920111e-05 5.988142632370916e-07 0
6413 3.015756057963793e-05 1.253268968710116e-06 0
6414 5.046910502993614e-05 3.745227000948454e-06 0
6415 3.172994971511554e-05 1.42196734169289e-07 0
6416 2.816454722682816e-05 3.286915719274467e-08 0
6417 3.187335745686365e-05 2.470929094517555e-06 0
6418 3.712209832144411e-07 1.051382421483081e-06 0
6419 2.970427610114959e-05 1.624200403819019e-07 0
6420 2.442860806319969e-05 1.68898447328683e-07 0
6421 5.855146179010642e-05 2.490405726358949e-06 0
6422 1.92917551362381e-05 2.453380567032445e-06 0
6423 2.864005596280015e-05 3.324960102372228e-07 0
6424 5.531827488166905e-05 3.751566916785406e-06 0
6425 3.77215172055164e-05 2.094626684727686e-06 0
6426 4.063229734832568e-05 4.060470138686111e-06 0
6427 4.331037488364868e-05 3.157281282214442e-06 0
6428 4.123282484172184e-05 4.447009591857805e-06 0
6429 2.834084634953503e-05 7.518435814316477e-07 0
6430 4.402403979692227e-07 2.897576218664887e-06 0
6431 5.605117607822643e-05 3.232725222389178e-06 0
6432 5.294817319313101e-05 4.691947847453645e-05 0
6433 3.10171234555382e-05 8.246162347953285e-07 0
6434 2.561296672969092e-05 4.747251262321805e-07 0
6435 2.659764174020135e-05 1.538400272144062e-06 0
6436 5.08977902816581e-05 4.394513874704811e-06 0
6437 2.905197413894327e-05 3.608151247656788e-07 0
6438 2.80529240141748e-05 5.164153375079686e-07 0
6439 4.910026187854255e-05 2.032653806862186e-06 0
6440 5.8528052992535e-05 2.085949843585288e-06 0
6441 3.083051655568901e-05 8.737244226765663e-07 0
6442 4.170602005945339e-05 5.517428135147882e-07 0
6443 2.123384072734272e-05 2.295303856122173e-06 0
6444 2.481748439714971e-05 2.953394444531219e-06 0
6445 2.803259753639076e-05 1.190682367679704e-07 0
6446 5.905758307237311e-05 1.177829163504903e-06 0
6447 5.92473693818416e-05 1.241994657165729e-06 0
6448 3.455307242213989e-05 3.693675780239555e-06 0
6449 4.105849509070675e-05 2.144028747616078e-06 0
6450 5.593632808433826e-05 5.847361918249746e-05 0
6451 2.439014262978696e-05 5.313337949967458e-06 0
6452 3.377828479451423e-05 9.191229295962966e-08 0
6453 4.242311809162141e-05 5.748652211309964e-05 0
6454 4.975973797890924e-05 1.502578474685596e-06 0
6455 2.663777409944762e-05 4.788072267749616e-07 0
6456 2.09261971626101e-05 2.588418715954219e-06 0
6457 3.073074490778873e-05 5.625747283602195e-07 0
6458 5.629377882435204e-05 1.419280071715543e-06 0
6459 2.915256463917057e-05 5.153830306589389e-07 0
6460 5.363737167964303e-05 4.29992659318445e-06 0
6461 2.618777463406439e-05 1.438506189236498e-06 0
6462 2.867667154998688e-05 7.680799684056007e-07 0
6463 2.826848240944957e-05 8.653793651078357e-07 0
6464 5.056419247003016e-05 8.490797444220211e-07 0
6465 7.143427971691879e-06 1.552479498613425e-06 0
6466 1.313048016400457e-05 1.383752873497373e-06 0
6467 5.422164098312809e-05 1.039017357954075e-06 0
6468 2.967825536970897e-05 2.179404588447696e-07 0
6469 3.041474115774077e-05 3.579587531739544e-08 0
6470 2.796419968832524e-05 1.131159530614386e-07 0
6471 5.406295801066232e-05 1.383500714186506e-06 0
6472 2.829865181325986e-05 1.275184523720477e-06 0
6473 3.367357949137633e-06 2.749149252248511e-06 0
6474 2.800298584317349e-05 2.821950183564705e-07 0
6475 3.667136401699528e-05 1.41728840303147e-06 0
6476 2.994028259293849e-05 4.638284488636407e-07 0
6477 3.452166494834553e-05 1.594737348890658e-06 0
6478 2.808020706593698e-05 3.773395817845637e-07 0
6479 3.361475317917247e-05 1.423815312684838e-06 0
6480 2.664930927831061e-05 1.218688762079802e-06 0
6481 1.045447029298517e-05 3.566904833622538e-06 0
6482 2.910750660571057e-05 5.370195282725988e-07 0
6483 4.30685051642182e-05 4.065596738954116e-06 0
6484 5.456165480692321e-05 6.234881058458719e-06 0
6485 2.784973489058171e-05 2.781577930937112e-07 0
6486 2.910417933398739e-05 3.212971737727144e-06 0
6487 2.824873985697423e-05 2.418086742813574e-06 0
6488 4.078134232817963e-05 2.7237536790727e-06 0
6489 3.026817183529477e-05 1.145919292865356e-06 0
6490 3.53054997160774e-05 1.594827733322027e-06 0
6491 1.43562268821676e-06 2.502203519080296e-06 0
6492 3.037559078832991e-05 9.121537798411627e-07 0
6493 2.736418120209797e-05 7.668797335764551e-07 0
6494 2.322319145283279e-05 3.483341279187653e-06 0
6495 5.597491774172086e-05 2.85481671129795e-06 0
6496 2.090719930380397e-05 6.905287536027364e-05 0
6497 4.564744256059427e-05 6.861575614518081e-06 0
6498 2.990098900477063e-05 2.471398163231368e-07 0
6499 2.213245400577137e-05 3.55806465278514e-06 0
6500 2.868072460610012e-05 1.666332289120649e-06 0
6501 2.801081980902845e-05 1.233424667071065e-07 0
6502 4.360990154252354e-05 1.929599906572605e-05 0
6503 3.019595791112016e-05 4.267665703493847e-07 0
6504 4.588037977547981e-05 5.913711919682354e-06 0
6505 2.574191805360919e-05 5.624326861932806e-05 0
6506 4.319461559388516e-05 6.887898906069218e-06 0
6507 2.580873219818814e-05 4.179175285046339e-06 0
6508 8.284098063192611e-06 3.316255975012223e-06 0
6509 3.238930638328731e-05 6.21231952768733e-07 0
6510 2.240078526462445e-05 5.36070471941237e-07 0
6511 2.222902387453169e-05 3.559480563071088e-07 0
6512 4.395408224462405e-05 6.200618547118831e-06 0
6513 3.324988856352065e-05 1.81434492257135e-06 0
6514 3.411177125166508e-05 2.896461898392256e-06 0
6515 3.930158211669112e-07 1.32865215168509e-06 0
6516 2.481722731139966e-05 1.601497137792391e-07 0
6517 5.41127262244304e-05 2.053929925801016e-05 0
6518 4.661520141964441e-05 3.622821749776732e-06 0
6519 3.486412052338509e-05 5.334933590399922e-05 0
6520 3.359078933608281e-05 1.929170080212437e-06 0
6521 3.137407122143485e-05 1.06072193543792e-06 0
6522 2.612246640694538e-05 8.784084854734732e-06 0
6523 2.472177117545786e-05 8.889996622979326e-06 0
6524 3.097593885012569e-05 3.665980954438213e-07 0
6525 4.694122370324308e-05 5.139926106609038e-06 0
6526 3.994332212642533e-05 3.01390530292853e-05 0
6527 3.755277665830954e-05 2.976087100876214e-06 0
6528 5.042251899172094e-05 1.739064822084138e-06 0
6529 3.098521193439176e-05 1.731600850768631e-07 0
6530 2.965222501250399e-05 1.081347141616888e-06 0
6531 2.937851863964691e-05 5.892910239554529e-08 0
6532 2.940033650859018e-05 3.839777750969165e-08 0
6533 6.120530852649353e-06 2.742214396416572e-06 0
6534 2.85725781745738e-06 1.967669673626444e-06 0
6535 4.281645173265457e-05 1.095330622855667e-06 0
6536 2.161671992906878e-05 1.751928913535577e-06 0
6537 2.618671433694852e-05 4.616632267129361e-07 0
6538 1.308042032660386e-07 1.783832489945916e-06 0
6539 6.258929277968628e-07 5.348693192023237e-06 0
6540 3.110143717507989e-05 6.601507488115286e-05 0
6541 1.829041552555909e-05 2.865001522318874e-06 0
6542 3.411773629306999e-05 1.276482715673543e-06 0
6543 2.886935250214541e-05 3.919013647613805e-07 0
6544 3.702883623049548e-06 4.586956067325126e-06 0
6545 3.2969052300193e-05 1.572376648040411e-06 0
6546 5.667481236218808e-05 1.350953227233147e-05 0
6547 3.440479215205329e-05 8.537804117773381e-07 0
6548 4.760850896920218e-05 5.075111184234532e-06 0
6549 3.446808795484104e-05 8.163367199742341e-08 0
6550 1.167133348106431e-05 8.213479295058338e-06 0
6551 5.625549172365688e-05 7.963768073415532e-07 0
6552 3.113127680847382e-05 7.224179754615167e-07 0
6553 1.600490427324974e-05 1.199295677772817e-06 0
6554 2.896615553574813e-05 1.340341738367492e-07 0
6555 4.858617352531837e-05 1.342691681042538e-06 0
6556 4.677521306412215e-05 2.735010307009022e-06 0
6557 3.438759673419261e-05 2.659085277055513e-07 0
6558 3.616227593020152e-05 4.744953924558308e-06 0
6559 1.692044616784085e-05 1.200427256799352e-05 0
6560 1.102375493584979e-05 4.318805040802853e-06 0
6561 1.290676872107866e-05 2.152180076225674e-06 0
6562 1.269714257166421e-05 4.353282576451179e-05 0
6563 4.995904405087603e-05 8.87614891850948e-07 0
6564 4.991344905455409e-05 2.96396373881445e-06 0
6565 3.557009489927402e-05 4.838068538744077e-05 0
6566 1.486319201232208e-05 4.230596285732332e-06 0
6567 9.984672072580616e-06 9.054320542394988e-07 0
6568 2.721081126068452e-05 1.917857734208219e-06 0
6569 5.360373610676838e-05 1.13338663402308e-06 0
6570 3.127020533945741e-05 1.125215958205311e-06 0
6571 1.735304893208112e-05 2.655339552386771e-06 0
6572 7.588529258836572e-06 2.152975323588122e-06 0
6573 4.330064349320108e-05 1.068039438719811e-06 0
6574 3.101536360424185e-05 2.856953158525172e-07 0
6575 4.595421027560678e-05 4.539042559943539e-06 0
6576 2.962748452406336e-05 1.015655669797301e-06 0
6577 8.427855808881057e-06 3.453126849448404e-07 0
6578 2.975832188122303e-05 1.231759426782415e-07 0
6579 3.460709180684068e-05 2.416728344262279e-06 0
6580 3.082560047674306e-05 2.496903599022036e-07 0
6581 4.508948728482713e-05 1.316501784147628e-06 0
6582 3.421483323919872e-05 2.68550018595667e-06 0
6583 2.508988360741983e-05 3.839478758548106e-07 0
6584 5.004964508036553e-05 1.834049341155132e-06 0
6585 1.391134669050371e-06 2.275699319442695e-07 0
6586 3.853538135323598e-05 3.827861056831807e-06 0
6587 1.538498027404489e-05 6.174536622714488e-06 0
6588 4.339800775941091e-05 3.75367038887434e-06 0
6589 2.750344836771891e-05 1.261263465853523e-07 0
6590 3.15318068452946e-05 1.184285022761784e-05 0
6591 3.518336190992061e-05 4.435984314280551e-06 0
6592 2.749782439382564e-05 2.308547239499987e-06 0
6593 5.318788310429377e-05 6.040635821465248e-05 0
6594 2.185266781982415e-06 3.642148582577316e-06 0
6595 5.90161598792211e-05 1.495868983351321e-05 0
6596 2.856197366651744e-05 1.524632321417613e-07 0
6597 2.905648196050482e-05 4.532103377225554e-07 0
6598 3.605625303143675e-05 9.704463526306121e-07 0
6599 3.895598127181907e-05 1.729614077522068e-06 0
6600 5.464326480302507e-05 2.618969676759101e-05 0
6601 2.817382491096487e-05 6.17000045168044e-07 0
6602 2.986755545408917e-05 1.252152552666961e-06 0
6603 2.967561555650799e-05 8.89699959004645e-07 0
6604 2.38577544884278e-05 2.737801802584868e-06 0
6605 6.488797250282348e-06 5.089346288052532e-06 0
6606 3.214588049560624e-05 1.309864215077123e-07 0
6607 2.401615202950803e-05 6.887301921923643e-05 0
6608 2.875843747165697e-05 9.026064041753786e-08 0
6609 4.211233751448785e-05 3.195436638914491e-06 0
6610 3.66581581356535e-05 7.484181481844402e-07 0
6611 3.091103723938801e-05 3.108671409637522e-07 0
6612 3.885537169677048e-05 3.947909688869046e-06 0
6613 8.644324144856681e-06 1.932919643462648e-06 0
6614 5.797260313968562e-05 1.36196911729803e-06 0
6615 5.312030792872942e-05 3.888178935611392e-06 0
6616 4.294982491975936e-05 6.922627263642223e-07 0
6617 5.527737495481439e-05 1.389030061447446e-06 0
6618 2.366845678459376e-05 3.680436687348413e-06 0
6619 2.186146540581109e-05 2.057636825433527e-06 0
6620 5.224183324151379e-05 2.871273969828598e-06 0
6621 5.328376301127241e-05 3.987035605374841e-06 0
6622 2.867677619209601e-05 8.256955280305916e-07 0
6623 1.494049581982081e-05 8.295219391563658e-07 0
6624 5.839969815810274e-05 4.379135821629672e-06 0
6625 2.834148441092401e-05 3.537050404027059e-07 0
6626 2.931094577255553e-05 4.172259309259622e-07 0
6627 2.973159187631481e-05 5.012065962246482e-07 0
6628 3.927544092397815e-05 1.44119342526081e-06 0
6629 3.889915777104889e-05 4.38675021817056e-06 0
6630 3.018345935406365e-05 1.345519871264901e-06 0
6631 2.831030024136332e-05 6.434245822153342e-07 0
6632 5.338304393942861e-05 5.839719849054117e-06 0
6633 4.488490290483738e-05 2.988838328991882e-06 0
6634 2.961630043257276e-05 -2.378349420928235e-06 0
6635 3.094367000756836e-05 -1.779649495366222e-06 0
6636 2.884061609063294e-05 -1.594888089969459e-06 0
6637 3.015060169736529e-05 -4.72938068428718e-06 0
6638 3.168377562643709e-05 -1.058492127589682e-06 0
6639 3.082725573369084e-05 -3.220287166321397e-06 0
6640 2.967591086217388e-05 -1.335851088489882e-06 0
6641 2.992119747143415e-05 -7.970569976682319e-06 0
6642 2.836725191376243e-05 -1.142764668462732e-06 0
6643 2.876360228835758e-05 -2.538773544057176e-06 0
6644 2.979401155389504e-05 -6.583244570069015e-06 0
6645 3.189777241568353e-05 -8.18770299720063e-07 0
6646 3.060012689255777e-05 -1.140745969512271e-06 0
6647 2.902604590278065e-05 -3.816368077369317e-06 0
6648 3.151154140408986e-05 -1.719333757597598e-06 0
6649 3.155446383414837e-05 -2.566502299568086e-06 0
6650 3.105876800756259e-05 -1.092910521948782e-06 0
6651 3.026229018978288e-05 -2.031736765098572e-06 0
6652 2.824986769593469e-05 -1.540881903499765e-06 0
6653 2.889848343866599e-05 -9.006078376619019e-07 0
6654 2.88649630978859e-05 -4.782822714174857e-06 0
6655 2.81461238828462e-05 -9.003487297723923e-07 0
6656 3.123842893584866e-05 -4.253606046459511e-06 0
6657 2.991522413678805e-05 -3.42165786828178e-06 0
6658 3.088730086777866e-05 -5.587141157817404e-06 0
6659 2.944125381207822e-05 -9.328623579491438e-06 0
6660 3.070057559320601e-05 -9.270459527068709e-06 0
6661 3.012200782230285e-05 -9.330286795305298e-07 0
6662 2.934607072094948e-05 -9.693570167671437e-07 0
6663 3.098176191609722e-05 -7.030613275776454e-06 0
6664 3.084573985457648e-05 -2.417088026489836e-06 0
6665 3.202779141672749e-05 -1.067192808886222e-06 0
6666 2.844237332985395e-05 -8.011355136449905e-07 0
6667 2.801366543941453e-05 -1.215138566593288e-06 0
6668 2.80648532841728e-05 -1.926241507882663e-06 0
6669 2.93508357109487e-05 -1.755567366637389e-06 0
6670 2.844314624647758e-05 -3.197421166651525e-06 0
6671 2.874401238101848e-05 -8.47152443127933e-06 0
6672 3.190733428068697e-05 -1.451486739756614e-06 0
6673 3.138371311142133e-05 -8.373863481346661e-07 0
6674 3.166656248128326e-05 -7.429297550888823e-07 0
6675 3.162052790792152e-05 -3.249114733888162e-06 0
6676 3.125788201583828e-05 -8.311257163744285e-06 0
6677 3.133632499228359e-05 -1.333562569306251e-06 0
6678 2.836683104942883e-05 -3.984434738814055e-06 0
6679 2.851167156382217e-05 -1.88177121091048e-06 0
6680 3.012968666625877e-05 -1.389616947272976e-06 0
6681 2.91303233048018e-05 -1.291734200757606e-06 0
6682 2.930609663780905e-05 -3.031943394215628e-06 0
6683 2.970354336308927e-05 -8.47647356957511e-07 0
6684 2.875281644077408e-05 -7.250913420070717e-06 0
6685 3.179915846688616e-05 -1.942726813902216e-06 0
6686 2.893398770070756e-05 -2.015718730825744e-06 0
6687 3.05473467939634e-05 -7.683380993344947e-07 0
6688 2.855803939160665e-05 -9.639319965004914e-06 0
6689 3.159599637882838e-05 -9.714003412287397e-06 0
6690 2.821387889713835e-05 -2.454875122715102e-06 0
6691 3.044361747260396e-05 -3.922201103074348e-06 0
6692 2.875584508194378e-05 -6.067454178796404e-06 0
6693 3.09181092446846e-05 -8.065634898217022e-07 0
6694 2.852788605391842e-05 -1.470887935572459e-06 0
6695 2.795998383603512e-05 -7.100233550183033e-07 0
6696 3.012881783087001e-05 -2.750177106889241e-06 0
6697 2.98070047723474e-05 -1.778224317685411e-06 0
6698 3.206658094779837e-05 -6.842782174129947e-07 0
6699 3.132161128239182e-05 -2.07976155801581e-06 0
6700 2.962327939910764e-05 -5.512096676512305e-06 0
6701 3.089119855443253e-05 -1.38814729374001e-06 0
6702 2.792395463165917e-05 -9.276884059505275e-07 0
6703 2.817210970331443e-05 -6.823015196871372e-07 0
6704 3.051710287219036e-05 -1.593867912566524e-06 0
6705 2.968199391503178e-05 -4.069392972807594e-06 0
6706 2.870115568860592e-05 -1.200336374344858e-06 0
6707 3.009133886086119e-05 -9.741749175257403e-06 0
6708 3.209842895604187e-05 -8.475661618914897e-07 0
6709 2.794471486928052e-05 -1.575289518819353e-06 0
6710 2.798677403833302e-05 -2.615552403047441e-07 0
6711 3.20371627060317e-05 -2.139456922384114e-07 0
6712 2.819390191069991e-05 -1.997131034253845e-07 0
6713 2.785090948647468e-05 -9.967272805141229e-08 0
6714 3.184372375681165e-05 -1.776438105526872e-07 0
6715 2.837082174388292e-05 -1.618835821383685e-07 0
6716 2.861312140835087e-05 -2.34321475589722e-07 0
6717 2.885845139503771e-05 -2.946067359259192e-07 0
6718 2.909005887647734e-05 -2.739768527757913e-07 0
6719 2.938646472965056e-05 -2.537339939761486e-07 0
6720 2.963611854872441e-05 -2.695015060525459e-07 0
6721 2.807500456620927e-05 -1.356759996140507e-07 0
6722 3.167278682851612e-05 -1.78001660153901e-07 0
6723 3.140711443298074e-05 -2.619668895745964e-07 0
6724 3.123147165407752e-05 -2.039799511720269e-07 0
6725 3.09747160268664e-05 -3.193427634115418e-07 0
6726 3.073516938918985e-05 -2.305484122690758e-07 0
6727 3.049651964873142e-05 -2.680003188553918e-07 0
6728 3.024825724716227e-05 -2.403055652233199e-07 0
6729 2.996046557987372e-05 -2.399874990820457e-07 0
6730 3.107228647224362e-05 -1.434037188176549e-07 0
6731 3.096320236061376e-05 -1.16890426735824e-07 0
6732 2.89833468453611e-05 -1.51530904277935e-07 0
6733 2.887099421760739e-05 -1.466861893689312e-07 0
6734 2.853610021238255e-05 -1.2753039587921e-07 0
6735 2.980365751295213e-05 -2.001762276039837e-07 0
6736 3.197600241345844e-05 -1.240925652737894e-07 0
6737 2.800707388430962e-05 -9.002654791313233e-08 0
6738 2.873460688756123e-05 -1.498940029595923e-07 0
6739 3.209782526755221e-05 -1.273675979436281e-07 0
6740 3.147462665857468e-05 -1.517780393593196e-07 0
6741 3.082184120838609e-05 -1.32597581897886e-07 0
6742 2.944862521176004e-05 -1.372249822777481e-07 0
6743 2.918502826389382e-05 -1.197151643118823e-07 0
6744 3.055854386941095e-05 -1.40006387871858e-07 0
6745 3.005151374154808e-05 -1.454403108789158e-07 0
6746 3.041257780498188e-05 -1.484534777132126e-07 0
6747 3.112830850810005e-05 -2.996933044118638e-07 0
6748 2.991847709377306e-05 -1.338047705153961e-07 0
6749 2.826814401028173e-05 -1.014301000066532e-07 0
6750 2.845935742499172e-05 -3.725655518087509e-07 0
6751 2.831221840573276e-05 -3.468941828778157e-07 0
6752 2.811218020663347e-05 -3.590787779663179e-07 0
6753 3.113349812856783e-05 -7.622486633359527e-08 0
6754 2.90910190868006e-05 -1.136373472926185e-07 0
6755 3.13391933355197e-05 -1.506103788592484e-07 0
6756 2.848306724035859e-05 -2.712851731747886e-07 0
6757 3.21370114268576e-05 -3.085105791034269e-07 0
6758 2.807186092513048e-05 -6.600084396178586e-08 0
6759 2.815616726138899e-05 -1.059064874532487e-07 0
6760 3.177395867554261e-05 -3.331744377659931e-07 0
6761 3.190459037718008e-05 -3.567649820127477e-07 0
6762 3.175546219126028e-05 -1.071557815806869e-07 0
6763 3.216421793573486e-05 -7.38842095985478e-08 0
6764 2.789569128018571e-05 -2.266057807065455e-07 0
6765 2.788813647620021e-05 -3.495986084318739e-07 0
6766 2.971722406050903e-05 -9.309270891269925e-08 0
6767 3.100948496500003e-05 -6.211130155726153e-08 0
6768 3.128812356303046e-05 -3.123823210648213e-07 0
6769 2.892239697799481e-05 -7.921282959298324e-08 0
6770 3.089510629696994e-05 -7.640367083604651e-08 0
6771 2.931239172009751e-05 -1.505660671356183e-07 0
6772 2.956338362671524e-05 -1.605224139677612e-07 0
6773 3.024098573876232e-05 -1.145854049876375e-07 0
6774 3.152627863062486e-05 -2.703329958166896e-07 0
6775 2.843946473584422e-05 -9.990922977256903e-08 0
6776 3.184671457125273e-05 -8.327034452469719e-08 0
6777 2.900281578242188e-05 -7.673944446573643e-08 0
6778 2.879189131572722e-05 -8.064810612563612e-08 0
6779 2.869235082162856e-05 -2.637709571989718e-07 0
6780 3.214679663174287e-05 -2.10673691901307e-07 0
6781 3.067004989334896e-05 -1.231994804299026e-07 0
6782 3.048466697408209e-05 -7.836889174567648e-08 0
6783 3.191930602486838e-05 -6.725086259621102e-08 0
6784 3.203275084796974e-05 -6.897355590935446e-08 0
6785 2.860885315293389e-05 -7.127319359439049e-08 0
6786 2.886651926310569e-05 -5.5333062266853e-08 0
6787 3.013794147017615e-05 -8.396105802367718e-08 0
6788 2.982624971378421e-05 -8.102345482981682e-08 0
6789 2.795272377302847e-05 -5.076890446895102e-08 0
6790 3.155814792882797e-05 -8.252840480896064e-08 0
6791 2.898749732792964e-05 -2.782845889956447e-07 0
6792 3.034116516863564e-05 -8.121779850094493e-08 0
6793 2.779900295798069e-05 -4.590271894559533e-08 0
6794 3.106227415832309e-05 -6.802774193930061e-08 0
6795 3.095713426299093e-05 -5.10810798258264e-08 0
6796 3.123061907273868e-05 -9.384616010583359e-08 0
6797 2.92317131865072e-05 -2.799814874986978e-07 0
6798 3.213887322854388e-05 -4.021533438598386e-07 0
6799 2.839487762213868e-05 -2.708904288006933e-07 0
6800 2.792106276985003e-05 -1.272459444184838e-07 0
6801 3.164962334631687e-05 -8.807269034065379e-08 0
6802 2.998355645794651e-05 -6.675310084699222e-08 0
6803 2.856829187217854e-05 -3.125467065768743e-07 0
6804 2.809566715379403e-05 -2.36759484292101e-07 0
6805 3.140711443298074e-05 -7.56006725442058e-08 0
6806 2.789402004734817e-05 -5.276699041016828e-08 0
6807 2.829075762833109e-05 -2.262199907157791e-07 0
6808 3.010554437061914e-05 -3.003644491267753e-07 0
6809 2.952251400033106e-05 -6.987596082087107e-08 0
6810 3.063111056007726e-05 -2.475025387464987e-07 0
6811 3.090671537173466e-05 -1.92709242625629e-07 0
6812 3.083293168622344e-05 -3.061694744250264e-07 0
6813 3.175363202351423e-05 -2.286011771528533e-07 0
6814 2.803414579270048e-05 -4.169893201591658e-08 0
6815 2.95027959576304e-05 -2.641965792548407e-07 0
6816 2.911917422856321e-05 -5.614581979477098e-08 0
6817 3.197493530343153e-05 -5.206339675587097e-08 0
6818 3.036281884111012e-05 -2.367604774016724e-07 0
6819 2.813345589875178e-05 -4.341827819678907e-08 0
6820 3.209642852681546e-05 -5.404507269030607e-08 0
6821 2.852490484166275e-05 -5.810909880005805e-08 0
6822 3.075145898616817e-05 -8.342183716758717e-08 0
6823 2.936535208513428e-05 -7.179006024502551e-08 0
6824 3.164925151114882e-05 -2.760463769162335e-07 0
6825 2.782851689449769e-05 -1.72703866455239e-07 0
6826 2.799813501326235e-05 -1.727697223186298e-07 0
6827 2.925769937944476e-05 -7.302411405494128e-08 0
6828 2.918636508442247e-05 -4.977701963231891e-08 0
6829 3.193386186329345e-05 -2.171348981696396e-07 0
6830 2.904710060870317e-05 -4.954910829196192e-08 0
6831 2.87016008928968e-05 -6.750435995401501e-08 0
6832 3.099608774164554e-05 -1.92549307907269e-07 0
6833 3.061094722017727e-05 -6.888156739741379e-08 0
6834 2.94472845920379e-05 -5.807703381182135e-08 0
6835 3.082022076379459e-05 -5.848461798030394e-08 0
6836 3.005903607130025e-05 -6.22065017408195e-08 0
6837 3.148150612623523e-05 -6.349221444783691e-08 0
6838 2.836003362235508e-05 -7.778493809727455e-08 0
6839 3.041379996027483e-05 -6.160803359196679e-08 0
6840 2.990652765741531e-05 -5.631626523844104e-08 0
6841 2.87983612064177e-05 -1.849865045440178e-07 0
6842 3.055197654849228e-05 -5.745136940298965e-08 0
6843 3.218178408287658e-05 -1.375499752392978e-07 0
6844 3.203202536049686e-05 -3.33084915897344e-07 0
6845 2.820535883542332e-05 -2.982642181496051e-07 0
6846 2.820728790110526e-05 -4.00848223132904e-07 0
6847 3.13179950944378e-05 -6.102255239417217e-08 0
6848 2.863734352202583e-05 -1.580191789212571e-07 0
6849 3.101738671878868e-05 -1.26426564927292e-07 0
6850 3.114360821975177e-05 -1.755336938527335e-07 0
6851 3.016069642464455e-05 -1.767947753418667e-07 0
6852 2.89637117915981e-05 -4.847587158095103e-08 0
6853 2.893149464569545e-05 -1.372419978260488e-07 0
6854 3.13164757464021e-05 -2.322348851676732e-07 0
6855 2.80155071066267e-05 -3.61706243935968e-07 0
6856 2.905510387055822e-05 -1.830445818211002e-07 0
6857 2.961616690138438e-05 -8.279348494540324e-08 0
6858 2.84621223599984e-05 -1.885544923916905e-07 0
6859 2.913058465684743e-05 -1.94071086740018e-07 0
6860 2.799604231828824e-05 -3.269301803781048e-08 0
6861 3.157439499032573e-05 -1.755712646789654e-07 0
6862 2.819145920032469e-05 -4.771819914157785e-08 0
6863 2.893304414949171e-05 -2.118016678701783e-07 0
6864 3.18419533392684e-05 -2.626638611307841e-07 0
6865 2.847174276090574e-05 -4.149177709473677e-08 0
6866 3.190417723694967e-05 -1.376250604123888e-07 0
6867 3.031627989998464e-05 -1.65313313309363e-07 0
6868 3.14188716056746e-05 -3.677259940498785e-07 0
6869 3.156148590440647e-05 -3.597367303088551e-07 0
6870 2.781703147311929e-05 -2.595143173904865e-07 0
6871 2.785026838096302e-05 -3.91891913090695e-08 0
6872 2.854954915097799e-05 -2.109339249448066e-07 0
6873 3.221228394970679e-05 -4.79430989209497e-08 0
6874 2.896243714203218e-05 -1.038502647835545e-07 0
6875 2.777127198994195e-05 -2.333574845556943e-08 0
6876 3.203593530875303e-05 -1.335948528412959e-07 0
6877 2.892079642071723e-05 -3.660435268815745e-08 0
6878 3.106456749114251e-05 -2.324282130789201e-07 0
6879 2.966432758228792e-05 -1.646608562035099e-07 0
6880 3.167078149683757e-05 -3.86976562624016e-07 0
6881 3.048807707430158e-05 -1.587072690465347e-07 0
6882 2.813289218999386e-05 -1.659058391849904e-07 0
6883 2.902936105626427e-05 -1.235791406031515e-07 0
$EndNodes
$Elements
13727
1 1 2 6 1 6 11
2 1 2 6 1 11 12
3 1 2 6 1 12 13
4 1 2 6 1 13 14
5 1 2 6 1 14 15
6 1 2 6 1 15 16
7 1 2 6 1 16 17
8 1 2 6 1 17 18
9 1 2 6 1 18 19
10 1 2 6 1 19 20
11 1 2 6 1 20 21
12 1 2 6 1 21 22
13 1 2 6 1 22 23
14 1 2 6 1 23 24
15 1 2 6 1 24 25
16 1 2 6 1 25 26
17 1 2 6 1 26 27
18 1 2 6 1 27 28
19 1 2 6 1 28 29
20 1 2 6 1 29 30
21 1 2 6 1 30 31
22 1 2 6 1 31 32
23 1 2 6 1 32 33
24 1 2 6 1 33 34
25 1 2 6 1 34 35
26 1 2 6 1 35 36
27 1 2 6 1 36 37
28 1 2 6 1 37 38
29 1 2 6 1 38 39
30 1 2 6 1 39 40
31 1 2 6 1 40 41
32 1 2 6 1 41 42
33 1 2 6 1 42 43
34 1 2 6 1 43 44
35 1 2 6 1 44 45
36 1 2 6 1 45 5
37 1 2 5 3 4 82
38 1 2 5 3 82 83
39 1 2 5 3 83 84
40 1 2 5 3 84 85
41 1 2 5 3 85 86
42 1 2 5 3 86 87
43 1 2 5 3 87 88
44 1 2 5 3 88 89
45 1 2 5 3 89 90
46 1 2 5 3 90 91
47 1 2 5 3 91 92
48 1 2 5 3 92 93
49 1 2 5 3 93 94
50 1 2 5 3 94 95
51 1 2 5 3 95 96
52 1 2 5 3 96 97
53 1 2 5 3 97 98
54 1 2 5 3 98 99
55 1 2 5 3 99 100
56 1 2 5 3 100 101
57 1 2 5 3 101 102
58 1 2 5 3 102 103
59 1 2 5 3 103 104
60 1 2 5 3 104 105
61 1 2 5 3 105 106
62 1 2 5 3 106 107
63 1 2 5 3 107 108
64 1 2 5 3 108 109
65 1 2 5 3 109 110
66 1 2 5 3 110 111
67 1 2 5 3 111 112
68 1 2 5 3 112 113
69 1 2 5 3 113 114
70 1 2 5 3 114 115
71 1 2 5 3 115 116
72 1 2 5 3 116 117
73 1 2 5 3 117 118
74 1 2 5 3 118 119
75 1 2 5 3 119 120
76 1 2 5 3 120 121
77 1 2 5 3 121 122
78 1 2 5 3 122 123
79 1 2 5 3 123 124
80 1 2 5 3 124 125
81 1 2 5 3 125 126
82 1 2 5 3 126 127
83 1 2 5 3 127 128
84 1 2 5 3 128 129
85 1 2 5 3 129 130
86 1 2 5 3 130 131
87 1 2 5 3 131 132
88 1 2 5 3 132 133
89 1 2 5 3 133 134
90 1 2 5 3 134 135
91 1 2 5 3 135 136
92 1 2 5 3 136 137
93 1 2 5 3 137 138
94 1 2 5 3 138 139
95 1 2 5 3 139 140
96 1 2 5 3 140 141
97 1 2 5 3 141 142
98 1 2 5 3 142 143
99 1 2 5 3 143 144
100 1 2 5 3 144 145
101 1 2 5 3 145 3
102 1 2 3 4 3 146
103 1 2 3 4 146 147
104 1 2 3 4 147 148
105 1 2 3 4 148 149
106 1 2 3 4 149 150
107 1 2 3 4 150 151
108 1 2 3 4 151 152
109 1 2 3 4 152 153
110 1 2 3 4 153 154
111 1 2 3 4 154 155
112 1 2 3 4 155 156
113 1 2 3 4 156 157
114 1 2 3 4 157 158
115 1 2 3 4 158 159
116 1 2 3 4 159 160
117 1 2 3 4 160 161
118 1 2 3 4 161 162
119 1 2 3 4 162 163
120 1 2 3 4 163 164
121 1 2 3 4 164 165
122 1 2 3 4 165 166
123 1 2 3 4 166 167
124 1 2 3 4 167 168
125 1 2 3 4 168 169
126 1 2 3 4 169 170
127 1 2 3 4 170 171
128 1 2 3 4 171 172
129 1 2 3 4 172 173
130 1 2 3 4 173 174
131 1 2 3 4 174 175
132 1 2 3 4 175 176
133 1 2 3 4 176 177
134 1 2 3 4 177 178
135 1 2 3 4 178 179
136 1 2 3 4 179 180
137 1 2 3 4 180 181
138 1 2 3 4 181 182
139 1 2 3 4 182 183
140 1 2 3 4 183 184
141 1 2 3 4 184 185
142 1 2 3 4 185 186
143 1 2 3 4 186 187
144 1 2 3 4 187 188
145 1 2 3 4 188 189
146 1 2 3 4 189 190
147 1 2 3 4 190 191
148 1 2 3 4 191 192
149 1 2 3 4 192 193
150 1 2 3 4 193 194
151 1 2 3 4 194 195
152 1 2 3 4 195 196
153 1 2 3 4 196 197
154 1 2 3 4 197 198
155 1 2 3 4 198 199
156 1 2 3 4 199 200
157 1 2 3 4 200 201
158 1 2 3 4 201 202
159 1 2 3 4 202 203
160 1 2 3 4 203 204
161 1 2 3 4 204 205
162 1 2 3 4 205 2
163 1 2 4 5 2 206
164 1 2 4 5 206 207
165 1 2 4 5 207 208
166 1 2 4 5 208 209
167 1 2 4 5 209 210
168 1 2 4 5 210 211
169 1 2 4 5 211 212
170 1 2 4 5 212 213
171 1 2 4 5 213 214
172 1 2 4 5 214 215
173 1 2 4 5 215 216
174 1 2 4 5 216 217
175 1 2 4 5 217 218
176 1 2 4 5 218 219
177 1 2 4 5 219 220
178 1 2 4 5 220 221
179 1 2 4 5 221 222
180 1 2 4 5 222 223
181 1 2 4 5 223 224
182 1 2 4 5 224 225
183 1 2 4 5 225 226
184 1 2 4 5 226 227
185 1 2 4 5 227 228
186 1 2 4 5 228 229
187 1 2 4 5 229 230
188 1 2 4 5 230 231
189 1 2 4 5 231 232
190 1 2 4 5 232 233
191 1 2 4 5 233 234
192 1 2 4 5 234 235
193 1 2 4 5 235 236
194 1 2 4 5 236 237
195 1 2 4 5 237 238
196 1 2 4 5 238 239
197 1 2 4 5 239 240
198 1 2 4 5 240 241
199 1 2 4 5 241 242
200 1 2 4 5 242 243
201 1 2 4 5 243 244
202 1 2 4 5 244 245
203 1 2 4 5 245 246
204 1 2 4 5 246 247
205 1 2 4 5 247 248
206 1 2 4 5 248 249
207 1 2 4 5 249 250
208 1 2 4 5 250 251
209 1 2 4 5 251 252
210 1 2 4 5 252 253
211 1 2 4 5 253 254
212 1 2 4 5 254 255
213 1 2 4 5 255 256
214 1 2 4 5 256 257
215 1 2 4 5 257 258
216 1 2 4 5 258 259
217 1 2 4 5 259 260
218 1 2 4 5 260 261
219 1 2 4 5 261 262
220 1 2 4 5 262 263
221 1 2 4 5 263 264
222 1 2 4 5 264 265
223 1 2 4 5 265 266
224 1 2 4 5 266 267
225 1 2 4 5 267 268
226 1 2 4 5 268 1
227 1 2 2 11 9 318
228 1 2 2 11 318 319
229 1 2 2 11 319 320
230 1 2 2 11 320 321
231 1 2 2 11 321 322
232 1 2 2 11 322 323
233 1 2 2 11 323 324
234 1 2 2 11 324 325
235 1 2 2 11 325 326
236 1 2 2 11 326 327
237 1 2 2 11 327 328
238 1 2 2 11 328 329
239 1 2 2 11 329 10
240 1 2 1 13 7 342
241 1 2 1 13 342 343
242 1 2 1 13 343 344
243 1 2 1 13 344 8
244 2 2 9 8 1839 3120 775
245 2 2 9 8 1111 2914 2006
246 2 2 9 8 1088 4775 1778
247 2 2 9 8 1225 4350 3609
248 2 2 9 8 1258 6002 1921
249 2 2 9 8 1860 3520 1365
250 2 2 9 8 1139 5001 4227
251 2 2 9 8 2366 4503 1222
252 2 2 9 8 1296 4185 3332
253 2 2 9 8 965 5639 2416
254 2 2 9 8 3453 4538 237
255 2 2 9 8 1115 2928 2278
256 2 2 9 8 749 3930 2084
257 2 2 9 8 1235 2577 2576
258 2 2 9 8 843 3380 2414
259 2 2 9 8 2236 5057 1076
260 2 2 9 8 765 5763 2743
261 2 2 9 8 5040 6563 2254
262 2 2 9 8 2276 2665 1121
263 2 2 9 8 620 3677 3260
264 2 2 9 8 2216 5107 2997
265 2 2 9 8 2387 5592 521
266 2 2 9 8 2350 2654 802
267 2 2 9 8 2456 2858 818
268 2 2 9 8 2463 2710 526
269 2 2 9 8 1015 2614 2308
270 2 2 9 8 2029 4282 962
271 2 2 9 8 3609 4350 2198
272 2 2 9 8 2177 3797 1069
273 2 2 9 8 2543 3912 962
274 2 2 9 8 2357 2359 1081
275 2 2 9 8 3730 4392 536
276 2 2 9 8 450 4563 2491
277 2 2 9 8 1837 5830 588
278 2 2 9 8 2411 2781 984
279 2 2 9 8 1114 3704 2964
280 2 2 9 8 745 4099 2852
281 2 2 9 8 1784 4392 3730
282 2 2 9 8 2181 5589 1623
283 2 2 9 8 1475 4599 2256
284 2 2 9 8 2946 4389 1125
285 2 2 9 8 1957 3166 1133
286 2 2 9 8 2018 4824 529
287 2 2 9 8 3127 3197 562
288 2 2 9 8 569 5182 4081
289 2 2 9 8 946 2919 2463
290 2 2 9 8 2051 3225 477
291 2 2 9 8 2115 3731 946
292 2 2 9 8 4702 5037 491
293 2 2 9 8 1809 3486 652
294 2 2 9 8 1665 5132 2968
295 2 2 9 8 1665 2882 2253
296 2 2 9 8 985 4053 2705
297 2 2 9 8 2420 2968 1159
298 2 2 9 8 196 6416 1762
299 2 2 9 8 903 3127 2214
300 2 2 9 8 625 2755 1662
301 2 2 9 8 383 2527 1925
302 2 2 9 8 3065 6338 219
303 2 2 9 8 4599 5284 2256
304 2 2 9 8 1239 3999 2223
305 2 2 9 8 1703 3943 2995
306 2 2 9 8 3769 6247 2099
307 2 2 9 8 2221 6205 919
308 2 2 9 8 1703 2995 2683
309 2 2 9 8 3278 5334 3404
310 2 2 9 8 1061 3724 3380
311 2 2 9 8 3020 3992 1490
312 2 2 9 8 2313 2613 645
313 2 2 9 8 1313 5088 2982
314 2 2 9 8 990 3082 2730
315 2 2 9 8 2590 6523 1356
316 2 2 9 8 2228 2909 618
317 2 2 9 8 2641 3152 1808
318 2 2 9 8 2591 3302 562
319 2 2 9 8 2035 4512 1189
320 2 2 9 8 1980 2562 1174
321 2 2 9 8 1307 3972 1809
322 2 2 9 8 1109 2565 2227
323 2 2 9 8 605 2840 2202
324 2 2 9 8 462 4787 1455
325 2 2 9 8 1039 3381 2427
326 2 2 9 8 1636 3790 2680
327 2 2 9 8 2422 3085 1048
328 2 2 9 8 1018 3702 2262
329 2 2 9 8 1964 4260 770
330 2 2 9 8 2389 5552 371
331 2 2 9 8 1137 2710 2463
332 2 2 9 8 2635 6035 191
333 2 2 9 8 1962 3457 962
334 2 2 9 8 1455 4543 462
335 2 2 9 8 2391 2394 363
336 2 2 9 8 3380 3721 1061
337 2 2 9 8 1934 3555 689
338 2 2 9 8 427 5402 2095
339 2 2 9 8 649 3852 2973
340 2 2 9 8 1972 4949 3994
341 2 2 9 8 3127 5209 3197
342 2 2 9 8 3829 4629 1880
343 2 2 9 8 1009 3985 3583
344 2 2 9 8 2638 5863 647
345 2 2 9 8 5057 6301 1076
346 2 2 9 8 3975 5474 1122
347 2 2 9 8 1583 3912 2543
348 2 2 9 8 962 4282 1962
349 2 2 9 8 970 2309 1815
350 2 2 9 8 2187 5904 4211
351 2 2 9 8 673 5664 2928
352 2 2 9 8 491 5037 2367
353 2 2 9 8 1273 6577 1908
354 2 2 9 8 3893 4329 963
355 2 2 9 8 816 3765 2637
356 2 2 9 8 432 3428 1469
357 2 2 9 8 2921 3943 1703
358 2 2 9 8 2724 2979 1223
359 2 2 9 8 2417 5820 1078
360 2 2 9 8 1949 4276 687
361 2 2 9 8 2027 3694 1456
362 2 2 9 8 1788 3853 3556
363 2 2 9 8 2680 3790 362
364 2 2 9 8 2871 6408 3445
365 2 2 9 8 2215 3470 600
366 2 2 9 8 3826 3911 726
367 2 2 9 8 582 2968 2420
368 2 2 9 8 1028 3229 2622
369 2 2 9 8 1943 2664 842
370 2 2 9 8 1623 5909 4441
371 2 2 9 8 2403 5763 765
372 2 2 9 8 4245 5330 2769
373 2 2 9 8 2317 3263 1208
374 2 2 9 8 3080 3657 2094
375 2 2 9 8 1558 5330 4245
376 2 2 9 8 2062 4757 3293
377 2 2 9 8 6343 6467 2247
378 2 2 9 8 2808 4461 2016
379 2 2 9 8 2968 5132 3699
380 2 2 9 8 2797 5736 4097
381 2 2 9 8 965 2416 2214
382 2 2 9 8 1869 4048 2609
383 2 2 9 8 1924 4741 622
384 2 2 9 8 1071 4620 3348
385 2 2 9 8 2788 3858 1214
386 2 2 9 8 1092 2781 2411
387 2 2 9 8 1893 5389 787
388 2 2 9 8 1312 4714 2109
389 2 2 9 8 2073 3957 392
390 2 2 9 8 399 3112 1990
391 2 2 9 8 3097 5982 2585
392 2 2 9 8 3293 4757 817
393 2 2 9 8 460 4458 2722
394 2 2 9 8 2821 6157 34
395 2 2 9 8 1862 4175 1805
396 2 2 9 8 1899 4602 2329
397 2 2 9 8 4433 4505 2562
398 2 2 9 8 2169 5158 3757
399 2 2 9 8 3051 6346 2152
400 2 2 9 8 1100 3311 1992
401 2 2 9 8 2466 3338 1275
402 2 2 9 8 717 3604 2073
403 2 2 9 8 1305 3778 2365
404 2 2 9 8 827 6164 4044
405 2 2 9 8 4885 5145 1747
406 2 2 9 8 2333 2725 532
407 2 2 9 8 2114 3009 1119
408 2 2 9 8 2938 4061 1390
409 2 2 9 8 1986 3752 1327
410 2 2 9 8 2227 3314 711
411 2 2 9 8 2790 4181 1319
412 2 2 9 8 1627 3858 2788
413 2 2 9 8 2330 6343 488
414 2 2 9 8 1420 3255 1826
415 2 2 9 8 1133 3616 1957
416 2 2 9 8 2214 2416 903
417 2 2 9 8 2093 5828 4010
418 2 2 9 8 1131 3232 2212
419 2 2 9 8 689 3537 1934
420 2 2 9 8 563 6446 2929
421 2 2 9 8 2576 2577 1236
422 2 2 9 8 3788 5080 2060
423 2 2 9 8 1151 2967 2268
424 2 2 9 8 3190 5190 1764
425 2 2 9 8 1602 4520 2610
426 2 2 9 8 2686 6268 2214
427 2 2 9 8 687 4080 1949
428 2 2 9 8 2154 2821 948
429 2 2 9 8 2086 3716 1352
430 2 2 9 8 618 3876 2228
431 2 2 9 8 2381 5145 4885
432 2 2 9 8 481 3583 2712
433 2 2 9 8 1157 2335 1440
434 2 2 9 8 2472 2886 811
435 2 2 9 8 563 2737 2411
436 2 2 9 8 788 3782 1915
437 2 2 9 8 2011 3230 1112
438 2 2 9 8 506 2479 2221
439 2 2 9 8 2069 4042 3886
440 2 2 9 8 707 3023 2138
441 2 2 9 8 2202 2840 1146
442 2 2 9 8 521 5592 2158
443 2 2 9 8 1579 4268 622
444 2 2 9 8 2694 3459 1093
445 2 2 9 8 2022 3183 856
446 2 2 9 8 2213 5544 2775
447 2 2 9 8 3279 4473 1851
448 2 2 9 8 407 4047 1987
449 2 2 9 8 2266 2874 982
450 2 2 9 8 645 4937 2313
451 2 2 9 8 1094 2390 2216
452 2 2 9 8 2511 4661 1008
453 2 2 9 8 4406 4795 1318
454 2 2 9 8 1427 2980 2226
455 2 2 9 8 2505 4624 392
456 2 2 9 8 2226 3634 440
457 2 2 9 8 903 5021 3127
458 2 2 9 8 1497 3280 2638
459 2 2 9 8 1854 5353 4625
460 2 2 9 8 2016 2017 831
461 2 2 9 8 2357 6455 2359
462 2 2 9 8 538 3372 2379
463 2 2 9 8 2322 2407 977
464 2 2 9 8 2399 3481 497
465 2 2 9 8 2393 3975 1122
466 2 2 9 8 3138 6049 933
467 2 2 9 8 1997 3050 976
468 2 2 9 8 154 5433 3363
469 2 2 9 8 1623 4441 2181
470 2 2 9 8 2504 3908 454
471 2 2 9 8 3550 3749 2326
472 2 2 9 8 496 2645 2397
473 2 2 9 8 2139 6368 3047
474 2 2 9 8 634 3357 2500
475 2 2 9 8 2376 6488 2347
476 2 2 9 8 2063 4847 1110
477 2 2 9 8 919 5614 2221
478 2 2 9 8 1987 2970 407
479 2 2 9 8 1794 3575 1725
480 2 2 9 8 4135 4615 1053
481 2 2 9 8 889 3080 2094
482 2 2 9 8 2112 5280 5077
483 2 2 9 8 1992 3595 1100
484 2 2 9 8 2661 4446 931
485 2 2 9 8 2517 3035 1256
486 2 2 9 8 3382 3868 561
487 2 2 9 8 1826 3260 1420
488 2 2 9 8 681 3037 2257
489 2 2 9 8 2223 4445 602
490 2 2 9 8 2369 5310 1037
491 2 2 9 8 1649 5346 3119
492 2 2 9 8 905 4174 2721
493 2 2 9 8 1794 4674 1706
494 2 2 9 8 4041 4814 1415
495 2 2 9 8 411 1983 1536
496 2 2 9 8 2663 5090 629
497 2 2 9 8 1511 4430 3010
498 2 2 9 8 2548 5290 4714
499 2 2 9 8 1526 4084 2847
500 2 2 9 8 1764 5793 3190
501 2 2 9 8 2875 4185 1296
502 2 2 9 8 1255 2708 2507
503 2 2 9 8 988 6412 2082
504 2 2 9 8 1365 2704 1860
505 2 2 9 8 757 4051 3377
506 2 2 9 8 2103 4609 557
507 2 2 9 8 1110 6012 2063
508 2 2 9 8 1815 3208 970
509 2 2 9 8 1376 5987 2582
510 2 2 9 8 2553 4964 4676
511 2 2 9 8 1983 2801 1536
512 2 2 9 8 2038 5215 1159
513 2 2 9 8 2045 4167 1214
514 2 2 9 8 3877 3935 1040
515 2 2 9 8 2279 5088 1313
516 2 2 9 8 2339 3771 1297
517 2 2 9 8 2163 6050 4331
518 2 2 9 8 1925 3997 383
519 2 2 9 8 2257 4143 681
520 2 2 9 8 1622 4476 915
521 2 2 9 8 1000 3771 2339
522 2 2 9 8 808 4266 1894
523 2 2 9 8 2397 2645 1027
524 2 2 9 8 1486 4573 2449
525 2 2 9 8 1315 3470 2215
526 2 2 9 8 2721 4174 4106
527 2 2 9 8 1313 2599 2279
528 2 2 9 8 560 4887 3387
529 2 2 9 8 2154 6157 2821
530 2 2 9 8 2928 5664 2278
531 2 2 9 8 1740 3709 756
532 2 2 9 8 3683 4630 847
533 2 2 9 8 2395 4633 825
534 2 2 9 8 2185 4081 1026
535 2 2 9 8 2943 4233 1335
536 2 2 9 8 2303 4875 525
537 2 2 9 8 537 3457 1962
538 2 2 9 8 1962 4321 537
539 2 2 9 8 415 4270 1934
540 2 2 9 8 1960 5227 2509
541 2 2 9 8 835 4479 2153
542 2 2 9 8 2474 2987 969
543 2 2 9 8 471 3569 1986
544 2 2 9 8 1420 3260 1825
545 2 2 9 8 563 2929 2737
546 2 2 9 8 556 5157 3246
547 2 2 9 8 1279 2407 2322
548 2 2 9 8 1223 3873 2143
549 2 2 9 8 2339 3218 1000
550 2 2 9 8 2591 3669 1486
551 2 2 9 8 513 3297 3106
552 2 2 9 8 818 5036 2401
553 2 2 9 8 1083 4799 2323
554 2 2 9 8 1008 2513 2512
555 2 2 9 8 2330 6467 6343
556 2 2 9 8 1963 5369 4160
557 2 2 9 8 4458 4544 1546
558 2 2 9 8 2008 3464 1019
559 2 2 9 8 2155 5286 1352
560 2 2 9 8 756 4034 1740
561 2 2 9 8 3685 6446 563
562 2 2 9 8 660 3477 2611
563 2 2 9 8 1287 5257 3994
564 2 2 9 8 2818 3448 1461
565 2 2 9 8 822 4935 3423
566 2 2 9 8 299 2424 298
567 2 2 9 8 83 6145 1738
568 2 2 9 8 1434 2286 2263
569 2 2 9 8 1067 4448 2025
570 2 2 9 8 2346 3065 998
571 2 2 9 8 3387 4887 1850
572 2 2 9 8 5009 6592 1913
573 2 2 9 8 1839 6116 3120
574 2 2 9 8 2997 5107 779
575 2 2 9 8 431 6485 2066
576 2 2 9 8 1403 2979 2724
577 2 2 9 8 3631 4113 1683
578 2 2 9 8 2152 6346 1215
579 2 2 9 8 911 6214 5477
580 2 2 9 8 604 2744 2258
581 2 2 9 8 239 4165 1912
582 2 2 9 8 696 3296 2211
583 2 2 9 8 3992 4527 1490
584 2 2 9 8 2852 4099 1647
585 2 2 9 8 202 4648 201
586 2 2 9 8 4659 6199 927
587 2 2 9 8 996 3159 2556
588 2 2 9 8 962 3912 2029
589 2 2 9 8 2526 2617 1804
590 2 2 9 8 2239 3644 1100
591 2 2 9 8 983 6414 2579
592 2 2 9 8 2465 3024 1115
593 2 2 9 8 1164 2743 2340
594 2 2 9 8 3146 3521 980
595 2 2 9 8 2801 4883 1704
596 2 2 9 8 1517 4894 3593
597 2 2 9 8 2357 2358 956
598 2 2 9 8 1347 2611 2290
599 2 2 9 8 2212 3232 540
600 2 2 9 8 3328 5597 2924
601 2 2 9 8 992 3749 3550
602 2 2 9 8 2395 5781 1998
603 2 2 9 8 3402 4760 2205
604 2 2 9 8 279 2428 278
605 2 2 9 8 1154 2892 2877
606 2 2 9 8 3276 3602 941
607 2 2 9 8 1271 6563 5040
608 2 2 9 8 1842 4599 4408
609 2 2 9 8 2355 2356 368
610 2 2 9 8 1447 3711 2263
611 2 2 9 8 679 3338 2466
612 2 2 9 8 1852 4682 3086
613 2 2 9 8 2610 4520 529
614 2 2 9 8 3415 4449 2587
615 2 2 9 8 2482 5965 5549
616 2 2 9 8 4412 5430 597
617 2 2 9 8 511 2595 2028
618 2 2 9 8 3380 3724 550
619 2 2 9 8 5544 6120 2586
620 2 2 9 8 2108 3894 782
621 2 2 9 8 3847 4661 1450
622 2 2 9 8 1004 2742 2539
623 2 2 9 8 1194 4837 1953
624 2 2 9 8 2294 3830 1690
625 2 2 9 8 1469 3156 432
626 2 2 9 8 1865 2555 938
627 2 2 9 8 1194 3084 2012
628 2 2 9 8 1279 3034 2407
629 2 2 9 8 3994 5257 1972
630 2 2 9 8 965 5854 5639
631 2 2 9 8 3144 4935 822
632 2 2 9 8 396 4104 3014
633 2 2 9 8 1996 3597 1600
634 2 2 9 8 1285 2617 2526
635 2 2 9 8 1831 2732 871
636 2 2 9 8 2016 4337 2017
637 2 2 9 8 1624 5290 2548
638 2 2 9 8 3801 3981 1814
639 2 2 9 8 3556 3853 1177
640 2 2 9 8 1976 3683 847
641 2 2 9 8 2112 5077 4012
642 2 2 9 8 2776 4291 467
643 2 2 9 8 1378 4113 3631
644 2 2 9 8 2582 5191 1376
645 2 2 9 8 2451 6164 827
646 2 2 9 8 885 3560 2550
647 2 2 9 8 4074 4260 2630
648 2 2 9 8 2241 2760 403
649 2 2 9 8 1831 6085 2732
650 2 2 9 8 2102 5823 1152
651 2 2 9 8 1615 3750 3122
652 2 2 9 8 3744 3770 949
653 2 2 9 8 2440 3282 1265
654 2 2 9 8 787 4655 1893
655 2 2 9 8 1599 3361 2089
656 2 2 9 8 931 4726 2661
657 2 2 9 8 3323 5170 2099
658 2 2 9 8 662 6085 1831
659 2 2 9 8 1809 4555 1307
660 2 2 9 8 3335 4963 1931
661 2 2 9 8 2288 4653 1040
662 2 2 9 8 1778 3645 1088
663 2 2 9 8 2279 2744 604
664 2 2 9 8 2255 3473 659
665 2 2 9 8 702 3282 2440
666 2 2 9 8 1990 5545 399
667 2 2 9 8 4149 5045 2455
668 2 2 9 8 5189 5283 2961
669 2 2 9 8 837 3733 2192
670 2 2 9 8 2227 3221 1109
671 2 2 9 8 604 5088 2279
672 2 2 9 8 1220 3936 3184
673 2 2 9 8 2382 4551 1458
674 2 2 9 8 1600 3597 1906
675 2 2 9 8 1100 3595 2239
676 2 2 9 8 2705 4053 1751
677 2 2 9 8 1998 5651 2395
678 2 2 9 8 681 4143 3126
679 2 2 9 8 4341 4457 2549
680 2 2 9 8 2219 3845 1015
681 2 2 9 8 2346 6338 3065
682 2 2 9 8 2389 5432 2388
683 2 2 9 8 1953 3084 1194
684 2 2 9 8 153 2159 2122
685 2 2 9 8 1208 2842 2317
686 2 2 9 8 1131 3510 3232
687 2 2 9 8 4963 5037 1931
688 2 2 9 8 952 5532 2580
689 2 2 9 8 1198 3894 2108
690 2 2 9 8 2216 5459 1094
691 2 2 9 8 729 4978 4160
692 2 2 9 8 1328 3419 2751
693 2 2 9 8 2089 3361 741
694 2 2 9 8 1896 3740 2532
695 2 2 9 8 1221 2900 2828
696 2 2 9 8 2775 5544 982
697 2 2 9 8 4625 5353 373
698 2 2 9 8 1177 3448 2818
699 2 2 9 8 1205 3957 2073
700 2 2 9 8 2240 3394 214
701 2 2 9 8 2462 3904 393
702 2 2 9 8 2151 3082 990
703 2 2 9 8 2210 6620 3048
704 2 2 9 8 2193 5549 1036
705 2 2 9 8 938 6633 2462
706 2 2 9 8 2839 5153 728
707 2 2 9 8 1862 4301 895
708 2 2 9 8 2963 3867 1400
709 2 2 9 8 1796 4202 413
710 2 2 9 8 1971 4879 2487
711 2 2 9 8 358 2618 1691
712 2 2 9 8 2340 5763 1072
713 2 2 9 8 930 6260 6193
714 2 2 9 8 2347 3202 1014
715 2 2 9 8 823 3471 1920
716 2 2 9 8 668 4473 3279
717 2 2 9 8 257 4806 1978
718 2 2 9 8 3654 4759 1466
719 2 2 9 8 1327 4197 1986
720 2 2 9 8 244 3276 2651
721 2 2 9 8 49 2366 48
722 2 2 9 8 2132 5088 604
723 2 2 9 8 1271 5040 1638
724 2 2 9 8 2096 2785 972
725 2 2 9 8 1078 5820 2164
726 2 2 9 8 532 4818 2333
727 2 2 9 8 2326 3749 1297
728 2 2 9 8 2268 5597 1151
729 2 2 9 8 2578 3693 109
730 2 2 9 8 2542 3492 245
731 2 2 9 8 4148 4859 1022
732 2 2 9 8 3071 4454 1799
733 2 2 9 8 182 5894 181
734 2 2 9 8 538 3633 3372
735 2 2 9 8 474 3218 2339
736 2 2 9 8 1247 4496 2876
737 2 2 9 8 4275 4406 1124
738 2 2 9 8 196 5779 195
739 2 2 9 8 1908 3451 1273
740 2 2 9 8 699 3138 2624
741 2 2 9 8 247 2810 2155
742 2 2 9 8 2093 4010 2381
743 2 2 9 8 1281 2658 2558
744 2 2 9 8 908 4977 2139
745 2 2 9 8 2335 4288 1440
746 2 2 9 8 2303 5312 4875
747 2 2 9 8 1591 3409 3000
748 2 2 9 8 1602 3540 2655
749 2 2 9 8 1602 4462 3540
750 2 2 9 8 1762 3381 196
751 2 2 9 8 2139 3047 908
752 2 2 9 8 2465 6214 911
753 2 2 9 8 2705 5460 199
754 2 2 9 8 2310 5052 1140
755 2 2 9 8 121 3228 120
756 2 2 9 8 1159 3699 2038
757 2 2 9 8 1934 6208 415
758 2 2 9 8 2065 2904 1381
759 2 2 9 8 2550 3560 1371
760 2 2 9 8 938 3592 1865
761 2 2 9 8 1024 2760 2241
762 2 2 9 8 3565 3852 649
763 2 2 9 8 2588 5499 1053
764 2 2 9 8 1110 4847 2379
765 2 2 9 8 1152 5523 2102
766 2 2 9 8 1936 5333 621
767 2 2 9 8 1838 2561 462
768 2 2 9 8 1338 5931 2549
769 2 2 9 8 629 5090 3386
770 2 2 9 8 4487 5581 3794
771 2 2 9 8 3214 5390 810
772 2 2 9 8 2754 5625 5018
773 2 2 9 8 2327 6633 938
774 2 2 9 8 2253 2882 473
775 2 2 9 8 2603 2656 1086
776 2 2 9 8 1568 4968 801
777 2 2 9 8 1286 3512 1982
778 2 2 9 8 663 2885 2304
779 2 2 9 8 1884 5491 2559
780 2 2 9 8 897 2351 2350
781 2 2 9 8 1075 5135 1973
782 2 2 9 8 584 2458 2129
783 2 2 9 8 4160 4978 1987
784 2 2 9 8 1770 4973 4341
785 2 2 9 8 2101 6556 2549
786 2 2 9 8 413 2793 2740
787 2 2 9 8 994 6010 1864
788 2 2 9 8 2514 4132 1457
789 2 2 9 8 2207 4718 955
790 2 2 9 8 2694 4874 3459
791 2 2 9 8 2210 3048 1326
792 2 2 9 8 3232 3510 1604
793 2 2 9 8 2117 5186 408
794 2 2 9 8 2539 2742 1118
795 2 2 9 8 2553 4676 966
796 2 2 9 8 930 6193 2800
797 2 2 9 8 602 4445 2800
798 2 2 9 8 3513 3707 1191
799 2 2 9 8 2107 3613 985
800 2 2 9 8 165 5828 164
801 2 2 9 8 2229 4479 835
802 2 2 9 8 2612 3763 732
803 2 2 9 8 898 3102 1984
804 2 2 9 8 557 3130 2103
805 2 2 9 8 5111 5614 919
806 2 2 9 8 1086 2623 2603
807 2 2 9 8 1971 5710 3562
808 2 2 9 8 2967 2989 1346
809 2 2 9 8 2029 5661 4771
810 2 2 9 8 596 3853 3074
811 2 2 9 8 2576 3160 591
812 2 2 9 8 1452 3219 2825
813 2 2 9 8 2931 4961 3812
814 2 2 9 8 1888 3109 2883
815 2 2 9 8 2861 2933 1425
816 2 2 9 8 1662 5792 625
817 2 2 9 8 1981 5532 593
818 2 2 9 8 2232 6124 888
819 2 2 9 8 1739 4396 4368
820 2 2 9 8 1122 2900 2495
821 2 2 9 8 2188 4977 908
822 2 2 9 8 461 3455 1767
823 2 2 9 8 775 4486 1839
824 2 2 9 8 2894 5277 1200
825 2 2 9 8 192 6144 191
826 2 2 9 8 1729 2513 1008
827 2 2 9 8 802 2954 1532
828 2 2 9 8 304 2056 303
829 2 2 9 8 902 4341 2549
830 2 2 9 8 1748 4624 2505
831 2 2 9 8 1112 4537 2011
832 2 2 9 8 850 3153 1628
833 2 2 9 8 2179 5808 2908
834 2 2 9 8 1203 2987 2474
835 2 2 9 8 4160 5369 729
836 2 2 9 8 1454 3515 2522
837 2 2 9 8 1851 6156 3279
838 2 2 9 8 982 2874 2775
839 2 2 9 8 2449 4612 1486
840 2 2 9 8 5549 5965 1036
841 2 2 9 8 816 2637 2478
842 2 2 9 8 3278 3404 1152
843 2 2 9 8 1030 2688 2612
844 2 2 9 8 1235 2707 2577
845 2 2 9 8 1637 5182 569
846 2 2 9 8 1286 4399 2557
847 2 2 9 8 1317 4149 2455
848 2 2 9 8 2751 3419 390
849 2 2 9 8 915 3205 2672
850 2 2 9 8 2322 3355 492
851 2 2 9 8 2223 3999 911
852 2 2 9 8 466 4323 2168
853 2 2 9 8 1832 4351 1206
854 2 2 9 8 3461 5174 792
855 2 2 9 8 1526 4510 4084
856 2 2 9 8 473 2882 2292
857 2 2 9 8 1171 3955 2071
858 2 2 9 8 1817 5625 2754
859 2 2 9 8 2089 3985 1009
860 2 2 9 8 467 4725 2776
861 2 2 9 8 949 3770 2202
862 2 2 9 8 716 3007 2090
863 2 2 9 8 2164 5532 952
864 2 2 9 8 2110 4514 3183
865 2 2 9 8 1404 4888 2780
866 2 2 9 8 1906 3198 1600
867 2 2 9 8 2519 6446 3685
868 2 2 9 8 2300 2567 878
869 2 2 9 8 971 4886 2309
870 2 2 9 8 978 5197 2532
871 2 2 9 8 588 3867 2963
872 2 2 9 8 2743 5763 2340
873 2 2 9 8 2073 3913 717
874 2 2 9 8 365 4245 2769
875 2 2 9 8 1326 4429 2210
876 2 2 9 8 2324 2527 1037
877 2 2 9 8 6137 6288 2312
878 2 2 9 8 1099 3051 2152
879 2 2 9 8 1357 5261 3840
880 2 2 9 8 1984 4581 898
881 2 2 9 8 631 2765 2036
882 2 2 9 8 2917 4892 1181
883 2 2 9 8 3886 4042 772
884 2 2 9 8 3847 4770 2451
885 2 2 9 8 1896 4911 667
886 2 2 9 8 2871 3445 552
887 2 2 9 8 2722 4458 1546
888 2 2 9 8 2155 4008 247
889 2 2 9 8 2360 2766 1448
890 2 2 9 8 1928 4825 498
891 2 2 9 8 2263 2286 1447
892 2 2 9 8 1932 3707 3513
893 2 2 9 8 1486 3302 2591
894 2 2 9 8 1330 3926 2409
895 2 2 9 8 5299 5375 2020
896 2 2 9 8 2519 3685 1466
897 2 2 9 8 2550 4025 613
898 2 2 9 8 2109 4453 1312
899 2 2 9 8 2025 2859 1067
900 2 2 9 8 977 3355 2322
901 2 2 9 8 525 5992 2303
902 2 2 9 8 1722 4803 2545
903 2 2 9 8 2048 5863 2638
904 2 2 9 8 1458 4264 2382
905 2 2 9 8 2350 2351 354
906 2 2 9 8 2611 3477 1386
907 2 2 9 8 2580 5532 1981
908 2 2 9 8 594 3895 3356
909 2 2 9 8 1256 3960 2517
910 2 2 9 8 2162 5277 2894
911 2 2 9 8 1451 4138 2812
912 2 2 9 8 735 2699 2521
913 2 2 9 8 655 2862 2807
914 2 2 9 8 1456 4361 2027
915 2 2 9 8 1546 4544 3505
916 2 2 9 8 2365 3778 858
917 2 2 9 8 1095 2780 2074
918 2 2 9 8 2611 3343 660
919 2 2 9 8 356 4734 2947
920 2 2 9 8 3062 4875 4125
921 2 2 9 8 1081 2358 2357
922 2 2 9 8 1179 4466 2121
923 2 2 9 8 408 4711 2338
924 2 2 9 8 1456 3694 3622
925 2 2 9 8 2557 3208 1286
926 2 2 9 8 2658 5001 1139
927 2 2 9 8 2507 2708 606
928 2 2 9 8 3909 4758 1777
929 2 2 9 8 1805 4302 1862
930 2 2 9 8 2084 3930 2916
931 2 2 9 8 1175 4582 3270
932 2 2 9 8 1756 5152 3425
933 2 2 9 8 1415 4814 3131
934 2 2 9 8 3014 4104 1843
935 2 2 9 8 2565 6403 2227
936 2 2 9 8 741 3985 2089
937 2 2 9 8 1710 3105 1266
938 2 2 9 8 2661 4726 1277
939 2 2 9 8 436 6173 4383
940 2 2 9 8 1173 3058 2806
941 2 2 9 8 2953 6183 4284
942 2 2 9 8 2120 5652 1383
943 2 2 9 8 2647 2885 663
944 2 2 9 8 2385 4593 1444
945 2 2 9 8 2274 3365 1414
946 2 2 9 8 2719 5779 196
947 2 2 9 8 655 4026 2701
948 2 2 9 8 1014 2376 2347
949 2 2 9 8 403 5593 2241
950 2 2 9 8 2350 4054 897
951 2 2 9 8 2043 6120 5544
952 2 2 9 8 1048 3085 2554
953 2 2 9 8 353 4750 2609
954 2 2 9 8 429 5651 1998
955 2 2 9 8 1305 3839 3257
956 2 2 9 8 1347 3343 2611
957 2 2 9 8 945 2646 2283
958 2 2 9 8 2223 3762 1239
959 2 2 9 8 2226 4179 3634
960 2 2 9 8 2268 6189 2924
961 2 2 9 8 2006 3230 1111
962 2 2 9 8 1975 4172 957
963 2 2 9 8 622 4741 1579
964 2 2 9 8 1905 3455 461
965 2 2 9 8 2656 2657 1086
966 2 2 9 8 1054 3466 2008
967 2 2 9 8 2773 6006 1624
968 2 2 9 8 923 5726 3136
969 2 2 9 8 696 3756 3597
970 2 2 9 8 711 3221 2227
971 2 2 9 8 3597 3756 1906
972 2 2 9 8 733 5753 2443
973 2 2 9 8 2624 3138 1459
974 2 2 9 8 64 2637 63
975 2 2 9 8 2828 2900 1122
976 2 2 9 8 3010 4430 1734
977 2 2 9 8 1151 2989 2967
978 2 2 9 8 2549 5931 2101
979 2 2 9 8 1295 3110 2682
980 2 2 9 8 1790 5685 2553
981 2 2 9 8 220 3065 219
982 2 2 9 8 1181 4892 3188
983 2 2 9 8 2910 3831 1451
984 2 2 9 8 411 2698 2315
985 2 2 9 8 588 3546 1837
986 2 2 9 8 1445 3099 2709
987 2 2 9 8 2073 4168 1196
988 2 2 9 8 1544 2826 2013
989 2 2 9 8 2462 2707 938
990 2 2 9 8 648 3787 2282
991 2 2 9 8 2339 3104 474
992 2 2 9 8 2005 3461 1106
993 2 2 9 8 3003 5245 486
994 2 2 9 8 2971 3893 963
995 2 2 9 8 2248 5855 3980
996 2 2 9 8 2308 2966 1015
997 2 2 9 8 4079 4088 1337
998 2 2 9 8 1534 3911 3826
999 2 2 9 8 1973 5148 1075
1000 2 2 9 8 2531 2923 1195
1001 2 2 9 8 1188 3394 2240
1002 2 2 9 8 657 4365 2533
1003 2 2 9 8 1037 5310 2324
1004 2 2 9 8 2138 3741 707
1005 2 2 9 8 4123 4662 1945
1006 2 2 9 8 3696 5722 1158
1007 2 2 9 8 3074 3853 1788
1008 2 2 9 8 215 2240 214
1009 2 2 9 8 634 5914 2131
1010 2 2 9 8 948 4664 2154
1011 2 2 9 8 946 5521 2919
1012 2 2 9 8 2109 4714 769
1013 2 2 9 8 1722 4805 2152
1014 2 2 9 8 2603 2623 1075
1015 2 2 9 8 2304 4294 663
1016 2 2 9 8 622 4668 1924
1017 2 2 9 8 431 4454 3071
1018 2 2 9 8 1995 2988 835
1019 2 2 9 8 3251 3481 2399
1020 2 2 9 8 2790 5249 4181
1021 2 2 9 8 184 2541 183
1022 2 2 9 8 1939 4456 3476
1023 2 2 9 8 501 4498 1944
1024 2 2 9 8 854 5352 2315
1025 2 2 9 8 2626 2841 878
1026 2 2 9 8 2665 3116 1121
1027 2 2 9 8 1016 6403 2565
1028 2 2 9 8 835 2988 2229
1029 2 2 9 8 2001 4389 2946
1030 2 2 9 8 740 3644 2239
1031 2 2 9 8 197 6416 196
1032 2 2 9 8 1253 2759 2758
1033 2 2 9 8 652 4555 1809
1034 2 2 9 8 4625 4879 3456
1035 2 2 9 8 1457 4797 2514
1036 2 2 9 8 2784 3711 1447
1037 2 2 9 8 568 6603 2429
1038 2 2 9 8 1274 4762 3417
1039 2 2 9 8 2870 3380 843
1040 2 2 9 8 2976 4816 1978
1041 2 2 9 8 5832 6603 1080
1042 2 2 9 8 510 5982 3097
1043 2 2 9 8 1046 3303 2154
1044 2 2 9 8 2646 3538 1009
1045 2 2 9 8 1613 5776 3346
1046 2 2 9 8 409 3422 2434
1047 2 2 9 8 950 3599 2258
1048 2 2 9 8 732 2822 2612
1049 2 2 9 8 862 3968 2583
1050 2 2 9 8 502 4287 3019
1051 2 2 9 8 3309 6521 1631
1052 2 2 9 8 295 4304 1673
1053 2 2 9 8 2091 3435 922
1054 2 2 9 8 2468 2469 1049
1055 2 2 9 8 782 3894 3616
1056 2 2 9 8 1372 4115 2119
1057 2 2 9 8 856 3753 2022
1058 2 2 9 8 2230 4619 1497
1059 2 2 9 8 3669 4573 1486
1060 2 2 9 8 905 2721 2172
1061 2 2 9 8 701 4551 2382
1062 2 2 9 8 2700 4473 1202
1063 2 2 9 8 613 4874 2550
1064 2 2 9 8 2427 3381 1762
1065 2 2 9 8 2396 5673 1399
1066 2 2 9 8 797 6620 2210
1067 2 2 9 8 2522 3515 833
1068 2 2 9 8 2036 2765 449
1069 2 2 9 8 3701 6362 2322
1070 2 2 9 8 3260 3677 1825
1071 2 2 9 8 1713 5080 3431
1072 2 2 9 8 1497 4739 2230
1073 2 2 9 8 1231 2862 2701
1074 2 2 9 8 942 6029 2831
1075 2 2 9 8 2296 4664 948
1076 2 2 9 8 896 3657 3080
1077 2 2 9 8 1501 2886 2472
1078 2 2 9 8 2001 2951 604
1079 2 2 9 8 1686 5344 848
1080 2 2 9 8 757 3905 2317
1081 2 2 9 8 1146 4912 2141
1082 2 2 9 8 593 3326 2006
1083 2 2 9 8 1208 3830 2294
1084 2 2 9 8 531 2526 1804
1085 2 2 9 8 604 2951 2132
1086 2 2 9 8 2276 6373 2665
1087 2 2 9 8 1090 3863 2197
1088 2 2 9 8 848 3194 1686
1089 2 2 9 8 908 5405 2188
1090 2 2 9 8 5694 6581 993
1091 2 2 9 8 2533 4365 1566
1092 2 2 9 8 570 6455 2977
1093 2 2 9 8 1196 3913 2073
1094 2 2 9 8 1128 3006 3005
1095 2 2 9 8 779 4592 2061
1096 2 2 9 8 955 4718 2243
1097 2 2 9 8 3559 4416 444
1098 2 2 9 8 243 3433 242
1099 2 2 9 8 1681 4546 2106
1100 2 2 9 8 3564 6205 2150
1101 2 2 9 8 2806 2877 1173
1102 2 2 9 8 3365 3850 1414
1103 2 2 9 8 3336 5302 1554
1104 2 2 9 8 2399 5675 862
1105 2 2 9 8 304 3026 2056
1106 2 2 9 8 3246 5157 2101
1107 2 2 9 8 3476 4456 662
1108 2 2 9 8 4297 6587 511
1109 2 2 9 8 2805 5410 774
1110 2 2 9 8 463 3797 2177
1111 2 2 9 8 2323 3268 1084
1112 2 2 9 8 1374 3804 3135
1113 2 2 9 8 1116 2986 2657
1114 2 2 9 8 2320 5677 3000
1115 2 2 9 8 2510 3416 1263
1116 2 2 9 8 2848 5659 5567
1117 2 2 9 8 2495 2900 648
1118 2 2 9 8 2548 4714 1312
1119 2 2 9 8 3441 4178 1580
1120 2 2 9 8 3043 3946 1149
1121 2 2 9 8 3173 6608 1446
1122 2 2 9 8 4546 4638 2355
1123 2 2 9 8 2458 6580 2129
1124 2 2 9 8 2402 6029 942
1125 2 2 9 8 3583 3985 1401
1126 2 2 9 8 3225 4142 477
1127 2 2 9 8 2644 6204 442
1128 2 2 9 8 976 3239 1997
1129 2 2 9 8 3831 4138 1451
1130 2 2 9 8 102 2729 101
1131 2 2 9 8 1912 3453 238
1132 2 2 9 8 1381 5508 2065
1133 2 2 9 8 1731 3428 432
1134 2 2 9 8 1414 4183 2274
1135 2 2 9 8 982 5544 2586
1136 2 2 9 8 3564 4425 505
1137 2 2 9 8 2294 2842 1208
1138 2 2 9 8 39 5285 3607
1139 2 2 9 8 2214 6268 965
1140 2 2 9 8 2169 5205 5158
1141 2 2 9 8 1046 4664 3989
1142 2 2 9 8 3486 6190 652
1143 2 2 9 8 449 2765 2682
1144 2 2 9 8 2222 3369 1135
1145 2 2 9 8 4495 4870 2528
1146 2 2 9 8 1269 2751 2750
1147 2 2 9 8 5052 5502 1140
1148 2 2 9 8 567 2656 2603
1149 2 2 9 8 1133 3827 3616
1150 2 2 9 8 2609 4048 353
1151 2 2 9 8 3476 3742 1048
1152 2 2 9 8 371 5432 2389
1153 2 2 9 8 1339 4052 4025
1154 2 2 9 8 2445 3469 543
1155 2 2 9 8 2309 4886 1815
1156 2 2 9 8 2408 4161 1355
1157 2 2 9 8 3400 3814 364
1158 2 2 9 8 1724 2595 511
1159 2 2 9 8 862 5675 2452
1160 2 2 9 8 2701 2862 655
1161 2 2 9 8 2971 4764 1596
1162 2 2 9 8 2152 4805 1099
1163 2 2 9 8 120 3228 2298
1164 2 2 9 8 2649 2892 1154
1165 2 2 9 8 2476 2834 1003
1166 2 2 9 8 2202 2835 949
1167 2 2 9 8 3593 4582 674
1168 2 2 9 8 5160 5569 1822
1169 2 2 9 8 3204 6002 1258
1170 2 2 9 8 770 3711 1964
1171 2 2 9 8 2028 4297 511
1172 2 2 9 8 477 4972 2051
1173 2 2 9 8 1706 4997 1794
1174 2 2 9 8 2297 3937 384
1175 2 2 9 8 2119 4232 1372
1176 2 2 9 8 1591 4159 2079
1177 2 2 9 8 766 5413 2098
1178 2 2 9 8 817 4757 2332
1179 2 2 9 8 2063 4537 1112
1180 2 2 9 8 795 4614 2212
1181 2 2 9 8 2949 5320 4943
1182 2 2 9 8 5410 5649 774
1183 2 2 9 8 2027 3713 1033
1184 2 2 9 8 2657 2986 579
1185 2 2 9 8 2208 4905 4114
1186 2 2 9 8 1868 6028 2757
1187 2 2 9 8 3616 3894 1957
1188 2 2 9 8 2757 6028 5256
1189 2 2 9 8 2807 5214 1833
1190 2 2 9 8 1840 5559 719
1191 2 2 9 8 1032 2930 2768
1192 2 2 9 8 1206 3650 1832
1193 2 2 9 8 1067 5121 4448
1194 2 2 9 8 2174 6252 6174
1195 2 2 9 8 2593 2594 1584
1196 2 2 9 8 1005 3411 3076
1197 2 2 9 8 2079 4159 1078
1198 2 2 9 8 3149 3280 1497
1199 2 2 9 8 985 3768 2107
1200 2 2 9 8 3062 4125 1109
1201 2 2 9 8 2807 2862 1260
1202 2 2 9 8 1174 3383 1980
1203 2 2 9 8 4448 5121 2077
1204 2 2 9 8 2553 5685 2787
1205 2 2 9 8 2394 6082 478
1206 2 2 9 8 2318 3352 1332
1207 2 2 9 8 1957 4419 3166
1208 2 2 9 8 2026 2866 714
1209 2 2 9 8 3548 4516 1206
1210 2 2 9 8 422 3195 2721
1211 2 2 9 8 1332 4462 2610
1212 2 2 9 8 239 1912 238
1213 2 2 9 8 2274 4558 417
1214 2 2 9 8 2013 5111 1544
1215 2 2 9 8 1383 3877 2120
1216 2 2 9 8 617 4015 2897
1217 2 2 9 8 3736 5906 3077
1218 2 2 9 8 1093 2933 2861
1219 2 2 9 8 3192 6295 3944
1220 2 2 9 8 1950 5455 3438
1221 2 2 9 8 946 4603 2115
1222 2 2 9 8 3994 4949 508
1223 2 2 9 8 2382 3746 1489
1224 2 2 9 8 655 5056 4026
1225 2 2 9 8 3447 6252 2174
1226 2 2 9 8 2244 5079 986
1227 2 2 9 8 376 6368 2139
1228 2 2 9 8 1009 3583 2283
1229 2 2 9 8 2854 5591 999
1230 2 2 9 8 2344 3646 695
1231 2 2 9 8 2235 2798 968
1232 2 2 9 8 2602 3702 1018
1233 2 2 9 8 2428 4141 278
1234 2 2 9 8 2255 3291 1129
1235 2 2 9 8 1042 3932 1951
1236 2 2 9 8 4725 5195 3243
1237 2 2 9 8 2007 5420 572
1238 2 2 9 8 4676 4987 2090
1239 2 2 9 8 1022 4859 2412
1240 2 2 9 8 4010 5145 2381
1241 2 2 9 8 1888 5612 3109
1242 2 2 9 8 1989 4127 964
1243 2 2 9 8 2475 5188 1856
1244 2 2 9 8 1202 4473 3725
1245 2 2 9 8 868 2729 2517
1246 2 2 9 8 3086 4945 1852
1247 2 2 9 8 2136 2423 385
1248 2 2 9 8 2489 5068 459
1249 2 2 9 8 1065 5042 2792
1250 2 2 9 8 2757 4237 482
1251 2 2 9 8 2445 3739 1097
1252 2 2 9 8 3024 3292 1489
1253 2 2 9 8 3135 5805 1134
1254 2 2 9 8 1899 4195 3923
1255 2 2 9 8 2073 3604 1205
1256 2 2 9 8 2867 3211 1200
1257 2 2 9 8 4493 6435 2619
1258 2 2 9 8 2397 4956 496
1259 2 2 9 8 2348 3429 861
1260 2 2 9 8 1196 6609 2075
1261 2 2 9 8 2513 3932 3479
1262 2 2 9 8 659 3473 3176
1263 2 2 9 8 3166 4419 522
1264 2 2 9 8 1825 3433 1420
1265 2 2 9 8 1204 6288 6137
1266 2 2 9 8 3425 5152 929
1267 2 2 9 8 4456 5479 1493
1268 2 2 9 8 42 3795 3015
1269 2 2 9 8 2348 3287 386
1270 2 2 9 8 1159 6026 2420
1271 2 2 9 8 2954 5375 359
1272 2 2 9 8 1194 2923 2531
1273 2 2 9 8 2410 3187 1168
1274 2 2 9 8 1922 3650 1206
1275 2 2 9 8 1001 3902 2379
1276 2 2 9 8 2379 3902 1110
1277 2 2 9 8 1624 6006 5290
1278 2 2 9 8 2158 2927 521
1279 2 2 9 8 969 4402 2474
1280 2 2 9 8 1210 3741 2138
1281 2 2 9 8 1094 2389 2388
1282 2 2 9 8 2516 4928 967
1283 2 2 9 8 430 3238 3131
1284 2 2 9 8 3503 4644 3029
1285 2 2 9 8 1416 2858 2456
1286 2 2 9 8 3043 5643 3946
1287 2 2 9 8 747 6073 3979
1288 2 2 9 8 1730 4487 3794
1289 2 2 9 8 3616 3827 1919
1290 2 2 9 8 3742 4613 513
1291 2 2 9 8 2517 2729 102
1292 2 2 9 8 996 4388 3159
1293 2 2 9 8 3933 3941 1027
1294 2 2 9 8 2226 5274 1427
1295 2 2 9 8 2265 5713 2032
1296 2 2 9 8 4114 4905 1690
1297 2 2 9 8 1853 4227 652
1298 2 2 9 8 1295 5550 1777
1299 2 2 9 8 2998 4057 990
1300 2 2 9 8 2982 5088 2132
1301 2 2 9 8 163 2432 162
1302 2 2 9 8 1169 4416 2299
1303 2 2 9 8 1504 3939 3306
1304 2 2 9 8 2831 6029 2238
1305 2 2 9 8 2404 3928 3388
1306 2 2 9 8 3152 6375 1808
1307 2 2 9 8 1319 4191 2790
1308 2 2 9 8 2355 5194 2356
1309 2 2 9 8 3019 4287 1770
1310 2 2 9 8 3792 5480 1806
1311 2 2 9 8 2512 2513 654
1312 2 2 9 8 4227 5001 1892
1313 2 2 9 8 1716 6441 3423
1314 2 2 9 8 2515 6603 568
1315 2 2 9 8 2877 2892 1173
1316 2 2 9 8 443 2983 2940
1317 2 2 9 8 35 2821 34
1318 2 2 9 8 2266 5694 993
1319 2 2 9 8 2210 4706 4685
1320 2 2 9 8 2929 6446 2811
1321 2 2 9 8 2071 3177 1171
1322 2 2 9 8 1707 6507 944
1323 2 2 9 8 3659 4750 353
1324 2 2 9 8 2532 5197 1896
1325 2 2 9 8 1153 2725 2333
1326 2 2 9 8 2262 4940 1018
1327 2 2 9 8 5036 5354 2401
1328 2 2 9 8 3228 3704 1059
1329 2 2 9 8 1631 6521 2660
1330 2 2 9 8 2364 4106 1344
1331 2 2 9 8 2553 2787 423
1332 2 2 9 8 392 4168 2073
1333 2 2 9 8 696 4255 3296
1334 2 2 9 8 3057 3058 1173
1335 2 2 9 8 211 4479 2229
1336 2 2 9 8 1745 3731 3397
1337 2 2 9 8 2551 2645 1204
1338 2 2 9 8 2283 2646 1009
1339 2 2 9 8 2409 3926 564
1340 2 2 9 8 686 3202 2347
1341 2 2 9 8 1494 3100 3009
1342 2 2 9 8 1389 6438 3968
1343 2 2 9 8 685 3472 2847
1344 2 2 9 8 2323 3836 1083
1345 2 2 9 8 465 3317 2789
1346 2 2 9 8 695 3342 2344
1347 2 2 9 8 1832 5074 4351
1348 2 2 9 8 3841 5325 455
1349 2 2 9 8 1666 3042 2850
1350 2 2 9 8 2135 2974 447
1351 2 2 9 8 4211 5904 940
1352 2 2 9 8 1690 4698 2294
1353 2 2 9 8 1274 2613 2313
1354 2 2 9 8 3290 4311 806
1355 2 2 9 8 3061 3833 1720
1356 2 2 9 8 2961 5283 1098
1357 2 2 9 8 1007 4922 2572
1358 2 2 9 8 2362 4831 887
1359 2 2 9 8 2424 4864 298
1360 2 2 9 8 2762 5467 897
1361 2 2 9 8 5211 6247 3769
1362 2 2 9 8 465 3606 3317
1363 2 2 9 8 687 4870 4495
1364 2 2 9 8 529 5714 2018
1365 2 2 9 8 2506 4357 1496
1366 2 2 9 8 888 6124 2559
1367 2 2 9 8 2741 2742 1004
1368 2 2 9 8 195 5949 194
1369 2 2 9 8 1088 3928 2404
1370 2 2 9 8 1031 2503 2402
1371 2 2 9 8 3296 4255 1942
1372 2 2 9 8 1216 4619 2230
1373 2 2 9 8 996 2893 2252
1374 2 2 9 8 647 4739 2638
1375 2 2 9 8 4273 5618 1769
1376 2 2 9 8 2384 3217 1011
1377 2 2 9 8 1129 3473 2255
1378 2 2 9 8 1230 3367 3059
1379 2 2 9 8 3055 3642 1073
1380 2 2 9 8 2012 4591 1194
1381 2 2 9 8 3904 4846 393
1382 2 2 9 8 1446 6608 3263
1383 2 2 9 8 2991 3071 1799
1384 2 2 9 8 2938 5337 1089
1385 2 2 9 8 1986 4197 471
1386 2 2 9 8 1650 3436 2074
1387 2 2 9 8 2491 4563 1701
1388 2 2 9 8 2209 6305 4747
1389 2 2 9 8 2023 4997 528
1390 2 2 9 8 4943 5320 1548
1391 2 2 9 8 1300 2546 2215
1392 2 2 9 8 2284 5832 1080
1393 2 2 9 8 456 5896 4523
1394 2 2 9 8 2649 2746 608
1395 2 2 9 8 2716 3640 1454
1396 2 2 9 8 2366 3031 48
1397 2 2 9 8 1944 5866 3310
1398 2 2 9 8 5002 5974 2098
1399 2 2 9 8 1078 3045 2417
1400 2 2 9 8 4685 4706 1468
1401 2 2 9 8 4253 4417 1903
1402 2 2 9 8 801 4968 4201
1403 2 2 9 8 2157 5245 3003
1404 2 2 9 8 4442 5375 5299
1405 2 2 9 8 769 4303 2109
1406 2 2 9 8 2746 2796 1167
1407 2 2 9 8 1496 4924 2506
1408 2 2 9 8 1467 5565 2544
1409 2 2 9 8 2415 5716 891
1410 2 2 9 8 2522 4798 1454
1411 2 2 9 8 1191 3707 2196
1412 2 2 9 8 2299 4416 3559
1413 2 2 9 8 3296 4303 2211
1414 2 2 9 8 1254 3607 1970
1415 2 2 9 8 1894 3334 808
1416 2 2 9 8 1168 2879 2410
1417 2 2 9 8 2549 6556 902
1418 2 2 9 8 836 3328 2924
1419 2 2 9 8 539 3568 2353
1420 2 2 9 8 2148 4614 795
1421 2 2 9 8 555 4663 2764
1422 2 2 9 8 366 5372 3337
1423 2 2 9 8 2338 5676 408
1424 2 2 9 8 1319 4181 2932
1425 2 2 9 8 3122 4894 1517
1426 2 2 9 8 1588 4702 2540
1427 2 2 9 8 2676 2907 389
1428 2 2 9 8 1393 3943 2921
1429 2 2 9 8 1355 3710 2116
1430 2 2 9 8 3121 5176 2755
1431 2 2 9 8 2340 5073 1164
1432 2 2 9 8 520 5270 3969
1433 2 2 9 8 2092 4985 1233
1434 2 2 9 8 2949 4174 905
1435 2 2 9 8 3195 5502 2721
1436 2 2 9 8 2271 3012 798
1437 2 2 9 8 1978 4816 256
1438 2 2 9 8 2696 3407 1614
1439 2 2 9 8 2121 4416 1169
1440 2 2 9 8 2003 6276 4372
1441 2 2 9 8 1491 2677 2676
1442 2 2 9 8 2165 4724 817
1443 2 2 9 8 1474 4265 3316
1444 2 2 9 8 4663 5206 2764
1445 2 2 9 8 2901 4995 53
1446 2 2 9 8 3195 3489 1140
1447 2 2 9 8 782 4039 2108
1448 2 2 9 8 2504 4352 2886
1449 2 2 9 8 667 3740 1896
1450 2 2 9 8 1098 2889 2441
1451 2 2 9 8 472 3966 3192
1452 2 2 9 8 1538 3602 3276
1453 2 2 9 8 1332 2610 2318
1454 2 2 9 8 2550 4874 1519
1455 2 2 9 8 1789 3998 833
1456 2 2 9 8 1228 4224 3576
1457 2 2 9 8 2116 3533 1355
1458 2 2 9 8 840 4994 3800
1459 2 2 9 8 2378 5457 3357
1460 2 2 9 8 1299 3842 2102
1461 2 2 9 8 1615 3121 2755
1462 2 2 9 8 2119 4115 785
1463 2 2 9 8 2143 3580 1223
1464 2 2 9 8 2041 2714 784
1465 2 2 9 8 2330 3611 933
1466 2 2 9 8 475 5471 2594
1467 2 2 9 8 4371 4839 1402
1468 2 2 9 8 2041 6152 4070
1469 2 2 9 8 513 3106 2664
1470 2 2 9 8 2908 5808 674
1471 2 2 9 8 1015 4785 2219
1472 2 2 9 8 1201 2702 2701
1473 2 2 9 8 286 5884 2600
1474 2 2 9 8 1417 2852 2374
1475 2 2 9 8 3714 4977 975
1476 2 2 9 8 1071 3172 2479
1477 2 2 9 8 3824 5872 201
1478 2 2 9 8 2108 3816 1198
1479 2 2 9 8 1033 3694 2027
1480 2 2 9 8 1027 2645 2551
1481 2 2 9 8 3432 3753 2002
1482 2 2 9 8 4674 5106 527
1483 2 2 9 8 3267 4884 1636
1484 2 2 9 8 2947 4734 1102
1485 2 2 9 8 550 6212 2414
1486 2 2 9 8 3318 5178 1253
1487 2 2 9 8 392 4475 2505
1488 2 2 9 8 2664 5666 842
1489 2 2 9 8 478 4037 1178
1490 2 2 9 8 2997 5459 2216
1491 2 2 9 8 3645 6460 4718
1492 2 2 9 8 1058 4622 2501
1493 2 2 9 8 1670 4126 2902
1494 2 2 9 8 990 4057 2151
1495 2 2 9 8 2078 3490 1121
1496 2 2 9 8 1040 4653 3877
1497 2 2 9 8 2251 4367 2873
1498 2 2 9 8 3165 6012 1110
1499 2 2 9 8 2902 4126 711
1500 2 2 9 8 242 2945 241
1501 2 2 9 8 3487 5481 5136
1502 2 2 9 8 641 3891 2327
1503 2 2 9 8 373 5353 3168
1504 2 2 9 8 1356 4577 2590
1505 2 2 9 8 1965 6193 2291
1506 2 2 9 8 2285 6339 5221
1507 2 2 9 8 969 2987 2525
1508 2 2 9 8 782 6360 2568
1509 2 2 9 8 1760 3614 3166
1510 2 2 9 8 242 3433 2945
1511 2 2 9 8 590 3640 2716
1512 2 2 9 8 2292 2882 1041
1513 2 2 9 8 1820 5481 3487
1514 2 2 9 8 3980 5855 932
1515 2 2 9 8 704 4122 2343
1516 2 2 9 8 1418 3223 2160
1517 2 2 9 8 3397 3731 771
1518 2 2 9 8 926 5835 2155
1519 2 2 9 8 2627 5641 1926
1520 2 2 9 8 2932 4181 1606
1521 2 2 9 8 2570 6414 983
1522 2 2 9 8 4514 5978 856
1523 2 2 9 8 5288 5355 1389
1524 2 2 9 8 1806 4603 3792
1525 2 2 9 8 625 3280 3149
1526 2 2 9 8 3329 3471 823
1527 2 2 9 8 146 3252 3
1528 2 2 9 8 1733 4956 2397
1529 2 2 9 8 2642 5203 491
1530 2 2 9 8 3496 4287 1259
1531 2 2 9 8 3207 4462 1332
1532 2 2 9 8 1002 5025 2410
1533 2 2 9 8 354 4758 3909
1534 2 2 9 8 2600 6539 286
1535 2 2 9 8 2326 2416 495
1536 2 2 9 8 3064 3472 685
1537 2 2 9 8 704 4849 3413
1538 2 2 9 8 122 3704 121
1539 2 2 9 8 3829 3932 367
1540 2 2 9 8 2504 2886 883
1541 2 2 9 8 986 3460 2244
1542 2 2 9 8 1180 3359 2421
1543 2 2 9 8 1789 4061 2938
1544 2 2 9 8 531 4023 2526
1545 2 2 9 8 584 3075 2458
1546 2 2 9 8 2061 6281 779
1547 2 2 9 8 1325 5641 2627
1548 2 2 9 8 2411 2737 1092
1549 2 2 9 8 894 6477 4999
1550 2 2 9 8 1350 3753 3432
1551 2 2 9 8 732 3322 2206
1552 2 2 9 8 517 2443 2319
1553 2 2 9 8 3085 4371 2554
1554 2 2 9 8 2278 3440 1115
1555 2 2 9 8 753 3165 2325
1556 2 2 9 8 1489 4634 2382
1557 2 2 9 8 2282 4105 648
1558 2 2 9 8 2961 3677 620
1559 2 2 9 8 3270 4150 1175
1560 2 2 9 8 1157 3052 678
1561 2 2 9 8 453 4684 3625
1562 2 2 9 8 94 3949 1600
1563 2 2 9 8 922 3916 2091
1564 2 2 9 8 2323 4799 1560
1565 2 2 9 8 1774 6426 669
1566 2 2 9 8 1335 3757 2943
1567 2 2 9 8 956 2977 2357
1568 2 2 9 8 1719 4864 2424
1569 2 2 9 8 1770 4287 3496
1570 2 2 9 8 2608 6498 592
1571 2 2 9 8 3008 3346 178
1572 2 2 9 8 1446 4347 3173
1573 2 2 9 8 1861 4633 2395
1574 2 2 9 8 3075 4765 2144
1575 2 2 9 8 998 5976 2346
1576 2 2 9 8 2428 4349 1403
1577 2 2 9 8 1642 5515 2937
1578 2 2 9 8 5077 5280 1064
1579 2 2 9 8 1230 6282 2078
1580 2 2 9 8 874 5713 2265
1581 2 2 9 8 3800 4994 2130
1582 2 2 9 8 199 3563 2705
1583 2 2 9 8 1956 5665 1095
1584 2 2 9 8 1015 3845 2614
1585 2 2 9 8 2187 4975 3881
1586 2 2 9 8 3000 3409 812
1587 2 2 9 8 2554 4371 1402
1588 2 2 9 8 2151 6553 1394
1589 2 2 9 8 1206 3680 1922
1590 2 2 9 8 1166 2796 2746
1591 2 2 9 8 1620 4082 1074
1592 2 2 9 8 1002 3162 3021
1593 2 2 9 8 2676 3571 1491
1594 2 2 9 8 1243 3057 2795
1595 2 2 9 8 1076 2678 2236
1596 2 2 9 8 3512 6090 1982
1597 2 2 9 8 3382 3566 1303
1598 2 2 9 8 3036 3160 1236
1599 2 2 9 8 584 3948 1818
1600 2 2 9 8 3289 3488 1116
1601 2 2 9 8 4771 5661 397
1602 2 2 9 8 1281 3747 2372
1603 2 2 9 8 1132 3978 2168
1604 2 2 9 8 3215 4191 1319
1605 2 2 9 8 823 3966 3111
1606 2 2 9 8 399 2877 2806
1607 2 2 9 8 2768 2930 1143
1608 2 2 9 8 370 6592 5009
1609 2 2 9 8 2421 3528 1180
1610 2 2 9 8 1953 5031 3706
1611 2 2 9 8 833 5847 2522
1612 2 2 9 8 4368 4396 362
1613 2 2 9 8 2095 5663 427
1614 2 2 9 8 2725 4259 532
1615 2 2 9 8 947 3069 2922
1616 2 2 9 8 209 2341 208
1617 2 2 9 8 1239 4164 3999
1618 2 2 9 8 2844 5148 1973
1619 2 2 9 8 2779 6076 3544
1620 2 2 9 8 61 3295 60
1621 2 2 9 8 1399 5673 2734
1622 2 2 9 8 1374 3135 2815
1623 2 2 9 8 1827 5183 2499
1624 2 2 9 8 2005 5174 3461
1625 2 2 9 8 205 2470 204
1626 2 2 9 8 2173 6412 988
1627 2 2 9 8 2047 4759 3654
1628 2 2 9 8 3492 4043 1538
1629 2 2 9 8 172 5736 171
1630 2 2 9 8 1858 4191 3215
1631 2 2 9 8 954 6042 3687
1632 2 2 9 8 2303 2956 917
1633 2 2 9 8 4181 5249 721
1634 2 2 9 8 1265 3237 2175
1635 2 2 9 8 432 4367 3264
1636 2 2 9 8 4928 6007 967
1637 2 2 9 8 809 4431 3339
1638 2 2 9 8 417 3365 2274
1639 2 2 9 8 295 5624 294
1640 2 2 9 8 933 6049 1994
1641 2 2 9 8 501 6276 4498
1642 2 2 9 8 1094 2756 2389
1643 2 2 9 8 3348 4620 2133
1644 2 2 9 8 1889 3702 2602
1645 2 2 9 8 1427 4032 2980
1646 2 2 9 8 2303 5992 2956
1647 2 2 9 8 3160 3656 591
1648 2 2 9 8 3312 3577 780
1649 2 2 9 8 2897 4015 1718
1650 2 2 9 8 2192 3733 1430
1651 2 2 9 8 2329 4195 1899
1652 2 2 9 8 2463 2919 1137
1653 2 2 9 8 1965 4436 1569
1654 2 2 9 8 1532 5444 4615
1655 2 2 9 8 408 5186 2083
1656 2 2 9 8 2607 6199 4659
1657 2 2 9 8 1826 4057 2998
1658 2 2 9 8 4466 5131 2264
1659 2 2 9 8 1385 3113 2774
1660 2 2 9 8 2784 5365 1964
1661 2 2 9 8 1864 2820 994
1662 2 2 9 8 492 3701 2322
1663 2 2 9 8 903 2416 2326
1664 2 2 9 8 2832 3986 925
1665 2 2 9 8 2701 2702 1231
1666 2 2 9 8 2192 3441 918
1667 2 2 9 8 2697 4233 2186
1668 2 2 9 8 259 2759 2069
1669 2 2 9 8 1108 5184 2067
1670 2 2 9 8 4713 4895 1462
1671 2 2 9 8 1008 6486 1729
1672 2 2 9 8 2186 4211 2697
1673 2 2 9 8 5245 5350 2942
1674 2 2 9 8 1240 4597 2896
1675 2 2 9 8 1718 3120 2897
1676 2 2 9 8 687 4495 2345
1677 2 2 9 8 2705 5898 985
1678 2 2 9 8 2683 2995 1261
1679 2 2 9 8 1008 4661 3847
1680 2 2 9 8 1383 3935 3877
1681 2 2 9 8 1166 2746 2649
1682 2 2 9 8 2499 5183 921
1683 2 2 9 8 3470 3798 600
1684 2 2 9 8 2224 2995 714
1685 2 2 9 8 2618 4219 1691
1686 2 2 9 8 1932 3513 3018
1687 2 2 9 8 1046 3152 2641
1688 2 2 9 8 1320 4074 2630
1689 2 2 9 8 2730 4465 708
1690 2 2 9 8 2924 6189 1012
1691 2 2 9 8 483 3054 2989
1692 2 2 9 8 2102 4176 1299
1693 2 2 9 8 2133 4299 3348
1694 2 2 9 8 3151 4193 1754
1695 2 2 9 8 4338 4568 510
1696 2 2 9 8 42 3015 41
1697 2 2 9 8 453 3625 2671
1698 2 2 9 8 3183 4514 856
1699 2 2 9 8 3280 4413 2638
1700 2 2 9 8 3422 6481 2434
1701 2 2 9 8 1316 4193 3151
1702 2 2 9 8 2184 4496 1247
1703 2 2 9 8 2139 4977 3714
1704 2 2 9 8 69 2118 68
1705 2 2 9 8 3063 4711 408
1706 2 2 9 8 2109 4303 1320
1707 2 2 9 8 489 4308 1660
1708 2 2 9 8 3420 6485 431
1709 2 2 9 8 566 2838 2681
1710 2 2 9 8 3017 5186 1079
1711 2 2 9 8 1106 4668 2005
1712 2 2 9 8 377 3438 2661
1713 2 2 9 8 1754 4174 2949
1714 2 2 9 8 1179 5131 4466
1715 2 2 9 8 623 3947 3153
1716 2 2 9 8 2154 4664 1046
1717 2 2 9 8 2795 2892 608
1718 2 2 9 8 2192 4067 837
1719 2 2 9 8 3423 4935 1716
1720 2 2 9 8 592 3870 2608
1721 2 2 9 8 2013 5614 5111
1722 2 2 9 8 2234 5480 3792
1723 2 2 9 8 448 3187 2410
1724 2 2 9 8 2081 5173 4871
1725 2 2 9 8 1984 3102 440
1726 2 2 9 8 2285 5221 794
1727 2 2 9 8 1772 5591 2854
1728 2 2 9 8 3377 4051 1791
1729 2 2 9 8 2827 5568 2070
1730 2 2 9 8 2391 6082 2394
1731 2 2 9 8 397 4569 2872
1732 2 2 9 8 3196 3993 1275
1733 2 2 9 8 1910 5435 1017
1734 2 2 9 8 1478 3116 2665
1735 2 2 9 8 418 6397 3478
1736 2 2 9 8 444 4466 4019
1737 2 2 9 8 2777 3971 395
1738 2 2 9 8 2475 6231 5188
1739 2 2 9 8 1569 5588 1965
1740 2 2 9 8 1536 5424 411
1741 2 2 9 8 2150 4425 3564
1742 2 2 9 8 393 2707 2462
1743 2 2 9 8 868 3258 2729
1744 2 2 9 8 3613 6445 4259
1745 2 2 9 8 464 3447 2174
1746 2 2 9 8 851 3416 2510
1747 2 2 9 8 2540 4702 491
1748 2 2 9 8 2141 3665 1146
1749 2 2 9 8 2083 4328 408
1750 2 2 9 8 1040 3935 2713
1751 2 2 9 8 3645 4718 1088
1752 2 2 9 8 1921 3862 1258
1753 2 2 9 8 842 5866 1943
1754 2 2 9 8 137 3531 136
1755 2 2 9 8 3454 3455 1905
1756 2 2 9 8 2418 3941 418
1757 2 2 9 8 3544 6076 875
1758 2 2 9 8 2953 4284 1024
1759 2 2 9 8 2525 2987 1595
1760 2 2 9 8 412 3028 2693
1761 2 2 9 8 1185 2865 2497
1762 2 2 9 8 2382 4264 3746
1763 2 2 9 8 2545 5371 1722
1764 2 2 9 8 510 2834 2476
1765 2 2 9 8 4827 5560 1364
1766 2 2 9 8 1122 5341 2393
1767 2 2 9 8 2210 4429 402
1768 2 2 9 8 2819 3367 1230
1769 2 2 9 8 1355 4569 2408
1770 2 2 9 8 3584 4958 672
1771 2 2 9 8 2206 6522 2822
1772 2 2 9 8 2148 4139 1312
1773 2 2 9 8 479 3369 2222
1774 2 2 9 8 1360 4004 3551
1775 2 2 9 8 1625 3521 3146
1776 2 2 9 8 765 2881 2403
1777 2 2 9 8 2504 4439 3908
1778 2 2 9 8 2572 4790 446
1779 2 2 9 8 1009 5137 2089
1780 2 2 9 8 1104 4152 2010
1781 2 2 9 8 1766 4465 2730
1782 2 2 9 8 652 4024 1853
1783 2 2 9 8 2270 5402 427
1784 2 2 9 8 1154 2802 2649
1785 2 2 9 8 591 2859 2433
1786 2 2 9 8 678 3696 1157
1787 2 2 9 8 2876 4585 1247
1788 2 2 9 8 4361 5728 2027
1789 2 2 9 8 115 4235 114
1790 2 2 9 8 3599 4589 2205
1791 2 2 9 8 505 4028 3268
1792 2 2 9 8 1903 5897 4253
1793 2 2 9 8 2850 3042 1162
1794 2 2 9 8 572 4351 2007
1795 2 2 9 8 413 2740 1796
1796 2 2 9 8 541 3619 2450
1797 2 2 9 8 838 6497 1796
1798 2 2 9 8 4441 5155 2181
1799 2 2 9 8 4204 4736 1225
1800 2 2 9 8 173 6320 172
1801 2 2 9 8 2649 2802 1166
1802 2 2 9 8 1558 2885 2647
1803 2 2 9 8 4371 5655 4839
1804 2 2 9 8 2623 4916 518
1805 2 2 9 8 438 3816 2108
1806 2 2 9 8 1432 5399 4813
1807 2 2 9 8 2282 3787 1369
1808 2 2 9 8 4882 6058 3269
1809 2 2 9 8 3240 4263 2466
1810 2 2 9 8 1530 5268 2472
1811 2 2 9 8 2096 5964 2785
1812 2 2 9 8 740 4667 4269
1813 2 2 9 8 2500 3357 880
1814 2 2 9 8 2972 3895 594
1815 2 2 9 8 659 6323 2255
1816 2 2 9 8 2381 4885 1045
1817 2 2 9 8 2196 4379 1191
1818 2 2 9 8 1597 4972 2453
1819 2 2 9 8 2362 6313 4831
1820 2 2 9 8 1214 4167 2788
1821 2 2 9 8 2693 5479 4456
1822 2 2 9 8 2181 5155 3713
1823 2 2 9 8 1857 5153 2839
1824 2 2 9 8 2632 3342 695
1825 2 2 9 8 2538 2942 1029
1826 2 2 9 8 548 3292 3024
1827 2 2 9 8 3106 3297 1302
1828 2 2 9 8 1251 3097 2585
1829 2 2 9 8 2619 6435 931
1830 2 2 9 8 2059 5568 3312
1831 2 2 9 8 664 4534 3582
1832 2 2 9 8 2514 5878 388
1833 2 2 9 8 467 5195 4725
1834 2 2 9 8 2411 3685 563
1835 2 2 9 8 1872 4056 2385
1836 2 2 9 8 5873 5978 4514
1837 2 2 9 8 4408 4599 1475
1838 2 2 9 8 1971 3562 1323
1839 2 2 9 8 3491 4895 4713
1840 2 2 9 8 2241 5897 1024
1841 2 2 9 8 461 5494 1905
1842 2 2 9 8 2936 6224 2935
1843 2 2 9 8 1673 5255 622
1844 2 2 9 8 2344 3342 1304
1845 2 2 9 8 2175 3237 1669
1846 2 2 9 8 938 3316 2327
1847 2 2 9 8 1119 4604 2114
1848 2 2 9 8 1990 6291 2605
1849 2 2 9 8 1618 3814 3400
1850 2 2 9 8 755 3829 1880
1851 2 2 9 8 2681 6047 1904
1852 2 2 9 8 1334 3988 2346
1853 2 2 9 8 2299 4751 1169
1854 2 2 9 8 1950 6249 5455
1855 2 2 9 8 592 5728 4361
1856 2 2 9 8 1755 3439 2529
1857 2 2 9 8 3184 3936 1421
1858 2 2 9 8 2546 4477 2215
1859 2 2 9 8 377 3376 2532
1860 2 2 9 8 2591 6042 954
1861 2 2 9 8 1480 4291 2776
1862 2 2 9 8 728 5722 2839
1863 2 2 9 8 1951 3829 755
1864 2 2 9 8 2130 5400 3800
1865 2 2 9 8 2759 4042 2069
1866 2 2 9 8 1123 5750 5196
1867 2 2 9 8 2074 5454 1650
1868 2 2 9 8 2315 5352 3400
1869 2 2 9 8 850 6539 4827
1870 2 2 9 8 2263 6034 1434
1871 2 2 9 8 3018 3513 999
1872 2 2 9 8 376 4313 3973
1873 2 2 9 8 1078 3028 2079
1874 2 2 9 8 2621 3354 1457
1875 2 2 9 8 2989 3054 1346
1876 2 2 9 8 421 4505 4433
1877 2 2 9 8 2557 4399 516
1878 2 2 9 8 3166 3614 1133
1879 2 2 9 8 2558 2658 1139
1880 2 2 9 8 3009 3100 1119
1881 2 2 9 8 2771 2948 15
1882 2 2 9 8 3219 5089 2825
1883 2 2 9 8 1985 4278 1172
1884 2 2 9 8 1082 3689 2256
1885 2 2 9 8 785 3510 2119
1886 2 2 9 8 1613 3601 1968
1887 2 2 9 8 1014 3533 2116
1888 2 2 9 8 3894 4419 1957
1889 2 2 9 8 2333 3907 1153
1890 2 2 9 8 1097 3887 2445
1891 2 2 9 8 895 3092 3091
1892 2 2 9 8 1084 3268 2480
1893 2 2 9 8 469 4587 3689
1894 2 2 9 8 1755 5247 3161
1895 2 2 9 8 2559 5491 2094
1896 2 2 9 8 3165 5627 2325
1897 2 2 9 8 621 6181 1936
1898 2 2 9 8 2388 5948 2390
1899 2 2 9 8 2723 5776 3463
1900 2 2 9 8 960 6089 2885
1901 2 2 9 8 1200 6573 2867
1902 2 2 9 8 1043 3254 2827
1903 2 2 9 8 2576 5766 1235
1904 2 2 9 8 3813 4657 789
1905 2 2 9 8 1204 6137 2551
1906 2 2 9 8 1895 5627 3165
1907 2 2 9 8 2002 5978 3736
1908 2 2 9 8 1139 4776 2558
1909 2 2 9 8 244 3662 3276
1910 2 2 9 8 3013 4004 1360
1911 2 2 9 8 3413 4849 2184
1912 2 2 9 8 2722 3556 460
1913 2 2 9 8 882 3810 2631
1914 2 2 9 8 120 2298 2104
1915 2 2 9 8 2246 6231 2475
1916 2 2 9 8 4058 4830 1211
1917 2 2 9 8 665 5365 2784
1918 2 2 9 8 515 3460 3118
1919 2 2 9 8 608 2892 2649
1920 2 2 9 8 587 3754 2636
1921 2 2 9 8 927 5738 2218
1922 2 2 9 8 1253 5178 4042
1923 2 2 9 8 3350 4912 1343
1924 2 2 9 8 2939 3665 1609
1925 2 2 9 8 3131 3178 430
1926 2 2 9 8 2951 5261 1357
1927 2 2 9 8 2248 3980 684
1928 2 2 9 8 1344 5047 2364
1929 2 2 9 8 3912 5661 2029
1930 2 2 9 8 1951 2990 1042
1931 2 2 9 8 1249 6481 3422
1932 2 2 9 8 1811 4326 3969
1933 2 2 9 8 2785 2786 972
1934 2 2 9 8 1524 5392 2111
1935 2 2 9 8 2324 5413 766
1936 2 2 9 8 1003 2834 2568
1937 2 2 9 8 2306 3862 926
1938 2 2 9 8 562 3197 2591
1939 2 2 9 8 1698 4103 3333
1940 2 2 9 8 1236 3160 2576
1941 2 2 9 8 2551 3933 1027
1942 2 2 9 8 666 3380 2870
1943 2 2 9 8 1970 3979 1254
1944 2 2 9 8 2537 2888 758
1945 2 2 9 8 1312 4453 2148
1946 2 2 9 8 659 3176 2246
1947 2 2 9 8 2846 2926 608
1948 2 2 9 8 713 3684 2252
1949 2 2 9 8 2471 4129 951
1950 2 2 9 8 1002 5389 5025
1951 2 2 9 8 2230 6259 1256
1952 2 2 9 8 2520 4752 522
1953 2 2 9 8 1198 4419 3894
1954 2 2 9 8 2574 5805 3135
1955 2 2 9 8 3756 4604 1119
1956 2 2 9 8 1556 3112 2182
1957 2 2 9 8 2052 5390 3214
1958 2 2 9 8 3066 6306 1034
1959 2 2 9 8 2084 6557 749
1960 2 2 9 8 1334 2977 2337
1961 2 2 9 8 1059 4639 3228
1962 2 2 9 8 2655 4667 740
1963 2 2 9 8 3226 4229 1714
1964 2 2 9 8 2212 3612 795
1965 2 2 9 8 2090 4068 716
1966 2 2 9 8 1338 5472 3727
1967 2 2 9 8 1084 4165 3836
1968 2 2 9 8 2188 5771 4977
1969 2 2 9 8 3033 5629 2161
1970 2 2 9 8 2344 6510 3646
1971 2 2 9 8 3462 5009 1913
1972 2 2 9 8 3411 4922 1007
1973 2 2 9 8 2292 4700 473
1974 2 2 9 8 999 4680 2854
1975 2 2 9 8 1371 4025 2550
1976 2 2 9 8 937 5829 2392
1977 2 2 9 8 2282 4966 4105
1978 2 2 9 8 1564 4645 4048
1979 2 2 9 8 83 3129 82
1980 2 2 9 8 991 5560 4827
1981 2 2 9 8 3576 4224 1869
1982 2 2 9 8 3979 6073 2563
1983 2 2 9 8 1341 5264 4746
1984 2 2 9 8 1090 5489 3863
1985 2 2 9 8 2421 3359 394
1986 2 2 9 8 3076 3411 654
1987 2 2 9 8 2746 2846 608
1988 2 2 9 8 2253 5132 1665
1989 2 2 9 8 1673 5624 295
1990 2 2 9 8 1173 2892 2795
1991 2 2 9 8 3106 3959 1080
1992 2 2 9 8 473 4873 2253
1993 2 2 9 8 1115 6214 2465
1994 2 2 9 8 1419 3764 2694
1995 2 2 9 8 2977 6455 2357
1996 2 2 9 8 762 6238 2373
1997 2 2 9 8 1424 4446 2661
1998 2 2 9 8 1014 3202 2872
1999 2 2 9 8 2847 3099 685
2000 2 2 9 8 2465 5727 3024
2001 2 2 9 8 2168 4578 466
2002 2 2 9 8 948 3812 2296
2003 2 2 9 8 1164 5203 5006
2004 2 2 9 8 502 3019 2499
2005 2 2 9 8 2774 3113 616
2006 2 2 9 8 1220 3032 3025
2007 2 2 9 8 2869 5849 1881
2008 2 2 9 8 2605 6291 859
2009 2 2 9 8 827 3030 2451
2010 2 2 9 8 2170 4329 546
2011 2 2 9 8 549 5605 2510
2012 2 2 9 8 1083 3836 2280
2013 2 2 9 8 886 4313 2448
2014 2 2 9 8 2218 4519 927
2015 2 2 9 8 3740 5519 2532
2016 2 2 9 8 2790 4191 733
2017 2 2 9 8 4294 4786 663
2018 2 2 9 8 493 4708 2484
2019 2 2 9 8 2637 3765 1648
2020 2 2 9 8 2244 3460 515
2021 2 2 9 8 60 3295 1977
2022 2 2 9 8 1573 4995 2901
2023 2 2 9 8 1902 4380 3213
2024 2 2 9 8 871 2732 2669
2025 2 2 9 8 454 6105 2504
2026 2 2 9 8 2122 6162 153
2027 2 2 9 8 795 4139 2148
2028 2 2 9 8 4916 5342 518
2029 2 2 9 8 2313 3170 1274
2030 2 2 9 8 1324 5863 2048
2031 2 2 9 8 3604 5130 1928
2032 2 2 9 8 1940 5882 4313
2033 2 2 9 8 556 3246 2639
2034 2 2 9 8 2079 3028 412
2035 2 2 9 8 689 3555 2307
2036 2 2 9 8 1003 3560 2476
2037 2 2 9 8 2407 2710 977
2038 2 2 9 8 756 4868 4034
2039 2 2 9 8 1352 5286 2086
2040 2 2 9 8 2883 3654 984
2041 2 2 9 8 712 4967 2674
2042 2 2 9 8 2110 5526 3485
2043 2 2 9 8 2737 2929 1738
2044 2 2 9 8 2082 2489 988
2045 2 2 9 8 491 6153 2642
2046 2 2 9 8 2334 4090 1237
2047 2 2 9 8 2273 3531 726
2048 2 2 9 8 2253 6537 774
2049 2 2 9 8 389 3571 2676
2050 2 2 9 8 1449 3986 2832
2051 2 2 9 8 1776 5872 3824
2052 2 2 9 8 1583 2952 2408
2053 2 2 9 8 1182 3833 3061
2054 2 2 9 8 2621 4132 3940
2055 2 2 9 8 5196 5750 2176
2056 2 2 9 8 2674 4967 944
2057 2 2 9 8 2473 4965 1254
2058 2 2 9 8 2897 3120 1023
2059 2 2 9 8 1725 5106 1794
2060 2 2 9 8 3169 6313 2362
2061 2 2 9 8 2736 4564 1218
2062 2 2 9 8 2074 3436 1095
2063 2 2 9 8 2134 6328 164
2064 2 2 9 8 1048 3742 2422
2065 2 2 9 8 3543 5013 539
2066 2 2 9 8 3716 5393 1352
2067 2 2 9 8 164 6328 2993
2068 2 2 9 8 2545 4803 618
2069 2 2 9 8 1346 4703 3643
2070 2 2 9 8 1032 5214 2807
2071 2 2 9 8 2144 4355 4194
2072 2 2 9 8 3213 4380 384
2073 2 2 9 8 2564 4331 446
2074 2 2 9 8 2812 4138 2190
2075 2 2 9 8 719 5559 1917
2076 2 2 9 8 3582 4534 2233
2077 2 2 9 8 424 5414 1816
2078 2 2 9 8 3371 5278 5199
2079 2 2 9 8 526 2710 2407
2080 2 2 9 8 1335 4233 2697
2081 2 2 9 8 222 5215 4315
2082 2 2 9 8 2317 2842 1209
2083 2 2 9 8 1831 3391 662
2084 2 2 9 8 486 5245 2942
2085 2 2 9 8 756 3709 2622
2086 2 2 9 8 2303 4072 1283
2087 2 2 9 8 1293 4765 3075
2088 2 2 9 8 817 4217 2165
2089 2 2 9 8 4049 4372 501
2090 2 2 9 8 3264 6155 1651
2091 2 2 9 8 2041 4070 1266
2092 2 2 9 8 543 3739 2445
2093 2 2 9 8 2120 4653 692
2094 2 2 9 8 1167 2846 2746
2095 2 2 9 8 2983 3938 1294
2096 2 2 9 8 2385 4056 1079
2097 2 2 9 8 1125 4389 3599
2098 2 2 9 8 897 5467 4952
2099 2 2 9 8 1118 4093 2539
2100 2 2 9 8 2653 4111 1337
2101 2 2 9 8 163 2993 2432
2102 2 2 9 8 91 2042 90
2103 2 2 9 8 1973 6425 2844
2104 2 2 9 8 2621 3940 1521
2105 2 2 9 8 2048 3809 1324
2106 2 2 9 8 3800 5400 1257
2107 2 2 9 8 2837 4599 1842
2108 2 2 9 8 622 5255 4668
2109 2 2 9 8 700 3370 2634
2110 2 2 9 8 2521 5087 735
2111 2 2 9 8 1543 4328 4011
2112 2 2 9 8 2322 6362 1279
2113 2 2 9 8 3053 3404 385
2114 2 2 9 8 2366 5888 4503
2115 2 2 9 8 2235 6014 4104
2116 2 2 9 8 2488 4795 4406
2117 2 2 9 8 2078 3471 1230
2118 2 2 9 8 2278 5664 1031
2119 2 2 9 8 90 1994 89
2120 2 2 9 8 2155 5835 5286
2121 2 2 9 8 5673 6063 3760
2122 2 2 9 8 5727 5988 3042
2123 2 2 9 8 2172 5502 5052
2124 2 2 9 8 2889 5104 2441
2125 2 2 9 8 1214 3860 2045
2126 2 2 9 8 1982 4399 1286
2127 2 2 9 8 2209 4747 1378
2128 2 2 9 8 2639 3246 1018
2129 2 2 9 8 2168 4323 1132
2130 2 2 9 8 1436 4037 478
2131 2 2 9 8 3646 6510 1483
2132 2 2 9 8 1352 4008 2155
2133 2 2 9 8 2279 2599 1021
2134 2 2 9 8 1080 3959 2284
2135 2 2 9 8 5639 5854 1891
2136 2 2 9 8 3830 4570 1690
2137 2 2 9 8 2174 4673 464
2138 2 2 9 8 2016 2950 2808
2139 2 2 9 8 2832 6060 571
2140 2 2 9 8 2119 3510 1131
2141 2 2 9 8 2070 6500 1043
2142 2 2 9 8 5221 6339 1695
2143 2 2 9 8 377 4320 3438
2144 2 2 9 8 833 3998 2717
2145 2 2 9 8 3641 6565 6519
2146 2 2 9 8 826 5821 2638
2147 2 2 9 8 1484 5581 4487
2148 2 2 9 8 2665 6508 1478
2149 2 2 9 8 1660 3273 1120
2150 2 2 9 8 1504 3395 2325
2151 2 2 9 8 2275 4519 1190
2152 2 2 9 8 2454 6209 1306
2153 2 2 9 8 440 3634 1984
2154 2 2 9 8 3082 4642 2730
2155 2 2 9 8 1964 5351 4260
2156 2 2 9 8 740 3761 2655
2157 2 2 9 8 815 4229 3226
2158 2 2 9 8 784 4485 3719
2159 2 2 9 8 3997 4823 1290
2160 2 2 9 8 2607 4659 1585
2161 2 2 9 8 3290 5480 2234
2162 2 2 9 8 1 4298 268
2163 2 2 9 8 944 6507 2674
2164 2 2 9 8 1651 5670 3264
2165 2 2 9 8 3593 4894 2024
2166 2 2 9 8 2847 3472 1526
2167 2 2 9 8 1247 5635 2184
2168 2 2 9 8 2503 6029 2402
2169 2 2 9 8 1129 3291 2496
2170 2 2 9 8 3581 3720 1416
2171 2 2 9 8 1200 5748 2894
2172 2 2 9 8 705 3424 3114
2173 2 2 9 8 2211 3756 696
2174 2 2 9 8 2297 4380 1129
2175 2 2 9 8 2343 4122 1196
2176 2 2 9 8 888 3648 2232
2177 2 2 9 8 952 5555 2164
2178 2 2 9 8 2594 4784 475
2179 2 2 9 8 2010 4152 2342
2180 2 2 9 8 3310 5866 842
2181 2 2 9 8 2455 3559 444
2182 2 2 9 8 5079 6018 986
2183 2 2 9 8 3174 4645 1564
2184 2 2 9 8 2770 3227 1516
2185 2 2 9 8 1337 4088 2653
2186 2 2 9 8 784 3719 1876
2187 2 2 9 8 1523 4824 2018
2188 2 2 9 8 375 5313 4386
2189 2 2 9 8 4481 5472 1338
2190 2 2 9 8 3768 6084 4889
2191 2 2 9 8 2347 4158 686
2192 2 2 9 8 2960 3977 1551
2193 2 2 9 8 2401 5518 818
2194 2 2 9 8 2574 3135 694
2195 2 2 9 8 517 4988 2443
2196 2 2 9 8 1344 3954 2533
2197 2 2 9 8 2007 5074 4464
2198 2 2 9 8 2712 3583 1401
2199 2 2 9 8 3290 5926 4311
2200 2 2 9 8 616 3227 2774
2201 2 2 9 8 810 5484 3214
2202 2 2 9 8 919 6205 3564
2203 2 2 9 8 1455 4787 3379
2204 2 2 9 8 2237 4958 3584
2205 2 2 9 8 1775 5458 3249
2206 2 2 9 8 2426 5683 398
2207 2 2 9 8 3012 4622 1058
2208 2 2 9 8 2056 3026 1170
2209 2 2 9 8 1767 3642 461
2210 2 2 9 8 1369 3973 2189
2211 2 2 9 8 3020 3712 523
2212 2 2 9 8 1237 3588 2334
2213 2 2 9 8 2180 4088 4079
2214 2 2 9 8 3731 5521 946
2215 2 2 9 8 1576 4542 2838
2216 2 2 9 8 3520 4432 1365
2217 2 2 9 8 514 6186 2587
2218 2 2 9 8 3622 3694 1968
2219 2 2 9 8 3333 4103 1396
2220 2 2 9 8 2554 4732 1048
2221 2 2 9 8 2047 6440 1385
2222 2 2 9 8 2619 5232 3105
2223 2 2 9 8 408 5676 2599
2224 2 2 9 8 2517 3960 868
2225 2 2 9 8 567 5148 2844
2226 2 2 9 8 3802 4318 1567
2227 2 2 9 8 2505 4983 1748
2228 2 2 9 8 2360 5758 2766
2229 2 2 9 8 692 5961 2120
2230 2 2 9 8 18 3215 2932
2231 2 2 9 8 2229 3961 211
2232 2 2 9 8 1210 2909 2228
2233 2 2 9 8 2606 6477 894
2234 2 2 9 8 604 4389 2001
2235 2 2 9 8 607 3809 2360
2236 2 2 9 8 3007 4676 2090
2237 2 2 9 8 155 5433 154
2238 2 2 9 8 368 4546 2355
2239 2 2 9 8 2049 2509 552
2240 2 2 9 8 2695 3329 823
2241 2 2 9 8 1651 6155 2424
2242 2 2 9 8 4778 4840 720
2243 2 2 9 8 2159 4671 2122
2244 2 2 9 8 4351 5074 2007
2245 2 2 9 8 1116 2657 2656
2246 2 2 9 8 1162 6253 2850
2247 2 2 9 8 2533 3954 657
2248 2 2 9 8 1095 6051 1956
2249 2 2 9 8 1279 6444 3034
2250 2 2 9 8 2358 3653 956
2251 2 2 9 8 3451 5123 661
2252 2 2 9 8 2066 3378 431
2253 2 2 9 8 380 5073 2340
2254 2 2 9 8 608 2926 2795
2255 2 2 9 8 2317 4051 757
2256 2 2 9 8 4883 5115 1704
2257 2 2 9 8 1876 2604 784
2258 2 2 9 8 2864 4596 1563
2259 2 2 9 8 498 3718 1928
2260 2 2 9 8 2121 3785 1179
2261 2 2 9 8 445 3140 2620
2262 2 2 9 8 2510 5605 851
2263 2 2 9 8 1112 3552 2063
2264 2 2 9 8 3180 6226 5181
2265 2 2 9 8 3944 6294 1479
2266 2 2 9 8 564 4774 3888
2267 2 2 9 8 1485 3160 3036
2268 2 2 9 8 1316 2994 2975
2269 2 2 9 8 445 3903 2768
2270 2 2 9 8 1857 2839 425
2271 2 2 9 8 2636 6622 1441
2272 2 2 9 8 3192 3944 472
2273 2 2 9 8 988 4262 2173
2274 2 2 9 8 569 4081 2185
2275 2 2 9 8 1561 4150 3270
2276 2 2 9 8 571 5170 3323
2277 2 2 9 8 1897 6330 111
2278 2 2 9 8 993 2874 2266
2279 2 2 9 8 1011 4966 2282
2280 2 2 9 8 2373 4176 762
2281 2 2 9 8 2365 5981 1305
2282 2 2 9 8 2628 2978 490
2283 2 2 9 8 1275 5516 2466
2284 2 2 9 8 1492 3960 2981
2285 2 2 9 8 977 6054 3584
2286 2 2 9 8 1186 3412 2817
2287 2 2 9 8 2257 4969 913
2288 2 2 9 8 2032 5051 2265
2289 2 2 9 8 918 4067 2192
2290 2 2 9 8 1159 5215 3401
2291 2 2 9 8 16 2771 15
2292 2 2 9 8 2627 3839 1325
2293 2 2 9 8 2037 6149 3451
2294 2 2 9 8 1189 6249 2035
2295 2 2 9 8 3084 6612 2012
2296 2 2 9 8 2522 5847 5696
2297 2 2 9 8 2230 4920 1216
2298 2 2 9 8 2161 5706 1143
2299 2 2 9 8 2210 4685 797
2300 2 2 9 8 1036 3186 2193
2301 2 2 9 8 2265 3905 757
2302 2 2 9 8 3335 4336 672
2303 2 2 9 8 1669 6361 2175
2304 2 2 9 8 757 5094 2265
2305 2 2 9 8 2645 2884 1204
2306 2 2 9 8 1254 4014 2473
2307 2 2 9 8 2251 6155 3264
2308 2 2 9 8 257 1978 256
2309 2 2 9 8 2464 5135 1075
2310 2 2 9 8 2941 3723 820
2311 2 2 9 8 2160 4124 1418
2312 2 2 9 8 4044 6241 1688
2313 2 2 9 8 3409 4247 1402
2314 2 2 9 8 1765 4539 2911
2315 2 2 9 8 494 4854 4761
2316 2 2 9 8 2331 4553 750
2317 2 2 9 8 2283 3583 481
2318 2 2 9 8 2302 3169 1056
2319 2 2 9 8 1885 4568 4338
2320 2 2 9 8 956 3653 2240
2321 2 2 9 8 4707 4976 457
2322 2 2 9 8 4813 5399 2300
2323 2 2 9 8 1544 5104 2889
2324 2 2 9 8 4326 5930 3969
2325 2 2 9 8 2202 3770 605
2326 2 2 9 8 593 3789 1981
2327 2 2 9 8 1818 5298 584
2328 2 2 9 8 2774 3227 1202
2329 2 2 9 8 2240 4607 956
2330 2 2 9 8 2334 3853 596
2331 2 2 9 8 4354 5932 3139
2332 2 2 9 8 3410 4252 475
2333 2 2 9 8 2642 4559 914
2334 2 2 9 8 2967 6354 2268
2335 2 2 9 8 911 4445 2223
2336 2 2 9 8 4056 4895 3017
2337 2 2 9 8 802 4054 2350
2338 2 2 9 8 2540 5203 1164
2339 2 2 9 8 2780 4888 2074
2340 2 2 9 8 2075 3913 1196
2341 2 2 9 8 1614 6536 2696
2342 2 2 9 8 2360 5821 5758
2343 2 2 9 8 1079 4593 2385
2344 2 2 9 8 2182 6194 1421
2345 2 2 9 8 596 4090 2334
2346 2 2 9 8 4121 4136 1405
2347 2 2 9 8 2361 3775 1898
2348 2 2 9 8 3989 4664 2296
2349 2 2 9 8 2605 3861 1990
2350 2 2 9 8 481 3663 2283
2351 2 2 9 8 2443 5228 733
2352 2 2 9 8 2384 5721 5578
2353 2 2 9 8 172 6320 4097
2354 2 2 9 8 3059 6282 1230
2355 2 2 9 8 1726 3778 2575
2356 2 2 9 8 1575 3990 3241
2357 2 2 9 8 1199 3623 2890
2358 2 2 9 8 2290 4793 1347
2359 2 2 9 8 858 5037 4963
2360 2 2 9 8 4437 4913 933
2361 2 2 9 8 2810 4451 2306
2362 2 2 9 8 2614 6258 2308
2363 2 2 9 8 1539 3677 2961
2364 2 2 9 8 2198 5087 2521
2365 2 2 9 8 2757 4792 4237
2366 2 2 9 8 2258 4389 604
2367 2 2 9 8 378 4769 2149
2368 2 2 9 8 2071 4529 3177
2369 2 2 9 8 2631 3810 1565
2370 2 2 9 8 1107 4909 2371
2371 2 2 9 8 1249 3422 3347
2372 2 2 9 8 39 3607 38
2373 2 2 9 8 4601 5103 3390
2374 2 2 9 8 2036 5377 631
2375 2 2 9 8 358 4427 3200
2376 2 2 9 8 808 4161 2408
2377 2 2 9 8 2257 3037 356
2378 2 2 9 8 3019 4341 902
2379 2 2 9 8 1394 3896 2151
2380 2 2 9 8 1292 5781 3992
2381 2 2 9 8 726 3911 2273
2382 2 2 9 8 2388 2390 1094
2383 2 2 9 8 3144 6398 3906
2384 2 2 9 8 1008 6218 2511
2385 2 2 9 8 2414 3380 550
2386 2 2 9 8 2817 4524 3771
2387 2 2 9 8 2499 5647 1827
2388 2 2 9 8 2487 4879 373
2389 2 2 9 8 2995 3943 714
2390 2 2 9 8 2947 5846 356
2391 2 2 9 8 1307 4108 2498
2392 2 2 9 8 3665 4987 1609
2393 2 2 9 8 811 4635 2472
2394 2 2 9 8 864 2982 2132
2395 2 2 9 8 1781 3240 2466
2396 2 2 9 8 1421 5774 2182
2397 2 2 9 8 1405 5239 4121
2398 2 2 9 8 2751 3652 1328
2399 2 2 9 8 1604 4354 3139
2400 2 2 9 8 1074 4082 2597
2401 2 2 9 8 2158 4605 777
2402 2 2 9 8 825 3992 2395
2403 2 2 9 8 774 5132 2253
2404 2 2 9 8 6193 6260 2291
2405 2 2 9 8 2488 4406 4275
2406 2 2 9 8 2832 3324 1449
2407 2 2 9 8 622 6093 1673
2408 2 2 9 8 2678 3458 1077
2409 2 2 9 8 4676 4964 1609
2410 2 2 9 8 4019 4466 2264
2411 2 2 9 8 402 4706 2210
2412 2 2 9 8 1979 4764 3022
2413 2 2 9 8 1131 3983 2119
2414 2 2 9 8 1297 3749 2339
2415 2 2 9 8 4972 6404 2453
2416 2 2 9 8 2468 3621 2469
2417 2 2 9 8 2686 3302 1176
2418 2 2 9 8 2242 5240 3456
2419 2 2 9 8 1757 3742 3476
2420 2 2 9 8 493 5887 3521
2421 2 2 9 8 2531 3715 603
2422 2 2 9 8 1045 3948 2868
2423 2 2 9 8 4028 6009 3268
2424 2 2 9 8 2182 5756 1556
2425 2 2 9 8 3531 4271 726
2426 2 2 9 8 1010 5968 2753
2427 2 2 9 8 793 4155 2409
2428 2 2 9 8 1299 4176 2373
2429 2 2 9 8 1898 4586 2361
2430 2 2 9 8 3812 4961 1704
2431 2 2 9 8 1109 3221 3062
2432 2 2 9 8 2473 5615 37
2433 2 2 9 8 2498 4108 3779
2434 2 2 9 8 1403 4141 2428
2435 2 2 9 8 2937 5515 876
2436 2 2 9 8 4586 5397 2361
2437 2 2 9 8 2962 4241 793
2438 2 2 9 8 890 4043 3492
2439 2 2 9 8 2717 3998 551
2440 2 2 9 8 2131 6048 4241
2441 2 2 9 8 1129 5754 2297
2442 2 2 9 8 2531 4837 1194
2443 2 2 9 8 1190 4519 2218
2444 2 2 9 8 3339 4431 2064
2445 2 2 9 8 3374 3615 410
2446 2 2 9 8 1084 3836 2323
2447 2 2 9 8 2212 4614 1131
2448 2 2 9 8 1054 3248 2055
2449 2 2 9 8 2305 6367 2306
2450 2 2 9 8 1089 5934 2938
2451 2 2 9 8 2601 5935 387
2452 2 2 9 8 968 6014 2235
2453 2 2 9 8 2780 2856 502
2454 2 2 9 8 2796 3210 441
2455 2 2 9 8 3011 5795 1886
2456 2 2 9 8 2055 3466 1054
2457 2 2 9 8 2637 4836 63
2458 2 2 9 8 1718 4015 3378
2459 2 2 9 8 917 4072 2303
2460 2 2 9 8 2958 2959 1217
2461 2 2 9 8 528 3249 2023
2462 2 2 9 8 2911 4539 776
2463 2 2 9 8 1348 6119 2259
2464 2 2 9 8 5629 5706 2161
2465 2 2 9 8 515 4993 2244
2466 2 2 9 8 2584 4381 1512
2467 2 2 9 8 638 2742 2741
2468 2 2 9 8 2218 4700 1190
2469 2 2 9 8 3229 5957 2622
2470 2 2 9 8 301 3087 300
2471 2 2 9 8 2332 6052 685
2472 2 2 9 8 3041 3093 1360
2473 2 2 9 8 2633 4258 983
2474 2 2 9 8 2392 5829 3213
2475 2 2 9 8 1169 3668 2121
2476 2 2 9 8 3563 5898 2705
2477 2 2 9 8 2283 3663 945
2478 2 2 9 8 2364 5919 4106
2479 2 2 9 8 2361 5397 1218
2480 2 2 9 8 167 5146 166
2481 2 2 9 8 3353 3548 572
2482 2 2 9 8 2208 6144 3402
2483 2 2 9 8 3113 3946 616
2484 2 2 9 8 2919 3567 1137
2485 2 2 9 8 572 5420 2502
2486 2 2 9 8 3010 3620 1511
2487 2 2 9 8 2525 5378 969
2488 2 2 9 8 2479 6422 2221
2489 2 2 9 8 2753 5042 1065
2490 2 2 9 8 1605 4144 2616
2491 2 2 9 8 2178 5396 3410
2492 2 2 9 8 1300 3244 2546
2493 2 2 9 8 159 3736 3077
2494 2 2 9 8 3193 4557 4144
2495 2 2 9 8 1206 4516 3680
2496 2 2 9 8 1498 3723 2941
2497 2 2 9 8 1310 2926 2846
2498 2 2 9 8 2771 3885 1400
2499 2 2 9 8 5501 6211 498
2500 2 2 9 8 699 6020 2518
2501 2 2 9 8 1021 5874 2279
2502 2 2 9 8 1780 4474 2146
2503 2 2 9 8 2206 2822 732
2504 2 2 9 8 1057 6313 3169
2505 2 2 9 8 2867 6288 3123
2506 2 2 9 8 5034 6008 1626
2507 2 2 9 8 530 3653 2358
2508 2 2 9 8 2341 3050 208
2509 2 2 9 8 3808 5605 549
2510 2 2 9 8 2795 3057 1173
2511 2 2 9 8 886 6582 4313
2512 2 2 9 8 2353 3482 1361
2513 2 2 9 8 2748 4769 378
2514 2 2 9 8 2566 6097 940
2515 2 2 9 8 2164 3028 1078
2516 2 2 9 8 4341 4973 1448
2517 2 2 9 8 806 5480 3290
2518 2 2 9 8 595 5673 3760
2519 2 2 9 8 2671 2986 1116
2520 2 2 9 8 5748 6616 2894
2521 2 2 9 8 1953 3706 3084
2522 2 2 9 8 5758 5821 826
2523 2 2 9 8 1075 4876 2464
2524 2 2 9 8 2841 4334 878
2525 2 2 9 8 1548 3770 3744
2526 2 2 9 8 1124 6058 4882
2527 2 2 9 8 1759 5278 3371
2528 2 2 9 8 240 2280 239
2529 2 2 9 8 2497 2865 599
2530 2 2 9 8 763 5284 4599
2531 2 2 9 8 808 3334 2375
2532 2 2 9 8 2643 3875 439
2533 2 2 9 8 1018 4234 2602
2534 2 2 9 8 1126 3265 3154
2535 2 2 9 8 2817 6245 1186
2536 2 2 9 8 4464 5420 2007
2537 2 2 9 8 2796 3041 1167
2538 2 2 9 8 2139 5587 376
2539 2 2 9 8 477 6404 4972
2540 2 2 9 8 190 4347 189
2541 2 2 9 8 3196 4733 3993
2542 2 2 9 8 1770 4341 3019
2543 2 2 9 8 4539 6209 2454
2544 2 2 9 8 4313 5587 1940
2545 2 2 9 8 2407 3034 526
2546 2 2 9 8 1853 4640 4227
2547 2 2 9 8 1209 4051 2317
2548 2 2 9 8 1727 4989 4207
2549 2 2 9 8 2409 4155 1330
2550 2 2 9 8 3226 3917 815
2551 2 2 9 8 1671 2461 401
2552 2 2 9 8 2763 4777 1261
2553 2 2 9 8 1309 4007 2659
2554 2 2 9 8 3405 6609 1196
2555 2 2 9 8 1158 5722 728
2556 2 2 9 8 5188 6231 937
2557 2 2 9 8 967 3758 2516
2558 2 2 9 8 885 4244 2137
2559 2 2 9 8 851 5605 4423
2560 2 2 9 8 719 3838 1840
2561 2 2 9 8 2592 3282 702
2562 2 2 9 8 15 2948 14
2563 2 2 9 8 943 3621 2468
2564 2 2 9 8 3690 6322 4857
2565 2 2 9 8 2709 3099 1354
2566 2 2 9 8 1881 5223 2869
2567 2 2 9 8 1935 5381 4540
2568 2 2 9 8 1600 3949 1996
2569 2 2 9 8 1202 3227 2770
2570 2 2 9 8 1188 5119 2153
2571 2 2 9 8 4718 6460 2243
2572 2 2 9 8 423 5619 2835
2573 2 2 9 8 44 3079 43
2574 2 2 9 8 1968 6578 1613
2575 2 2 9 8 3028 5555 2693
2576 2 2 9 8 1056 5618 4273
2577 2 2 9 8 2378 3357 1331
2578 2 2 9 8 3378 4015 1409
2579 2 2 9 8 1177 3853 2334
2580 2 2 9 8 1295 5572 3110
2581 2 2 9 8 1306 3321 2454
2582 2 2 9 8 496 2884 2645
2583 2 2 9 8 4831 6313 2156
2584 2 2 9 8 2083 5186 3017
2585 2 2 9 8 1146 5260 2202
2586 2 2 9 8 5283 5990 708
2587 2 2 9 8 1410 4840 2270
2588 2 2 9 8 638 3313 2742
2589 2 2 9 8 4129 6615 951
2590 2 2 9 8 3229 3754 587
2591 2 2 9 8 4640 4776 1139
2592 2 2 9 8 1230 3471 3329
2593 2 2 9 8 2131 4240 634
2594 2 2 9 8 1442 4433 2562
2595 2 2 9 8 847 5262 1976
2596 2 2 9 8 728 4182 1158
2597 2 2 9 8 2756 4422 500
2598 2 2 9 8 116 3859 115
2599 2 2 9 8 2070 5552 2389
2600 2 2 9 8 970 5012 2106
2601 2 2 9 8 440 5274 2226
2602 2 2 9 8 366 4140 2944
2603 2 2 9 8 90 4437 1994
2604 2 2 9 8 3354 5678 4226
2605 2 2 9 8 871 3233 1831
2606 2 2 9 8 2219 3569 1345
2607 2 2 9 8 1609 4987 4676
2608 2 2 9 8 2620 3140 1395
2609 2 2 9 8 569 5844 1637
2610 2 2 9 8 1107 5592 4909
2611 2 2 9 8 1565 3501 3231
2612 2 2 9 8 1606 3885 2771
2613 2 2 9 8 158 5610 157
2614 2 2 9 8 879 5397 4586
2615 2 2 9 8 2977 5348 570
2616 2 2 9 8 3316 4265 641
2617 2 2 9 8 4449 5279 2587
2618 2 2 9 8 2290 3544 875
2619 2 2 9 8 159 3077 158
2620 2 2 9 8 3435 4696 922
2621 2 2 9 8 441 3093 3041
2622 2 2 9 8 1326 4087 2406
2623 2 2 9 8 2271 6075 518
2624 2 2 9 8 1625 3342 2632
2625 2 2 9 8 2532 3376 978
2626 2 2 9 8 3114 3424 1288
2627 2 2 9 8 950 4589 3599
2628 2 2 9 8 1096 6298 3822
2629 2 2 9 8 918 3441 2615
2630 2 2 9 8 2124 4790 2572
2631 2 2 9 8 2798 2799 968
2632 2 2 9 8 787 5389 3021
2633 2 2 9 8 1998 4481 429
2634 2 2 9 8 728 5153 3189
2635 2 2 9 8 834 3512 2589
2636 2 2 9 8 2684 4806 257
2637 2 2 9 8 2010 3320 1104
2638 2 2 9 8 2568 6360 3952
2639 2 2 9 8 2972 3073 1843
2640 2 2 9 8 2408 2952 808
2641 2 2 9 8 1385 4250 2047
2642 2 2 9 8 1052 2929 2811
2643 2 2 9 8 1040 4452 2288
2644 2 2 9 8 3690 4857 1923
2645 2 2 9 8 3039 3839 1305
2646 2 2 9 8 2872 4569 3533
2647 2 2 9 8 2521 2699 1069
2648 2 2 9 8 2616 4144 2166
2649 2 2 9 8 3687 5306 954
2650 2 2 9 8 2999 4427 358
2651 2 2 9 8 1500 5255 1673
2652 2 2 9 8 2885 6089 2304
2653 2 2 9 8 1198 3708 2520
2654 2 2 9 8 2789 3317 1162
2655 2 2 9 8 1311 3271 2888
2656 2 2 9 8 241 2125 240
2657 2 2 9 8 1439 4890 1976
2658 2 2 9 8 2571 6345 1331
2659 2 2 9 8 561 5696 3382
2660 2 2 9 8 715 6307 4236
2661 2 2 9 8 3025 3032 1270
2662 2 2 9 8 1153 3781 2725
2663 2 2 9 8 3385 5573 849
2664 2 2 9 8 717 5130 3604
2665 2 2 9 8 1263 5735 2510
2666 2 2 9 8 1922 3680 2633
2667 2 2 9 8 3689 4587 2256
2668 2 2 9 8 2772 3095 51
2669 2 2 9 8 1196 4168 2343
2670 2 2 9 8 764 5045 4149
2671 2 2 9 8 3478 6397 2490
2672 2 2 9 8 4441 5909 176
2673 2 2 9 8 1283 5312 2303
2674 2 2 9 8 3773 3878 1333
2675 2 2 9 8 2148 4453 468
2676 2 2 9 8 2597 6233 1074
2677 2 2 9 8 1647 3282 2592
2678 2 2 9 8 468 3983 2148
2679 2 2 9 8 1444 5885 2385
2680 2 2 9 8 2424 5857 1719
2681 2 2 9 8 921 4807 3817
2682 2 2 9 8 3233 3663 481
2683 2 2 9 8 828 4998 3978
2684 2 2 9 8 1019 3509 2008
2685 2 2 9 8 3630 3786 1676
2686 2 2 9 8 2566 3286 1999
2687 2 2 9 8 2520 3708 907
2688 2 2 9 8 3089 4556 995
2689 2 2 9 8 1261 4777 2683
2690 2 2 9 8 1181 5782 5029
2691 2 2 9 8 3496 4973 1770
2692 2 2 9 8 723 3174 3029
2693 2 2 9 8 2875 3307 1136
2694 2 2 9 8 1222 3031 2366
2695 2 2 9 8 2307 5770 689
2696 2 2 9 8 2226 4783 729
2697 2 2 9 8 4343 5942 3004
2698 2 2 9 8 3054 4703 1346
2699 2 2 9 8 2835 5619 4574
2700 2 2 9 8 243 5450 3433
2701 2 2 9 8 1018 4940 2639
2702 2 2 9 8 2251 2873 839
2703 2 2 9 8 2704 6575 1860
2704 2 2 9 8 831 2950 2016
2705 2 2 9 8 444 4019 2455
2706 2 2 9 8 375 4524 2817
2707 2 2 9 8 2905 4304 296
2708 2 2 9 8 258 2684 257
2709 2 2 9 8 4436 5335 1569
2710 2 2 9 8 2971 6185 4764
2711 2 2 9 8 2237 6054 1137
2712 2 2 9 8 1243 3549 3057
2713 2 2 9 8 2294 4698 758
2714 2 2 9 8 2431 3440 433
2715 2 2 9 8 2651 5450 244
2716 2 2 9 8 4757 6052 2332
2717 2 2 9 8 3590 5726 923
2718 2 2 9 8 2931 3812 948
2719 2 2 9 8 3059 3367 1345
2720 2 2 9 8 4034 4868 2123
2721 2 2 9 8 1215 3876 2152
2722 2 2 9 8 2638 5821 2048
2723 2 2 9 8 958 4372 2911
2724 2 2 9 8 3458 4672 1077
2725 2 2 9 8 1066 5832 3404
2726 2 2 9 8 2664 3106 1080
2727 2 2 9 8 3228 4639 2053
2728 2 2 9 8 461 5764 2403
2729 2 2 9 8 735 3777 2699
2730 2 2 9 8 881 3591 2433
2731 2 2 9 8 2577 2707 393
2732 2 2 9 8 2873 4367 1397
2733 2 2 9 8 1341 3205 2546
2734 2 2 9 8 1761 4063 2764
2735 2 2 9 8 1920 3966 823
2736 2 2 9 8 2679 6544 2680
2737 2 2 9 8 89 2571 88
2738 2 2 9 8 1889 5574 3702
2739 2 2 9 8 2363 5073 380
2740 2 2 9 8 282 2788 281
2741 2 2 9 8 4742 5359 1481
2742 2 2 9 8 3345 5997 2908
2743 2 2 9 8 1172 4497 1985
2744 2 2 9 8 455 5694 3841
2745 2 2 9 8 419 5177 3835
2746 2 2 9 8 666 3823 3721
2747 2 2 9 8 2838 6047 2681
2748 2 2 9 8 1449 5387 3986
2749 2 2 9 8 685 4861 2332
2750 2 2 9 8 4817 5843 1381
2751 2 2 9 8 794 3444 2285
2752 2 2 9 8 2091 4482 3435
2753 2 2 9 8 504 4093 3161
2754 2 2 9 8 2067 3370 1108
2755 2 2 9 8 3970 4228 1285
2756 2 2 9 8 449 4364 3098
2757 2 2 9 8 4715 6586 2913
2758 2 2 9 8 923 3728 3590
2759 2 2 9 8 3888 4774 2194
2760 2 2 9 8 2694 3764 1519
2761 2 2 9 8 3005 6629 1128
2762 2 2 9 8 2006 3789 593
2763 2 2 9 8 1565 3811 3501
2764 2 2 9 8 3450 6301 2823
2765 2 2 9 8 2088 6301 5057
2766 2 2 9 8 2992 4592 1184
2767 2 2 9 8 1659 3647 3285
2768 2 2 9 8 3118 3460 1594
2769 2 2 9 8 263 1877 262
2770 2 2 9 8 4478 5799 2752
2771 2 2 9 8 1673 4304 1500
2772 2 2 9 8 1400 3885 2963
2773 2 2 9 8 2170 4935 3144
2774 2 2 9 8 1069 5449 2269
2775 2 2 9 8 2963 5729 588
2776 2 2 9 8 981 3352 2318
2777 2 2 9 8 69 2767 2118
2778 2 2 9 8 2159 5381 4671
2779 2 2 9 8 1664 3663 3233
2780 2 2 9 8 1378 3631 2209
2781 2 2 9 8 2198 2521 1245
2782 2 2 9 8 852 4596 2864
2783 2 2 9 8 2538 6123 2942
2784 2 2 9 8 2827 3030 827
2785 2 2 9 8 1143 5090 2161
2786 2 2 9 8 1639 3760 3234
2787 2 2 9 8 2270 5007 1410
2788 2 2 9 8 4871 5173 893
2789 2 2 9 8 1267 4806 2684
2790 2 2 9 8 4106 5919 422
2791 2 2 9 8 897 4054 2762
2792 2 2 9 8 2636 2895 587
2793 2 2 9 8 2582 5987 1085
2794 2 2 9 8 2463 3792 946
2795 2 2 9 8 52 2772 51
2796 2 2 9 8 1870 3807 252
2797 2 2 9 8 168 3720 3581
2798 2 2 9 8 1023 4020 2897
2799 2 2 9 8 550 3724 3325
2800 2 2 9 8 3569 4785 1986
2801 2 2 9 8 1251 4038 2435
2802 2 2 9 8 4746 5264 2207
2803 2 2 9 8 3189 5153 1363
2804 2 2 9 8 1124 4882 2758
2805 2 2 9 8 1575 4669 3990
2806 2 2 9 8 3131 3238 1415
2807 2 2 9 8 1626 6008 3157
2808 2 2 9 8 5286 5835 1760
2809 2 2 9 8 4727 5826 1414
2810 2 2 9 8 265 5843 264
2811 2 2 9 8 1121 3490 2276
2812 2 2 9 8 2472 5268 619
2813 2 2 9 8 2534 4350 1225
2814 2 2 9 8 2293 5978 5873
2815 2 2 9 8 647 3558 2981
2816 2 2 9 8 1305 3257 2575
2817 2 2 9 8 891 5716 2833
2818 2 2 9 8 1692 4359 2178
2819 2 2 9 8 13 3086 12
2820 2 2 9 8 1782 5951 2471
2821 2 2 9 8 3999 4164 1800
2822 2 2 9 8 413 6512 2103
2823 2 2 9 8 2851 6517 671
2824 2 2 9 8 1345 5144 2219
2825 2 2 9 8 2291 5993 1965
2826 2 2 9 8 1117 2986 2671
2827 2 2 9 8 1577 3494 2893
2828 2 2 9 8 3000 5677 1197
2829 2 2 9 8 2321 2644 442
2830 2 2 9 8 2688 3004 355
2831 2 2 9 8 158 3077 2922
2832 2 2 9 8 1797 6497 838
2833 2 2 9 8 3542 3859 1232
2834 2 2 9 8 1233 3835 2092
2835 2 2 9 8 3813 5688 4657
2836 2 2 9 8 195 2720 2386
2837 2 2 9 8 468 4232 3983
2838 2 2 9 8 2358 3843 530
2839 2 2 9 8 2432 2993 1148
2840 2 2 9 8 459 4452 2489
2841 2 2 9 8 3166 4595 1760
2842 2 2 9 8 3154 3265 516
2843 2 2 9 8 3480 3557 1132
2844 2 2 9 8 413 5557 2793
2845 2 2 9 8 3302 6277 562
2846 2 2 9 8 2315 4687 411
2847 2 2 9 8 3543 5653 1219
2848 2 2 9 8 3736 5585 2002
2849 2 2 9 8 1218 4564 2361
2850 2 2 9 8 829 4381 2584
2851 2 2 9 8 880 4751 2299
2852 2 2 9 8 3141 3366 853
2853 2 2 9 8 899 4325 2696
2854 2 2 9 8 4708 6074 2484
2855 2 2 9 8 2478 3678 891
2856 2 2 9 8 2104 2302 119
2857 2 2 9 8 4211 6097 2697
2858 2 2 9 8 1320 4796 2109
2859 2 2 9 8 1360 3093 3013
2860 2 2 9 8 2317 3905 3263
2861 2 2 9 8 2217 5772 2957
2862 2 2 9 8 2359 5063 1081
2863 2 2 9 8 2589 5023 834
2864 2 2 9 8 3285 3647 688
2865 2 2 9 8 3350 5856 5427
2866 2 2 9 8 2629 4560 909
2867 2 2 9 8 3086 4682 1170
2868 2 2 9 8 1137 5093 2237
2869 2 2 9 8 933 4913 2330
2870 2 2 9 8 691 5490 4928
2871 2 2 9 8 2315 6110 1572
2872 2 2 9 8 1738 4089 2737
2873 2 2 9 8 4977 5771 975
2874 2 2 9 8 2529 6101 1755
2875 2 2 9 8 1866 5203 2642
2876 2 2 9 8 3077 6080 2922
2877 2 2 9 8 354 2654 2350
2878 2 2 9 8 600 6424 2295
2879 2 2 9 8 2587 4385 514
2880 2 2 9 8 755 3322 1951
2881 2 2 9 8 132 6452 2165
2882 2 2 9 8 3005 4591 2012
2883 2 2 9 8 678 3181 2839
2884 2 2 9 8 875 4793 2290
2885 2 2 9 8 3969 5270 1811
2886 2 2 9 8 1440 3052 1157
2887 2 2 9 8 2657 4177 1086
2888 2 2 9 8 1623 3163 2731
2889 2 2 9 8 4370 5943 3434
2890 2 2 9 8 3429 3874 861
2891 2 2 9 8 2472 4635 1530
2892 2 2 9 8 2314 4941 1312
2893 2 2 9 8 2779 3544 1104
2894 2 2 9 8 3866 5333 1936
2895 2 2 9 8 2880 3183 2022
2896 2 2 9 8 2903 3172 1071
2897 2 2 9 8 2261 5356 3651
2898 2 2 9 8 680 4884 3267
2899 2 2 9 8 72 2626 71
2900 2 2 9 8 1931 5037 4702
2901 2 2 9 8 2805 4200 998
2902 2 2 9 8 144 4337 143
2903 2 2 9 8 2116 4782 1014
2904 2 2 9 8 399 5545 2877
2905 2 2 9 8 4 3364 81
2906 2 2 9 8 3485 5526 906
2907 2 2 9 8 4668 5255 2005
2908 2 2 9 8 2470 3327 204
2909 2 2 9 8 3584 6054 2237
2910 2 2 9 8 553 4948 2957
2911 2 2 9 8 2419 2851 1019
2912 2 2 9 8 2406 4087 795
2913 2 2 9 8 2812 3964 1056
2914 2 2 9 8 2960 3883 1248
2915 2 2 9 8 2641 3303 1046
2916 2 2 9 8 4761 4854 2097
2917 2 2 9 8 1190 4700 2292
2918 2 2 9 8 591 3656 3468
2919 2 2 9 8 3337 4140 366
2920 2 2 9 8 818 5518 2456
2921 2 2 9 8 1256 4920 2230
2922 2 2 9 8 1532 4615 4135
2923 2 2 9 8 3333 3782 1698
2924 2 2 9 8 133 6452 132
2925 2 2 9 8 3079 3795 43
2926 2 2 9 8 4313 6582 2189
2927 2 2 9 8 2275 6024 575
2928 2 2 9 8 1277 5167 2661
2929 2 2 9 8 198 4035 197
2930 2 2 9 8 2332 4217 817
2931 2 2 9 8 3065 5410 998
2932 2 2 9 8 612 5024 2558
2933 2 2 9 8 3210 3414 441
2934 2 2 9 8 3234 3987 1639
2935 2 2 9 8 664 5579 2471
2936 2 2 9 8 1589 4120 3840
2937 2 2 9 8 1555 4478 2752
2938 2 2 9 8 3287 4489 386
2939 2 2 9 8 1605 4833 4144
2940 2 2 9 8 1037 6552 2369
2941 2 2 9 8 1562 6123 2538
2942 2 2 9 8 384 4380 2297
2943 2 2 9 8 433 5657 2431
2944 2 2 9 8 4127 4738 964
2945 2 2 9 8 2844 3307 567
2946 2 2 9 8 2471 4829 664
2947 2 2 9 8 2250 3576 768
2948 2 2 9 8 1353 4263 3240
2949 2 2 9 8 115 3859 1927
2950 2 2 9 8 4028 4749 1242
2951 2 2 9 8 2925 3053 1163
2952 2 2 9 8 2404 4775 1088
2953 2 2 9 8 1554 5732 2984
2954 2 2 9 8 1249 3347 2819
2955 2 2 9 8 1441 2895 2636
2956 2 2 9 8 3978 4998 2168
2957 2 2 9 8 983 5328 2633
2958 2 2 9 8 111 4572 1897
2959 2 2 9 8 4671 5381 1099
2960 2 2 9 8 2343 4849 704
2961 2 2 9 8 4540 5381 2159
2962 2 2 9 8 5375 5840 1238
2963 2 2 9 8 1190 4459 2275
2964 2 2 9 8 179 3008 178
2965 2 2 9 8 803 3987 3234
2966 2 2 9 8 368 4376 2106
2967 2 2 9 8 2421 4464 3528
2968 2 2 9 8 5302 5732 1554
2969 2 2 9 8 942 4650 2402
2970 2 2 9 8 3619 4899 2450
2971 2 2 9 8 2692 5202 1510
2972 2 2 9 8 1644 5355 5288
2973 2 2 9 8 760 6015 2437
2974 2 2 9 8 2098 5974 766
2975 2 2 9 8 899 4379 2196
2976 2 2 9 8 1380 3875 2643
2977 2 2 9 8 574 5963 2309
2978 2 2 9 8 1442 4272 2895
2979 2 2 9 8 4268 6093 622
2980 2 2 9 8 2526 4023 1406
2981 2 2 9 8 2568 2834 1087
2982 2 2 9 8 988 2713 2199
2983 2 2 9 8 3484 5416 1091
2984 2 2 9 8 2584 3341 829
2985 2 2 9 8 2598 3055 1073
2986 2 2 9 8 2327 3316 641
2987 2 2 9 8 2108 3390 438
2988 2 2 9 8 1840 3838 1264
2989 2 2 9 8 2555 3316 938
2990 2 2 9 8 1851 5395 3403
2991 2 2 9 8 402 5314 4706
2992 2 2 9 8 687 4276 3242
2993 2 2 9 8 591 5766 2576
2994 2 2 9 8 898 5867 2067
2995 2 2 9 8 2475 3104 992
2996 2 2 9 8 1041 6159 2292
2997 2 2 9 8 1833 5378 2525
2998 2 2 9 8 5052 5339 605
2999 2 2 9 8 3195 4936 3489
3000 2 2 9 8 776 4109 3610
3001 2 2 9 8 148 4557 147
3002 2 2 9 8 1763 3314 2650
3003 2 2 9 8 615 6354 2967
3004 2 2 9 8 2279 5874 2744
3005 2 2 9 8 603 4837 2531
3006 2 2 9 8 6174 6252 961
3007 2 2 9 8 3792 4603 946
3008 2 2 9 8 2221 5614 506
3009 2 2 9 8 861 4435 2348
3010 2 2 9 8 1999 6097 2566
3011 2 2 9 8 4014 5999 748
3012 2 2 9 8 176 5909 175
3013 2 2 9 8 675 3206 2775
3014 2 2 9 8 3599 4389 2258
3015 2 2 9 8 3204 3222 509
3016 2 2 9 8 2201 4629 3829
3017 2 2 9 8 2476 3560 885
3018 2 2 9 8 2612 2688 355
3019 2 2 9 8 1448 4973 2360
3020 2 2 9 8 3983 4232 2119
3021 2 2 9 8 2194 4845 4409
3022 2 2 9 8 2382 3528 701
3023 2 2 9 8 1228 3576 2250
3024 2 2 9 8 2466 5516 1781
3025 2 2 9 8 1061 6053 3632
3026 2 2 9 8 2314 4087 1326
3027 2 2 9 8 3435 4482 1148
3028 2 2 9 8 1160 4060 2498
3029 2 2 9 8 487 6457 4355
3030 2 2 9 8 2741 3452 638
3031 2 2 9 8 3032 3967 1270
3032 2 2 9 8 638 5862 5690
3033 2 2 9 8 964 3887 1989
3034 2 2 9 8 3318 4342 1753
3035 2 2 9 8 2111 4779 1524
3036 2 2 9 8 3540 4462 627
3037 2 2 9 8 2765 5550 1295
3038 2 2 9 8 2558 5024 1281
3039 2 2 9 8 1518 6327 2584
3040 2 2 9 8 3403 6156 1851
3041 2 2 9 8 136 3531 2273
3042 2 2 9 8 2544 5565 2004
3043 2 2 9 8 2529 3439 637
3044 2 2 9 8 2252 2893 713
3045 2 2 9 8 2042 4437 90
3046 2 2 9 8 2367 6153 491
3047 2 2 9 8 2211 4604 3756
3048 2 2 9 8 3426 3647 1659
3049 2 2 9 8 1650 5454 2492
3050 2 2 9 8 2480 3755 1084
3051 2 2 9 8 1925 4823 3997
3052 2 2 9 8 1123 5196 2536
3053 2 2 9 8 1619 5366 4740
3054 2 2 9 8 1824 4463 2670
3055 2 2 9 8 3863 5489 1982
3056 2 2 9 8 2152 4803 1722
3057 2 2 9 8 460 3556 2818
3058 2 2 9 8 1326 3976 2314
3059 2 2 9 8 702 3865 2592
3060 2 2 9 8 1705 3452 2741
3061 2 2 9 8 72 2841 2626
3062 2 2 9 8 1771 3688 3061
3063 2 2 9 8 2325 4065 1504
3064 2 2 9 8 1999 3286 632
3065 2 2 9 8 2128 3966 472
3066 2 2 9 8 3849 4694 1280
3067 2 2 9 8 1310 3016 2926
3068 2 2 9 8 711 4126 3221
3069 2 2 9 8 3015 3795 1709
3070 2 2 9 8 542 4342 3318
3071 2 2 9 8 1195 6395 2531
3072 2 2 9 8 75 2770 74
3073 2 2 9 8 1045 4885 2401
3074 2 2 9 8 1288 4717 3114
3075 2 2 9 8 2106 4376 1649
3076 2 2 9 8 2496 5754 1129
3077 2 2 9 8 1387 5573 3385
3078 2 2 9 8 3257 3839 706
3079 2 2 9 8 2615 3441 1580
3080 2 2 9 8 745 4417 4253
3081 2 2 9 8 2745 4265 1453
3082 2 2 9 8 2439 6094 2832
3083 2 2 9 8 3973 4313 2189
3084 2 2 9 8 2602 4234 3727
3085 2 2 9 8 388 4132 2514
3086 2 2 9 8 3799 4717 1288
3087 2 2 9 8 4117 4237 1329
3088 2 2 9 8 3348 4299 924
3089 2 2 9 8 287 5884 286
3090 2 2 9 8 2835 5260 423
3091 2 2 9 8 3085 6109 813
3092 2 2 9 8 4372 6276 501
3093 2 2 9 8 533 3793 3261
3094 2 2 9 8 944 1794 1707
3095 2 2 9 8 1265 4131 2440
3096 2 2 9 8 201 4648 3824
3097 2 2 9 8 2753 6410 1010
3098 2 2 9 8 1270 3967 3594
3099 2 2 9 8 659 3389 2879
3100 2 2 9 8 3336 6070 3006
3101 2 2 9 8 1478 6508 2814
3102 2 2 9 8 1077 4915 3117
3103 2 2 9 8 523 3712 2727
3104 2 2 9 8 472 2493 2128
3105 2 2 9 8 3841 5694 2266
3106 2 2 9 8 2132 5415 864
3107 2 2 9 8 3607 5285 1970
3108 2 2 9 8 3118 6609 515
3109 2 2 9 8 2012 6629 3005
3110 2 2 9 8 2289 5314 4112
3111 2 2 9 8 913 4969 4741
3112 2 2 9 8 2418 5406 1027
3113 2 2 9 8 1017 6168 1910
3114 2 2 9 8 1020 5715 4455
3115 2 2 9 8 199 5460 198
3116 2 2 9 8 4112 6056 2289
3117 2 2 9 8 1952 3917 3226
3118 2 2 9 8 2583 6438 2955
3119 2 2 9 8 3992 5781 2395
3120 2 2 9 8 2491 5917 450
3121 2 2 9 8 4331 6050 446
3122 2 2 9 8 389 3786 3630
3123 2 2 9 8 1149 3465 3043
3124 2 2 9 8 3319 3681 754
3125 2 2 9 8 606 5725 4032
3126 2 2 9 8 1880 2843 755
3127 2 2 9 8 1132 3557 2703
3128 2 2 9 8 1466 6139 2519
3129 2 2 9 8 1755 6101 5247
3130 2 2 9 8 1345 3569 3059
3131 2 2 9 8 1592 3850 3365
3132 2 2 9 8 494 3934 2589
3133 2 2 9 8 2855 5301 1097
3134 2 2 9 8 2471 5579 1782
3135 2 2 9 8 885 5038 2476
3136 2 2 9 8 1167 3072 2846
3137 2 2 9 8 1121 4808 2078
3138 2 2 9 8 518 6075 2623
3139 2 2 9 8 2145 3479 1042
3140 2 2 9 8 1299 5559 3842
3141 2 2 9 8 3706 5031 1022
3142 2 2 9 8 441 3041 2796
3143 2 2 9 8 2256 5284 1082
3144 2 2 9 8 591 3468 2859
3145 2 2 9 8 635 3407 2696
3146 2 2 9 8 2754 3942 1817
3147 2 2 9 8 2666 5173 2081
3148 2 2 9 8 2848 5567 1929
3149 2 2 9 8 3152 5060 715
3150 2 2 9 8 2529 5082 865
3151 2 2 9 8 2804 3496 1259
3152 2 2 9 8 2310 5339 5052
3153 2 2 9 8 447 4100 2135
3154 2 2 9 8 3773 5461 2308
3155 2 2 9 8 2800 4445 1879
3156 2 2 9 8 2876 4496 1047
3157 2 2 9 8 2180 4079 920
3158 2 2 9 8 1400 2948 2771
3159 2 2 9 8 2815 3135 1134
3160 2 2 9 8 809 6567 3170
3161 2 2 9 8 1496 4357 3337
3162 2 2 9 8 80 2625 79
3163 2 2 9 8 3341 4986 829
3164 2 2 9 8 1877 4795 262
3165 2 2 9 8 6111 6609 3118
3166 2 2 9 8 1075 6075 4876
3167 2 2 9 8 3338 5960 3497
3168 2 2 9 8 2497 6615 4129
3169 2 2 9 8 387 3358 2601
3170 2 2 9 8 2346 5976 1334
3171 2 2 9 8 2495 5341 1122
3172 2 2 9 8 1075 5148 2603
3173 2 2 9 8 793 4531 2962
3174 2 2 9 8 2928 3746 673
3175 2 2 9 8 3017 4011 2083
3176 2 2 9 8 596 3074 2979
3177 2 2 9 8 1496 5372 2814
3178 2 2 9 8 1031 5664 2503
3179 2 2 9 8 2137 4137 885
3180 2 2 9 8 1311 2888 2537
3181 2 2 9 8 2783 5177 419
3182 2 2 9 8 3025 3936 1220
3183 2 2 9 8 3204 3618 1339
3184 2 2 9 8 2428 6430 4349
3185 2 2 9 8 3454 6443 2085
3186 2 2 9 8 144 5775 4337
3187 2 2 9 8 4236 6307 2026
3188 2 2 9 8 3501 4471 1301
3189 2 2 9 8 600 4821 2215
3190 2 2 9 8 3337 4357 1849
3191 2 2 9 8 2806 3058 1220
3192 2 2 9 8 1915 2414 788
3193 2 2 9 8 940 4077 2566
3194 2 2 9 8 3022 4764 416
3195 2 2 9 8 1339 4025 3222
3196 2 2 9 8 2650 6403 1016
3197 2 2 9 8 2638 4739 1497
3198 2 2 9 8 2556 4101 1577
3199 2 2 9 8 1458 4491 2238
3200 2 2 9 8 2146 4474 709
3201 2 2 9 8 1076 6301 3450
3202 2 2 9 8 2681 3281 566
3203 2 2 9 8 2457 3859 116
3204 2 2 9 8 2079 4247 3409
3205 2 2 9 8 1087 4039 2568
3206 2 2 9 8 2549 4481 1338
3207 2 2 9 8 4315 5215 2038
3208 2 2 9 8 2498 4060 428
3209 2 2 9 8 399 6194 3112
3210 2 2 9 8 82 3364 4
3211 2 2 9 8 4385 5794 514
3212 2 2 9 8 238 3453 237
3213 2 2 9 8 2441 6234 1098
3214 2 2 9 8 2178 5345 1692
3215 2 2 9 8 3800 4282 840
3216 2 2 9 8 2141 4912 3350
3217 2 2 9 8 1607 5013 3543
3218 2 2 9 8 4706 5314 2289
3219 2 2 9 8 3269 6058 1829
3220 2 2 9 8 770 4260 4074
3221 2 2 9 8 1235 3592 2707
3222 2 2 9 8 986 3478 2490
3223 2 2 9 8 3916 4246 2091
3224 2 2 9 8 1403 4820 2979
3225 2 2 9 8 2816 3934 494
3226 2 2 9 8 2333 5004 3907
3227 2 2 9 8 2067 4665 898
3228 2 2 9 8 3347 3422 1419
3229 2 2 9 8 1012 3514 2924
3230 2 2 9 8 1997 5122 3050
3231 2 2 9 8 2562 4272 1442
3232 2 2 9 8 2353 4394 539
3233 2 2 9 8 805 4781 3274
3234 2 2 9 8 4455 5715 1972
3235 2 2 9 8 5588 6193 1965
3236 2 2 9 8 2487 5768 1971
3237 2 2 9 8 5567 5659 1062
3238 2 2 9 8 498 6211 3718
3239 2 2 9 8 1135 3945 2222
3240 2 2 9 8 3029 3174 1564
3241 2 2 9 8 2392 5188 937
3242 2 2 9 8 1011 4418 2384
3243 2 2 9 8 1348 4206 4069
3244 2 2 9 8 3456 5240 1465
3245 2 2 9 8 2531 6395 3715
3246 2 2 9 8 1828 5082 2529
3247 2 2 9 8 241 3484 2125
3248 2 2 9 8 3759 6562 5513
3249 2 2 9 8 3140 3416 1395
3250 2 2 9 8 795 3612 2406
3251 2 2 9 8 539 4394 3543
3252 2 2 9 8 3171 3589 1260
3253 2 2 9 8 3873 4970 2143
3254 2 2 9 8 552 5698 2049
3255 2 2 9 8 1263 3416 3140
3256 2 2 9 8 1962 4282 3800
3257 2 2 9 8 2872 3202 1527
3258 2 2 9 8 1298 5707 5417
3259 2 2 9 8 2467 3145 1228
3260 2 2 9 8 2340 5632 380
3261 2 2 9 8 2795 2926 1243
3262 2 2 9 8 1184 3275 3049
3263 2 2 9 8 2022 6529 2880
3264 2 2 9 8 490 3737 2628
3265 2 2 9 8 2172 5320 905
3266 2 2 9 8 956 4607 2337
3267 2 2 9 8 2953 3889 534
3268 2 2 9 8 1354 3099 2847
3269 2 2 9 8 374 4178 3441
3270 2 2 9 8 490 4748 2560
3271 2 2 9 8 1380 4643 3875
3272 2 2 9 8 3480 5490 691
3273 2 2 9 8 2838 4542 912
3274 2 2 9 8 954 3669 2591
3275 2 2 9 8 3115 5283 708
3276 2 2 9 8 2238 4264 1458
3277 2 2 9 8 4300 4950 391
3278 2 2 9 8 2337 2977 956
3279 2 2 9 8 987 4160 4047
3280 2 2 9 8 3784 4989 1727
3281 2 2 9 8 1795 3385 849
3282 2 2 9 8 2839 5722 678
3283 2 2 9 8 1314 3798 3470
3284 2 2 9 8 1153 5745 3781
3285 2 2 9 8 1209 4819 2888
3286 2 2 9 8 4909 5592 2387
3287 2 2 9 8 2670 3921 575
3288 2 2 9 8 2789 4164 1239
3289 2 2 9 8 1136 3951 2940
3290 2 2 9 8 2191 6581 5694
3291 2 2 9 8 567 3307 3289
3292 2 2 9 8 1296 3488 3289
3293 2 2 9 8 2300 5399 2567
3294 2 2 9 8 1867 4259 2725
3295 2 2 9 8 2945 5416 3484
3296 2 2 9 8 183 3881 182
3297 2 2 9 8 5690 5862 2480
3298 2 2 9 8 2196 4325 899
3299 2 2 9 8 2568 3952 1003
3300 2 2 9 8 634 6551 3357
3301 2 2 9 8 3063 4328 1543
3302 2 2 9 8 540 5980 2212
3303 2 2 9 8 147 4942 146
3304 2 2 9 8 1005 3076 2356
3305 2 2 9 8 666 3721 3380
3306 2 2 9 8 32 5116 31
3307 2 2 9 8 1559 3854 3392
3308 2 2 9 8 799 6417 2564
3309 2 2 9 8 1010 6410 3747
3310 2 2 9 8 3625 4266 1117
3311 2 2 9 8 2493 5475 2128
3312 2 2 9 8 367 3932 2513
3313 2 2 9 8 3384 6117 6111
3314 2 2 9 8 3035 4920 1256
3315 2 2 9 8 2106 5012 1681
3316 2 2 9 8 3159 4388 1429
3317 2 2 9 8 1976 4565 1439
3318 2 2 9 8 1584 4715 2913
3319 2 2 9 8 2049 4440 1050
3320 2 2 9 8 1640 3888 2194
3321 2 2 9 8 1600 3199 94
3322 2 2 9 8 995 4107 3089
3323 2 2 9 8 2153 3394 1188
3324 2 2 9 8 131 2709 130
3325 2 2 9 8 2594 5142 1584
3326 2 2 9 8 4011 4328 2083
3327 2 2 9 8 1237 5962 3880
3328 2 2 9 8 2222 3945 904
3329 2 2 9 8 2867 3123 857
3330 2 2 9 8 2819 3347 651
3331 2 2 9 8 698 5176 3121
3332 2 2 9 8 19 3215 18
3333 2 2 9 8 798 4876 2271
3334 2 2 9 8 660 3752 2966
3335 2 2 9 8 373 4879 4625
3336 2 2 9 8 1017 4644 3503
3337 2 2 9 8 669 4598 1774
3338 2 2 9 8 780 5859 3312
3339 2 2 9 8 2474 4402 3619
3340 2 2 9 8 32 6364 5116
3341 2 2 9 8 3097 4338 510
3342 2 2 9 8 1671 5099 2461
3343 2 2 9 8 3948 5354 1818
3344 2 2 9 8 1360 3551 3158
3345 2 2 9 8 1490 3712 3020
3346 2 2 9 8 2486 6495 953
3347 2 2 9 8 2494 4727 3850
3348 2 2 9 8 4114 6144 2208
3349 2 2 9 8 2282 3408 1011
3350 2 2 9 8 2475 5441 2246
3351 2 2 9 8 609 3861 2605
3352 2 2 9 8 2637 6061 2478
3353 2 2 9 8 1156 4602 2739
3354 2 2 9 8 706 3839 2627
3355 2 2 9 8 784 2604 2041
3356 2 2 9 8 2676 2677 1070
3357 2 2 9 8 152 5483 151
3358 2 2 9 8 1951 3932 3829
3359 2 2 9 8 2648 3259 1533
3360 2 2 9 8 1930 5705 3521
3361 2 2 9 8 1044 3502 2405
3362 2 2 9 8 5417 5707 2213
3363 2 2 9 8 2707 3592 938
3364 2 2 9 8 3306 5837 1504
3365 2 2 9 8 153 6162 152
3366 2 2 9 8 2963 3885 721
3367 2 2 9 8 3276 3662 1538
3368 2 2 9 8 2883 3109 420
3369 2 2 9 8 2954 5840 5375
3370 2 2 9 8 1337 5267 4079
3371 2 2 9 8 412 6476 2554
3372 2 2 9 8 2138 4838 1210
3373 2 2 9 8 2564 4790 799
3374 2 2 9 8 1519 4244 2550
3375 2 2 9 8 196 3381 2719
3376 2 2 9 8 857 3211 2867
3377 2 2 9 8 3986 5387 369
3378 2 2 9 8 4325 4590 2696
3379 2 2 9 8 277 2724 276
3380 2 2 9 8 2516 3758 1407
3381 2 2 9 8 3466 5807 2008
3382 2 2 9 8 2975 3094 657
3383 2 2 9 8 907 3708 3368
3384 2 2 9 8 3398 5160 1822
3385 2 2 9 8 2429 6603 5832
3386 2 2 9 8 466 5601 4323
3387 2 2 9 8 3601 4327 773
3388 2 2 9 8 4253 5897 2241
3389 2 2 9 8 1030 3126 2688
3390 2 2 9 8 2863 4817 1382
3391 2 2 9 8 1879 6454 2800
3392 2 2 9 8 769 4604 2211
3393 2 2 9 8 464 3880 2316
3394 2 2 9 8 2606 3298 1336
3395 2 2 9 8 1875 4556 3089
3396 2 2 9 8 2111 4901 4779
3397 2 2 9 8 1258 3618 3204
3398 2 2 9 8 2336 5456 727
3399 2 2 9 8 5578 5721 1531
3400 2 2 9 8 2747 4797 1457
3401 2 2 9 8 3417 3418 1274
3402 2 2 9 8 1577 5105 2556
3403 2 2 9 8 974 5190 3190
3404 2 2 9 8 2406 4429 1326
3405 2 2 9 8 164 2993 163
3406 2 2 9 8 750 5046 2331
3407 2 2 9 8 1312 4139 2314
3408 2 2 9 8 875 4357 2506
3409 2 2 9 8 2134 4696 3435
3410 2 2 9 8 3023 4651 1792
3411 2 2 9 8 3197 6042 2591
3412 2 2 9 8 1456 3622 2200
3413 2 2 9 8 1492 6348 2444
3414 2 2 9 8 684 6569 2248
3415 2 2 9 8 1765 4372 4049
3416 2 2 9 8 3230 3326 1112
3417 2 2 9 8 2439 2832 925
3418 2 2 9 8 2838 4616 1576
3419 2 2 9 8 2656 3289 1116
3420 2 2 9 8 2583 3251 862
3421 2 2 9 8 540 3821 2402
3422 2 2 9 8 5118 5745 414
3423 2 2 9 8 3590 5054 1073
3424 2 2 9 8 2372 4040 1281
3425 2 2 9 8 593 5820 3326
3426 2 2 9 8 2404 6198 656
3427 2 2 9 8 2911 4372 1765
3428 2 2 9 8 2516 5066 691
3429 2 2 9 8 423 5260 2939
3430 2 2 9 8 820 4112 2941
3431 2 2 9 8 2791 6442 2792
3432 2 2 9 8 4228 4858 1689
3433 2 2 9 8 3704 4009 1059
3434 2 2 9 8 3941 4405 418
3435 2 2 9 8 18 2932 17
3436 2 2 9 8 2265 5833 874
3437 2 2 9 8 5181 6226 1683
3438 2 2 9 8 2985 6452 134
3439 2 2 9 8 1235 5766 3591
3440 2 2 9 8 4507 6232 1509
3441 2 2 9 8 4434 4748 490
3442 2 2 9 8 2979 3074 1223
3443 2 2 9 8 1751 4254 2573
3444 2 2 9 8 2496 3291 555
3445 2 2 9 8 3268 5929 505
3446 2 2 9 8 761 3665 2141
3447 2 2 9 8 714 6540 2026
3448 2 2 9 8 2818 3556 1177
3449 2 2 9 8 1043 2827 2070
3450 2 2 9 8 3387 5871 4960
3451 2 2 9 8 2246 5536 659
3452 2 2 9 8 1106 3530 2609
3453 2 2 9 8 2433 5766 591
3454 2 2 9 8 773 4327 3449
3455 2 2 9 8 3584 5996 977
3456 2 2 9 8 3135 3804 694
3457 2 2 9 8 1794 5106 4674
3458 2 2 9 8 3768 4889 2107
3459 2 2 9 8 1786 5325 3841
3460 2 2 9 8 469 3259 2648
3461 2 2 9 8 1414 5826 4183
3462 2 2 9 8 2189 4162 1369
3463 2 2 9 8 1665 5514 2882
3464 2 2 9 8 777 3648 2158
3465 2 2 9 8 4944 5731 2369
3466 2 2 9 8 2926 3016 1243
3467 2 2 9 8 801 3748 1568
3468 2 2 9 8 2629 4015 617
3469 2 2 9 8 1837 3546 1105
3470 2 2 9 8 1679 4937 2614
3471 2 2 9 8 4892 6059 1911
3472 2 2 9 8 2371 6188 1107
3473 2 2 9 8 3253 5485 360
3474 2 2 9 8 3442 3987 803
3475 2 2 9 8 4333 4753 1745
3476 2 2 9 8 37 4965 2473
3477 2 2 9 8 3357 5457 880
3478 2 2 9 8 1157 2679 2335
3479 2 2 9 8 2256 4587 1475
3480 2 2 9 8 3190 5793 426
3481 2 2 9 8 1748 4849 2343
3482 2 2 9 8 3521 5887 1930
3483 2 2 9 8 3317 3606 1276
3484 2 2 9 8 4602 5382 2329
3485 2 2 9 8 146 4942 3252
3486 2 2 9 8 1116 3488 2671
3487 2 2 9 8 2313 4984 3170
3488 2 2 9 8 375 4386 2668
3489 2 2 9 8 744 2936 2935
3490 2 2 9 8 3169 5317 1057
3491 2 2 9 8 2692 3153 850
3492 2 2 9 8 4690 5377 3133
3493 2 2 9 8 30 3027 29
3494 2 2 9 8 3237 4253 1669
3495 2 2 9 8 1947 4547 3758
3496 2 2 9 8 697 4318 3802
3497 2 2 9 8 2360 4973 607
3498 2 2 9 8 1844 5874 2537
3499 2 2 9 8 246 2542 245
3500 2 2 9 8 3312 5568 827
3501 2 2 9 8 848 5344 1960
3502 2 2 9 8 2575 5428 1726
3503 2 2 9 8 1051 3403 2625
3504 2 2 9 8 1542 3941 3933
3505 2 2 9 8 410 5202 2692
3506 2 2 9 8 790 5507 3354
3507 2 2 9 8 1239 3315 2789
3508 2 2 9 8 1222 3079 2438
3509 2 2 9 8 2909 4665 2067
3510 2 2 9 8 1871 4500 1568
3511 2 2 9 8 2468 5977 943
3512 2 2 9 8 1407 3243 2516
3513 2 2 9 8 478 3262 2394
3514 2 2 9 8 4131 4677 541
3515 2 2 9 8 1649 5150 2106
3516 2 2 9 8 598 3589 3171
3517 2 2 9 8 1900 5893 4412
3518 2 2 9 8 2356 5194 1005
3519 2 2 9 8 2624 6020 699
3520 2 2 9 8 4080 5979 1949
3521 2 2 9 8 2578 6170 3693
3522 2 2 9 8 651 3367 2819
3523 2 2 9 8 364 6565 3641
3524 2 2 9 8 2270 4840 4778
3525 2 2 9 8 2390 5985 2216
3526 2 2 9 8 3693 6151 1561
3527 2 2 9 8 2567 5399 457
3528 2 2 9 8 3732 6622 2748
3529 2 2 9 8 446 4815 2572
3530 2 2 9 8 2437 4455 760
3531 2 2 9 8 3390 4039 1087
3532 2 2 9 8 1687 3734 3324
3533 2 2 9 8 1079 4056 3017
3534 2 2 9 8 2302 3964 119
3535 2 2 9 8 297 2905 296
3536 2 2 9 8 1481 4501 4251
3537 2 2 9 8 3306 3939 171
3538 2 2 9 8 1690 4570 4114
3539 2 2 9 8 1218 4366 2736
3540 2 2 9 8 908 4017 2483
3541 2 2 9 8 982 5404 2266
3542 2 2 9 8 863 5406 2418
3543 2 2 9 8 626 4662 4123
3544 2 2 9 8 4313 5882 2448
3545 2 2 9 8 1445 4861 3099
3546 2 2 9 8 2056 5830 1837
3547 2 2 9 8 107 3270 2024
3548 2 2 9 8 2116 6232 4507
3549 2 2 9 8 2264 5131 851
3550 2 2 9 8 774 6537 2805
3551 2 2 9 8 3974 6438 1389
3552 2 2 9 8 3521 4708 493
3553 2 2 9 8 2592 3865 1459
3554 2 2 9 8 2941 4112 1555
3555 2 2 9 8 3144 4329 2170
3556 2 2 9 8 2580 4428 1507
3557 2 2 9 8 1903 3889 2953
3558 2 2 9 8 1027 5406 2397
3559 2 2 9 8 1221 6169 2483
3560 2 2 9 8 3091 3092 1488
3561 2 2 9 8 2443 5753 2319
3562 2 2 9 8 839 6155 2251
3563 2 2 9 8 3072 3158 610
3564 2 2 9 8 1117 4266 2952
3565 2 2 9 8 1012 5168 3514
3566 2 2 9 8 1582 3681 3319
3567 2 2 9 8 5607 6553 4057
3568 2 2 9 8 1505 6263 5125
3569 2 2 9 8 4807 5462 3817
3570 2 2 9 8 2393 5341 974
3571 2 2 9 8 1933 5941 4208
3572 2 2 9 8 1296 3307 2875
3573 2 2 9 8 2802 3861 609
3574 2 2 9 8 4549 5168 1012
3575 2 2 9 8 2546 3244 1341
3576 2 2 9 8 3937 5229 384
3577 2 2 9 8 3118 3486 1101
3578 2 2 9 8 2975 2994 1370
3579 2 2 9 8 2634 5867 898
3580 2 2 9 8 920 3991 2180
3581 2 2 9 8 3304 6238 762
3582 2 2 9 8 1994 2571 89
3583 2 2 9 8 1369 4848 2282
3584 2 2 9 8 2849 5269 3659
3585 2 2 9 8 385 3404 2284
3586 2 2 9 8 2370 5747 4130
3587 2 2 9 8 398 5683 2923
3588 2 2 9 8 3713 5155 1033
3589 2 2 9 8 2384 5578 3217
3590 2 2 9 8 1997 4438 3578
3591 2 2 9 8 2201 3829 367
3592 2 2 9 8 2416 5639 495
3593 2 2 9 8 836 5561 3328
3594 2 2 9 8 1485 3656 3160
3595 2 2 9 8 1090 4655 2915
3596 2 2 9 8 2299 3919 880
3597 2 2 9 8 2483 6169 3281
3598 2 2 9 8 2938 5934 551
3599 2 2 9 8 1322 3918 2530
3600 2 2 9 8 3809 5821 2360
3601 2 2 9 8 1941 4630 3683
3602 2 2 9 8 606 4032 2507
3603 2 2 9 8 3044 3465 1149
3604 2 2 9 8 1798 4385 2587
3605 2 2 9 8 171 3939 170
3606 2 2 9 8 1890 4237 4117
3607 2 2 9 8 432 4554 1731
3608 2 2 9 8 3625 4684 1894
3609 2 2 9 8 3393 6534 5486
3610 2 2 9 8 1457 4132 2621
3611 2 2 9 8 2693 4456 1939
3612 2 2 9 8 1320 4303 3296
3613 2 2 9 8 3384 6111 1101
3614 2 2 9 8 205 3995 2470
3615 2 2 9 8 2008 6296 1054
3616 2 2 9 8 2402 5604 540
3617 2 2 9 8 1061 3692 360
3618 2 2 9 8 498 4825 2376
3619 2 2 9 8 2778 4029 746
3620 2 2 9 8 1227 3561 2667
3621 2 2 9 8 914 4704 2642
3622 2 2 9 8 2983 3016 1310
3623 2 2 9 8 3281 6169 566
3624 2 2 9 8 3339 6567 809
3625 2 2 9 8 656 6198 2702
3626 2 2 9 8 2410 6513 1002
3627 2 2 9 8 3243 5195 1695
3628 2 2 9 8 921 3817 2499
3629 2 2 9 8 4284 6183 1552
3630 2 2 9 8 880 3919 2500
3631 2 2 9 8 2682 3110 1127
3632 2 2 9 8 2381 5050 2093
3633 2 2 9 8 1412 3925 2690
3634 2 2 9 8 909 4560 2470
3635 2 2 9 8 2888 3271 1209
3636 2 2 9 8 2751 5704 2750
3637 2 2 9 8 212 4479 211
3638 2 2 9 8 2806 3184 399
3639 2 2 9 8 3721 3823 1060
3640 2 2 9 8 1329 4225 3300
3641 2 2 9 8 926 2810 2306
3642 2 2 9 8 1935 3363 3362
3643 2 2 9 8 2596 4091 1702
3644 2 2 9 8 2854 4538 1772
3645 2 2 9 8 729 4179 2226
3646 2 2 9 8 3888 4531 2409
3647 2 2 9 8 2671 3488 453
3648 2 2 9 8 1571 5315 4963
3649 2 2 9 8 200 3563 199
3650 2 2 9 8 3890 4225 1329
3651 2 2 9 8 1118 6122 4093
3652 2 2 9 8 1931 4336 3335
3653 2 2 9 8 5621 6379 951
3654 2 2 9 8 1476 4246 3916
3655 2 2 9 8 607 3496 2804
3656 2 2 9 8 2754 3803 519
3657 2 2 9 8 4157 6557 2084
3658 2 2 9 8 3521 5705 980
3659 2 2 9 8 2417 5890 3326
3660 2 2 9 8 2955 6438 379
3661 2 2 9 8 955 4746 2207
3662 2 2 9 8 4047 4160 1987
3663 2 2 9 8 1623 5589 3163
3664 2 2 9 8 3822 4959 1047
3665 2 2 9 8 5759 6217 3635
3666 2 2 9 8 2846 3072 1310
3667 2 2 9 8 488 3611 2330
3668 2 2 9 8 4345 5095 1680
3669 2 2 9 8 1489 3746 2928
3670 2 2 9 8 1538 3662 3492
3671 2 2 9 8 1353 5919 2364
3672 2 2 9 8 3938 4499 1294
3673 2 2 9 8 1535 5977 5575
3674 2 2 9 8 1540 4343 3004
3675 2 2 9 8 3595 4731 841
3676 2 2 9 8 2082 5068 2489
3677 2 2 9 8 2792 5784 1065
3678 2 2 9 8 2563 5999 3979
3679 2 2 9 8 2500 3919 1244
3680 2 2 9 8 2375 4161 808
3681 2 2 9 8 1982 5489 4399
3682 2 2 9 8 3438 4320 1950
3683 2 2 9 8 1220 3184 2806
3684 2 2 9 8 2193 5359 4742
3685 2 2 9 8 3578 4438 1557
3686 2 2 9 8 2337 6377 1334
3687 2 2 9 8 2602 3727 814
3688 2 2 9 8 1453 5325 2745
3689 2 2 9 8 2568 4039 782
3690 2 2 9 8 1425 4029 2778
3691 2 2 9 8 369 3040 2569
3692 2 2 9 8 3064 4917 3472
3693 2 2 9 8 567 3289 2656
3694 2 2 9 8 2682 2765 1295
3695 2 2 9 8 3221 4126 1756
3696 2 2 9 8 1095 2856 2780
3697 2 2 9 8 519 3942 2754
3698 2 2 9 8 657 4193 2975
3699 2 2 9 8 2679 4396 2335
3700 2 2 9 8 555 4962 2706
3701 2 2 9 8 2573 4035 1751
3702 2 2 9 8 1027 3941 2418
3703 2 2 9 8 2973 6630 1187
3704 2 2 9 8 149 6275 148
3705 2 2 9 8 1431 4573 3669
3706 2 2 9 8 1981 4428 2580
3707 2 2 9 8 262 4795 2488
3708 2 2 9 8 3875 4643 2281
3709 2 2 9 8 2424 6155 839
3710 2 2 9 8 1266 3705 2041
3711 2 2 9 8 2215 4821 1300
3712 2 2 9 8 2579 5328 983
3713 2 2 9 8 3350 5427 2141
3714 2 2 9 8 2364 6533 1353
3715 2 2 9 8 1367 4358 3621
3716 2 2 9 8 2940 2983 1294
3717 2 2 9 8 494 4761 2816
3718 2 2 9 8 3566 5138 1303
3719 2 2 9 8 2640 4171 909
3720 2 2 9 8 482 5478 2757
3721 2 2 9 8 2896 4166 1240
3722 2 2 9 8 2921 6262 1393
3723 2 2 9 8 2342 6001 2010
3724 2 2 9 8 1201 3157 2702
3725 2 2 9 8 374 5306 4178
3726 2 2 9 8 1231 3171 2862
3727 2 2 9 8 1140 4709 2310
3728 2 2 9 8 3059 3569 471
3729 2 2 9 8 1718 5384 3120
3730 2 2 9 8 428 3972 2498
3731 2 2 9 8 890 4370 3434
3732 2 2 9 8 1699 4953 3834
3733 2 2 9 8 1253 4042 2759
3734 2 2 9 8 5477 6214 2431
3735 2 2 9 8 191 6035 190
3736 2 2 9 8 2175 4131 1265
3737 2 2 9 8 2076 5049 636
3738 2 2 9 8 2530 3918 814
3739 2 2 9 8 2443 3156 1469
3740 2 2 9 8 2575 3778 1305
3741 2 2 9 8 909 4443 2640
3742 2 2 9 8 1115 3024 2928
3743 2 2 9 8 1223 3580 2724
3744 2 2 9 8 4747 6305 3212
3745 2 2 9 8 1339 3222 3204
3746 2 2 9 8 2274 5955 4558
3747 2 2 9 8 5426 6128 802
3748 2 2 9 8 497 2937 2399
3749 2 2 9 8 2133 6280 1199
3750 2 2 9 8 2520 6143 4752
3751 2 2 9 8 2250 3814 1228
3752 2 2 9 8 584 3201 3075
3753 2 2 9 8 1983 4883 2801
3754 2 2 9 8 4241 6048 793
3755 2 2 9 8 1908 5123 3451
3756 2 2 9 8 3161 4093 1755
3757 2 2 9 8 4111 5267 1337
3758 2 2 9 8 1218 5397 2492
3759 2 2 9 8 2444 5204 1492
3760 2 2 9 8 872 5952 3091
3761 2 2 9 8 536 4392 2912
3762 2 2 9 8 2258 4395 950
3763 2 2 9 8 2758 4882 1253
3764 2 2 9 8 4259 6445 532
3765 2 2 9 8 3840 4120 1357
3766 2 2 9 8 1850 5871 3387
3767 2 2 9 8 1435 3679 3366
3768 2 2 9 8 2842 4819 1209
3769 2 2 9 8 575 4767 2275
3770 2 2 9 8 1333 5461 3773
3771 2 2 9 8 2430 3086 1170
3772 2 2 9 8 833 4957 1789
3773 2 2 9 8 70 2767 69
3774 2 2 9 8 4512 5773 1189
3775 2 2 9 8 1328 5648 3419
3776 2 2 9 8 599 6621 2497
3777 2 2 9 8 362 4396 2679
3778 2 2 9 8 688 3647 2969
3779 2 2 9 8 2425 5748 1897
3780 2 2 9 8 1808 5116 2641
3781 2 2 9 8 2408 5661 1583
3782 2 2 9 8 2675 5095 4345
3783 2 2 9 8 1598 6492 2454
3784 2 2 9 8 2014 5653 3543
3785 2 2 9 8 13 4945 3086
3786 2 2 9 8 887 4980 2362
3787 2 2 9 8 1151 5597 3328
3788 2 2 9 8 825 4527 3992
3789 2 2 9 8 499 3151 2949
3790 2 2 9 8 2949 3151 1754
3791 2 2 9 8 2928 3024 1489
3792 2 2 9 8 439 3883 2960
3793 2 2 9 8 3264 4367 2251
3794 2 2 9 8 2724 3580 276
3795 2 2 9 8 2472 6057 1501
3796 2 2 9 8 2782 3046 855
3797 2 2 9 8 4195 5124 173
3798 2 2 9 8 2633 3680 943
3799 2 2 9 8 4953 6310 3834
3800 2 2 9 8 3759 5513 1719
3801 2 2 9 8 4464 5074 701
3802 2 2 9 8 878 4086 2626
3803 2 2 9 8 1000 5010 2628
3804 2 2 9 8 787 4055 2915
3805 2 2 9 8 2633 5328 1922
3806 2 2 9 8 2606 4207 484
3807 2 2 9 8 48 3031 47
3808 2 2 9 8 187 5447 2675
3809 2 2 9 8 2061 4592 2992
3810 2 2 9 8 3476 4732 1939
3811 2 2 9 8 3498 4248 1049
3812 2 2 9 8 2426 5011 4215
3813 2 2 9 8 4018 5131 1179
3814 2 2 9 8 2775 2874 675
3815 2 2 9 8 1077 3203 2678
3816 2 2 9 8 2328 3223 617
3817 2 2 9 8 3002 4390 403
3818 2 2 9 8 2731 5909 1623
3819 2 2 9 8 1053 5499 4134
3820 2 2 9 8 3027 4236 1393
3821 2 2 9 8 2363 5408 4154
3822 2 2 9 8 2981 3558 1492
3823 2 2 9 8 1672 3384 3175
3824 2 2 9 8 1026 4641 2185
3825 2 2 9 8 3103 3147 1283
3826 2 2 9 8 412 4247 2079
3827 2 2 9 8 2526 3970 1285
3828 2 2 9 8 4205 5671 409
3829 2 2 9 8 704 6066 4122
3830 2 2 9 8 745 4253 3237
3831 2 2 9 8 1192 4667 2655
3832 2 2 9 8 1246 2959 2958
3833 2 2 9 8 1639 4881 3760
3834 2 2 9 8 2944 3832 366
3835 2 2 9 8 2815 3617 640
3836 2 2 9 8 957 4003 1975
3837 2 2 9 8 1585 2777 2607
3838 2 2 9 8 4227 4640 1139
3839 2 2 9 8 2634 5877 700
3840 2 2 9 8 441 3256 3093
3841 2 2 9 8 2292 3910 1190
3842 2 2 9 8 522 4595 3166
3843 2 2 9 8 2880 6529 583
3844 2 2 9 8 3976 4941 2314
3845 2 2 9 8 600 3798 2930
3846 2 2 9 8 2114 6006 3009
3847 2 2 9 8 2709 6172 1445
3848 2 2 9 8 3392 3854 1252
3849 2 2 9 8 2596 4976 4707
3850 2 2 9 8 703 2999 2039
3851 2 2 9 8 2631 3635 882
3852 2 2 9 8 4207 4583 1727
3853 2 2 9 8 2626 4086 1674
3854 2 2 9 8 386 3429 2348
3855 2 2 9 8 3611 6317 933
3856 2 2 9 8 202 4124 2160
3857 2 2 9 8 2536 6379 5621
3858 2 2 9 8 1710 3971 2777
3859 2 2 9 8 305 3026 304
3860 2 2 9 8 3312 4044 1688
3861 2 2 9 8 208 3050 207
3862 2 2 9 8 3175 3384 1101
3863 2 2 9 8 1175 3345 2908
3864 2 2 9 8 2519 3279 1051
3865 2 2 9 8 1072 5069 2340
3866 2 2 9 8 2026 6540 4236
3867 2 2 9 8 3109 5612 883
3868 2 2 9 8 521 5860 2387
3869 2 2 9 8 3338 3497 1850
3870 2 2 9 8 2919 4753 3567
3871 2 2 9 8 2891 6350 924
3872 2 2 9 8 1241 4843 3911
3873 2 2 9 8 6227 6256 2147
3874 2 2 9 8 4251 4501 2459
3875 2 2 9 8 2498 3779 1160
3876 2 2 9 8 1162 4164 2789
3877 2 2 9 8 1254 4965 3607
3878 2 2 9 8 2434 5071 409
3879 2 2 9 8 1048 4732 3476
3880 2 2 9 8 2879 6323 659
3881 2 2 9 8 2447 5471 475
3882 2 2 9 8 2672 3205 357
3883 2 2 9 8 1292 4222 2530
3884 2 2 9 8 3400 6110 2315
3885 2 2 9 8 884 4691 2458
3886 2 2 9 8 1808 4236 3027
3887 2 2 9 8 3946 4813 616
3888 2 2 9 8 814 5800 2602
3889 2 2 9 8 2670 4463 978
3890 2 2 9 8 1616 4544 4458
3891 2 2 9 8 120 2104 119
3892 2 2 9 8 2325 3395 753
3893 2 2 9 8 1488 3766 3553
3894 2 2 9 8 2668 4524 375
3895 2 2 9 8 2699 3777 1068
3896 2 2 9 8 5761 6308 3213
3897 2 2 9 8 3273 5009 1473
3898 2 2 9 8 3009 6006 466
3899 2 2 9 8 4760 5230 2205
3900 2 2 9 8 1783 2662 703
3901 2 2 9 8 2856 3001 1259
3902 2 2 9 8 2214 6277 2686
3903 2 2 9 8 73 2841 72
3904 2 2 9 8 3881 4975 182
3905 2 2 9 8 2499 4656 502
3906 2 2 9 8 2532 5519 377
3907 2 2 9 8 2379 3372 1001
3908 2 2 9 8 2332 4861 1445
3909 2 2 9 8 2581 3745 1160
3910 2 2 9 8 3947 6161 1627
3911 2 2 9 8 1220 3058 3032
3912 2 2 9 8 2702 3157 656
3913 2 2 9 8 3019 5647 2499
3914 2 2 9 8 2628 5010 2978
3915 2 2 9 8 2659 4007 767
3916 2 2 9 8 3206 3738 1298
3917 2 2 9 8 3615 3735 410
3918 2 2 9 8 2453 3891 1597
3919 2 2 9 8 2934 6189 2446
3920 2 2 9 8 4379 4495 1191
3921 2 2 9 8 2374 4720 1417
3922 2 2 9 8 3188 5782 1181
3923 2 2 9 8 2869 5795 3011
3924 2 2 9 8 2037 3878 3773
3925 2 2 9 8 972 6370 2096
3926 2 2 9 8 3041 3158 1167
3927 2 2 9 8 3907 5004 1023
3928 2 2 9 8 1596 3893 2971
3929 2 2 9 8 1688 3577 3312
3930 2 2 9 8 1874 5124 2329
3931 2 2 9 8 2777 5744 1710
3932 2 2 9 8 2397 5711 1733
3933 2 2 9 8 3061 5741 1771
3934 2 2 9 8 3719 4485 2301
3935 2 2 9 8 1367 3548 3353
3936 2 2 9 8 2985 4724 2165
3937 2 2 9 8 2627 3667 1684
3938 2 2 9 8 3256 3424 1278
3939 2 2 9 8 571 3324 2832
3940 2 2 9 8 2900 3331 648
3941 2 2 9 8 578 4941 3976
3942 2 2 9 8 3553 3766 1155
3943 2 2 9 8 1156 5382 4602
3944 2 2 9 8 2853 4765 1293
3945 2 2 9 8 1450 4770 3847
3946 2 2 9 8 2654 5426 802
3947 2 2 9 8 1444 4593 4492
3948 2 2 9 8 747 6171 4735
3949 2 2 9 8 2816 6514 886
3950 2 2 9 8 2204 5485 3253
3951 2 2 9 8 2622 3709 1028
3952 2 2 9 8 1068 6274 2718
3953 2 2 9 8 4439 5612 1330
3954 2 2 9 8 2541 4736 4204
3955 2 2 9 8 415 3308 2958
3956 2 2 9 8 533 4111 2653
3957 2 2 9 8 2529 3820 1828
3958 2 2 9 8 1454 3640 3515
3959 2 2 9 8 2197 4078 1090
3960 2 2 9 8 380 6494 2363
3961 2 2 9 8 1951 3322 2990
3962 2 2 9 8 474 5569 5160
3963 2 2 9 8 2909 5184 618
3964 2 2 9 8 1437 5390 2052
3965 2 2 9 8 2745 5325 1786
3966 2 2 9 8 2883 5234 3654
3967 2 2 9 8 4889 6084 939
3968 2 2 9 8 628 3726 2667
3969 2 2 9 8 4322 5771 2188
3970 2 2 9 8 2544 4504 1467
3971 2 2 9 8 237 4538 2854
3972 2 2 9 8 1977 4981 60
3973 2 2 9 8 3326 5820 2417
3974 2 2 9 8 2177 3924 463
3975 2 2 9 8 1487 3172 2903
3976 2 2 9 8 1911 6059 4209
3977 2 2 9 8 2558 4776 612
3978 2 2 9 8 5158 5205 180
3979 2 2 9 8 2217 5575 1049
3980 2 2 9 8 2585 4137 4038
3981 2 2 9 8 1512 5638 2584
3982 2 2 9 8 586 3393 2794
3983 2 2 9 8 2910 3532 537
3984 2 2 9 8 1911 5065 3188
3985 2 2 9 8 1244 3559 2455
3986 2 2 9 8 1520 4355 2687
3987 2 2 9 8 110 2578 109
3988 2 2 9 8 5006 5203 1866
3989 2 2 9 8 1871 4690 3133
3990 2 2 9 8 1167 3158 3072
3991 2 2 9 8 4779 4901 581
3992 2 2 9 8 3300 3658 640
3993 2 2 9 8 4238 6426 1774
3994 2 2 9 8 976 3050 2341
3995 2 2 9 8 4519 4659 927
3996 2 2 9 8 2565 3790 1016
3997 2 2 9 8 2686 6277 3302
3998 2 2 9 8 1336 4583 4207
3999 2 2 9 8 3244 3589 598
4000 2 2 9 8 1642 4686 3261
4001 2 2 9 8 2667 3726 1227
4002 2 2 9 8 4810 5446 1350
4003 2 2 9 8 2683 5947 1703
4004 2 2 9 8 3758 4547 1407
4005 2 2 9 8 1721 4859 4148
4006 2 2 9 8 3013 3093 1278
4007 2 2 9 8 462 4768 1838
4008 2 2 9 8 252 3417 1870
4009 2 2 9 8 1816 3189 424
4010 2 2 9 8 2518 5506 699
4011 2 2 9 8 1166 3210 2796
4012 2 2 9 8 3284 6390 961
4013 2 2 9 8 2460 6309 1596
4014 2 2 9 8 628 5083 3219
4015 2 2 9 8 3282 4099 1265
4016 2 2 9 8 4672 4915 1077
4017 2 2 9 8 3177 4529 731
4018 2 2 9 8 2483 4017 1221
4019 2 2 9 8 2122 6088 2689
4020 2 2 9 8 862 3251 2399
4021 2 2 9 8 1128 5142 2594
4022 2 2 9 8 4172 5705 1991
4023 2 2 9 8 518 4622 2271
4024 2 2 9 8 1685 5023 2589
4025 2 2 9 8 3871 5425 184
4026 2 2 9 8 2723 5155 4441
4027 2 2 9 8 4588 6130 2249
4028 2 2 9 8 1284 3147 3103
4029 2 2 9 8 1426 4631 3178
4030 2 2 9 8 54 2901 53
4031 2 2 9 8 2422 6109 3085
4032 2 2 9 8 2160 4648 202
4033 2 2 9 8 944 3575 1794
4034 2 2 9 8 841 4852 3595
4035 2 2 9 8 1749 5846 2947
4036 2 2 9 8 2569 3986 369
4037 2 2 9 8 4194 5035 884
4038 2 2 9 8 3023 5275 2138
4039 2 2 9 8 4751 5457 2518
4040 2 2 9 8 2228 3741 1210
4041 2 2 9 8 974 5341 2495
4042 2 2 9 8 910 3901 2457
4043 2 2 9 8 541 4677 2474
4044 2 2 9 8 2483 4745 908
4045 2 2 9 8 400 3958 3517
4046 2 2 9 8 1559 4200 2805
4047 2 2 9 8 4349 4820 1403
4048 2 2 9 8 2211 4303 769
4049 2 2 9 8 1484 4142 3225
4050 2 2 9 8 4194 4355 1520
4051 2 2 9 8 2608 3870 1493
4052 2 2 9 8 3440 6214 1115
4053 2 2 9 8 1276 3247 2804
4054 2 2 9 8 2612 2822 1030
4055 2 2 9 8 2660 5296 1580
4056 2 2 9 8 1256 6259 2981
4057 2 2 9 8 2857 3108 3107
4058 2 2 9 8 892 6422 3172
4059 2 2 9 8 2238 4491 2831
4060 2 2 9 8 3747 6410 2372
4061 2 2 9 8 727 5456 2177
4062 2 2 9 8 2420 6434 582
4063 2 2 9 8 2118 5165 725
4064 2 2 9 8 1294 3774 2940
4065 2 2 9 8 2481 6239 4689
4066 2 2 9 8 980 5705 4172
4067 2 2 9 8 670 4814 4041
4068 2 2 9 8 3386 3437 629
4069 2 2 9 8 2935 4830 925
4070 2 2 9 8 3130 4914 2020
4071 2 2 9 8 2446 6475 1270
4072 2 2 9 8 984 5767 2411
4073 2 2 9 8 2659 6237 1309
4074 2 2 9 8 4130 5650 2370
4075 2 2 9 8 1136 3307 2844
4076 2 2 9 8 5282 6219 1064
4077 2 2 9 8 1236 3266 3036
4078 2 2 9 8 2470 5907 909
4079 2 2 9 8 2530 4059 1292
4080 2 2 9 8 3765 4364 449
4081 2 2 9 8 2561 4787 462
4082 2 2 9 8 1800 5988 5727
4083 2 2 9 8 4518 4705 1141
4084 2 2 9 8 3290 4257 1280
4085 2 2 9 8 1361 3482 2860
4086 2 2 9 8 425 3545 1857
4087 2 2 9 8 2432 4810 162
4088 2 2 9 8 497 3038 2937
4089 2 2 9 8 2492 6324 1218
4090 2 2 9 8 4219 4811 554
4091 2 2 9 8 865 6101 2529
4092 2 2 9 8 2461 3325 401
4093 2 2 9 8 2815 3658 1374
4094 2 2 9 8 1179 3785 2440
4095 2 2 9 8 2501 2829 1058
4096 2 2 9 8 1647 4099 3282
4097 2 2 9 8 1128 5471 3006
4098 2 2 9 8 1412 3647 3426
4099 2 2 9 8 3378 5384 1718
4100 2 2 9 8 1284 3615 3148
4101 2 2 9 8 2277 5733 4907
4102 2 2 9 8 3093 3256 1278
4103 2 2 9 8 2701 4026 1201
4104 2 2 9 8 4154 5408 750
4105 2 2 9 8 4246 4482 2091
4106 2 2 9 8 1796 2740 838
4107 2 2 9 8 1221 3331 2900
4108 2 2 9 8 1492 5204 3960
4109 2 2 9 8 4325 5243 1379
4110 2 2 9 8 1370 3094 2975
4111 2 2 9 8 2783 4929 916
4112 2 2 9 8 3147 3148 677
4113 2 2 9 8 4455 5749 1020
4114 2 2 9 8 2405 4486 2855
4115 2 2 9 8 1938 6204 5396
4116 2 2 9 8 3356 3895 1289
4117 2 2 9 8 2629 5599 4560
4118 2 2 9 8 2848 5368 945
4119 2 2 9 8 2703 3557 534
4120 2 2 9 8 2932 3215 1319
4121 2 2 9 8 3450 4563 450
4122 2 2 9 8 487 4765 2853
4123 2 2 9 8 945 5368 2646
4124 2 2 9 8 372 5905 4070
4125 2 2 9 8 1284 3148 3147
4126 2 2 9 8 1689 4483 2866
4127 2 2 9 8 2456 3581 1416
4128 2 2 9 8 1461 3535 2818
4129 2 2 9 8 992 5441 2475
4130 2 2 9 8 2732 3870 2669
4131 2 2 9 8 2329 5382 1874
4132 2 2 9 8 566 4616 2838
4133 2 2 9 8 492 4508 4231
4134 2 2 9 8 1841 4900 3421
4135 2 2 9 8 1334 6377 3988
4136 2 2 9 8 2423 5994 385
4137 2 2 9 8 984 5100 2883
4138 2 2 9 8 1070 4828 3568
4139 2 2 9 8 1409 4015 2629
4140 2 2 9 8 2766 5651 429
4141 2 2 9 8 1684 4932 2627
4142 2 2 9 8 1736 6060 2832
4143 2 2 9 8 3417 4762 1870
4144 2 2 9 8 3219 5083 2030
4145 2 2 9 8 2497 4129 1185
4146 2 2 9 8 2869 3011 934
4147 2 2 9 8 153 4540 2159
4148 2 2 9 8 2510 5735 549
4149 2 2 9 8 3579 4756 1531
4150 2 2 9 8 1372 4232 2630
4151 2 2 9 8 1245 4077 2198
4152 2 2 9 8 2804 3247 607
4153 2 2 9 8 898 4581 2634
4154 2 2 9 8 2712 5786 481
4155 2 2 9 8 2245 5015 3937
4156 2 2 9 8 1225 4736 2534
4157 2 2 9 8 3298 4290 1336
4158 2 2 9 8 3880 5962 2316
4159 2 2 9 8 1666 5608 3042
4160 2 2 9 8 4116 6263 1505
4161 2 2 9 8 1087 4601 3390
4162 2 2 9 8 2625 3403 79
4163 2 2 9 8 2958 3308 1246
4164 2 2 9 8 583 4482 4246
4165 2 2 9 8 1646 6213 4815
4166 2 2 9 8 2671 3625 1117
4167 2 2 9 8 3667 5398 459
4168 2 2 9 8 3824 5238 939
4169 2 2 9 8 2952 4415 1117
4170 2 2 9 8 4896 5492 469
4171 2 2 9 8 5262 5924 1358
4172 2 2 9 8 2602 5800 1889
4173 2 2 9 8 232 1975 231
4174 2 2 9 8 1045 5050 2381
4175 2 2 9 8 1445 4217 2332
4176 2 2 9 8 1744 3987 3442
4177 2 2 9 8 2089 6626 1599
4178 2 2 9 8 1270 5562 2446
4179 2 2 9 8 1443 6489 2487
4180 2 2 9 8 1531 4756 3703
4181 2 2 9 8 526 6201 2463
4182 2 2 9 8 4380 6479 1129
4183 2 2 9 8 1833 5950 2807
4184 2 2 9 8 1148 5446 2432
4185 2 2 9 8 5454 6324 2492
4186 2 2 9 8 1272 3004 2688
4187 2 2 9 8 1120 3751 1660
4188 2 2 9 8 3948 6303 2868
4189 2 2 9 8 1964 3711 2784
4190 2 2 9 8 2958 4270 415
4191 2 2 9 8 2850 3660 752
4192 2 2 9 8 4130 5747 549
4193 2 2 9 8 2506 6357 1347
4194 2 2 9 8 2079 3409 1591
4195 2 2 9 8 1384 3071 2991
4196 2 2 9 8 2915 4655 787
4197 2 2 9 8 4740 5366 577
4198 2 2 9 8 3158 3551 610
4199 2 2 9 8 2593 4784 2594
4200 2 2 9 8 2557 5012 3208
4201 2 2 9 8 384 5761 3213
4202 2 2 9 8 4857 6322 1006
4203 2 2 9 8 3613 4259 1574
4204 2 2 9 8 2373 4541 1299
4205 2 2 9 8 2794 5685 1790
4206 2 2 9 8 2927 3648 888
4207 2 2 9 8 916 4929 3305
4208 2 2 9 8 1478 4031 3116
4209 2 2 9 8 1567 4652 3801
4210 2 2 9 8 1640 4531 3888
4211 2 2 9 8 679 5960 3338
4212 2 2 9 8 1616 4173 2659
4213 2 2 9 8 1266 4071 1710
4214 2 2 9 8 743 5719 2267
4215 2 2 9 8 2466 4263 679
4216 2 2 9 8 2584 6327 3341
4217 2 2 9 8 2418 3794 863
4218 2 2 9 8 578 5072 2548
4219 2 2 9 8 953 5539 2486
4220 2 2 9 8 2800 6454 930
4221 2 2 9 8 443 3016 2983
4222 2 2 9 8 779 4480 2997
4223 2 2 9 8 1420 5450 3255
4224 2 2 9 8 1361 4394 2353
4225 2 2 9 8 3687 6042 2034
4226 2 2 9 8 2485 5430 4412
4227 2 2 9 8 2409 4531 793
4228 2 2 9 8 4409 4845 2195
4229 2 2 9 8 2925 4450 762
4230 2 2 9 8 2203 5582 5020
4231 2 2 9 8 821 4011 3017
4232 2 2 9 8 632 3848 1999
4233 2 2 9 8 1301 4471 4140
4234 2 2 9 8 4737 5641 771
4235 2 2 9 8 913 4143 2257
4236 2 2 9 8 1327 3343 3272
4237 2 2 9 8 1360 3158 3041
4238 2 2 9 8 1724 6550 2595
4239 2 2 9 8 1241 4724 2985
4240 2 2 9 8 737 3137 2870
4241 2 2 9 8 3406 5458 2167
4242 2 2 9 8 493 5428 2575
4243 2 2 9 8 2474 4677 1203
4244 2 2 9 8 637 3820 2529
4245 2 2 9 8 1633 3914 3750
4246 2 2 9 8 2742 3313 1118
4247 2 2 9 8 2242 3456 3310
4248 2 2 9 8 1456 4681 4361
4249 2 2 9 8 1245 6228 2566
4250 2 2 9 8 1280 4257 3034
4251 2 2 9 8 1702 4976 2596
4252 2 2 9 8 2425 6616 5748
4253 2 2 9 8 3910 6159 3537
4254 2 2 9 8 2457 3901 1232
4255 2 2 9 8 1145 6140 2341
4256 2 2 9 8 6202 6443 3454
4257 2 2 9 8 2584 4356 1518
4258 2 2 9 8 2996 4117 640
4259 2 2 9 8 3861 5545 1990
4260 2 2 9 8 2659 5534 1616
4261 2 2 9 8 849 5573 3098
4262 2 2 9 8 2827 3254 783
4263 2 2 9 8 636 5049 4128
4264 2 2 9 8 3752 4921 2966
4265 2 2 9 8 640 3658 2815
4266 2 2 9 8 1499 3658 3300
4267 2 2 9 8 513 6165 3742
4268 2 2 9 8 2084 6549 4157
4269 2 2 9 8 1228 6196 2467
4270 2 2 9 8 2086 4752 4370
4271 2 2 9 8 1552 3557 3480
4272 2 2 9 8 2865 4729 1686
4273 2 2 9 8 3332 4185 1512
4274 2 2 9 8 2661 5167 377
4275 2 2 9 8 2720 4401 2386
4276 2 2 9 8 2135 5854 2974
4277 2 2 9 8 790 3354 2621
4278 2 2 9 8 2944 4140 1359
4279 2 2 9 8 1069 5338 2177
4280 2 2 9 8 3200 4427 1797
4281 2 2 9 8 2405 2855 1044
4282 2 2 9 8 2454 4856 1598
4283 2 2 9 8 2440 4131 4018
4284 2 2 9 8 2347 5825 4158
4285 2 2 9 8 393 4393 2577
4286 2 2 9 8 2737 4089 1092
4287 2 2 9 8 1336 4207 2606
4288 2 2 9 8 3586 6539 850
4289 2 2 9 8 3946 5643 1432
4290 2 2 9 8 2436 5475 2493
4291 2 2 9 8 3112 6194 2182
4292 2 2 9 8 2024 4582 3593
4293 2 2 9 8 3914 5687 104
4294 2 2 9 8 2361 4564 3775
4295 2 2 9 8 2386 5949 195
4296 2 2 9 8 2492 5586 1650
4297 2 2 9 8 707 4651 3023
4298 2 2 9 8 3423 4123 1945
4299 2 2 9 8 2555 5487 480
4300 2 2 9 8 99 4188 98
4301 2 2 9 8 1917 3651 719
4302 2 2 9 8 1861 5651 2766
4303 2 2 9 8 1767 5726 3642
4304 2 2 9 8 3925 5743 2690
4305 2 2 9 8 2930 6424 600
4306 2 2 9 8 2023 6507 1707
4307 2 2 9 8 735 4350 2534
4308 2 2 9 8 3089 4107 1676
4309 2 2 9 8 3189 4182 728
4310 2 2 9 8 929 5685 2794
4311 2 2 9 8 2239 5224 740
4312 2 2 9 8 457 4976 2567
4313 2 2 9 8 2520 4419 1198
4314 2 2 9 8 2767 5165 2118
4315 2 2 9 8 2014 5723 5653
4316 2 2 9 8 2431 6214 3440
4317 2 2 9 8 758 5973 2537
4318 2 2 9 8 516 4509 2557
4319 2 2 9 8 3379 4190 1455
4320 2 2 9 8 1960 2509 1470
4321 2 2 9 8 2729 3258 1569
4322 2 2 9 8 1641 6052 4757
4323 2 2 9 8 1127 4210 2682
4324 2 2 9 8 503 4770 3734
4325 2 2 9 8 3054 3608 1499
4326 2 2 9 8 2315 4844 854
4327 2 2 9 8 2758 4275 1124
4328 2 2 9 8 904 4822 2222
4329 2 2 9 8 2525 5950 1833
4330 2 2 9 8 3314 6403 2650
4331 2 2 9 8 1777 4758 1295
4332 2 2 9 8 1291 3523 3500
4333 2 2 9 8 4112 5741 1555
4334 2 2 9 8 549 5735 2486
4335 2 2 9 8 640 3617 2996
4336 2 2 9 8 1233 4985 2667
4337 2 2 9 8 4215 5011 669
4338 2 2 9 8 2661 3438 1424
4339 2 2 9 8 2553 5790 1790
4340 2 2 9 8 2802 3209 1166
4341 2 2 9 8 814 4059 2530
4342 2 2 9 8 3346 5776 178
4343 2 2 9 8 2424 4579 1651
4344 2 2 9 8 2925 5523 1152
4345 2 2 9 8 3176 3473 1902
4346 2 2 9 8 450 3458 3450
4347 2 2 9 8 689 3910 3537
4348 2 2 9 8 1914 4309 3517
4349 2 2 9 8 976 6140 5564
4350 2 2 9 8 861 5496 4435
4351 2 2 9 8 1152 3404 3053
4352 2 2 9 8 2474 3619 541
4353 2 2 9 8 686 3745 2581
4354 2 2 9 8 2618 4811 4219
4355 2 2 9 8 3062 3221 1756
4356 2 2 9 8 827 5568 2827
4357 2 2 9 8 1134 3617 2815
4358 2 2 9 8 2862 3171 1260
4359 2 2 9 8 2343 4624 1748
4360 2 2 9 8 1322 5724 4472
4361 2 2 9 8 5145 5146 1747
4362 2 2 9 8 3810 3811 1565
4363 2 2 9 8 895 3091 3083
4364 2 2 9 8 2857 3657 896
4365 2 2 9 8 1354 4157 2709
4366 2 2 9 8 6519 6565 2249
4367 2 2 9 8 2921 4045 28
4368 2 2 9 8 2443 4988 3156
4369 2 2 9 8 4370 4752 1528
4370 2 2 9 8 272 6044 3088
4371 2 2 9 8 4070 5905 2260
4372 2 2 9 8 2735 5644 1399
4373 2 2 9 8 1674 4789 2626
4374 2 2 9 8 1757 4613 3742
4375 2 2 9 8 1031 4979 2278
4376 2 2 9 8 194 4760 193
4377 2 2 9 8 3304 5392 1524
4378 2 2 9 8 51 3095 50
4379 2 2 9 8 3377 5409 1135
4380 2 2 9 8 3402 4589 2208
4381 2 2 9 8 3492 3662 245
4382 2 2 9 8 3478 5566 418
4383 2 2 9 8 2642 6153 4559
4384 2 2 9 8 1451 3532 2910
4385 2 2 9 8 2006 3326 3230
4386 2 2 9 8 4032 5725 2980
4387 2 2 9 8 3591 5766 2433
4388 2 2 9 8 2146 5118 1780
4389 2 2 9 8 2688 3126 1272
4390 2 2 9 8 2752 5799 983
4391 2 2 9 8 2914 4096 1874
4392 2 2 9 8 962 5734 2543
4393 2 2 9 8 2791 2792 113
4394 2 2 9 8 4280 6028 3922
4395 2 2 9 8 913 4741 3659
4396 2 2 9 8 3024 5727 548
4397 2 2 9 8 1686 3493 2865
4398 2 2 9 8 1831 6399 3391
4399 2 2 9 8 1330 5612 3926
4400 2 2 9 8 3977 5293 1551
4401 2 2 9 8 2034 5209 3101
4402 2 2 9 8 3449 4327 1955
4403 2 2 9 8 2740 2793 1570
4404 2 2 9 8 3883 6619 1248
4405 2 2 9 8 534 3889 3090
4406 2 2 9 8 429 4481 2549
4407 2 2 9 8 301 3772 3087
4408 2 2 9 8 1038 5261 2946
4409 2 2 9 8 394 4484 2421
4410 2 2 9 8 3111 3966 2128
4411 2 2 9 8 216 6377 2337
4412 2 2 9 8 3397 4333 1745
4413 2 2 9 8 2788 5075 1627
4414 2 2 9 8 966 5790 2553
4415 2 2 9 8 1358 5924 3634
4416 2 2 9 8 1904 5941 2681
4417 2 2 9 8 362 3790 2565
4418 2 2 9 8 801 5426 3909
4419 2 2 9 8 1289 4711 3063
4420 2 2 9 8 2259 4835 4206
4421 2 2 9 8 2524 6489 1443
4422 2 2 9 8 3368 3708 1612
4423 2 2 9 8 3736 5978 2293
4424 2 2 9 8 2713 5394 1040
4425 2 2 9 8 1181 3570 2917
4426 2 2 9 8 1858 4289 4191
4427 2 2 9 8 2536 5621 1123
4428 2 2 9 8 1176 6268 2686
4429 2 2 9 8 1926 3667 2627
4430 2 2 9 8 2667 5092 1233
4431 2 2 9 8 1312 4941 2548
4432 2 2 9 8 953 6495 3033
4433 2 2 9 8 372 5138 3566
4434 2 2 9 8 1927 3859 3542
4435 2 2 9 8 1786 3637 2745
4436 2 2 9 8 1605 6606 4833
4437 2 2 9 8 1543 3356 3063
4438 2 2 9 8 1857 3545 3262
4439 2 2 9 8 2974 5854 965
4440 2 2 9 8 3451 6149 1273
4441 2 2 9 8 1994 3629 2571
4442 2 2 9 8 3925 5817 1993
4443 2 2 9 8 1660 3751 489
4444 2 2 9 8 388 5878 5679
4445 2 2 9 8 951 3962 2471
4446 2 2 9 8 1864 6010 4033
4447 2 2 9 8 3528 4464 701
4448 2 2 9 8 838 3200 1797
4449 2 2 9 8 827 4044 3312
4450 2 2 9 8 1491 4991 2677
4451 2 2 9 8 897 3475 2351
4452 2 2 9 8 3538 5137 1009
4453 2 2 9 8 1791 5409 3377
4454 2 2 9 8 1240 3930 2105
4455 2 2 9 8 2554 4247 412
4456 2 2 9 8 3253 5630 1042
4457 2 2 9 8 643 6427 5092
4458 2 2 9 8 3000 5818 2320
4459 2 2 9 8 2620 4402 969
4460 2 2 9 8 564 3888 2409
4461 2 2 9 8 1098 4494 2889
4462 2 2 9 8 989 2644 2321
4463 2 2 9 8 820 6056 4112
4464 2 2 9 8 1899 3923 2731
4465 2 2 9 8 1476 6580 4691
4466 2 2 9 8 391 4950 3698
4467 2 2 9 8 3988 6338 2346
4468 2 2 9 8 1961 3632 853
4469 2 2 9 8 4768 5558 2368
4470 2 2 9 8 2894 6535 2162
4471 2 2 9 8 706 5003 3257
4472 2 2 9 8 1311 4470 3271
4473 2 2 9 8 1269 6505 2751
4474 2 2 9 8 665 5040 4363
4475 2 2 9 8 548 5727 3042
4476 2 2 9 8 4144 4833 3193
4477 2 2 9 8 2440 4018 1179
4478 2 2 9 8 694 5989 2574
4479 2 2 9 8 3699 5649 2038
4480 2 2 9 8 1394 6553 3602
4481 2 2 9 8 3310 4467 1944
4482 2 2 9 8 1572 4687 2315
4483 2 2 9 8 2548 4941 578
4484 2 2 9 8 983 4258 2752
4485 2 2 9 8 2767 4789 1674
4486 2 2 9 8 2679 2680 362
4487 2 2 9 8 6514 6582 886
4488 2 2 9 8 483 3608 3054
4489 2 2 9 8 1794 4997 1707
4490 2 2 9 8 126 2896 125
4491 2 2 9 8 3136 5726 1767
4492 2 2 9 8 2535 5484 810
4493 2 2 9 8 947 4312 3023
4494 2 2 9 8 1297 3900 2326
4495 2 2 9 8 359 5444 2954
4496 2 2 9 8 2534 5041 735
4497 2 2 9 8 1703 4045 2921
4498 2 2 9 8 1339 3618 3216
4499 2 2 9 8 3782 6092 1698
4500 2 2 9 8 2419 6517 2851
4501 2 2 9 8 376 5587 4313
4502 2 2 9 8 853 5499 1961
4503 2 2 9 8 1501 3465 3044
4504 2 2 9 8 3000 3633 1591
4505 2 2 9 8 5290 6006 2114
4506 2 2 9 8 1884 5103 4601
4507 2 2 9 8 2527 4530 1037
4508 2 2 9 8 1929 3848 632
4509 2 2 9 8 2684 4206 1267
4510 2 2 9 8 504 5324 4093
4511 2 2 9 8 2789 3315 465
4512 2 2 9 8 2727 3712 1467
4513 2 2 9 8 3786 5762 1676
4514 2 2 9 8 28 6262 2921
4515 2 2 9 8 3741 4826 707
4516 2 2 9 8 1580 5296 2615
4517 2 2 9 8 5704 6221 2873
4518 2 2 9 8 1933 6177 5941
4519 2 2 9 8 2817 3412 375
4520 2 2 9 8 2884 3123 1204
4521 2 2 9 8 4588 5648 1328
4522 2 2 9 8 2639 6381 556
4523 2 2 9 8 2347 6488 5825
4524 2 2 9 8 851 4423 2264
4525 2 2 9 8 3562 5710 1306
4526 2 2 9 8 2153 5119 835
4527 2 2 9 8 2438 3031 1222
4528 2 2 9 8 2630 4260 1372
4529 2 2 9 8 649 6094 4058
4530 2 2 9 8 3283 6390 3284
4531 2 2 9 8 810 3167 2976
4532 2 2 9 8 2435 6560 1251
4533 2 2 9 8 691 4928 2516
4534 2 2 9 8 2819 3329 1249
4535 2 2 9 8 876 5675 2937
4536 2 2 9 8 1170 3026 2430
4537 2 2 9 8 1085 6251 4319
4538 2 2 9 8 3301 5230 4760
4539 2 2 9 8 3279 6139 4759
4540 2 2 9 8 2733 5805 1207
4541 2 2 9 8 452 5817 3925
4542 2 2 9 8 154 4540 153
4543 2 2 9 8 979 4183 3455
4544 2 2 9 8 3117 4617 1077
4545 2 2 9 8 2473 5343 1787
4546 2 2 9 8 853 6053 3141
4547 2 2 9 8 2537 5874 1021
4548 2 2 9 8 1954 4327 3601
4549 2 2 9 8 2718 6274 4229
4550 2 2 9 8 2599 4424 408
4551 2 2 9 8 2259 4206 1348
4552 2 2 9 8 2622 5921 756
4553 2 2 9 8 262 2488 261
4554 2 2 9 8 1309 5062 3234
4555 2 2 9 8 4202 6512 413
4556 2 2 9 8 2835 4574 949
4557 2 2 9 8 5400 6147 1257
4558 2 2 9 8 3291 4962 555
4559 2 2 9 8 565 5440 2779
4560 2 2 9 8 1967 3566 3382
4561 2 2 9 8 2275 4659 4519
4562 2 2 9 8 546 4374 2170
4563 2 2 9 8 3702 5487 2262
4564 2 2 9 8 2694 4387 1419
4565 2 2 9 8 1516 4860 2770
4566 2 2 9 8 577 3575 3462
4567 2 2 9 8 2559 5103 1884
4568 2 2 9 8 2625 5870 1051
4569 2 2 9 8 2155 2810 926
4570 2 2 9 8 4523 5896 1578
4571 2 2 9 8 3182 3277 1785
4572 2 2 9 8 1012 6189 2934
4573 2 2 9 8 648 5391 2495
4574 2 2 9 8 923 4727 2494
4575 2 2 9 8 2841 4860 1516
4576 2 2 9 8 3329 6481 1249
4577 2 2 9 8 4188 4954 98
4578 2 2 9 8 2880 5526 3183
4579 2 2 9 8 1430 5028 2192
4580 2 2 9 8 909 4171 2629
4581 2 2 9 8 3370 5867 2634
4582 2 2 9 8 812 5818 3000
4583 2 2 9 8 3326 5890 1112
4584 2 2 9 8 354 5435 4758
4585 2 2 9 8 4286 5349 935
4586 2 2 9 8 1137 6054 2710
4587 2 2 9 8 408 4424 2117
4588 2 2 9 8 4445 5477 1879
4589 2 2 9 8 279 5225 2428
4590 2 2 9 8 5092 6427 2666
4591 2 2 9 8 835 5119 4307
4592 2 2 9 8 4937 6258 2614
4593 2 2 9 8 1152 5823 3278
4594 2 2 9 8 2787 5152 1670
4595 2 2 9 8 2990 3322 732
4596 2 2 9 8 3123 6288 1204
4597 2 2 9 8 3172 6422 2479
4598 2 2 9 8 471 4197 3490
4599 2 2 9 8 5020 5582 1823
4600 2 2 9 8 2445 3887 964
4601 2 2 9 8 1095 5665 3001
4602 2 2 9 8 714 4483 2224
4603 2 2 9 8 3399 3605 1614
4604 2 2 9 8 4955 4987 761
4605 2 2 9 8 2167 4231 1675
4606 2 2 9 8 2240 3653 1188
4607 2 2 9 8 978 6461 2670
4608 2 2 9 8 2501 5709 2829
4609 2 2 9 8 1935 6346 3051
4610 2 2 9 8 2539 6210 1004
4611 2 2 9 8 2628 6245 1000
4612 2 2 9 8 2537 5973 1844
4613 2 2 9 8 3921 4064 575
4614 2 2 9 8 997 3251 2583
4615 2 2 9 8 3627 5273 2269
4616 2 2 9 8 1759 4749 4028
4617 2 2 9 8 907 6143 2520
4618 2 2 9 8 358 6016 2618
4619 2 2 9 8 3287 6337 1001
4620 2 2 9 8 3075 3201 1293
4621 2 2 9 8 437 3553 2826
4622 2 2 9 8 3459 4874 613
4623 2 2 9 8 3145 4224 1228
4624 2 2 9 8 2550 4244 885
4625 2 2 9 8 819 4567 4065
4626 2 2 9 8 273 6044 272
4627 2 2 9 8 3801 4652 684
4628 2 2 9 8 974 5620 2393
4629 2 2 9 8 1093 4387 2694
4630 2 2 9 8 1105 3772 1837
4631 2 2 9 8 2334 5880 1177
4632 2 2 9 8 1516 4334 2841
4633 2 2 9 8 3651 5356 719
4634 2 2 9 8 1130 5021 4386
4635 2 2 9 8 1097 3739 2855
4636 2 2 9 8 5116 6364 2641
4637 2 2 9 8 4355 6457 2687
4638 2 2 9 8 2829 5709 1057
4639 2 2 9 8 1566 3811 3810
4640 2 2 9 8 3128 4142 1227
4641 2 2 9 8 2203 5020 901
4642 2 2 9 8 2513 3479 654
4643 2 2 9 8 455 5325 4076
4644 2 2 9 8 2893 5105 1577
4645 2 2 9 8 638 5690 3313
4646 2 2 9 8 504 5243 3707
4647 2 2 9 8 3500 4123 1290
4648 2 2 9 8 2700 4324 76
4649 2 2 9 8 1143 5706 2768
4650 2 2 9 8 3188 5065 454
4651 2 2 9 8 3055 5764 461
4652 2 2 9 8 407 6285 4047
4653 2 2 9 8 2738 3297 959
4654 2 2 9 8 1850 4887 3338
4655 2 2 9 8 4394 5723 2014
4656 2 2 9 8 2087 6026 3401
4657 2 2 9 8 1346 3483 2967
4658 2 2 9 8 383 4530 2527
4659 2 2 9 8 632 5368 1929
4660 2 2 9 8 1163 4450 2925
4661 2 2 9 8 441 3414 3256
4662 2 2 9 8 4465 6188 2371
4663 2 2 9 8 134 6452 133
4664 2 2 9 8 3173 4347 190
4665 2 2 9 8 2903 4468 1487
4666 2 2 9 8 1039 5267 2508
4667 2 2 9 8 2730 5097 990
4668 2 2 9 8 438 5297 3816
4669 2 2 9 8 2704 4722 670
4670 2 2 9 8 1056 3964 2302
4671 2 2 9 8 2372 6410 1065
4672 2 2 9 8 2830 3947 1627
4673 2 2 9 8 2731 3163 870
4674 2 2 9 8 1476 4691 3142
4675 2 2 9 8 2855 4486 775
4676 2 2 9 8 1473 3717 3273
4677 2 2 9 8 1848 5649 5410
4678 2 2 9 8 507 5308 3482
4679 2 2 9 8 3443 4639 1715
4680 2 2 9 8 3989 5060 3152
4681 2 2 9 8 1909 4970 3250
4682 2 2 9 8 1552 4594 4284
4683 2 2 9 8 1316 3185 2994
4684 2 2 9 8 1052 5870 2625
4685 2 2 9 8 506 4620 2479
4686 2 2 9 8 2052 4421 1437
4687 2 2 9 8 3066 5969 2087
4688 2 2 9 8 267 3245 1907
4689 2 2 9 8 499 5172 3151
4690 2 2 9 8 2969 3647 1412
4691 2 2 9 8 1016 5216 2650
4692 2 2 9 8 880 5457 4751
4693 2 2 9 8 248 2810 247
4694 2 2 9 8 3420 3887 1097
4695 2 2 9 8 397 5661 2408
4696 2 2 9 8 3274 4781 2100
4697 2 2 9 8 1095 3001 2856
4698 2 2 9 8 623 3620 3010
4699 2 2 9 8 2403 5494 461
4700 2 2 9 8 64 6061 2637
4701 2 2 9 8 621 5333 2441
4702 2 2 9 8 1042 5630 2145
4703 2 2 9 8 2406 3612 1182
4704 2 2 9 8 1328 6130 4588
4705 2 2 9 8 2623 6075 1075
4706 2 2 9 8 2812 4273 1451
4707 2 2 9 8 2533 5047 1344
4708 2 2 9 8 2884 5707 1298
4709 2 2 9 8 752 4903 2850
4710 2 2 9 8 3543 4394 2014
4711 2 2 9 8 1267 4835 2535
4712 2 2 9 8 990 5097 2998
4713 2 2 9 8 1472 3738 3206
4714 2 2 9 8 3393 5486 1226
4715 2 2 9 8 2627 4932 706
4716 2 2 9 8 3826 6363 1534
4717 2 2 9 8 4057 6553 2151
4718 2 2 9 8 1276 3660 3317
4719 2 2 9 8 1327 3752 3343
4720 2 2 9 8 4025 4052 613
4721 2 2 9 8 522 4419 2520
4722 2 2 9 8 1308 5650 4130
4723 2 2 9 8 2175 4677 4131
4724 2 2 9 8 859 4280 2605
4725 2 2 9 8 1288 3424 3256
4726 2 2 9 8 3842 5236 682
4727 2 2 9 8 2874 3345 675
4728 2 2 9 8 3105 5232 1266
4729 2 2 9 8 1234 5847 2717
4730 2 2 9 8 2731 5512 1899
4731 2 2 9 8 512 3145 2467
4732 2 2 9 8 2727 6071 523
4733 2 2 9 8 3659 5269 913
4734 2 2 9 8 4269 4667 1586
4735 2 2 9 8 3517 3518 1914
4736 2 2 9 8 949 4574 2902
4737 2 2 9 8 2353 4716 3482
4738 2 2 9 8 2540 4154 1588
4739 2 2 9 8 1331 6021 2571
4740 2 2 9 8 60 4981 59
4741 2 2 9 8 1421 6194 3184
4742 2 2 9 8 1688 4721 3577
4743 2 2 9 8 1465 4625 3456
4744 2 2 9 8 2511 6218 4654
4745 2 2 9 8 1570 5426 4201
4746 2 2 9 8 929 5152 2787
4747 2 2 9 8 537 4321 2910
4748 2 2 9 8 261 2758 260
4749 2 2 9 8 3659 4741 1924
4750 2 2 9 8 2967 3483 615
4751 2 2 9 8 1211 6224 4773
4752 2 2 9 8 830 5080 3788
4753 2 2 9 8 1281 4040 2658
4754 2 2 9 8 2717 5847 833
4755 2 2 9 8 2794 3393 1711
4756 2 2 9 8 3487 3553 437
4757 2 2 9 8 3212 6583 624
4758 2 2 9 8 2440 3785 702
4759 2 2 9 8 2916 6176 2084
4760 2 2 9 8 891 4862 2478
4761 2 2 9 8 3937 5015 1522
4762 2 2 9 8 3990 5724 1322
4763 2 2 9 8 3753 6243 2022
4764 2 2 9 8 1094 4422 2756
4765 2 2 9 8 2915 4055 1126
4766 2 2 9 8 957 6412 4003
4767 2 2 9 8 3408 4840 4418
4768 2 2 9 8 1878 3767 2913
4769 2 2 9 8 1136 5717 3951
4770 2 2 9 8 489 3847 2451
4771 2 2 9 8 2033 5896 456
4772 2 2 9 8 542 3318 3269
4773 2 2 9 8 3320 4618 1104
4774 2 2 9 8 1361 5723 4394
4775 2 2 9 8 1234 3566 1967
4776 2 2 9 8 2142 5603 918
4777 2 2 9 8 3969 4249 520
4778 2 2 9 8 4068 6127 716
4779 2 2 9 8 2757 5478 1868
4780 2 2 9 8 1987 4978 2970
4781 2 2 9 8 1606 4181 3885
4782 2 2 9 8 1596 6102 2460
4783 2 2 9 8 1000 6245 2817
4784 2 2 9 8 851 5131 2450
4785 2 2 9 8 3597 4255 696
4786 2 2 9 8 2814 5372 4133
4787 2 2 9 8 1527 4771 2872
4788 2 2 9 8 641 4265 2745
4789 2 2 9 8 1049 5575 2468
4790 2 2 9 8 3043 3465 619
4791 2 2 9 8 2219 5144 3845
4792 2 2 9 8 1967 5847 1234
4793 2 2 9 8 418 5566 2418
4794 2 2 9 8 3235 3236 507
4795 2 2 9 8 3553 6541 2826
4796 2 2 9 8 177 2723 176
4797 2 2 9 8 1029 3511 3201
4798 2 2 9 8 3903 5214 2768
4799 2 2 9 8 2699 5449 1069
4800 2 2 9 8 1474 3316 2555
4801 2 2 9 8 3208 3516 1286
4802 2 2 9 8 2389 6500 2070
4803 2 2 9 8 1816 4182 3189
4804 2 2 9 8 1379 4590 4325
4805 2 2 9 8 1996 4255 3597
4806 2 2 9 8 934 5053 2170
4807 2 2 9 8 842 5666 2515
4808 2 2 9 8 1069 3797 2521
4809 2 2 9 8 1207 4353 2733
4810 2 2 9 8 2832 6094 1736
4811 2 2 9 8 2137 5671 4205
4812 2 2 9 8 2137 4205 4038
4813 2 2 9 8 2876 4609 4585
4814 2 2 9 8 1351 4280 3922
4815 2 2 9 8 2610 6353 2318
4816 2 2 9 8 1257 6147 3831
4817 2 2 9 8 2141 5427 761
4818 2 2 9 8 1944 4467 501
4819 2 2 9 8 2908 5997 2179
4820 2 2 9 8 2650 5915 1763
4821 2 2 9 8 727 6597 2336
4822 2 2 9 8 1359 4561 2944
4823 2 2 9 8 2455 4019 1317
4824 2 2 9 8 609 3209 2802
4825 2 2 9 8 268 3245 267
4826 2 2 9 8 3354 5507 2068
4827 2 2 9 8 2724 4141 1403
4828 2 2 9 8 2713 3935 624
4829 2 2 9 8 3954 4193 657
4830 2 2 9 8 4675 6230 2288
4831 2 2 9 8 3819 5775 145
4832 2 2 9 8 406 5241 2733
4833 2 2 9 8 3115 4494 1098
4834 2 2 9 8 2421 4484 1321
4835 2 2 9 8 2585 4038 1251
4836 2 2 9 8 3119 5346 3691
4837 2 2 9 8 58 3464 57
4838 2 2 9 8 5805 6195 1207
4839 2 2 9 8 4012 5329 2112
4840 2 2 9 8 511 3081 1724
4841 2 2 9 8 2828 6169 1221
4842 2 2 9 8 2998 5097 1743
4843 2 2 9 8 748 5999 5252
4844 2 2 9 8 1804 5115 531
4845 2 2 9 8 3408 4418 1011
4846 2 2 9 8 3707 5243 2196
4847 2 2 9 8 3571 3574 1491
4848 2 2 9 8 3896 5270 520
4849 2 2 9 8 1823 5839 5020
4850 2 2 9 8 1290 4123 3423
4851 2 2 9 8 1377 3927 3698
4852 2 2 9 8 3660 6253 3317
4853 2 2 9 8 2427 5267 1039
4854 2 2 9 8 2630 4232 468
4855 2 2 9 8 3170 4984 809
4856 2 2 9 8 4790 5464 799
4857 2 2 9 8 299 4579 2424
4858 2 2 9 8 616 4813 4375
4859 2 2 9 8 1393 6262 3027
4860 2 2 9 8 2410 5025 448
4861 2 2 9 8 3346 5498 1954
4862 2 2 9 8 2376 4782 498
4863 2 2 9 8 3991 4254 1574
4864 2 2 9 8 1540 5654 2849
4865 2 2 9 8 1577 6607 2763
4866 2 2 9 8 4963 5315 2365
4867 2 2 9 8 3012 3443 798
4868 2 2 9 8 4108 6187 2459
4869 2 2 9 8 145 5775 144
4870 2 2 9 8 671 6168 2851
4871 2 2 9 8 993 5997 3345
4872 2 2 9 8 1113 4383 2415
4873 2 2 9 8 2433 4910 881
4874 2 2 9 8 1304 5546 2344
4875 2 2 9 8 408 4328 3063
4876 2 2 9 8 2543 4415 1583
4877 2 2 9 8 1595 5056 2525
4878 2 2 9 8 2703 3978 1132
4879 2 2 9 8 2609 5633 1869
4880 2 2 9 8 1926 5398 3667
4881 2 2 9 8 1002 3389 3162
4882 2 2 9 8 4689 6239 1521
4883 2 2 9 8 1510 3153 2692
4884 2 2 9 8 1395 4402 2620
4885 2 2 9 8 2583 2955 997
4886 2 2 9 8 3517 3958 1541
4887 2 2 9 8 1118 3313 3150
4888 2 2 9 8 4986 5865 829
4889 2 2 9 8 237 2854 236
4890 2 2 9 8 4459 6024 2275
4891 2 2 9 8 2490 6397 1853
4892 2 2 9 8 3981 3982 1814
4893 2 2 9 8 2696 6536 899
4894 2 2 9 8 1082 5284 2690
4895 2 2 9 8 2018 6407 1523
4896 2 2 9 8 889 4339 3081
4897 2 2 9 8 2577 4393 1236
4898 2 2 9 8 633 2890 1805
4899 2 2 9 8 1788 3556 2722
4900 2 2 9 8 2530 5154 1322
4901 2 2 9 8 4319 6251 1813
4902 2 2 9 8 1003 3952 2887
4903 2 2 9 8 2779 5440 1849
4904 2 2 9 8 605 5339 2840
4905 2 2 9 8 480 5487 3702
4906 2 2 9 8 1812 6217 5759
4907 2 2 9 8 1437 3636 3167
4908 2 2 9 8 1033 5155 3463
4909 2 2 9 8 226 3066 225
4910 2 2 9 8 531 4883 4023
4911 2 2 9 8 3433 5416 2945
4912 2 2 9 8 2870 6045 737
4913 2 2 9 8 3881 4204 2187
4914 2 2 9 8 1171 5623 3955
4915 2 2 9 8 3471 4808 1920
4916 2 2 9 8 2480 5862 3755
4917 2 2 9 8 568 6246 2515
4918 2 2 9 8 2647 5330 1558
4919 2 2 9 8 1637 5844 2947
4920 2 2 9 8 1224 5497 2534
4921 2 2 9 8 2196 5243 4325
4922 2 2 9 8 4691 6580 2458
4923 2 2 9 8 1321 5420 4464
4924 2 2 9 8 771 5641 3397
4925 2 2 9 8 557 4914 3130
4926 2 2 9 8 3325 3724 1961
4927 2 2 9 8 1136 3774 2875
4928 2 2 9 8 2915 3154 1090
4929 2 2 9 8 3561 4460 643
4930 2 2 9 8 749 6557 4084
4931 2 2 9 8 166 4010 165
4932 2 2 9 8 2393 5478 3975
4933 2 2 9 8 2402 3821 1031
4934 2 2 9 8 1034 5969 3066
4935 2 2 9 8 2794 5959 586
4936 2 2 9 8 709 3781 2146
4937 2 2 9 8 2080 6018 5079
4938 2 2 9 8 2545 5184 1108
4939 2 2 9 8 2508 5267 4111
4940 2 2 9 8 4078 4655 1090
4941 2 2 9 8 2749 3806 1065
4942 2 2 9 8 1178 5294 478
4943 2 2 9 8 2734 2735 1399
4944 2 2 9 8 878 4334 2300
4945 2 2 9 8 4409 5210 1640
4946 2 2 9 8 2507 4621 1255
4947 2 2 9 8 1604 3821 3232
4948 2 2 9 8 2635 4570 3830
4949 2 2 9 8 3061 3688 1182
4950 2 2 9 8 2592 5295 1647
4951 2 2 9 8 3975 5478 482
4952 2 2 9 8 3577 4721 845
4953 2 2 9 8 5273 6437 2269
4954 2 2 9 8 3153 3620 623
4955 2 2 9 8 4399 5489 516
4956 2 2 9 8 2450 5131 4018
4957 2 2 9 8 398 6070 5720
4958 2 2 9 8 3293 4724 1241
4959 2 2 9 8 2817 3771 1000
4960 2 2 9 8 3020 4222 1292
4961 2 2 9 8 3193 4942 147
4962 2 2 9 8 3422 3764 1419
4963 2 2 9 8 360 6053 1061
4964 2 2 9 8 1715 3803 2754
4965 2 2 9 8 1300 3589 3244
4966 2 2 9 8 417 4468 2903
4967 2 2 9 8 1308 3574 3571
4968 2 2 9 8 3338 4887 1275
4969 2 2 9 8 2200 4681 1456
4970 2 2 9 8 37 5615 36
4971 2 2 9 8 1893 6125 5025
4972 2 2 9 8 2289 5956 4706
4973 2 2 9 8 1991 5323 4172
4974 2 2 9 8 695 4643 2632
4975 2 2 9 8 1876 3719 3254
4976 2 2 9 8 21 3676 20
4977 2 2 9 8 1726 5271 3778
4978 2 2 9 8 1081 3843 2358
4979 2 2 9 8 3150 3439 1118
4980 2 2 9 8 3180 5181 1041
4981 2 2 9 8 3532 4273 1769
4982 2 2 9 8 3198 3199 1600
4983 2 2 9 8 5136 5481 872
4984 2 2 9 8 3270 4582 2024
4985 2 2 9 8 2004 5193 3593
4986 2 2 9 8 4038 4137 2137
4987 2 2 9 8 2843 4900 1841
4988 2 2 9 8 1024 3444 2760
4989 2 2 9 8 529 6353 2610
4990 2 2 9 8 1301 4140 3337
4991 2 2 9 8 951 6615 5621
4992 2 2 9 8 2494 6350 3728
4993 2 2 9 8 3593 5193 1517
4994 2 2 9 8 720 4162 2726
4995 2 2 9 8 1743 5189 2998
4996 2 2 9 8 1848 5410 3065
4997 2 2 9 8 2590 4577 1030
4998 2 2 9 8 2446 5562 2934
4999 2 2 9 8 3677 5166 1825
5000 2 2 9 8 1426 3178 3131
5001 2 2 9 8 2508 4766 1039
5002 2 2 9 8 2996 6490 4117
5003 2 2 9 8 3776 4219 1368
5004 2 2 9 8 3231 3501 1301
5005 2 2 9 8 439 4511 2643
5006 2 2 9 8 459 4675 4452
5007 2 2 9 8 4260 5351 1372
5008 2 2 9 8 1676 4107 3630
5009 2 2 9 8 2972 6069 3073
5010 2 2 9 8 2689 6162 2122
5011 2 2 9 8 517 4788 2750
5012 2 2 9 8 2548 5072 1624
5013 2 2 9 8 3779 5385 1160
5014 2 2 9 8 2484 5428 493
5015 2 2 9 8 716 6127 4243
5016 2 2 9 8 2500 3570 634
5017 2 2 9 8 378 3732 2748
5018 2 2 9 8 592 4361 2669
5019 2 2 9 8 512 3503 3029
5020 2 2 9 8 2062 5492 4896
5021 2 2 9 8 635 5292 3407
5022 2 2 9 8 3250 4970 807
5023 2 2 9 8 5064 5458 1775
5024 2 2 9 8 2851 3503 1019
5025 2 2 9 8 2912 3542 1232
5026 2 2 9 8 969 5378 2620
5027 2 2 9 8 2998 5189 620
5028 2 2 9 8 1790 5959 2794
5029 2 2 9 8 3087 4579 300
5030 2 2 9 8 2629 4171 1409
5031 2 2 9 8 4853 6079 365
5032 2 2 9 8 2087 6289 3066
5033 2 2 9 8 3845 5144 746
5034 2 2 9 8 2883 5100 1888
5035 2 2 9 8 1211 4773 2803
5036 2 2 9 8 2316 6158 464
5037 2 2 9 8 3206 5417 2775
5038 2 2 9 8 2453 4286 935
5039 2 2 9 8 5024 6535 1281
5040 2 2 9 8 1064 6219 3361
5041 2 2 9 8 1182 6036 2406
5042 2 2 9 8 1263 5629 3033
5043 2 2 9 8 1677 6528 4763
5044 2 2 9 8 3203 5240 568
5045 2 2 9 8 414 3502 3134
5046 2 2 9 8 2734 5508 2735
5047 2 2 9 8 3057 3549 611
5048 2 2 9 8 1086 4916 2623
5049 2 2 9 8 4386 5313 1340
5050 2 2 9 8 4184 4743 1801
5051 2 2 9 8 179 4340 3008
5052 2 2 9 8 1111 4096 2914
5053 2 2 9 8 85 5210 4409
5054 2 2 9 8 2412 3706 1022
5055 2 2 9 8 377 5167 3376
5056 2 2 9 8 4010 5828 165
5057 2 2 9 8 2736 4366 796
5058 2 2 9 8 1627 5075 2830
5059 2 2 9 8 2379 4847 538
5060 2 2 9 8 2356 3076 1547
5061 2 2 9 8 3638 4669 1575
5062 2 2 9 8 3242 3600 1737
5063 2 2 9 8 1820 4494 3115
5064 2 2 9 8 1063 4012 3924
5065 2 2 9 8 3664 3898 1654
5066 2 2 9 8 2718 5590 1678
5067 2 2 9 8 2733 6150 1134
5068 2 2 9 8 3720 4567 1416
5069 2 2 9 8 2457 4710 910
5070 2 2 9 8 2160 5238 3824
5071 2 2 9 8 3162 3389 1882
5072 2 2 9 8 2677 4991 629
5073 2 2 9 8 2940 3774 1136
5074 2 2 9 8 3153 3947 1628
5075 2 2 9 8 4492 4593 2117
5076 2 2 9 8 1482 5484 4835
5077 2 2 9 8 1567 4318 3504
5078 2 2 9 8 56 3466 55
5079 2 2 9 8 1298 3123 2884
5080 2 2 9 8 2681 5941 894
5081 2 2 9 8 2447 2782 1508
5082 2 2 9 8 611 3058 3057
5083 2 2 9 8 1856 5656 2475
5084 2 2 9 8 1847 4249 3969
5085 2 2 9 8 3450 3458 1076
5086 2 2 9 8 2498 3972 1307
5087 2 2 9 8 1026 4872 1785
5088 2 2 9 8 4229 5590 2718
5089 2 2 9 8 1331 6345 2378
5090 2 2 9 8 1321 4464 2421
5091 2 2 9 8 2803 4934 1750
5092 2 2 9 8 4786 6594 3103
5093 2 2 9 8 1342 3547 3078
5094 2 2 9 8 2326 3900 903
5095 2 2 9 8 3272 3343 1347
5096 2 2 9 8 2726 6582 6514
5097 2 2 9 8 755 3396 3322
5098 2 2 9 8 4875 5312 1553
5099 2 2 9 8 2252 6160 996
5100 2 2 9 8 2722 5611 1788
5101 2 2 9 8 1916 4576 4076
5102 2 2 9 8 2560 5794 4385
5103 2 2 9 8 2471 5951 4129
5104 2 2 9 8 70 4789 2767
5105 2 2 9 8 3032 3058 611
5106 2 2 9 8 2066 5384 3378
5107 2 2 9 8 769 5290 4604
5108 2 2 9 8 1441 6622 3732
5109 2 2 9 8 1347 4793 2506
5110 2 2 9 8 544 5731 4944
5111 2 2 9 8 3555 5819 2307
5112 2 2 9 8 3431 5080 830
5113 2 2 9 8 2885 4332 960
5114 2 2 9 8 2339 3749 3104
5115 2 2 9 8 433 4979 3139
5116 2 2 9 8 1507 5453 2580
5117 2 2 9 8 2165 6452 2985
5118 2 2 9 8 160 5585 3736
5119 2 2 9 8 1707 4997 2023
5120 2 2 9 8 1500 4304 2905
5121 2 2 9 8 398 5720 2426
5122 2 2 9 8 2655 3761 1602
5123 2 2 9 8 713 6043 2224
5124 2 2 9 8 3144 3906 963
5125 2 2 9 8 5786 6399 1831
5126 2 2 9 8 768 4588 2250
5127 2 2 9 8 4604 5290 2114
5128 2 2 9 8 2538 5022 1562
5129 2 2 9 8 993 3345 2874
5130 2 2 9 8 3382 5421 3868
5131 2 2 9 8 3171 3388 598
5132 2 2 9 8 1650 5367 3436
5133 2 2 9 8 2697 5470 1335
5134 2 2 9 8 1471 3898 3664
5135 2 2 9 8 1927 5965 2482
5136 2 2 9 8 2041 3705 2714
5137 2 2 9 8 543 3674 3673
5138 2 2 9 8 1110 3902 3003
5139 2 2 9 8 1140 5502 3195
5140 2 2 9 8 1825 5416 3433
5141 2 2 9 8 1395 4899 3619
5142 2 2 9 8 261 4275 2758
5143 2 2 9 8 2177 5338 727
5144 2 2 9 8 2905 5513 5174
5145 2 2 9 8 1036 3542 2912
5146 2 2 9 8 3366 3679 693
5147 2 2 9 8 2353 5814 4716
5148 2 2 9 8 3211 5748 1200
5149 2 2 9 8 1494 4318 3100
5150 2 2 9 8 4828 5814 3568
5151 2 2 9 8 100 5335 4436
5152 2 2 9 8 2674 6222 712
5153 2 2 9 8 1435 6590 3679
5154 2 2 9 8 685 6052 3064
5155 2 2 9 8 1648 4836 2637
5156 2 2 9 8 391 4073 3078
5157 2 2 9 8 2512 6218 1008
5158 2 2 9 8 2129 3948 584
5159 2 2 9 8 5166 5416 1825
5160 2 2 9 8 3090 3889 1417
5161 2 2 9 8 2887 3952 1919
5162 2 2 9 8 214 3394 213
5163 2 2 9 8 3249 5458 1142
5164 2 2 9 8 991 4827 2600
5165 2 2 9 8 49 5617 2366
5166 2 2 9 8 3501 3811 734
5167 2 2 9 8 4933 6577 1273
5168 2 2 9 8 2984 5732 630
5169 2 2 9 8 2345 4495 4379
5170 2 2 9 8 84 2195 83
5171 2 2 9 8 1212 4136 4121
5172 2 2 9 8 4093 5324 2539
5173 2 2 9 8 3018 5005 1004
5174 2 2 9 8 2450 4018 541
5175 2 2 9 8 427 5007 2270
5176 2 2 9 8 2698 4000 1103
5177 2 2 9 8 2323 5929 3268
5178 2 2 9 8 1098 6234 2961
5179 2 2 9 8 1992 4731 3595
5180 2 2 9 8 4791 5023 3299
5181 2 2 9 8 656 4775 2404
5182 2 2 9 8 1214 3858 3010
5183 2 2 9 8 5483 6162 2689
5184 2 2 9 8 1099 5381 3051
5185 2 2 9 8 777 6000 3368
5186 2 2 9 8 2439 4830 4058
5187 2 2 9 8 770 5300 3711
5188 2 2 9 8 2048 5821 3809
5189 2 2 9 8 1065 5784 2749
5190 2 2 9 8 3529 4345 1680
5191 2 2 9 8 1819 5911 2831
5192 2 2 9 8 3257 5003 1930
5193 2 2 9 8 4551 5739 1458
5194 2 2 9 8 160 3736 159
5195 2 2 9 8 3446 4300 1518
5196 2 2 9 8 5029 5782 2046
5197 2 2 9 8 3289 3307 1296
5198 2 2 9 8 1334 5976 2845
5199 2 2 9 8 114 2791 113
5200 2 2 9 8 2146 5745 5118
5201 2 2 9 8 2904 4411 778
5202 2 2 9 8 2797 4116 4066
5203 2 2 9 8 5575 5977 2468
5204 2 2 9 8 2788 4167 281
5205 2 2 9 8 2933 4281 1425
5206 2 2 9 8 3245 4298 1537
5207 2 2 9 8 1248 5292 2881
5208 2 2 9 8 924 4299 2890
5209 2 2 9 8 2394 4842 363
5210 2 2 9 8 1051 6447 2519
5211 2 2 9 8 3440 4979 433
5212 2 2 9 8 3517 4309 400
5213 2 2 9 8 2660 5246 1631
5214 2 2 9 8 3141 5485 1435
5215 2 2 9 8 1217 5819 3555
5216 2 2 9 8 1074 6233 2598
5217 2 2 9 8 1772 5005 3018
5218 2 2 9 8 3672 4214 964
5219 2 2 9 8 1315 3236 3235
5220 2 2 9 8 1632 6230 4675
5221 2 2 9 8 2870 3137 666
5222 2 2 9 8 2295 5902 4821
5223 2 2 9 8 1114 4009 3704
5224 2 2 9 8 1013 4296 3534
5225 2 2 9 8 274 4923 273
5226 2 2 9 8 4284 4594 2285
5227 2 2 9 8 2581 3730 1587
5228 2 2 9 8 774 5649 3699
5229 2 2 9 8 2147 6256 4213
5230 2 2 9 8 5995 6034 4255
5231 2 2 9 8 453 3488 3332
5232 2 2 9 8 445 5706 5629
5233 2 2 9 8 2960 4511 439
5234 2 2 9 8 1070 3568 3351
5235 2 2 9 8 3432 4810 1350
5236 2 2 9 8 1063 5329 4012
5237 2 2 9 8 3162 4897 3021
5238 2 2 9 8 1242 4749 3150
5239 2 2 9 8 4197 6342 3490
5240 2 2 9 8 4416 4466 444
5241 2 2 9 8 2638 4413 826
5242 2 2 9 8 1231 3388 3171
5243 2 2 9 8 1655 5220 3266
5244 2 2 9 8 2750 4988 517
5245 2 2 9 8 230 4003 2173
5246 2 2 9 8 1003 4812 3560
5247 2 2 9 8 2449 4573 710
5248 2 2 9 8 3309 3649 1582
5249 2 2 9 8 4442 5299 2040
5250 2 2 9 8 624 6583 2713
5251 2 2 9 8 3279 4759 668
5252 2 2 9 8 1238 3130 2020
5253 2 2 9 8 2065 4411 2904
5254 2 2 9 8 3187 3898 1471
5255 2 2 9 8 3087 3772 1105
5256 2 2 9 8 1583 4415 2952
5257 2 2 9 8 918 5603 2460
5258 2 2 9 8 2562 4505 1174
5259 2 2 9 8 1621 5206 4663
5260 2 2 9 8 858 4963 2365
5261 2 2 9 8 2859 4910 2433
5262 2 2 9 8 2758 2759 260
5263 2 2 9 8 4112 5314 1771
5264 2 2 9 8 1217 4270 2958
5265 2 2 9 8 108 3270 107
5266 2 2 9 8 193 4760 3402
5267 2 2 9 8 579 5541 2657
5268 2 2 9 8 2953 5897 1903
5269 2 2 9 8 3478 3897 1730
5270 2 2 9 8 3714 5587 2139
5271 2 2 9 8 1483 3600 3242
5272 2 2 9 8 2974 6268 1176
5273 2 2 9 8 2850 4903 1666
5274 2 2 9 8 3091 5952 3083
5275 2 2 9 8 85 4409 84
5276 2 2 9 8 2467 6296 512
5277 2 2 9 8 2625 4398 1052
5278 2 2 9 8 3314 5577 711
5279 2 2 9 8 3255 5450 2651
5280 2 2 9 8 73 4860 2841
5281 2 2 9 8 2906 5446 1148
5282 2 2 9 8 2202 5260 2835
5283 2 2 9 8 2373 4505 421
5284 2 2 9 8 3686 5698 552
5285 2 2 9 8 631 4690 3748
5286 2 2 9 8 3855 4867 1375
5287 2 2 9 8 1030 4577 3126
5288 2 2 9 8 3410 5099 4252
5289 2 2 9 8 3149 4600 625
5290 2 2 9 8 1149 6421 3044
5291 2 2 9 8 2836 4980 887
5292 2 2 9 8 4823 5008 1291
5293 2 2 9 8 2940 3951 443
5294 2 2 9 8 2235 6543 2798
5295 2 2 9 8 201 5872 200
5296 2 2 9 8 2721 5502 2172
5297 2 2 9 8 2839 3181 425
5298 2 2 9 8 2573 4254 920
5299 2 2 9 8 3331 3787 648
5300 2 2 9 8 2672 5266 636
5301 2 2 9 8 1402 4247 2554
5302 2 2 9 8 1417 4417 2852
5303 2 2 9 8 3079 4535 3795
5304 2 2 9 8 2614 6290 1679
5305 2 2 9 8 2147 5998 3305
5306 2 2 9 8 943 5977 2633
5307 2 2 9 8 2345 4080 687
5308 2 2 9 8 1448 4457 4341
5309 2 2 9 8 260 2759 259
5310 2 2 9 8 4447 5253 576
5311 2 2 9 8 3510 4354 1604
5312 2 2 9 8 2996 3617 1937
5313 2 2 9 8 1565 5645 2631
5314 2 2 9 8 4191 4289 733
5315 2 2 9 8 4597 4743 2896
5316 2 2 9 8 2728 3431 830
5317 2 2 9 8 2982 4492 1313
5318 2 2 9 8 2609 4750 1106
5319 2 2 9 8 1534 5027 3911
5320 2 2 9 8 2536 5196 467
5321 2 2 9 8 2763 6607 25
5322 2 2 9 8 282 5075 2788
5323 2 2 9 8 1880 4900 2843
5324 2 2 9 8 732 3763 2204
5325 2 2 9 8 4729 5344 1686
5326 2 2 9 8 2081 6384 2666
5327 2 2 9 8 1556 5256 3112
5328 2 2 9 8 3198 6033 3199
5329 2 2 9 8 2329 5124 4195
5330 2 2 9 8 277 4141 2724
5331 2 2 9 8 740 4269 3644
5332 2 2 9 8 4250 6326 668
5333 2 2 9 8 3134 6041 1780
5334 2 2 9 8 4689 6200 2481
5335 2 2 9 8 1202 3725 2774
5336 2 2 9 8 831 3431 2728
5337 2 2 9 8 2764 5771 1761
5338 2 2 9 8 2556 5105 996
5339 2 2 9 8 3866 4931 1091
5340 2 2 9 8 2949 4943 499
5341 2 2 9 8 1332 3415 3207
5342 2 2 9 8 1077 4617 3203
5343 2 2 9 8 2487 6489 5768
5344 2 2 9 8 3841 5946 1786
5345 2 2 9 8 1198 3816 3708
5346 2 2 9 8 3038 5388 2937
5347 2 2 9 8 977 5996 3355
5348 2 2 9 8 2733 4353 406
5349 2 2 9 8 577 5773 1725
5350 2 2 9 8 106 4894 3122
5351 2 2 9 8 3404 5832 2284
5352 2 2 9 8 2871 5344 4729
5353 2 2 9 8 1218 6324 2761
5354 2 2 9 8 457 4490 4187
5355 2 2 9 8 4065 4567 1948
5356 2 2 9 8 3299 3664 1654
5357 2 2 9 8 1804 3989 2296
5358 2 2 9 8 3822 6298 2019
5359 2 2 9 8 2922 4621 947
5360 2 2 9 8 2620 3903 445
5361 2 2 9 8 2670 6024 1824
5362 2 2 9 8 3070 6119 1348
5363 2 2 9 8 2807 5950 655
5364 2 2 9 8 1019 6600 2419
5365 2 2 9 8 2607 2777 395
5366 2 2 9 8 4821 5902 1300
5367 2 2 9 8 386 4489 2673
5368 2 2 9 8 1333 3495 3477
5369 2 2 9 8 1278 3729 3013
5370 2 2 9 8 3561 5092 2667
5371 2 2 9 8 940 6097 4211
5372 2 2 9 8 1259 4146 2804
5373 2 2 9 8 3368 5263 777
5374 2 2 9 8 920 4254 3991
5375 2 2 9 8 1117 5307 2986
5376 2 2 9 8 3174 4343 1540
5377 2 2 9 8 4215 6426 3780
5378 2 2 9 8 2913 3767 852
5379 2 2 9 8 1899 5512 4602
5380 2 2 9 8 2825 5089 877
5381 2 2 9 8 2852 4417 745
5382 2 2 9 8 2099 6247 3323
5383 2 2 9 8 204 3327 203
5384 2 2 9 8 935 5291 2453
5385 2 2 9 8 3362 3526 1215
5386 2 2 9 8 2106 4546 368
5387 2 2 9 8 1916 4669 3638
5388 2 2 9 8 1264 4563 3450
5389 2 2 9 8 626 4123 3500
5390 2 2 9 8 670 6575 2704
5391 2 2 9 8 4557 5542 2166
5392 2 2 9 8 2215 4477 1315
5393 2 2 9 8 3244 5264 1341
5394 2 2 9 8 2192 5028 3441
5395 2 2 9 8 2730 4642 1766
5396 2 2 9 8 6175 6507 2023
5397 2 2 9 8 3078 3547 391
5398 2 2 9 8 918 6325 2142
5399 2 2 9 8 390 5704 2751
5400 2 2 9 8 1346 3643 3483
5401 2 2 9 8 3179 5336 1881
5402 2 2 9 8 3125 3523 1291
5403 2 2 9 8 3639 4369 1587
5404 2 2 9 8 2429 6576 568
5405 2 2 9 8 22 6163 21
5406 2 2 9 8 1437 3884 3636
5407 2 2 9 8 4876 6075 2271
5408 2 2 9 8 4815 6213 2572
5409 2 2 9 8 1508 2782 855
5410 2 2 9 8 1525 5424 3554
5411 2 2 9 8 252 3807 251
5412 2 2 9 8 2905 5174 1500
5413 2 2 9 8 1035 4742 2749
5414 2 2 9 8 1535 4258 2633
5415 2 2 9 8 1374 3658 3608
5416 2 2 9 8 2170 4374 934
5417 2 2 9 8 3515 4957 833
5418 2 2 9 8 1146 3665 2939
5419 2 2 9 8 2490 4800 986
5420 2 2 9 8 3252 4942 2060
5421 2 2 9 8 2971 5422 1988
5422 2 2 9 8 1852 4945 2948
5423 2 2 9 8 602 4891 2223
5424 2 2 9 8 4502 4743 585
5425 2 2 9 8 2574 6195 5805
5426 2 2 9 8 4058 5703 649
5427 2 2 9 8 3132 5306 374
5428 2 2 9 8 4349 6430 791
5429 2 2 9 8 2946 5261 2001
5430 2 2 9 8 265 5644 2735
5431 2 2 9 8 1264 5236 1840
5432 2 2 9 8 1287 5824 3459
5433 2 2 9 8 4654 5128 2511
5434 2 2 9 8 1547 4376 2356
5435 2 2 9 8 3817 4656 2499
5436 2 2 9 8 4255 6034 1942
5437 2 2 9 8 1314 3437 3386
5438 2 2 9 8 2064 5851 4949
5439 2 2 9 8 467 4291 2536
5440 2 2 9 8 2959 3675 667
5441 2 2 9 8 1270 6475 3025
5442 2 2 9 8 1737 3600 235
5443 2 2 9 8 449 3098 2036
5444 2 2 9 8 807 5611 2722
5445 2 2 9 8 2369 6552 4944
5446 2 2 9 8 2749 4742 1481
5447 2 2 9 8 1617 5306 3687
5448 2 2 9 8 758 4819 2294
5449 2 2 9 8 905 5320 2949
5450 2 2 9 8 4375 4813 2300
5451 2 2 9 8 2593 6266 1692
5452 2 2 9 8 5659 6366 1955
5453 2 2 9 8 4833 4942 3193
5454 2 2 9 8 3734 4770 1450
5455 2 2 9 8 1236 4393 3266
5456 2 2 9 8 4317 4609 2103
5457 2 2 9 8 1865 5487 2555
5458 2 2 9 8 67 3330 66
5459 2 2 9 8 1454 4798 2992
5460 2 2 9 8 4835 5484 2535
5461 2 2 9 8 2770 4324 1202
5462 2 2 9 8 2667 4985 628
5463 2 2 9 8 2655 3540 1192
5464 2 2 9 8 1459 3865 2624
5465 2 2 9 8 3489 4119 1515
5466 2 2 9 8 886 3934 2816
5467 2 2 9 8 2306 4451 2305
5468 2 2 9 8 1373 3953 3258
5469 2 2 9 8 2858 6096 1562
5470 2 2 9 8 2486 4130 549
5471 2 2 9 8 1202 4324 2700
5472 2 2 9 8 3140 5629 1263
5473 2 2 9 8 1815 3516 3208
5474 2 2 9 8 2709 4157 130
5475 2 2 9 8 3424 3624 1278
5476 2 2 9 8 2450 4899 851
5477 2 2 9 8 3037 4360 844
5478 2 2 9 8 2222 4822 1529
5479 2 2 9 8 2924 5597 2268
5480 2 2 9 8 4003 6412 2173
5481 2 2 9 8 1440 3615 3374
5482 2 2 9 8 3298 5085 731
5483 2 2 9 8 1436 3944 1479
5484 2 2 9 8 1879 5657 3067
5485 2 2 9 8 3191 3523 1262
5486 2 2 9 8 127 6176 2916
5487 2 2 9 8 2444 6555 4295
5488 2 2 9 8 3507 3549 1243
5489 2 2 9 8 3530 5708 5648
5490 2 2 9 8 3362 6346 1935
5491 2 2 9 8 723 4343 3174
5492 2 2 9 8 3581 5147 5146
5493 2 2 9 8 4079 5267 2427
5494 2 2 9 8 3016 3507 1243
5495 2 2 9 8 2108 4039 3390
5496 2 2 9 8 1065 3806 2372
5497 2 2 9 8 3404 5334 1066
5498 2 2 9 8 3385 6315 435
5499 2 2 9 8 3196 4887 560
5500 2 2 9 8 3353 4358 1367
5501 2 2 9 8 3885 4181 721
5502 2 2 9 8 3235 3470 1315
5503 2 2 9 8 3142 4246 1476
5504 2 2 9 8 2840 4912 1146
5505 2 2 9 8 1947 3758 3056
5506 2 2 9 8 1184 4592 3275
5507 2 2 9 8 1725 3575 577
5508 2 2 9 8 2165 4658 132
5509 2 2 9 8 2314 4139 4087
5510 2 2 9 8 2968 3699 1159
5511 2 2 9 8 401 3046 1671
5512 2 2 9 8 2135 4100 4055
5513 2 2 9 8 3333 3585 400
5514 2 2 9 8 3511 5250 1293
5515 2 2 9 8 2664 6165 513
5516 2 2 9 8 3312 5859 2059
5517 2 2 9 8 1587 5971 2581
5518 2 2 9 8 2803 3022 416
5519 2 2 9 8 2669 3870 592
5520 2 2 9 8 2469 3498 1049
5521 2 2 9 8 4038 4205 2435
5522 2 2 9 8 815 5590 4229
5523 2 2 9 8 480 4907 2555
5524 2 2 9 8 3570 5914 634
5525 2 2 9 8 2432 5446 4810
5526 2 2 9 8 1703 5947 4045
5527 2 2 9 8 988 5394 2713
5528 2 2 9 8 211 3961 210
5529 2 2 9 8 1232 3859 2457
5530 2 2 9 8 3629 5506 2378
5531 2 2 9 8 574 2786 2785
5532 2 2 9 8 1925 5008 4823
5533 2 2 9 8 381 4175 1862
5534 2 2 9 8 3044 3818 420
5535 2 2 9 8 2586 5404 982
5536 2 2 9 8 2648 4587 469
5537 2 2 9 8 1180 5482 3359
5538 2 2 9 8 1692 4784 2593
5539 2 2 9 8 3098 5692 849
5540 2 2 9 8 174 4195 173
5541 2 2 9 8 1154 3861 2802
5542 2 2 9 8 1830 5617 3095
5543 2 2 9 8 1801 4743 4502
5544 2 2 9 8 3474 6292 1426
5545 2 2 9 8 16 5033 2771
5546 2 2 9 8 2260 5032 642
5547 2 2 9 8 2890 3623 1805
5548 2 2 9 8 4076 4576 455
5549 2 2 9 8 1942 5300 4074
5550 2 2 9 8 3401 6289 2087
5551 2 2 9 8 940 5904 3609
5552 2 2 9 8 2611 4373 2290
5553 2 2 9 8 3415 6186 1645
5554 2 2 9 8 98 4954 4841
5555 2 2 9 8 4063 5571 2764
5556 2 2 9 8 894 6177 2606
5557 2 2 9 8 3660 6229 752
5558 2 2 9 8 2621 4695 790
5559 2 2 9 8 3363 6154 154
5560 2 2 9 8 3190 4198 1351
5561 2 2 9 8 4118 4544 1616
5562 2 2 9 8 1435 5485 3763
5563 2 2 9 8 448 3898 3187
5564 2 2 9 8 415 6208 4113
5565 2 2 9 8 3095 5617 50
5566 2 2 9 8 2653 5777 533
5567 2 2 9 8 1155 6541 3553
5568 2 2 9 8 1994 4437 933
5569 2 2 9 8 2566 4077 1245
5570 2 2 9 8 2672 4128 915
5571 2 2 9 8 1566 6394 2533
5572 2 2 9 8 3256 3414 1288
5573 2 2 9 8 3066 6289 225
5574 2 2 9 8 3491 5403 821
5575 2 2 9 8 4107 5650 3630
5576 2 2 9 8 1782 3686 3445
5577 2 2 9 8 4390 5593 403
5578 2 2 9 8 2824 5438 2808
5579 2 2 9 8 4110 5483 1834
5580 2 2 9 8 1767 5826 3136
5581 2 2 9 8 2865 3493 599
5582 2 2 9 8 1073 5726 3590
5583 2 2 9 8 3779 6004 5385
5584 2 2 9 8 4460 4487 643
5585 2 2 9 8 617 5599 2629
5586 2 2 9 8 617 5889 2328
5587 2 2 9 8 5427 5856 1829
5588 2 2 9 8 1547 5346 4376
5589 2 2 9 8 3524 4007 2396
5590 2 2 9 8 1397 5704 2873
5591 2 2 9 8 1613 6578 3463
5592 2 2 9 8 3237 4099 745
5593 2 2 9 8 3702 5574 480
5594 2 2 9 8 3047 4017 908
5595 2 2 9 8 2586 5946 3841
5596 2 2 9 8 1678 4679 2718
5597 2 2 9 8 1244 6458 2500
5598 2 2 9 8 1763 5915 3744
5599 2 2 9 8 2535 5831 1267
5600 2 2 9 8 1050 2509 2049
5601 2 2 9 8 5007 6114 1410
5602 2 2 9 8 3711 5300 2263
5603 2 2 9 8 5172 5493 3151
5604 2 2 9 8 3078 4073 1563
5605 2 2 9 8 658 4004 3013
5606 2 2 9 8 2415 6133 1113
5607 2 2 9 8 2647 4072 917
5608 2 2 9 8 3084 3706 535
5609 2 2 9 8 887 4974 2836
5610 2 2 9 8 1029 5822 2538
5611 2 2 9 8 4167 5225 280
5612 2 2 9 8 1860 5811 3520
5613 2 2 9 8 5435 6502 1017
5614 2 2 9 8 800 3590 2368
5615 2 2 9 8 894 4999 2681
5616 2 2 9 8 1620 5538 4705
5617 2 2 9 8 1067 3468 3238
5618 2 2 9 8 3002 6179 1595
5619 2 2 9 8 502 4656 2780
5620 2 2 9 8 1386 4373 2611
5621 2 2 9 8 2768 5706 445
5622 2 2 9 8 1007 6218 3411
5623 2 2 9 8 2605 6146 609
5624 2 2 9 8 562 6277 3127
5625 2 2 9 8 1292 3992 3020
5626 2 2 9 8 1937 6351 2996
5627 2 2 9 8 2725 3781 1867
5628 2 2 9 8 3206 4216 1472
5629 2 2 9 8 4066 4116 1505
5630 2 2 9 8 551 5660 2717
5631 2 2 9 8 668 6326 3725
5632 2 2 9 8 2626 4789 71
5633 2 2 9 8 2682 4210 449
5634 2 2 9 8 2243 3194 955
5635 2 2 9 8 479 5208 4679
5636 2 2 9 8 2872 4771 397
5637 2 2 9 8 390 6221 5704
5638 2 2 9 8 3207 3415 1645
5639 2 2 9 8 2995 6043 1261
5640 2 2 9 8 2118 4382 3661
5641 2 2 9 8 934 5849 2869
5642 2 2 9 8 2957 5772 1050
5643 2 2 9 8 3891 5291 2327
5644 2 2 9 8 142 4461 141
5645 2 2 9 8 244 5450 243
5646 2 2 9 8 575 6024 2670
5647 2 2 9 8 2781 4774 564
5648 2 2 9 8 4714 5290 769
5649 2 2 9 8 3996 5322 928
5650 2 2 9 8 2479 4620 1071
5651 2 2 9 8 168 3581 167
5652 2 2 9 8 2506 4793 875
5653 2 2 9 8 2675 4345 187
5654 2 2 9 8 2763 6142 1577
5655 2 2 9 8 151 5483 4110
5656 2 2 9 8 1199 6280 3096
5657 2 2 9 8 2859 3468 1067
5658 2 2 9 8 3033 6431 953
5659 2 2 9 8 106 3122 105
5660 2 2 9 8 4360 4577 1356
5661 2 2 9 8 2547 5035 4194
5662 2 2 9 8 1694 5692 3098
5663 2 2 9 8 3908 4155 2046
5664 2 2 9 8 1787 5615 2473
5665 2 2 9 8 2690 5743 1082
5666 2 2 9 8 637 3439 3150
5667 2 2 9 8 4078 6125 1893
5668 2 2 9 8 1366 4432 3520
5669 2 2 9 8 2890 4299 1199
5670 2 2 9 8 3036 3266 650
5671 2 2 9 8 2676 6240 2907
5672 2 2 9 8 1122 5474 2828
5673 2 2 9 8 4907 5733 1474
5674 2 2 9 8 1318 6127 4068
5675 2 2 9 8 1813 5361 4319
5676 2 2 9 8 2090 4987 4955
5677 2 2 9 8 2103 6506 413
5678 2 2 9 8 1834 4269 4110
5679 2 2 9 8 4698 5973 758
5680 2 2 9 8 973 5630 5543
5681 2 2 9 8 3372 3633 1197
5682 2 2 9 8 3591 3592 1235
5683 2 2 9 8 1619 5253 4447
5684 2 2 9 8 3327 4124 203
5685 2 2 9 8 1343 3695 3350
5686 2 2 9 8 3056 3758 967
5687 2 2 9 8 2962 4531 1640
5688 2 2 9 8 3678 6133 891
5689 2 2 9 8 2589 3934 1685
5690 2 2 9 8 2184 4982 4496
5691 2 2 9 8 707 4826 3526
5692 2 2 9 8 822 6398 3144
5693 2 2 9 8 1435 3366 3141
5694 2 2 9 8 2717 5660 1234
5695 2 2 9 8 1897 5748 3211
5696 2 2 9 8 2831 5476 1819
5697 2 2 9 8 5138 6152 2041
5698 2 2 9 8 2547 4194 1520
5699 2 2 9 8 823 3111 2695
5700 2 2 9 8 423 4964 2553
5701 2 2 9 8 4240 6551 634
5702 2 2 9 8 3226 5497 1224
5703 2 2 9 8 3548 4351 572
5704 2 2 9 8 675 4216 3206
5705 2 2 9 8 2778 5144 1345
5706 2 2 9 8 1215 4826 3876
5707 2 2 9 8 2060 4942 4833
5708 2 2 9 8 1257 3831 2910
5709 2 2 9 8 1532 4054 802
5710 2 2 9 8 1464 3666 3163
5711 2 2 9 8 925 5244 2935
5712 2 2 9 8 510 4568 2834
5713 2 2 9 8 534 5525 2703
5714 2 2 9 8 2868 4696 2093
5715 2 2 9 8 1812 4618 3320
5716 2 2 9 8 2408 4569 397
5717 2 2 9 8 416 4934 2803
5718 2 2 9 8 2741 6378 1705
5719 2 2 9 8 3924 5456 1063
5720 2 2 9 8 1155 3467 3096
5721 2 2 9 8 4383 6173 2415
5722 2 2 9 8 3049 5374 1728
5723 2 2 9 8 1976 4890 3683
5724 2 2 9 8 991 3182 3181
5725 2 2 9 8 1980 4272 2562
5726 2 2 9 8 3029 4644 723
5727 2 2 9 8 3371 3820 637
5728 2 2 9 8 2185 4641 291
5729 2 2 9 8 284 2830 283
5730 2 2 9 8 3209 3210 1166
5731 2 2 9 8 4455 5257 760
5732 2 2 9 8 724 5991 3272
5733 2 2 9 8 80 4398 2625
5734 2 2 9 8 4363 5040 2254
5735 2 2 9 8 1134 5805 2733
5736 2 2 9 8 2756 6500 2389
5737 2 2 9 8 3572 3624 705
5738 2 2 9 8 491 5203 2540
5739 2 2 9 8 2907 5511 389
5740 2 2 9 8 4376 5346 1649
5741 2 2 9 8 6199 6220 1758
5742 2 2 9 8 224 3401 223
5743 2 2 9 8 4206 4835 1267
5744 2 2 9 8 3181 3182 425
5745 2 2 9 8 503 6241 4044
5746 2 2 9 8 1076 3458 2678
5747 2 2 9 8 3125 3874 1262
5748 2 2 9 8 2444 6348 3315
5749 2 2 9 8 1109 4368 2565
5750 2 2 9 8 3515 3640 1213
5751 2 2 9 8 3178 4153 430
5752 2 2 9 8 4125 4875 1553
5753 2 2 9 8 2948 4945 14
5754 2 2 9 8 2770 4860 74
5755 2 2 9 8 4386 5021 2668
5756 2 2 9 8 2787 5619 423
5757 2 2 9 8 3014 6180 3709
5758 2 2 9 8 1056 4273 2812
5759 2 2 9 8 43 3795 42
5760 2 2 9 8 3074 3873 1223
5761 2 2 9 8 917 5330 2647
5762 2 2 9 8 801 3909 3748
5763 2 2 9 8 1443 6630 3852
5764 2 2 9 8 2368 3728 633
5765 2 2 9 8 180 5205 179
5766 2 2 9 8 682 6115 3278
5767 2 2 9 8 1290 4823 3500
5768 2 2 9 8 836 6083 5561
5769 2 2 9 8 3278 6115 2088
5770 2 2 9 8 2615 6325 918
5771 2 2 9 8 1705 3453 3452
5772 2 2 9 8 3399 3883 439
5773 2 2 9 8 1450 5387 3734
5774 2 2 9 8 3854 6387 5738
5775 2 2 9 8 3050 5122 207
5776 2 2 9 8 1170 5830 2056
5777 2 2 9 8 3330 6133 3678
5778 2 2 9 8 58 4420 3464
5779 2 2 9 8 896 4297 3108
5780 2 2 9 8 1259 4287 2856
5781 2 2 9 8 1045 5354 3948
5782 2 2 9 8 734 4867 3855
5783 2 2 9 8 4654 6218 1007
5784 2 2 9 8 1454 6463 2716
5785 2 2 9 8 1183 5912 3605
5786 2 2 9 8 3101 4386 1340
5787 2 2 9 8 1541 3518 3517
5788 2 2 9 8 4080 5912 1183
5789 2 2 9 8 943 4516 3621
5790 2 2 9 8 2711 5740 997
5791 2 2 9 8 1418 4124 3327
5792 2 2 9 8 3664 3851 1471
5793 2 2 9 8 574 3119 2786
5794 2 2 9 8 1314 3470 3235
5795 2 2 9 8 2937 5675 2399
5796 2 2 9 8 508 4281 2933
5797 2 2 9 8 663 4628 2647
5798 2 2 9 8 104 5687 103
5799 2 2 9 8 626 3523 3191
5800 2 2 9 8 131 6172 2709
5801 2 2 9 8 2582 4196 1282
5802 2 2 9 8 1231 6198 3388
5803 2 2 9 8 802 5840 2954
5804 2 2 9 8 1933 5085 3298
5805 2 2 9 8 998 5410 2805
5806 2 2 9 8 1264 3450 2823
5807 2 2 9 8 462 5558 4768
5808 2 2 9 8 1942 4074 3296
5809 2 2 9 8 4923 6044 273
5810 2 2 9 8 3483 3643 1421
5811 2 2 9 8 576 5232 2619
5812 2 2 9 8 3923 4195 174
5813 2 2 9 8 1445 4658 4217
5814 2 2 9 8 3929 4136 744
5815 2 2 9 8 1441 3220 2895
5816 2 2 9 8 3618 4898 760
5817 2 2 9 8 3392 4200 1559
5818 2 2 9 8 2991 5751 653
5819 2 2 9 8 3376 6461 978
5820 2 2 9 8 3855 3856 734
5821 2 2 9 8 407 6524 2547
5822 2 2 9 8 3676 4289 1858
5823 2 2 9 8 3744 5915 4943
5824 2 2 9 8 4278 5948 1172
5825 2 2 9 8 2735 5508 1381
5826 2 2 9 8 3534 4296 1672
5827 2 2 9 8 963 5422 2971
5828 2 2 9 8 910 4138 3831
5829 2 2 9 8 2938 3998 1789
5830 2 2 9 8 3551 4004 1377
5831 2 2 9 8 458 4228 3970
5832 2 2 9 8 2933 3994 508
5833 2 2 9 8 1746 4064 3921
5834 2 2 9 8 1283 4628 3103
5835 2 2 9 8 3202 4369 1527
5836 2 2 9 8 2015 6008 5034
5837 2 2 9 8 373 6413 2487
5838 2 2 9 8 2606 6177 3298
5839 2 2 9 8 2581 5971 686
5840 2 2 9 8 1091 4931 3484
5841 2 2 9 8 810 5175 2535
5842 2 2 9 8 3852 6630 2973
5843 2 2 9 8 6111 6117 2075
5844 2 2 9 8 1656 4881 3844
5845 2 2 9 8 2957 4948 2217
5846 2 2 9 8 2121 4466 4416
5847 2 2 9 8 2194 4409 1640
5848 2 2 9 8 2831 5911 942
5849 2 2 9 8 615 3936 3025
5850 2 2 9 8 2634 4581 1663
5851 2 2 9 8 3520 5811 650
5852 2 2 9 8 1697 3573 3572
5853 2 2 9 8 2980 5725 1550
5854 2 2 9 8 3796 3927 658
5855 2 2 9 8 3235 4022 1314
5856 2 2 9 8 1052 3129 2929
5857 2 2 9 8 1032 6424 2930
5858 2 2 9 8 551 3998 2938
5859 2 2 9 8 5022 5036 818
5860 2 2 9 8 1183 3605 3399
5861 2 2 9 8 2125 4305 240
5862 2 2 9 8 4635 5762 3786
5863 2 2 9 8 2534 4736 1224
5864 2 2 9 8 2266 5404 3841
5865 2 2 9 8 3508 6181 621
5866 2 2 9 8 3933 6137 612
5867 2 2 9 8 2914 6254 2006
5868 2 2 9 8 3742 6165 2422
5869 2 2 9 8 3073 6180 1843
5870 2 2 9 8 443 3507 3016
5871 2 2 9 8 3587 5556 2398
5872 2 2 9 8 4065 5627 819
5873 2 2 9 8 1799 5751 2991
5874 2 2 9 8 4110 4269 1586
5875 2 2 9 8 2054 6079 4853
5876 2 2 9 8 3602 4043 1394
5877 2 2 9 8 869 5754 4063
5878 2 2 9 8 1748 4982 4849
5879 2 2 9 8 737 5510 2413
5880 2 2 9 8 3875 5139 439
5881 2 2 9 8 3243 5066 2516
5882 2 2 9 8 922 4696 2868
5883 2 2 9 8 3010 6409 1214
5884 2 2 9 8 3608 3658 1499
5885 2 2 9 8 2610 4462 1602
5886 2 2 9 8 1853 4024 2490
5887 2 2 9 8 1168 6323 2879
5888 2 2 9 8 2775 5417 2213
5889 2 2 9 8 821 4632 4011
5890 2 2 9 8 839 5857 2424
5891 2 2 9 8 3463 5155 2723
5892 2 2 9 8 4130 5539 1308
5893 2 2 9 8 3564 5162 919
5894 2 2 9 8 1154 5545 3861
5895 2 2 9 8 578 5583 3056
5896 2 2 9 8 3044 6421 3818
5897 2 2 9 8 2441 5104 621
5898 2 2 9 8 76 6355 2700
5899 2 2 9 8 1010 3747 2894
5900 2 2 9 8 2780 4656 1404
5901 2 2 9 8 1784 6004 3186
5902 2 2 9 8 3186 4392 1784
5903 2 2 9 8 3820 4468 1828
5904 2 2 9 8 3133 3499 1165
5905 2 2 9 8 2295 4821 600
5906 2 2 9 8 3368 6000 1847
5907 2 2 9 8 3308 5652 2120
5908 2 2 9 8 2273 4843 136
5909 2 2 9 8 5162 6181 3508
5910 2 2 9 8 409 3764 3422
5911 2 2 9 8 705 3624 3424
5912 2 2 9 8 3486 5945 1101
5913 2 2 9 8 1771 5741 4112
5914 2 2 9 8 2866 4228 1689
5915 2 2 9 8 2830 5075 283
5916 2 2 9 8 1004 5005 2741
5917 2 2 9 8 2078 4808 3471
5918 2 2 9 8 2773 5171 967
5919 2 2 9 8 3570 6458 2917
5920 2 2 9 8 4548 6306 3066
5921 2 2 9 8 439 5139 3399
5922 2 2 9 8 3013 3729 658
5923 2 2 9 8 900 4856 3321
5924 2 2 9 8 3232 3821 540
5925 2 2 9 8 3942 4407 1817
5926 2 2 9 8 3046 6095 855
5927 2 2 9 8 2547 6285 407
5928 2 2 9 8 79 3403 78
5929 2 2 9 8 911 6439 2465
5930 2 2 9 8 495 3550 2326
5931 2 2 9 8 3994 5824 1287
5932 2 2 9 8 1396 3585 3333
5933 2 2 9 8 690 5535 2570
5934 2 2 9 8 3018 6210 1932
5935 2 2 9 8 4046 5220 1655
5936 2 2 9 8 1325 3839 3039
5937 2 2 9 8 837 5622 3733
5938 2 2 9 8 4336 6604 672
5939 2 2 9 8 1642 5388 4686
5940 2 2 9 8 1265 4099 3237
5941 2 2 9 8 2769 4809 365
5942 2 2 9 8 1425 4400 2861
5943 2 2 9 8 1187 6630 3168
5944 2 2 9 8 2495 5190 974
5945 2 2 9 8 3048 3976 1326
5946 2 2 9 8 2249 6565 4588
5947 2 2 9 8 1998 5472 4481
5948 2 2 9 8 3275 4592 779
5949 2 2 9 8 379 4061 3506
5950 2 2 9 8 2068 5678 3354
5951 2 2 9 8 111 6330 110
5952 2 2 9 8 3302 4612 1176
5953 2 2 9 8 4217 4658 2165
5954 2 2 9 8 5768 6489 900
5955 2 2 9 8 1514 4239 4009
5956 2 2 9 8 3954 4174 1754
5957 2 2 9 8 2861 4400 651
5958 2 2 9 8 294 5624 293
5959 2 2 9 8 979 3455 3454
5960 2 2 9 8 2186 5894 4975
5961 2 2 9 8 2975 4193 1316
5962 2 2 9 8 3516 5014 1286
5963 2 2 9 8 2872 3533 1014
5964 2 2 9 8 3007 4016 966
5965 2 2 9 8 1293 5250 2853
5966 2 2 9 8 1399 3524 2396
5967 2 2 9 8 1068 5449 2699
5968 2 2 9 8 3457 5734 962
5969 2 2 9 8 1542 4776 4640
5970 2 2 9 8 1481 5503 2749
5971 2 2 9 8 3105 6393 2619
5972 2 2 9 8 426 4198 3190
5973 2 2 9 8 699 5506 3629
5974 2 2 9 8 254 4933 253
5975 2 2 9 8 1851 4473 2700
5976 2 2 9 8 1344 4174 3954
5977 2 2 9 8 2814 4924 1496
5978 2 2 9 8 281 4167 280
5979 2 2 9 8 2205 4589 3402
5980 2 2 9 8 3565 5086 901
5981 2 2 9 8 1488 3553 3487
5982 2 2 9 8 2572 4922 2124
5983 2 2 9 8 1892 4555 4227
5984 2 2 9 8 667 4911 2959
5985 2 2 9 8 558 4564 2736
5986 2 2 9 8 906 5526 2880
5987 2 2 9 8 484 6477 2606
5988 2 2 9 8 1152 3053 2925
5989 2 2 9 8 3698 3927 1502
5990 2 2 9 8 2932 5033 17
5991 2 2 9 8 690 5741 3061
5992 2 2 9 8 1433 4407 3942
5993 2 2 9 8 3427 4265 1474
5994 2 2 9 8 3124 4955 761
5995 2 2 9 8 161 4810 3432
5996 2 2 9 8 33 6364 32
5997 2 2 9 8 1594 3486 3118
5998 2 2 9 8 1589 4766 2508
5999 2 2 9 8 2204 2990 732
6000 2 2 9 8 2811 5870 1052
6001 2 2 9 8 3673 3674 1389
6002 2 2 9 8 128 6176 127
6003 2 2 9 8 1426 4722 3474
6004 2 2 9 8 1408 3549 3507
6005 2 2 9 8 1430 5719 4562
6006 2 2 9 8 2886 4352 811
6007 2 2 9 8 6064 6528 1677
6008 2 2 9 8 3388 3928 598
6009 2 2 9 8 619 6057 2472
6010 2 2 9 8 2856 4287 502
6011 2 2 9 8 815 3917 3164
6012 2 2 9 8 75 4324 2770
6013 2 2 9 8 2889 5363 1544
6014 2 2 9 8 4975 6369 2186
6015 2 2 9 8 479 4906 3369
6016 2 2 9 8 5810 6021 2809
6017 2 2 9 8 2852 4545 2374
6018 2 2 9 8 4388 5753 1429
6019 2 2 9 8 3261 4120 533
6020 2 2 9 8 1103 5102 2698
6021 2 2 9 8 2509 5227 552
6022 2 2 9 8 476 6336 2400
6023 2 2 9 8 2449 4403 1732
6024 2 2 9 8 1918 5349 4286
6025 2 2 9 8 3610 5836 776
6026 2 2 9 8 835 4307 1995
6027 2 2 9 8 995 5379 4107
6028 2 2 9 8 1308 5539 3574
6029 2 2 9 8 1374 3805 3804
6030 2 2 9 8 764 4892 2917
6031 2 2 9 8 1438 5123 3682
6032 2 2 9 8 2723 4441 176
6033 2 2 9 8 2556 6496 4101
6034 2 2 9 8 2778 4400 1425
6035 2 2 9 8 1704 5115 3812
6036 2 2 9 8 3477 5461 1333
6037 2 2 9 8 4201 5426 801
6038 2 2 9 8 4016 5222 1835
6039 2 2 9 8 1533 3813 2648
6040 2 2 9 8 3067 6064 5691
6041 2 2 9 8 3082 3896 520
6042 2 2 9 8 2981 3960 1256
6043 2 2 9 8 1246 3675 2959
6044 2 2 9 8 3854 5738 1252
6045 2 2 9 8 1656 5055 4881
6046 2 2 9 8 3265 4509 516
6047 2 2 9 8 185 6100 184
6048 2 2 9 8 1803 4332 4245
6049 2 2 9 8 1620 4705 4518
6050 2 2 9 8 1307 6187 4108
6051 2 2 9 8 1367 4516 3548
6052 2 2 9 8 2774 6326 1385
6053 2 2 9 8 3159 6163 22
6054 2 2 9 8 3348 4083 1071
6055 2 2 9 8 4849 4982 2184
6056 2 2 9 8 5063 5305 1758
6057 2 2 9 8 512 6296 3509
6058 2 2 9 8 677 3984 3147
6059 2 2 9 8 1564 4224 3145
6060 2 2 9 8 66 3678 65
6061 2 2 9 8 4883 6453 4023
6062 2 2 9 8 534 6183 2953
6063 2 2 9 8 367 2513 1729
6064 2 2 9 8 579 5307 4723
6065 2 2 9 8 421 4541 2373
6066 2 2 9 8 2442 3524 1399
6067 2 2 9 8 1769 4980 2836
6068 2 2 9 8 1610 6019 6013
6069 2 2 9 8 4042 5178 772
6070 2 2 9 8 3585 3958 400
6071 2 2 9 8 861 3874 2853
6072 2 2 9 8 3167 3636 1438
6073 2 2 9 8 4144 4557 2166
6074 2 2 9 8 2965 3791 1171
6075 2 2 9 8 2881 3977 1248
6076 2 2 9 8 98 4841 97
6077 2 2 9 8 2912 4392 1036
6078 2 2 9 8 1835 4316 3143
6079 2 2 9 8 1102 6132 2947
6080 2 2 9 8 2042 4913 4437
6081 2 2 9 8 5259 6223 2380
6082 2 2 9 8 2698 4844 2315
6083 2 2 9 8 1487 3820 3371
6084 2 2 9 8 1389 5355 3673
6085 2 2 9 8 2325 5627 4065
6086 2 2 9 8 3234 3760 1309
6087 2 2 9 8 429 4457 2766
6088 2 2 9 8 1196 4122 3405
6089 2 2 9 8 618 4803 3876
6090 2 2 9 8 3101 5209 1130
6091 2 2 9 8 805 4915 3769
6092 2 2 9 8 964 4214 2445
6093 2 2 9 8 4075 5320 2172
6094 2 2 9 8 2267 4121 743
6095 2 2 9 8 26 5947 2683
6096 2 2 9 8 3491 4713 1728
6097 2 2 9 8 731 4290 3298
6098 2 2 9 8 2595 3697 2028
6099 2 2 9 8 119 3964 118
6100 2 2 9 8 2944 4561 1178
6101 2 2 9 8 4001 5331 2054
6102 2 2 9 8 5301 6485 1097
6103 2 2 9 8 1732 6003 2449
6104 2 2 9 8 3479 3932 1042
6105 2 2 9 8 3624 3729 1278
6106 2 2 9 8 2643 5159 1380
6107 2 2 9 8 1298 3738 3123
6108 2 2 9 8 1560 5929 2323
6109 2 2 9 8 2738 4646 1401
6110 2 2 9 8 134 3815 2985
6111 2 2 9 8 785 4354 3510
6112 2 2 9 8 3208 5012 970
6113 2 2 9 8 3621 4516 1367
6114 2 2 9 8 659 5536 3389
6115 2 2 9 8 1558 4332 2885
6116 2 2 9 8 2603 5148 567
6117 2 2 9 8 4440 5595 1498
6118 2 2 9 8 3092 3766 1488
6119 2 2 9 8 998 4200 2845
6120 2 2 9 8 1529 6437 5273
6121 2 2 9 8 4087 4139 795
6122 2 2 9 8 206 3578 2
6123 2 2 9 8 5025 5389 1893
6124 2 2 9 8 377 5519 4320
6125 2 2 9 8 2814 4133 1478
6126 2 2 9 8 2833 5716 636
6127 2 2 9 8 3126 4143 1272
6128 2 2 9 8 2167 5458 5064
6129 2 2 9 8 1561 6388 3693
6130 2 2 9 8 1363 5153 4608
6131 2 2 9 8 403 3522 3002
6132 2 2 9 8 625 4600 2755
6133 2 2 9 8 4558 5082 1828
6134 2 2 9 8 3328 4610 1151
6135 2 2 9 8 3996 5983 5322
6136 2 2 9 8 3536 4775 656
6137 2 2 9 8 1336 4290 3285
6138 2 2 9 8 3125 6197 3874
6139 2 2 9 8 2845 5976 998
6140 2 2 9 8 4338 4339 1885
6141 2 2 9 8 3100 4318 697
6142 2 2 9 8 925 4830 2439
6143 2 2 9 8 686 4369 3202
6144 2 2 9 8 2470 4560 3327
6145 2 2 9 8 1323 4879 1971
6146 2 2 9 8 722 5880 3588
6147 2 2 9 8 419 6483 4780
6148 2 2 9 8 3733 5719 1430
6149 2 2 9 8 4142 4460 1227
6150 2 2 9 8 3103 6594 1284
6151 2 2 9 8 483 4005 3805
6152 2 2 9 8 3748 5550 631
6153 2 2 9 8 941 6553 5607
6154 2 2 9 8 3156 4367 432
6155 2 2 9 8 1230 3329 2819
6156 2 2 9 8 1571 4963 3335
6157 2 2 9 8 867 4609 4317
6158 2 2 9 8 1843 6014 2972
6159 2 2 9 8 2377 4637 1138
6160 2 2 9 8 2798 6134 2799
6161 2 2 9 8 3433 5450 1420
6162 2 2 9 8 132 4658 131
6163 2 2 9 8 1692 6266 2864
6164 2 2 9 8 2890 2891 924
6165 2 2 9 8 3096 3467 1199
6166 2 2 9 8 3122 3750 105
6167 2 2 9 8 2976 3167 1438
6168 2 2 9 8 966 4676 3007
6169 2 2 9 8 1001 3372 3287
6170 2 2 9 8 3437 4022 1460
6171 2 2 9 8 2488 4275 261
6172 2 2 9 8 1164 6135 2540
6173 2 2 9 8 4187 4490 1773
6174 2 2 9 8 3572 3573 1388
6175 2 2 9 8 1687 6241 3734
6176 2 2 9 8 2200 6468 1664
6177 2 2 9 8 2151 3896 3082
6178 2 2 9 8 2149 5374 378
6179 2 2 9 8 2542 5393 3716
6180 2 2 9 8 830 4050 2728
6181 2 2 9 8 724 6373 5991
6182 2 2 9 8 653 5563 2991
6183 2 2 9 8 1901 4929 2783
6184 2 2 9 8 4706 5956 1468
6185 2 2 9 8 25 4777 2763
6186 2 2 9 8 3299 5023 1685
6187 2 2 9 8 1279 4095 3849
6188 2 2 9 8 3117 4915 805
6189 2 2 9 8 276 3580 275
6190 2 2 9 8 1024 5897 2953
6191 2 2 9 8 288 3277 287
6192 2 2 9 8 1532 4135 2762
6193 2 2 9 8 1805 4175 633
6194 2 2 9 8 983 5799 2570
6195 2 2 9 8 1322 4472 3918
6196 2 2 9 8 681 4360 3037
6197 2 2 9 8 3310 3456 1323
6198 2 2 9 8 3445 3686 552
6199 2 2 9 8 1521 4695 2621
6200 2 2 9 8 903 3900 2668
6201 2 2 9 8 500 4422 2997
6202 2 2 9 8 3030 4308 489
6203 2 2 9 8 5657 6584 3067
6204 2 2 9 8 4071 6055 1710
6205 2 2 9 8 1645 6186 2728
6206 2 2 9 8 2311 2588 1053
6207 2 2 9 8 1284 3735 3615
6208 2 2 9 8 3401 6026 1159
6209 2 2 9 8 3315 6348 465
6210 2 2 9 8 2930 3798 1143
6211 2 2 9 8 1199 4299 2133
6212 2 2 9 8 2455 5045 1244
6213 2 2 9 8 1172 5517 3651
6214 2 2 9 8 2695 6481 3329
6215 2 2 9 8 3503 3509 1019
6216 2 2 9 8 2572 6213 1007
6217 2 2 9 8 3216 4052 1339
6218 2 2 9 8 3900 4524 2668
6219 2 2 9 8 914 5159 2643
6220 2 2 9 8 1197 3633 3000
6221 2 2 9 8 594 6069 2972
6222 2 2 9 8 4172 5323 957
6223 2 2 9 8 127 4166 126
6224 2 2 9 8 3305 5998 916
6225 2 2 9 8 1286 5014 3512
6226 2 2 9 8 3962 4291 1480
6227 2 2 9 8 3259 6363 1533
6228 2 2 9 8 3126 4577 681
6229 2 2 9 8 3300 4117 1329
6230 2 2 9 8 2575 5887 493
6231 2 2 9 8 2400 5564 2899
6232 2 2 9 8 468 4796 2630
6233 2 2 9 8 1919 6561 2887
6234 2 2 9 8 845 6247 5211
6235 2 2 9 8 251 5749 250
6236 2 2 9 8 1341 4488 3205
6237 2 2 9 8 4253 5593 1669
6238 2 2 9 8 1046 3989 3152
6239 2 2 9 8 2630 4796 1320
6240 2 2 9 8 2840 5339 1343
6241 2 2 9 8 5018 5625 798
6242 2 2 9 8 3216 3618 760
6243 2 2 9 8 4101 6496 23
6244 2 2 9 8 2901 6318 2055
6245 2 2 9 8 3310 6331 2242
6246 2 2 9 8 523 4222 3020
6247 2 2 9 8 3164 3917 1680
6248 2 2 9 8 3130 6506 2103
6249 2 2 9 8 2269 5338 1069
6250 2 2 9 8 3455 4183 1767
6251 2 2 9 8 3485 6257 2110
6252 2 2 9 8 1187 4277 2973
6253 2 2 9 8 3092 4301 873
6254 2 2 9 8 5256 6028 859
6255 2 2 9 8 2670 6461 3921
6256 2 2 9 8 709 5548 4088
6257 2 2 9 8 730 3664 3299
6258 2 2 9 8 3039 4333 1325
6259 2 2 9 8 3332 3488 1296
6260 2 2 9 8 1160 5385 2581
6261 2 2 9 8 3111 6334 2695
6262 2 2 9 8 2280 4305 1083
6263 2 2 9 8 2721 4106 422
6264 2 2 9 8 2382 4634 3528
6265 2 2 9 8 654 3411 2512
6266 2 2 9 8 3914 5180 1216
6267 2 2 9 8 2754 5018 1715
6268 2 2 9 8 2477 5082 4558
6269 2 2 9 8 2912 5108 536
6270 2 2 9 8 4723 5307 2543
6271 2 2 9 8 1314 4022 3437
6272 2 2 9 8 1310 3938 2983
6273 2 2 9 8 1974 4878 4525
6274 2 2 9 8 1595 5798 3002
6275 2 2 9 8 3036 5811 4918
6276 2 2 9 8 2739 5742 1156
6277 2 2 9 8 2668 5021 903
6278 2 2 9 8 3381 4532 2719
6279 2 2 9 8 2158 3648 2927
6280 2 2 9 8 1621 6126 3851
6281 2 2 9 8 3150 3313 1242
6282 2 2 9 8 4851 6300 1733
6283 2 2 9 8 2385 6017 1872
6284 2 2 9 8 2515 6331 842
6285 2 2 9 8 2161 6431 3033
6286 2 2 9 8 4096 4116 2797
6287 2 2 9 8 2573 6416 4035
6288 2 2 9 8 2988 6589 2229
6289 2 2 9 8 653 4438 3239
6290 2 2 9 8 3733 5622 2267
6291 2 2 9 8 1130 5209 3127
6292 2 2 9 8 931 4447 2619
6293 2 2 9 8 3190 3922 974
6294 2 2 9 8 1624 5171 2773
6295 2 2 9 8 1750 6389 2803
6296 2 2 9 8 3649 4220 1582
6297 2 2 9 8 3342 6236 1304
6298 2 2 9 8 4794 5721 2384
6299 2 2 9 8 4600 6023 2755
6300 2 2 9 8 1070 6240 2676
6301 2 2 9 8 3713 5589 2181
6302 2 2 9 8 2718 5208 1068
6303 2 2 9 8 746 5144 2778
6304 2 2 9 8 643 5092 3561
6305 2 2 9 8 3067 5691 930
6306 2 2 9 8 2875 3774 644
6307 2 2 9 8 1104 4618 2779
6308 2 2 9 8 302 3772 301
6309 2 2 9 8 2904 4817 1381
6310 2 2 9 8 2895 4272 587
6311 2 2 9 8 6062 6067 2231
6312 2 2 9 8 1205 4238 3957
6313 2 2 9 8 3572 4102 1697
6314 2 2 9 8 1820 6571 4494
6315 2 2 9 8 3500 4823 1291
6316 2 2 9 8 249 4451 248
6317 2 2 9 8 6027 6166 4021
6318 2 2 9 8 1313 4492 4424
6319 2 2 9 8 1562 6096 5127
6320 2 2 9 8 4450 5392 762
6321 2 2 9 8 2026 5528 2866
6322 2 2 9 8 2555 4907 1474
6323 2 2 9 8 1487 4468 3820
6324 2 2 9 8 1127 6546 4210
6325 2 2 9 8 4391 4688 841
6326 2 2 9 8 361 4190 3379
6327 2 2 9 8 291 4641 290
6328 2 2 9 8 2849 3659 353
6329 2 2 9 8 1085 4196 2582
6330 2 2 9 8 2309 5963 971
6331 2 2 9 8 1394 4043 3434
6332 2 2 9 8 3079 5787 2438
6333 2 2 9 8 2401 5354 1045
6334 2 2 9 8 1541 3519 3518
6335 2 2 9 8 156 3671 155
6336 2 2 9 8 4084 4510 749
6337 2 2 9 8 2847 4084 1354
6338 2 2 9 8 1343 4912 2840
6339 2 2 9 8 2658 4040 573
6340 2 2 9 8 215 4607 2240
6341 2 2 9 8 191 4570 2635
6342 2 2 9 8 5256 6291 3112
6343 2 2 9 8 4795 6127 1318
6344 2 2 9 8 2085 6456 3454
6345 2 2 9 8 2693 5555 952
6346 2 2 9 8 3819 6030 2017
6347 2 2 9 8 1276 3606 3247
6348 2 2 9 8 5333 6234 2441
6349 2 2 9 8 3767 4986 1342
6350 2 2 9 8 1239 3762 3315
6351 2 2 9 8 3540 4697 2616
6352 2 2 9 8 3096 4947 1155
6353 2 2 9 8 2309 4036 574
6354 2 2 9 8 1108 4391 2545
6355 2 2 9 8 3671 4651 1682
6356 2 2 9 8 189 5802 188
6357 2 2 9 8 1096 4598 2984
6358 2 2 9 8 1459 6078 2592
6359 2 2 9 8 2056 6121 303
6360 2 2 9 8 6126 6520 1471
6361 2 2 9 8 1305 5981 3039
6362 2 2 9 8 2825 4846 1452
6363 2 2 9 8 1039 4532 3381
6364 2 2 9 8 3247 3606 1324
6365 2 2 9 8 3479 5212 654
6366 2 2 9 8 1873 3754 3229
6367 2 2 9 8 783 3030 2827
6368 2 2 9 8 2843 3396 755
6369 2 2 9 8 3134 5118 414
6370 2 2 9 8 2546 6299 4477
6371 2 2 9 8 1455 6332 1667
6372 2 2 9 8 4295 6555 1373
6373 2 2 9 8 972 3823 3137
6374 2 2 9 8 3308 5961 1246
6375 2 2 9 8 1493 3870 2732
6376 2 2 9 8 3111 5475 1250
6377 2 2 9 8 231 4003 230
6378 2 2 9 8 3909 5426 2654
6379 2 2 9 8 2907 6240 1055
6380 2 2 9 8 3684 4788 2252
6381 2 2 9 8 2700 6355 1851
6382 2 2 9 8 855 5302 1508
6383 2 2 9 8 2044 4925 4565
6384 2 2 9 8 1224 5695 3226
6385 2 2 9 8 161 5585 160
6386 2 2 9 8 2460 4067 918
6387 2 2 9 8 126 4166 2896
6388 2 2 9 8 2918 4249 1847
6389 2 2 9 8 1248 3977 2960
6390 2 2 9 8 3613 4053 985
6391 2 2 9 8 3136 5826 4727
6392 2 2 9 8 760 5257 3216
6393 2 2 9 8 1040 5394 4452
6394 2 2 9 8 722 4001 3448
6395 2 2 9 8 4920 5687 1216
6396 2 2 9 8 3700 5738 927
6397 2 2 9 8 2359 5305 5063
6398 2 2 9 8 4088 6267 709
6399 2 2 9 8 2537 4623 1311
6400 2 2 9 8 1294 5326 3774
6401 2 2 9 8 2069 5876 259
6402 2 2 9 8 1309 6237 5062
6403 2 2 9 8 2781 5100 984
6404 2 2 9 8 2771 5033 1606
6405 2 2 9 8 3708 3816 1612
6406 2 2 9 8 1149 3946 3113
6407 2 2 9 8 3120 5384 775
6408 2 2 9 8 1138 4638 4546
6409 2 2 9 8 1378 3603 3430
6410 2 2 9 8 3430 4113 1378
6411 2 2 9 8 3671 4712 1792
6412 2 2 9 8 481 5786 3233
6413 2 2 9 8 2643 4704 914
6414 2 2 9 8 2716 6463 1184
6415 2 2 9 8 1948 4567 3720
6416 2 2 9 8 1943 6165 2664
6417 2 2 9 8 2451 3030 489
6418 2 2 9 8 1904 6351 4242
6419 2 2 9 8 674 4582 2908
6420 2 2 9 8 380 5632 4082
6421 2 2 9 8 4081 5182 1161
6422 2 2 9 8 404 4753 4333
6423 2 2 9 8 5513 6562 792
6424 2 2 9 8 2970 4850 407
6425 2 2 9 8 3373 4650 942
6426 2 2 9 8 1993 5743 3925
6427 2 2 9 8 1518 4356 3446
6428 2 2 9 8 1444 4492 2982
6429 2 2 9 8 4412 5893 2485
6430 2 2 9 8 2755 6023 1615
6431 2 2 9 8 1628 3586 850
6432 2 2 9 8 2565 4368 362
6433 2 2 9 8 752 6229 4146
6434 2 2 9 8 2171 4763 4115
6435 2 2 9 8 3264 4554 432
6436 2 2 9 8 2541 3881 183
6437 2 2 9 8 188 5447 187
6438 2 2 9 8 3918 4472 1889
6439 2 2 9 8 1126 5901 3265
6440 2 2 9 8 3698 4073 391
6441 2 2 9 8 2243 3493 3194
6442 2 2 9 8 4663 6126 1621
6443 2 2 9 8 1894 4148 3334
6444 2 2 9 8 3201 5298 1029
6445 2 2 9 8 1751 5460 2705
6446 2 2 9 8 2502 5039 572
6447 2 2 9 8 2895 3220 1442
6448 2 2 9 8 3675 3963 667
6449 2 2 9 8 2166 5626 2616
6450 2 2 9 8 2613 5791 645
6451 2 2 9 8 2683 4777 26
6452 2 2 9 8 3343 3752 660
6453 2 2 9 8 3441 5028 374
6454 2 2 9 8 2549 4457 429
6455 2 2 9 8 941 5431 3276
6456 2 2 9 8 1620 4518 4426
6457 2 2 9 8 2413 3137 737
6458 2 2 9 8 3608 3805 1374
6459 2 2 9 8 3360 5370 1773
6460 2 2 9 8 1357 4120 3261
6461 2 2 9 8 767 4007 3524
6462 2 2 9 8 1563 5321 2864
6463 2 2 9 8 3063 3356 1289
6464 2 2 9 8 1164 5006 2743
6465 2 2 9 8 469 5492 3259
6466 2 2 9 8 1633 4600 3149
6467 2 2 9 8 6002 6561 3827
6468 2 2 9 8 44 5787 3079
6469 2 2 9 8 1473 4967 3717
6470 2 2 9 8 76 4324 75
6471 2 2 9 8 56 5807 3466
6472 2 2 9 8 3183 5526 2110
6473 2 2 9 8 3962 4829 2471
6474 2 2 9 8 3021 6087 787
6475 2 2 9 8 2617 5060 1804
6476 2 2 9 8 1535 6436 4258
6477 2 2 9 8 3246 4234 1018
6478 2 2 9 8 1186 6245 3737
6479 2 2 9 8 761 5427 3124
6480 2 2 9 8 356 4969 2257
6481 2 2 9 8 1502 3927 3796
6482 2 2 9 8 3595 4852 2239
6483 2 2 9 8 3418 5442 1274
6484 2 2 9 8 1638 4954 1271
6485 2 2 9 8 2551 6137 3933
6486 2 2 9 8 2086 4370 3716
6487 2 2 9 8 4602 5512 2739
6488 2 2 9 8 1426 6292 4631
6489 2 2 9 8 3637 6031 2745
6490 2 2 9 8 2749 5784 1035
6491 2 2 9 8 3747 6535 2894
6492 2 2 9 8 4541 5559 1299
6493 2 2 9 8 813 4371 3085
6494 2 2 9 8 3943 6540 714
6495 2 2 9 8 1630 4689 3940
6496 2 2 9 8 4543 5084 800
6497 2 2 9 8 3076 5212 1547
6498 2 2 9 8 2255 4962 3291
6499 2 2 9 8 1345 5319 2778
6500 2 2 9 8 1120 5043 3751
6501 2 2 9 8 446 4790 2564
6502 2 2 9 8 2858 5022 818
6503 2 2 9 8 1931 4702 4336
6504 2 2 9 8 3927 4004 658
6505 2 2 9 8 996 5105 2893
6506 2 2 9 8 5482 5923 3359
6507 2 2 9 8 2383 6518 5407
6508 2 2 9 8 4646 6399 2712
6509 2 2 9 8 1735 4786 4294
6510 2 2 9 8 4262 6420 2173
6511 2 2 9 8 779 5107 3275
6512 2 2 9 8 1340 4203 3101
6513 2 2 9 8 2567 6352 878
6514 2 2 9 8 2916 3930 1240
6515 2 2 9 8 3627 5208 479
6516 2 2 9 8 3879 3958 1428
6517 2 2 9 8 1734 6409 3010
6518 2 2 9 8 583 4246 3142
6519 2 2 9 8 62 4836 3294
6520 2 2 9 8 1416 6096 2858
6521 2 2 9 8 584 5298 3201
6522 2 2 9 8 2794 5868 929
6523 2 2 9 8 4066 5736 2797
6524 2 2 9 8 5212 5900 1547
6525 2 2 9 8 4679 4906 479
6526 2 2 9 8 385 5113 2136
6527 2 2 9 8 1379 5243 3161
6528 2 2 9 8 2228 4826 3741
6529 2 2 9 8 587 5957 3229
6530 2 2 9 8 1903 4417 3889
6531 2 2 9 8 2744 4395 2258
6532 2 2 9 8 2826 5363 437
6533 2 2 9 8 555 5571 2496
6534 2 2 9 8 3879 4192 736
6535 2 2 9 8 677 4377 3984
6536 2 2 9 8 2445 4214 3469
6537 2 2 9 8 1044 5355 3502
6538 2 2 9 8 1126 3154 2915
6539 2 2 9 8 945 6366 2848
6540 2 2 9 8 965 6268 2974
6541 2 2 9 8 3928 5264 598
6542 2 2 9 8 3223 5238 2160
6543 2 2 9 8 1071 4083 2903
6544 2 2 9 8 968 3895 2972
6545 2 2 9 8 2710 6054 977
6546 2 2 9 8 1590 4241 2962
6547 2 2 9 8 4450 6104 2111
6548 2 2 9 8 2972 6014 968
6549 2 2 9 8 3155 4711 1289
6550 2 2 9 8 2580 5453 952
6551 2 2 9 8 3001 4146 1259
6552 2 2 9 8 2784 6464 665
6553 2 2 9 8 360 5543 3253
6554 2 2 9 8 3709 6180 1028
6555 2 2 9 8 1334 5348 2977
6556 2 2 9 8 3469 5531 543
6557 2 2 9 8 1773 5370 4187
6558 2 2 9 8 3014 3709 1740
6559 2 2 9 8 3459 4052 1287
6560 2 2 9 8 4048 4224 1564
6561 2 2 9 8 1671 3046 2782
6562 2 2 9 8 2981 6259 647
6563 2 2 9 8 937 6231 3176
6564 2 2 9 8 3021 5389 1002
6565 2 2 9 8 3075 5091 2458
6566 2 2 9 8 1407 4547 2776
6567 2 2 9 8 483 3805 3608
6568 2 2 9 8 959 4646 2738
6569 2 2 9 8 1518 4300 3547
6570 2 2 9 8 1463 4553 4508
6571 2 2 9 8 3816 5297 1612
6572 2 2 9 8 2199 4262 988
6573 2 2 9 8 631 5550 2765
6574 2 2 9 8 2743 5006 765
6575 2 2 9 8 2541 4204 3881
6576 2 2 9 8 1597 6031 3637
6577 2 2 9 8 445 5629 3140
6578 2 2 9 8 3258 4295 1373
6579 2 2 9 8 1203 4390 3002
6580 2 2 9 8 3123 3738 857
6581 2 2 9 8 1380 6074 4643
6582 2 2 9 8 997 3481 3251
6583 2 2 9 8 3015 3892 41
6584 2 2 9 8 2739 5512 870
6585 2 2 9 8 4339 5251 1885
6586 2 2 9 8 1743 5283 5189
6587 2 2 9 8 29 6262 28
6588 2 2 9 8 5660 6359 1234
6589 2 2 9 8 5020 5839 2524
6590 2 2 9 8 3448 4001 1461
6591 2 2 9 8 1584 5495 2593
6592 2 2 9 8 975 5771 2764
6593 2 2 9 8 2923 5683 1195
6594 2 2 9 8 613 4052 3459
6595 2 2 9 8 1120 5672 5043
6596 2 2 9 8 5199 5278 892
6597 2 2 9 8 873 3766 3092
6598 2 2 9 8 1490 4256 3712
6599 2 2 9 8 3500 3523 626
6600 2 2 9 8 2632 4708 1625
6601 2 2 9 8 1483 4276 3646
6602 2 2 9 8 68 3661 67
6603 2 2 9 8 54 6318 2901
6604 2 2 9 8 759 4119 3489
6605 2 2 9 8 1842 5761 2837
6606 2 2 9 8 2587 6186 3415
6607 2 2 9 8 378 5374 3049
6608 2 2 9 8 4470 6423 3155
6609 2 2 9 8 1766 4249 2918
6610 2 2 9 8 1462 4895 4056
6611 2 2 9 8 644 4185 2875
6612 2 2 9 8 4293 6311 1358
6613 2 2 9 8 1821 6237 4173
6614 2 2 9 8 458 4002 3652
6615 2 2 9 8 2910 4321 1257
6616 2 2 9 8 3163 5589 1464
6617 2 2 9 8 3923 5909 2731
6618 2 2 9 8 637 4749 3371
6619 2 2 9 8 1321 5437 5420
6620 2 2 9 8 1111 4116 4096
6621 2 2 9 8 4107 5379 2370
6622 2 2 9 8 2293 5906 3736
6623 2 2 9 8 169 6469 3720
6624 2 2 9 8 435 3499 3385
6625 2 2 9 8 2203 5422 3906
6626 2 2 9 8 1298 5417 3206
6627 2 2 9 8 3009 4578 1494
6628 2 2 9 8 4537 5125 2011
6629 2 2 9 8 117 4866 2190
6630 2 2 9 8 1883 5342 4916
6631 2 2 9 8 2271 4622 3012
6632 2 2 9 8 733 5228 2790
6633 2 2 9 8 1779 6027 4021
6634 2 2 9 8 1370 3539 3094
6635 2 2 9 8 2284 3959 385
6636 2 2 9 8 730 3851 3664
6637 2 2 9 8 4018 4131 541
6638 2 2 9 8 1250 6334 3111
6639 2 2 9 8 3369 4906 1652
6640 2 2 9 8 2015 5750 3536
6641 2 2 9 8 3382 5696 1967
6642 2 2 9 8 3779 4108 676
6643 2 2 9 8 2341 4285 1145
6644 2 2 9 8 632 3538 2646
6645 2 2 9 8 589 5888 3349
6646 2 2 9 8 1464 3846 3666
6647 2 2 9 8 4226 5678 981
6648 2 2 9 8 2118 3661 68
6649 2 2 9 8 535 6586 4715
6650 2 2 9 8 5653 5723 436
6651 2 2 9 8 86 4151 85
6652 2 2 9 8 387 3783 3358
6653 2 2 9 8 256 4816 255
6654 2 2 9 8 1017 3503 2851
6655 2 2 9 8 3627 5449 1068
6656 2 2 9 8 450 4672 3458
6657 2 2 9 8 1311 6423 4470
6658 2 2 9 8 3963 4274 667
6659 2 2 9 8 4552 6349 2481
6660 2 2 9 8 1324 3722 3558
6661 2 2 9 8 5546 5547 2878
6662 2 2 9 8 1368 4358 3353
6663 2 2 9 8 1252 5918 3392
6664 2 2 9 8 970 4036 2309
6665 2 2 9 8 779 6281 4480
6666 2 2 9 8 442 4362 3573
6667 2 2 9 8 2787 5685 929
6668 2 2 9 8 1092 4774 2781
6669 2 2 9 8 458 4858 4228
6670 2 2 9 8 2265 5051 3905
6671 2 2 9 8 2728 4050 1645
6672 2 2 9 8 2296 5115 1804
6673 2 2 9 8 1614 3883 3399
6674 2 2 9 8 3921 4726 1746
6675 2 2 9 8 5455 6249 1189
6676 2 2 9 8 4173 6237 2659
6677 2 2 9 8 136 4843 135
6678 2 2 9 8 1529 5273 2222
6679 2 2 9 8 1864 6264 2185
6680 2 2 9 8 2508 5886 1589
6681 2 2 9 8 4657 5688 1822
6682 2 2 9 8 2324 6265 2527
6683 2 2 9 8 1869 4224 4048
6684 2 2 9 8 4852 5224 2239
6685 2 2 9 8 869 4063 3784
6686 2 2 9 8 3849 5451 4694
6687 2 2 9 8 62 6595 61
6688 2 2 9 8 2756 6207 1043
6689 2 2 9 8 3045 5890 2417
6690 2 2 9 8 1542 4405 3941
6691 2 2 9 8 2001 5261 2951
6692 2 2 9 8 3099 4861 685
6693 2 2 9 8 4245 4332 1558
6694 2 2 9 8 2888 4819 758
6695 2 2 9 8 3773 6258 645
6696 2 2 9 8 1375 5126 3855
6697 2 2 9 8 901 3852 3565
6698 2 2 9 8 1869 5633 3576
6699 2 2 9 8 1835 4683 4316
6700 2 2 9 8 3241 5154 523
6701 2 2 9 8 3386 5090 1143
6702 2 2 9 8 601 6365 3245
6703 2 2 9 8 2552 5119 1188
6704 2 2 9 8 2916 4166 127
6705 2 2 9 8 596 4820 4090
6706 2 2 9 8 3108 4297 381
6707 2 2 9 8 1845 6583 3212
6708 2 2 9 8 4369 5971 1587
6709 2 2 9 8 1881 5849 3179
6710 2 2 9 8 67 3661 3330
6711 2 2 9 8 3348 5533 1592
6712 2 2 9 8 286 6539 285
6713 2 2 9 8 2430 5801 3086
6714 2 2 9 8 2331 5046 1675
6715 2 2 9 8 404 4333 3039
6716 2 2 9 8 2779 4618 565
6717 2 2 9 8 1541 3958 3879
6718 2 2 9 8 3720 6469 1948
6719 2 2 9 8 162 4810 161
6720 2 2 9 8 250 5749 2437
6721 2 2 9 8 708 5990 2730
6722 2 2 9 8 1261 6142 2763
6723 2 2 9 8 1731 4554 3546
6724 2 2 9 8 3603 3935 1383
6725 2 2 9 8 1240 4166 2916
6726 2 2 9 8 2849 4645 1540
6727 2 2 9 8 3241 3990 1322
6728 2 2 9 8 2437 5749 4455
6729 2 2 9 8 1872 5740 5520
6730 2 2 9 8 2039 6525 703
6731 2 2 9 8 2009 5712 3047
6732 2 2 9 8 3088 4444 272
6733 2 2 9 8 2631 5645 565
6734 2 2 9 8 3483 3936 615
6735 2 2 9 8 650 5811 3036
6736 2 2 9 8 4055 4100 1126
6737 2 2 9 8 2571 6021 88
6738 2 2 9 8 1357 5415 2951
6739 2 2 9 8 1556 4792 2757
6740 2 2 9 8 3956 4856 900
6741 2 2 9 8 2053 4639 3443
6742 2 2 9 8 2104 5317 2302
6743 2 2 9 8 4541 6113 5559
6744 2 2 9 8 140 2824 139
6745 2 2 9 8 2996 6351 912
6746 2 2 9 8 1936 4931 3866
6747 2 2 9 8 2476 5982 510
6748 2 2 9 8 2715 6451 3421
6749 2 2 9 8 2219 4785 3569
6750 2 2 9 8 3147 3984 1283
6751 2 2 9 8 2706 6520 6126
6752 2 2 9 8 2000 5777 2653
6753 2 2 9 8 1502 4073 3698
6754 2 2 9 8 1670 5619 2787
6755 2 2 9 8 3448 5880 722
6756 2 2 9 8 777 5263 3648
6757 2 2 9 8 1744 4521 3987
6758 2 2 9 8 3277 6167 1785
6759 2 2 9 8 4106 4174 1344
6760 2 2 9 8 4063 5754 2496
6761 2 2 9 8 419 4780 2783
6762 2 2 9 8 1788 5611 3074
6763 2 2 9 8 3590 3728 2368
6764 2 2 9 8 1302 3297 2738
6765 2 2 9 8 3582 5970 5579
6766 2 2 9 8 3780 6426 1693
6767 2 2 9 8 916 5177 2783
6768 2 2 9 8 1105 4554 3264
6769 2 2 9 8 552 5227 2871
6770 2 2 9 8 24 4101 23
6771 2 2 9 8 1582 4649 3309
6772 2 2 9 8 3668 3785 2121
6773 2 2 9 8 2195 6145 83
6774 2 2 9 8 749 5185 3930
6775 2 2 9 8 4496 4982 1047
6776 2 2 9 8 1720 4650 3373
6777 2 2 9 8 203 4124 202
6778 2 2 9 8 3979 5999 1254
6779 2 2 9 8 2307 5197 4463
6780 2 2 9 8 3203 4617 1465
6781 2 2 9 8 3432 5585 161
6782 2 2 9 8 3285 4583 1336
6783 2 2 9 8 2563 6073 1536
6784 2 2 9 8 3598 4626 1431
6785 2 2 9 8 2351 6502 5435
6786 2 2 9 8 87 6021 5810
6787 2 2 9 8 2992 6463 1454
6788 2 2 9 8 585 4743 4597
6789 2 2 9 8 1568 4690 1871
6790 2 2 9 8 4074 5300 770
6791 2 2 9 8 5201 6390 3283
6792 2 2 9 8 669 5011 4598
6793 2 2 9 8 1508 3336 3006
6794 2 2 9 8 3114 4103 705
6795 2 2 9 8 3632 6053 853
6796 2 2 9 8 671 6517 3110
6797 2 2 9 8 3036 4918 1485
6798 2 2 9 8 4314 4320 1413
6799 2 2 9 8 2482 4235 1927
6800 2 2 9 8 4058 6094 2439
6801 2 2 9 8 868 4295 3258
6802 2 2 9 8 3086 5801 12
6803 2 2 9 8 253 3417 252
6804 2 2 9 8 906 5842 3485
6805 2 2 9 8 3642 5726 1073
6806 2 2 9 8 3371 4749 1759
6807 2 2 9 8 796 6292 3474
6808 2 2 9 8 1004 6210 3018
6809 2 2 9 8 263 5219 1877
6810 2 2 9 8 2308 6258 3773
6811 2 2 9 8 895 4301 3092
6812 2 2 9 8 3366 4134 853
6813 2 2 9 8 1277 4726 3921
6814 2 2 9 8 2302 5317 3169
6815 2 2 9 8 2434 6334 6191
6816 2 2 9 8 2768 5214 1032
6817 2 2 9 8 1612 5263 3368
6818 2 2 9 8 3715 6232 603
6819 2 2 9 8 2969 5015 688
6820 2 2 9 8 1313 4424 2599
6821 2 2 9 8 2554 6476 4732
6822 2 2 9 8 877 6248 2825
6823 2 2 9 8 3027 6262 29
6824 2 2 9 8 3801 3802 1567
6825 2 2 9 8 3034 4257 526
6826 2 2 9 8 917 5112 2769
6827 2 2 9 8 1135 5409 3945
6828 2 2 9 8 4735 6171 2127
6829 2 2 9 8 1615 3122 3121
6830 2 2 9 8 2225 5222 4016
6831 2 2 9 8 1065 6410 2753
6832 2 2 9 8 1621 4880 3714
6833 2 2 9 8 650 4212 3520
6834 2 2 9 8 4066 5837 3306
6835 2 2 9 8 3414 3799 1288
6836 2 2 9 8 2887 6561 509
6837 2 2 9 8 1341 4746 4488
6838 2 2 9 8 3505 4156 1229
6839 2 2 9 8 738 5469 3683
6840 2 2 9 8 3907 6302 1153
6841 2 2 9 8 1388 3624 3572
6842 2 2 9 8 736 5721 4794
6843 2 2 9 8 374 3598 3132
6844 2 2 9 8 169 3720 168
6845 2 2 9 8 1682 3526 3362
6846 2 2 9 8 3201 3511 1293
6847 2 2 9 8 618 5184 2545
6848 2 2 9 8 3681 4220 1439
6849 2 2 9 8 3682 5123 1908
6850 2 2 9 8 2595 3068 1102
6851 2 2 9 8 642 4071 2260
6852 2 2 9 8 1096 3822 2505
6853 2 2 9 8 1028 6180 3073
6854 2 2 9 8 3462 3575 1473
6855 2 2 9 8 3980 3981 684
6856 2 2 9 8 3547 4300 391
6857 2 2 9 8 2255 6323 4962
6858 2 2 9 8 2820 6093 994
6859 2 2 9 8 3558 3722 1492
6860 2 2 9 8 3002 5798 1203
6861 2 2 9 8 577 5366 4062
6862 2 2 9 8 620 5189 2961
6863 2 2 9 8 4643 6074 2632
6864 2 2 9 8 1406 4023 3641
6865 2 2 9 8 293 5624 2820
6866 2 2 9 8 3763 5485 2204
6867 2 2 9 8 1538 4043 3602
6868 2 2 9 8 703 6525 1783
6869 2 2 9 8 1193 3210 3209
6870 2 2 9 8 1401 4646 2712
6871 2 2 9 8 522 4752 4595
6872 2 2 9 8 4082 5632 2597
6873 2 2 9 8 3247 3809 607
6874 2 2 9 8 2836 4974 1601
6875 2 2 9 8 2489 5394 988
6876 2 2 9 8 889 3081 3080
6877 2 2 9 8 3454 6456 979
6878 2 2 9 8 3579 4192 1428
6879 2 2 9 8 3847 6486 1008
6880 2 2 9 8 3238 6518 1067
6881 2 2 9 8 1385 6440 3818
6882 2 2 9 8 4565 4925 1439
6883 2 2 9 8 500 4292 2756
6884 2 2 9 8 1512 4397 3332
6885 2 2 9 8 1792 4712 3069
6886 2 2 9 8 1874 5382 2914
6887 2 2 9 8 2903 6072 417
6888 2 2 9 8 240 4305 2280
6889 2 2 9 8 967 6007 2773
6890 2 2 9 8 4827 6539 2600
6891 2 2 9 8 2822 6522 2590
6892 2 2 9 8 112 2691 111
6893 2 2 9 8 684 3981 3801
6894 2 2 9 8 2919 5521 1745
6895 2 2 9 8 46 5362 5
6896 2 2 9 8 1902 5829 3176
6897 2 2 9 8 1375 4365 3094
6898 2 2 9 8 3717 5672 1120
6899 2 2 9 8 1226 4809 2769
6900 2 2 9 8 1551 4511 2960
6901 2 2 9 8 667 4274 3740
6902 2 2 9 8 3712 4256 1467
6903 2 2 9 8 4215 5683 2426
6904 2 2 9 8 2776 4869 1480
6905 2 2 9 8 2696 4590 635
6906 2 2 9 8 3585 3628 1428
6907 2 2 9 8 4731 4805 1722
6908 2 2 9 8 1661 5927 5525
6909 2 2 9 8 3261 3793 1642
6910 2 2 9 8 2726 4778 720
6911 2 2 9 8 752 4146 3001
6912 2 2 9 8 915 4128 1622
6913 2 2 9 8 1956 6051 3359
6914 2 2 9 8 3242 4276 1483
6915 2 2 9 8 2570 4478 690
6916 2 2 9 8 3436 6051 1095
6917 2 2 9 8 4231 4508 2331
6918 2 2 9 8 1713 6030 3819
6919 2 2 9 8 2893 3494 713
6920 2 2 9 8 6 5383 306
6921 2 2 9 8 3056 5583 1947
6922 2 2 9 8 1428 3958 3585
6923 2 2 9 8 178 5776 177
6924 2 2 9 8 807 4970 3873
6925 2 2 9 8 1928 3718 3604
6926 2 2 9 8 393 5580 4393
6927 2 2 9 8 763 4599 2837
6928 2 2 9 8 3231 5645 1565
6929 2 2 9 8 947 5637 3069
6930 2 2 9 8 3051 5381 1935
6931 2 2 9 8 179 5205 4340
6932 2 2 9 8 2458 5091 884
6933 2 2 9 8 5340 5751 2640
6934 2 2 9 8 2978 4434 490
6935 2 2 9 8 2716 6429 590
6936 2 2 9 8 2400 2899 476
6937 2 2 9 8 3014 6376 396
6938 2 2 9 8 3790 3857 1016
6939 2 2 9 8 2120 5961 3308
6940 2 2 9 8 2786 3823 972
6941 2 2 9 8 1080 5666 2664
6942 2 2 9 8 4415 5307 1117
6943 2 2 9 8 1691 2999 358
6944 2 2 9 8 1929 5368 2848
6945 2 2 9 8 3869 5313 1549
6946 2 2 9 8 2521 3797 1245
6947 2 2 9 8 772 6304 3886
6948 2 2 9 8 147 4557 3193
6949 2 2 9 8 2149 5403 3491
6950 2 2 9 8 1433 4147 3596
6951 2 2 9 8 4126 5152 1756
6952 2 2 9 8 3104 3749 992
6953 2 2 9 8 1036 4392 3186
6954 2 2 9 8 2173 6420 230
6955 2 2 9 8 913 5269 4143
6956 2 2 9 8 1531 4192 3579
6957 2 2 9 8 3170 4762 1274
6958 2 2 9 8 5525 5927 2703
6959 2 2 9 8 234 2878 233
6960 2 2 9 8 3359 6051 394
6961 2 2 9 8 95 3949 94
6962 2 2 9 8 2188 4893 4322
6963 2 2 9 8 3410 5396 846
6964 2 2 9 8 97 5505 96
6965 2 2 9 8 2861 4387 1093
6966 2 2 9 8 2866 4483 714
6967 2 2 9 8 1497 4619 3149
6968 2 2 9 8 1038 6223 5259
6969 2 2 9 8 5396 6204 2644
6970 2 2 9 8 3349 5888 1830
6971 2 2 9 8 3755 4165 1084
6972 2 2 9 8 3606 3722 1324
6973 2 2 9 8 624 4747 3212
6974 2 2 9 8 873 4302 3623
6975 2 2 9 8 3546 4554 1105
6976 2 2 9 8 1714 5497 3226
6977 2 2 9 8 2769 5330 917
6978 2 2 9 8 4053 4254 1751
6979 2 2 9 8 1633 5180 3914
6980 2 2 9 8 1592 4083 3348
6981 2 2 9 8 830 3788 2898
6982 2 2 9 8 635 6202 5292
6983 2 2 9 8 3703 4198 426
6984 2 2 9 8 4075 5052 605
6985 2 2 9 8 5 5362 45
6986 2 2 9 8 4322 4893 484
6987 2 2 9 8 1499 4703 3054
6988 2 2 9 8 1545 4153 3178
6989 2 2 9 8 3010 3858 623
6990 2 2 9 8 11 5383 6
6991 2 2 9 8 3537 5181 1934
6992 2 2 9 8 2185 6264 569
6993 2 2 9 8 572 5682 3353
6994 2 2 9 8 2776 4725 1407
6995 2 2 9 8 395 6220 2607
6996 2 2 9 8 3242 4870 687
6997 2 2 9 8 3571 3630 1308
6998 2 2 9 8 1262 3523 3125
6999 2 2 9 8 2776 4547 797
7000 2 2 9 8 603 6232 3710
7001 2 2 9 8 2342 4152 470
7002 2 2 9 8 1745 4753 2919
7003 2 2 9 8 5407 6518 430
7004 2 2 9 8 1727 6542 5318
7005 2 2 9 8 3275 5107 1603
7006 2 2 9 8 3498 3499 435
7007 2 2 9 8 2994 3185 680
7008 2 2 9 8 3116 4031 824
7009 2 2 9 8 1398 3892 3015
7010 2 2 9 8 3636 3884 661
7011 2 2 9 8 2356 4376 368
7012 2 2 9 8 41 3892 40
7013 2 2 9 8 538 3552 3045
7014 2 2 9 8 1463 6604 2813
7015 2 2 9 8 1330 4155 3908
7016 2 2 9 8 2931 5343 748
7017 2 2 9 8 2004 6347 2544
7018 2 2 9 8 1464 5589 3713
7019 2 2 9 8 4009 4239 1059
7020 2 2 9 8 53 4995 52
7021 2 2 9 8 3008 5498 3346
7022 2 2 9 8 477 4142 3128
7023 2 2 9 8 5175 5831 2535
7024 2 2 9 8 5026 5179 1793
7025 2 2 9 8 1510 3620 3153
7026 2 2 9 8 1465 5240 3203
7027 2 2 9 8 2452 6041 3134
7028 2 2 9 8 2946 4401 1038
7029 2 2 9 8 3832 4031 1478
7030 2 2 9 8 4237 5133 482
7031 2 2 9 8 3889 4417 1417
7032 2 2 9 8 93 3199 1814
7033 2 2 9 8 2538 5036 5022
7034 2 2 9 8 3060 5586 879
7035 2 2 9 8 1952 6100 3529
7036 2 2 9 8 1849 6076 2779
7037 2 2 9 8 2920 4534 664
7038 2 2 9 8 1992 4805 4731
7039 2 2 9 8 3218 5010 1000
7040 2 2 9 8 3467 3623 1199
7041 2 2 9 8 1306 4049 3562
7042 2 2 9 8 3333 5081 3782
7043 2 2 9 8 4115 4763 785
7044 2 2 9 8 1457 4226 2747
7045 2 2 9 8 1082 5899 3689
7046 2 2 9 8 3239 4438 1997
7047 2 2 9 8 2106 4036 970
7048 2 2 9 8 674 6347 3593
7049 2 2 9 8 1184 5386 2716
7050 2 2 9 8 1194 4591 2923
7051 2 2 9 8 1715 4239 3803
7052 2 2 9 8 3641 4023 1572
7053 2 2 9 8 3040 4469 2569
7054 2 2 9 8 193 3402 192
7055 2 2 9 8 3434 5270 1394
7056 2 2 9 8 3737 5806 1798
7057 2 2 9 8 2764 5571 555
7058 2 2 9 8 2522 5696 4798
7059 2 2 9 8 3651 5517 2261
7060 2 2 9 8 952 5453 2608
7061 2 2 9 8 705 4102 3572
7062 2 2 9 8 1421 3936 3483
7063 2 2 9 8 475 4252 2447
7064 2 2 9 8 3103 4628 663
7065 2 2 9 8 2908 4582 1175
7066 2 2 9 8 206 5122 3578
7067 2 2 9 8 2897 5889 617
7068 2 2 9 8 1482 4960 3214
7069 2 2 9 8 1147 4271 3531
7070 2 2 9 8 3573 4362 1388
7071 2 2 9 8 1606 5033 2932
7072 2 2 9 8 1324 3809 3247
7073 2 2 9 8 2077 4584 4448
7074 2 2 9 8 4704 6206 2642
7075 2 2 9 8 2706 4663 555
7076 2 2 9 8 3876 4826 2228
7077 2 2 9 8 1878 4986 3767
7078 2 2 9 8 2864 6266 852
7079 2 2 9 8 486 5218 3003
7080 2 2 9 8 5331 6079 2054
7081 2 2 9 8 3194 3493 1686
7082 2 2 9 8 2772 6450 3095
7083 2 2 9 8 1148 4482 2906
7084 2 2 9 8 1285 5528 2617
7085 2 2 9 8 1280 6444 3849
7086 2 2 9 8 4180 5792 1662
7087 2 2 9 8 3908 4439 1330
7088 2 2 9 8 3324 3734 1449
7089 2 2 9 8 1730 5566 3478
7090 2 2 9 8 186 3529 185
7091 2 2 9 8 195 5779 2720
7092 2 2 9 8 3582 5579 664
7093 2 2 9 8 1631 3649 3309
7094 2 2 9 8 842 6331 3310
7095 2 2 9 8 1458 5739 4491
7096 2 2 9 8 4312 5275 3023
7097 2 2 9 8 490 5806 3737
7098 2 2 9 8 96 5505 2286
7099 2 2 9 8 466 4578 3009
7100 2 2 9 8 651 5248 2861
7101 2 2 9 8 2766 5758 1861
7102 2 2 9 8 531 5115 4883
7103 2 2 9 8 2187 6369 4975
7104 2 2 9 8 3120 6116 1023
7105 2 2 9 8 3317 6253 1162
7106 2 2 9 8 2750 4788 1269
7107 2 2 9 8 2860 5048 1361
7108 2 2 9 8 4463 5197 978
7109 2 2 9 8 4525 6597 727
7110 2 2 9 8 1078 4159 3045
7111 2 2 9 8 461 3642 3055
7112 2 2 9 8 3643 4703 742
7113 2 2 9 8 1184 6463 2992
7114 2 2 9 8 1577 6142 3494
7115 2 2 9 8 3536 5750 1123
7116 2 2 9 8 1396 4103 3114
7117 2 2 9 8 3362 3363 1682
7118 2 2 9 8 681 4577 4360
7119 2 2 9 8 4951 5769 1608
7120 2 2 9 8 1519 4874 2694
7121 2 2 9 8 2934 5562 519
7122 2 2 9 8 6047 6351 1904
7123 2 2 9 8 761 4987 3665
7124 2 2 9 8 2881 5292 1905
7125 2 2 9 8 4014 5343 2473
7126 2 2 9 8 4764 6185 416
7127 2 2 9 8 3955 5623 1717
7128 2 2 9 8 3292 4634 1489
7129 2 2 9 8 1468 4534 2920
7130 2 2 9 8 4595 4752 2086
7131 2 2 9 8 1428 3628 3579
7132 2 2 9 8 3219 4094 628
7133 2 2 9 8 2053 6383 3228
7134 2 2 9 8 2722 5509 807
7135 2 2 9 8 1544 5363 2826
7136 2 2 9 8 5109 6304 772
7137 2 2 9 8 1881 5336 3319
7138 2 2 9 8 383 6433 4530
7139 2 2 9 8 3876 4803 2152
7140 2 2 9 8 2947 6132 1637
7141 2 2 9 8 4162 6582 2726
7142 2 2 9 8 3478 6018 3897
7143 2 2 9 8 4134 5499 853
7144 2 2 9 8 4850 5842 906
7145 2 2 9 8 2180 6267 4088
7146 2 2 9 8 2305 4451 249
7147 2 2 9 8 3003 5804 2157
7148 2 2 9 8 1651 4579 3087
7149 2 2 9 8 4101 6607 1577
7150 2 2 9 8 2804 6229 1276
7151 2 2 9 8 3132 3669 954
7152 2 2 9 8 1055 6240 3351
7153 2 2 9 8 2766 4457 1448
7154 2 2 9 8 932 6467 4913
7155 2 2 9 8 3596 3965 718
7156 2 2 9 8 800 5054 3590
7157 2 2 9 8 2755 5176 1662
7158 2 2 9 8 2911 5076 958
7159 2 2 9 8 4854 4886 2097
7160 2 2 9 8 3182 4872 425
7161 2 2 9 8 4913 4926 932
7162 2 2 9 8 5564 6140 2899
7163 2 2 9 8 5648 5708 1506
7164 2 2 9 8 4898 6015 760
7165 2 2 9 8 4121 5239 743
7166 2 2 9 8 735 5041 3777
7167 2 2 9 8 118 4866 117
7168 2 2 9 8 899 5912 4379
7169 2 2 9 8 2110 6257 4514
7170 2 2 9 8 210 4285 209
7171 2 2 9 8 753 5125 4537
7172 2 2 9 8 3670 6332 1455
7173 2 2 9 8 2105 4597 1240
7174 2 2 9 8 156 4712 3671
7175 2 2 9 8 3391 5938 662
7176 2 2 9 8 4208 4242 406
7177 2 2 9 8 2224 6043 2995
7178 2 2 9 8 450 5917 4672
7179 2 2 9 8 28 4045 27
7180 2 2 9 8 389 3630 3571
7181 2 2 9 8 3273 5903 370
7182 2 2 9 8 1631 3828 3649
7183 2 2 9 8 2902 4574 1670
7184 2 2 9 8 1792 4651 3671
7185 2 2 9 8 3784 4063 1761
7186 2 2 9 8 1429 5753 4289
7187 2 2 9 8 3146 3375 1304
7188 2 2 9 8 1193 3414 3210
7189 2 2 9 8 3467 3766 873
7190 2 2 9 8 1939 6476 2693
7191 2 2 9 8 1478 4133 3832
7192 2 2 9 8 564 6614 2781
7193 2 2 9 8 2055 6318 3466
7194 2 2 9 8 4754 5099 846
7195 2 2 9 8 4525 4878 1923
7196 2 2 9 8 580 6349 4552
7197 2 2 9 8 1780 5118 3134
7198 2 2 9 8 4913 6467 2330
7199 2 2 9 8 5543 5630 3253
7200 2 2 9 8 907 5930 4326
7201 2 2 9 8 94 3199 93
7202 2 2 9 8 1880 5780 4900
7203 2 2 9 8 3031 5755 47
7204 2 2 9 8 3198 5662 697
7205 2 2 9 8 2241 5593 4253
7206 2 2 9 8 1865 3592 3591
7207 2 2 9 8 4833 6606 3788
7208 2 2 9 8 4009 5168 1514
7209 2 2 9 8 2844 5717 1136
7210 2 2 9 8 802 6128 5840
7211 2 2 9 8 721 6040 2963
7212 2 2 9 8 3651 4497 1172
7213 2 2 9 8 1674 5165 2767
7214 2 2 9 8 476 6244 2988
7215 2 2 9 8 3594 3967 1433
7216 2 2 9 8 2948 6118 1852
7217 2 2 9 8 2067 5184 2909
7218 2 2 9 8 3176 5829 937
7219 2 2 9 8 3124 5427 1829
7220 2 2 9 8 305 5783 3026
7221 2 2 9 8 3842 5559 1840
7222 2 2 9 8 645 6258 4937
7223 2 2 9 8 443 3931 3507
7224 2 2 9 8 5535 6414 2570
7225 2 2 9 8 2019 6298 630
7226 2 2 9 8 4483 5594 2224
7227 2 2 9 8 3536 6008 2015
7228 2 2 9 8 4096 4097 1874
7229 2 2 9 8 1675 5674 2167
7230 2 2 9 8 1347 6357 3272
7231 2 2 9 8 1646 4469 3040
7232 2 2 9 8 5674 6618 1141
7233 2 2 9 8 1735 6390 5201
7234 2 2 9 8 2714 4485 784
7235 2 2 9 8 5048 5723 1361
7236 2 2 9 8 222 4315 221
7237 2 2 9 8 1528 5943 4370
7238 2 2 9 8 1549 5313 3412
7239 2 2 9 8 2222 5273 479
7240 2 2 9 8 566 6169 4616
7241 2 2 9 8 1479 3832 2944
7242 2 2 9 8 2988 5936 476
7243 2 2 9 8 1005 4922 3411
7244 2 2 9 8 2438 5755 3031
7245 2 2 9 8 2708 6257 606
7246 2 2 9 8 1396 3628 3585
7247 2 2 9 8 235 5434 1737
7248 2 2 9 8 1961 5499 5129
7249 2 2 9 8 5613 6469 3939
7250 2 2 9 8 2367 5271 4559
7251 2 2 9 8 2642 6206 1866
7252 2 2 9 8 3445 5951 1782
7253 2 2 9 8 877 4678 4213
7254 2 2 9 8 2055 6432 2901
7255 2 2 9 8 3482 4716 507
7256 2 2 9 8 3717 4967 712
7257 2 2 9 8 866 6465 3214
7258 2 2 9 8 2342 6465 6001
7259 2 2 9 8 539 5013 3351
7260 2 2 9 8 2690 5284 763
7261 2 2 9 8 385 5994 3053
7262 2 2 9 8 2812 4866 3964
7263 2 2 9 8 4207 4989 484
7264 2 2 9 8 3968 5288 1389
7265 2 2 9 8 1333 3878 3495
7266 2 2 9 8 3777 5041 1714
7267 2 2 9 8 4022 4716 1460
7268 2 2 9 8 2123 4868 4779
7269 2 2 9 8 1138 3265 2377
7270 2 2 9 8 2366 5617 1830
7271 2 2 9 8 797 4869 2776
7272 2 2 9 8 1390 5337 2938
7273 2 2 9 8 1505 5837 4066
7274 2 2 9 8 3477 3495 1386
7275 2 2 9 8 817 4724 3293
7276 2 2 9 8 2937 5388 1642
7277 2 2 9 8 1143 3798 3386
7278 2 2 9 8 496 5707 2884
7279 2 2 9 8 2072 5266 2672
7280 2 2 9 8 1598 4523 4109
7281 2 2 9 8 3421 4900 382
7282 2 2 9 8 1586 5556 3587
7283 2 2 9 8 964 4738 3672
7284 2 2 9 8 93 3982 92
7285 2 2 9 8 2557 4509 1681
7286 2 2 9 8 3033 6495 1263
7287 2 2 9 8 748 5252 4961
7288 2 2 9 8 2762 4135 693
7289 2 2 9 8 509 5466 2887
7290 2 2 9 8 1195 5683 4215
7291 2 2 9 8 3311 6088 2122
7292 2 2 9 8 629 5436 2677
7293 2 2 9 8 3350 3695 542
7294 2 2 9 8 3578 5122 1997
7295 2 2 9 8 4170 5127 1895
7296 2 2 9 8 465 3722 3606
7297 2 2 9 8 6384 6588 1233
7298 2 2 9 8 2761 4366 1218
7299 2 2 9 8 530 6402 3653
7300 2 2 9 8 766 6265 2324
7301 2 2 9 8 2318 5309 981
7302 2 2 9 8 2505 6428 1096
7303 2 2 9 8 2687 5974 1520
7304 2 2 9 8 3025 6475 615
7305 2 2 9 8 1778 4775 3536
7306 2 2 9 8 3323 3324 571
7307 2 2 9 8 4695 5332 790
7308 2 2 9 8 414 5745 3525
7309 2 2 9 8 507 4022 3235
7310 2 2 9 8 1377 4004 3927
7311 2 2 9 8 3410 5345 2178
7312 2 2 9 8 2298 5891 2104
7313 2 2 9 8 1604 6287 3821
7314 2 2 9 8 629 4991 2663
7315 2 2 9 8 1440 3374 3052
7316 2 2 9 8 4448 4584 556
7317 2 2 9 8 1630 5469 3828
7318 2 2 9 8 248 4451 2810
7319 2 2 9 8 1142 5458 3406
7320 2 2 9 8 1575 6071 5373
7321 2 2 9 8 2966 4921 1015
7322 2 2 9 8 1385 6421 3113
7323 2 2 9 8 664 4829 2920
7324 2 2 9 8 2823 5236 1264
7325 2 2 9 8 4378 4396 1739
7326 2 2 9 8 4525 4822 1974
7327 2 2 9 8 3026 5783 2430
7328 2 2 9 8 1701 6005 2491
7329 2 2 9 8 5240 6246 568
7330 2 2 9 8 2913 6586 1878
7331 2 2 9 8 1044 3739 3673
7332 2 2 9 8 2848 6366 5659
7333 2 2 9 8 434 5476 2831
7334 2 2 9 8 4213 4678 2147
7335 2 2 9 8 2836 5680 1769
7336 2 2 9 8 290 4085 289
7337 2 2 9 8 3649 3828 738
7338 2 2 9 8 2395 5651 1861
7339 2 2 9 8 821 5403 4632
7340 2 2 9 8 2386 4401 2946
7341 2 2 9 8 3332 4397 453
7342 2 2 9 8 3402 6144 192
7343 2 2 9 8 3293 5634 2062
7344 2 2 9 8 2604 5138 2041
7345 2 2 9 8 2918 6188 1766
7346 2 2 9 8 2837 5272 763
7347 2 2 9 8 3060 5437 1321
7348 2 2 9 8 2687 6457 1291
7349 2 2 9 8 2559 6566 888
7350 2 2 9 8 2308 5461 2966
7351 2 2 9 8 2973 4277 649
7352 2 2 9 8 3142 4863 583
7353 2 2 9 8 2920 4829 1480
7354 2 2 9 8 3857 4884 1635
7355 2 2 9 8 25 6607 24
7356 2 2 9 8 1452 4094 3219
7357 2 2 9 8 3427 4344 1453
7358 2 2 9 8 3967 4147 1433
7359 2 2 9 8 611 3967 3032
7360 2 2 9 8 661 5123 3636
7361 2 2 9 8 4352 6105 1875
7362 2 2 9 8 2190 5881 117
7363 2 2 9 8 2184 5635 3413
7364 2 2 9 8 3507 3931 1408
7365 2 2 9 8 3351 3568 539
7366 2 2 9 8 2964 5668 1114
7367 2 2 9 8 614 6324 5454
7368 2 2 9 8 1358 6311 5262
7369 2 2 9 8 3849 6444 1279
7370 2 2 9 8 420 5234 2883
7371 2 2 9 8 1680 5095 3164
7372 2 2 9 8 4560 5599 1418
7373 2 2 9 8 3760 4881 595
7374 2 2 9 8 1635 4884 3185
7375 2 2 9 8 2596 5944 1219
7376 2 2 9 8 901 6037 2203
7377 2 2 9 8 1255 5873 2708
7378 2 2 9 8 4928 5490 1802
7379 2 2 9 8 2174 6089 6027
7380 2 2 9 8 2448 6392 886
7381 2 2 9 8 166 5146 5145
7382 2 2 9 8 1912 4165 3755
7383 2 2 9 8 3834 3882 1699
7384 2 2 9 8 3094 3539 1375
7385 2 2 9 8 3067 6454 1879
7386 2 2 9 8 1271 4954 4188
7387 2 2 9 8 1844 4395 2744
7388 2 2 9 8 2321 6558 989
7389 2 2 9 8 3871 5695 1224
7390 2 2 9 8 857 4832 3211
7391 2 2 9 8 2337 4607 216
7392 2 2 9 8 601 4156 3505
7393 2 2 9 8 3269 3318 1253
7394 2 2 9 8 1171 5311 2965
7395 2 2 9 8 1480 4869 2920
7396 2 2 9 8 247 4008 246
7397 2 2 9 8 1517 5193 3121
7398 2 2 9 8 2254 6260 5691
7399 2 2 9 8 1155 3766 3467
7400 2 2 9 8 3945 5788 904
7401 2 2 9 8 2680 6544 1158
7402 2 2 9 8 1961 3724 3632
7403 2 2 9 8 232 3375 1975
7404 2 2 9 8 764 6059 4892
7405 2 2 9 8 125 6396 124
7406 2 2 9 8 5200 6056 820
7407 2 2 9 8 3468 3656 1415
7408 2 2 9 8 633 2891 2890
7409 2 2 9 8 2461 4802 3325
7410 2 2 9 8 4559 5271 1726
7411 2 2 9 8 2803 6389 1211
7412 2 2 9 8 805 5925 3117
7413 2 2 9 8 3392 6405 4200
7414 2 2 9 8 3864 4013 609
7415 2 2 9 8 2136 5282 2423
7416 2 2 9 8 5006 5293 765
7417 2 2 9 8 3626 4590 1379
7418 2 2 9 8 883 4439 2504
7419 2 2 9 8 643 4487 3897
7420 2 2 9 8 3145 6526 1564
7421 2 2 9 8 2017 6030 831
7422 2 2 9 8 3121 5193 698
7423 2 2 9 8 3098 4364 1694
7424 2 2 9 8 4384 6552 5553
7425 2 2 9 8 986 4800 3460
7426 2 2 9 8 1647 4545 2852
7427 2 2 9 8 4361 4681 2669
7428 2 2 9 8 2920 4685 1468
7429 2 2 9 8 1471 6520 3187
7430 2 2 9 8 893 4992 3340
7431 2 2 9 8 5238 6470 939
7432 2 2 9 8 3803 4239 1514
7433 2 2 9 8 3388 6198 2404
7434 2 2 9 8 2889 4494 437
7435 2 2 9 8 3682 6577 255
7436 2 2 9 8 708 5522 3115
7437 2 2 9 8 2929 3129 1738
7438 2 2 9 8 2987 5798 1595
7439 2 2 9 8 5125 6263 2011
7440 2 2 9 8 270 6356 269
7441 2 2 9 8 2979 4820 596
7442 2 2 9 8 663 4786 3103
7443 2 2 9 8 3446 4356 644
7444 2 2 9 8 1713 5237 3252
7445 2 2 9 8 2877 5545 1154
7446 2 2 9 8 640 4117 3300
7447 2 2 9 8 3169 5618 1056
7448 2 2 9 8 3345 4150 675
7449 2 2 9 8 725 5412 2652
7450 2 2 9 8 4780 6483 2352
7451 2 2 9 8 565 5759 2631
7452 2 2 9 8 379 3506 2955
7453 2 2 9 8 2153 6319 3394
7454 2 2 9 8 3262 4608 1857
7455 2 2 9 8 3530 5633 2609
7456 2 2 9 8 223 5215 222
7457 2 2 9 8 1185 5951 3445
7458 2 2 9 8 285 5584 284
7459 2 2 9 8 4109 6492 1598
7460 2 2 9 8 1906 5662 3198
7461 2 2 9 8 1557 3995 3578
7462 2 2 9 8 767 5534 2659
7463 2 2 9 8 4585 4609 867
7464 2 2 9 8 4611 5117 1657
7465 2 2 9 8 1989 3887 3420
7466 2 2 9 8 1625 4708 3521
7467 2 2 9 8 442 5067 2321
7468 2 2 9 8 245 3662 244
7469 2 2 9 8 3726 4094 1918
7470 2 2 9 8 2653 5548 2000
7471 2 2 9 8 1408 3965 3596
7472 2 2 9 8 3354 4226 1457
7473 2 2 9 8 1150 6310 4953
7474 2 2 9 8 756 5921 3383
7475 2 2 9 8 3872 4636 447
7476 2 2 9 8 3430 3603 1383
7477 2 2 9 8 1918 4286 3128
7478 2 2 9 8 2144 5091 3075
7479 2 2 9 8 2657 5541 4177
7480 2 2 9 8 96 4404 95
7481 2 2 9 8 873 3623 3467
7482 2 2 9 8 1672 5130 3384
7483 2 2 9 8 1203 5798 2987
7484 2 2 9 8 3403 5395 78
7485 2 2 9 8 5269 5654 1272
7486 2 2 9 8 1704 4961 2801
7487 2 2 9 8 2589 5014 494
7488 2 2 9 8 3037 6559 4734
7489 2 2 9 8 3322 3396 2206
7490 2 2 9 8 1793 5179 4006
7491 2 2 9 8 4029 4410 746
7492 2 2 9 8 3383 4868 756
7493 2 2 9 8 5305 5918 1252
7494 2 2 9 8 4090 4820 2031
7495 2 2 9 8 1410 6114 4794
7496 2 2 9 8 2413 6370 3137
7497 2 2 9 8 186 4345 3529
7498 2 2 9 8 689 5984 3910
7499 2 2 9 8 2019 4959 3822
7500 2 2 9 8 1798 5806 4385
7501 2 2 9 8 3469 4214 1089
7502 2 2 9 8 2494 3728 923
7503 2 2 9 8 909 5907 4443
7504 2 2 9 8 3072 3938 1310
7505 2 2 9 8 4532 4766 2380
7506 2 2 9 8 2234 4257 3290
7507 2 2 9 8 1207 4502 2965
7508 2 2 9 8 2040 5302 855
7509 2 2 9 8 1163 6104 4450
7510 2 2 9 8 31 6091 30
7511 2 2 9 8 597 6256 6227
7512 2 2 9 8 1904 4242 4208
7513 2 2 9 8 1039 4766 4532
7514 2 2 9 8 633 4768 2368
7515 2 2 9 8 2385 5885 497
7516 2 2 9 8 2970 4978 1550
7517 2 2 9 8 2167 5674 3406
7518 2 2 9 8 411 4000 2698
7519 2 2 9 8 2957 5602 553
7520 2 2 9 8 1818 5354 5036
7521 2 2 9 8 3477 6613 5461
7522 2 2 9 8 2769 5112 1226
7523 2 2 9 8 3707 5324 504
7524 2 2 9 8 4587 5864 1475
7525 2 2 9 8 1810 5224 4852
7526 2 2 9 8 573 5001 2658
7527 2 2 9 8 2170 5053 4935
7528 2 2 9 8 920 5098 2573
7529 2 2 9 8 1601 6628 2836
7530 2 2 9 8 4567 6096 1416
7531 2 2 9 8 3710 6232 2116
7532 2 2 9 8 5420 5437 2502
7533 2 2 9 8 656 6008 3536
7534 2 2 9 8 686 4158 3745
7535 2 2 9 8 2280 4165 239
7536 2 2 9 8 3078 6391 1342
7537 2 2 9 8 3148 3615 1440
7538 2 2 9 8 628 4094 3726
7539 2 2 9 8 2619 4447 576
7540 2 2 9 8 2952 4266 808
7541 2 2 9 8 5158 6532 2943
7542 2 2 9 8 177 5776 2723
7543 2 2 9 8 2793 5557 1238
7544 2 2 9 8 1321 4484 3060
7545 2 2 9 8 1863 4748 4434
7546 2 2 9 8 2398 6275 3587
7547 2 2 9 8 3222 4025 1371
7548 2 2 9 8 3361 5077 1064
7549 2 2 9 8 1498 5602 2957
7550 2 2 9 8 1513 4338 3097
7551 2 2 9 8 3006 6070 3005
7552 2 2 9 8 3217 4966 1011
7553 2 2 9 8 3578 3995 2
7554 2 2 9 8 2447 4252 2782
7555 2 2 9 8 2786 3119 1060
7556 2 2 9 8 1151 4610 2989
7557 2 2 9 8 854 6432 3248
7558 2 2 9 8 2028 3697 844
7559 2 2 9 8 1125 4772 2946
7560 2 2 9 8 3452 5862 638
7561 2 2 9 8 3003 6344 1110
7562 2 2 9 8 2411 5767 3685
7563 2 2 9 8 3340 4871 893
7564 2 2 9 8 405 5279 4449
7565 2 2 9 8 844 6559 3037
7566 2 2 9 8 2349 5504 1144
7567 2 2 9 8 3285 4290 1659
7568 2 2 9 8 1720 5838 3061
7569 2 2 9 8 298 4864 297
7570 2 2 9 8 150 3587 149
7571 2 2 9 8 406 4804 4208
7572 2 2 9 8 1028 5972 3229
7573 2 2 9 8 3286 3538 632
7574 2 2 9 8 4373 6572 2290
7575 2 2 9 8 3319 5336 4649
7576 2 2 9 8 616 4375 3227
7577 2 2 9 8 224 6289 3401
7578 2 2 9 8 415 5652 3308
7579 2 2 9 8 1653 4300 3446
7580 2 2 9 8 3116 5231 1121
7581 2 2 9 8 1289 3895 2799
7582 2 2 9 8 2809 6021 1331
7583 2 2 9 8 2452 6478 862
7584 2 2 9 8 995 4556 4209
7585 2 2 9 8 2045 5225 4167
7586 2 2 9 8 1021 4623 2537
7587 2 2 9 8 3638 4576 1916
7588 2 2 9 8 3986 5244 925
7589 2 2 9 8 3929 4815 1405
7590 2 2 9 8 1287 4052 3216
7591 2 2 9 8 2341 6140 976
7592 2 2 9 8 3294 4836 1648
7593 2 2 9 8 3699 5132 774
7594 2 2 9 8 4088 5548 2653
7595 2 2 9 8 5770 5984 689
7596 2 2 9 8 1467 4504 2727
7597 2 2 9 8 1130 4386 3101
7598 2 2 9 8 644 5638 4185
7599 2 2 9 8 3609 4077 940
7600 2 2 9 8 3386 3798 1314
7601 2 2 9 8 474 5160 3218
7602 2 2 9 8 5127 5627 1895
7603 2 2 9 8 3265 5901 2377
7604 2 2 9 8 702 3785 3668
7605 2 2 9 8 1108 6407 4391
7606 2 2 9 8 2185 5143 1864
7607 2 2 9 8 3836 4165 2280
7608 2 2 9 8 2094 6566 2559
7609 2 2 9 8 803 5062 3535
7610 2 2 9 8 810 5390 3167
7611 2 2 9 8 5751 5757 2640
7612 2 2 9 8 1596 6309 3893
7613 2 2 9 8 3266 4393 1655
7614 2 2 9 8 3121 3122 1517
7615 2 2 9 8 1388 3729 3624
7616 2 2 9 8 3203 6530 2678
7617 2 2 9 8 1522 5272 2837
7618 2 2 9 8 2648 5864 4587
7619 2 2 9 8 3984 4377 1553
7620 2 2 9 8 3559 3919 2299
7621 2 2 9 8 3143 4316 586
7622 2 2 9 8 2797 4097 4096
7623 2 2 9 8 3356 3882 594
7624 2 2 9 8 3648 5263 2232
7625 2 2 9 8 1351 3922 3190
7626 2 2 9 8 3309 4649 545
7627 2 2 9 8 1325 4333 3397
7628 2 2 9 8 2939 4964 423
7629 2 2 9 8 1481 5359 4501
7630 2 2 9 8 4117 6490 1890
7631 2 2 9 8 272 4444 271
7632 2 2 9 8 218 3988 217
7633 2 2 9 8 1429 4289 3676
7634 2 2 9 8 498 4782 4507
7635 2 2 9 8 2595 6550 3068
7636 2 2 9 8 3214 4960 866
7637 2 2 9 8 3945 5409 2220
7638 2 2 9 8 3274 5845 1187
7639 2 2 9 8 3957 4475 392
7640 2 2 9 8 1515 4342 3695
7641 2 2 9 8 3714 4880 1940
7642 2 2 9 8 1246 3743 3675
7643 2 2 9 8 2845 5348 1334
7644 2 2 9 8 2728 3541 831
7645 2 2 9 8 3447 4430 1511
7646 2 2 9 8 5716 6173 2076
7647 2 2 9 8 3056 5072 578
7648 2 2 9 8 1185 4729 2865
7649 2 2 9 8 2855 3739 1044
7650 2 2 9 8 2732 6085 1493
7651 2 2 9 8 1654 4791 3299
7652 2 2 9 8 2607 6220 6199
7653 2 2 9 8 678 5560 3181
7654 2 2 9 8 4356 5638 644
7655 2 2 9 8 2351 5435 354
7656 2 2 9 8 4616 6169 2828
7657 2 2 9 8 816 4364 3765
7658 2 2 9 8 21 6163 3676
7659 2 2 9 8 765 3977 2881
7660 2 2 9 8 2760 5631 403
7661 2 2 9 8 773 6468 3622
7662 2 2 9 8 2968 6131 1665
7663 2 2 9 8 513 4613 3297
7664 2 2 9 8 3042 5988 1162
7665 2 2 9 8 2348 6337 3287
7666 2 2 9 8 19 5445 3215
7667 2 2 9 8 1014 4782 2376
7668 2 2 9 8 3767 6391 852
7669 2 2 9 8 2616 4697 1605
7670 2 2 9 8 2799 3895 968
7671 2 2 9 8 456 5582 3906
7672 2 2 9 8 2882 5514 1041
7673 2 2 9 8 1563 4596 3078
7674 2 2 9 8 3271 6022 1209
7675 2 2 9 8 3678 6061 65
7676 2 2 9 8 932 4926 3980
7677 2 2 9 8 3990 4669 781
7678 2 2 9 8 623 6161 3947
7679 2 2 9 8 3094 4365 657
7680 2 2 9 8 731 5085 3177
7681 2 2 9 8 370 5009 3273
7682 2 2 9 8 3034 6444 1280
7683 2 2 9 8 3737 6245 2628
7684 2 2 9 8 1455 4190 3670
7685 2 2 9 8 4797 5303 700
7686 2 2 9 8 1913 4740 3462
7687 2 2 9 8 1260 4971 2807
7688 2 2 9 8 3679 6590 355
7689 2 2 9 8 3464 6600 1019
7690 2 2 9 8 235 3600 234
7691 2 2 9 8 5992 6473 3425
7692 2 2 9 8 3218 5160 1629
7693 2 2 9 8 457 5399 4490
7694 2 2 9 8 2491 3577 845
7695 2 2 9 8 3341 6327 1342
7696 2 2 9 8 2140 5332 4695
7697 2 2 9 8 3555 4270 1217
7698 2 2 9 8 2828 5474 4616
7699 2 2 9 8 255 6577 254
7700 2 2 9 8 3405 4993 515
7701 2 2 9 8 3814 6565 364
7702 2 2 9 8 2942 6123 486
7703 2 2 9 8 3167 5390 1437
7704 2 2 9 8 2807 4971 1032
7705 2 2 9 8 3957 4238 1774
7706 2 2 9 8 3716 4370 890
7707 2 2 9 8 952 5479 2693
7708 2 2 9 8 3474 5895 796
7709 2 2 9 8 2025 4910 2859
7710 2 2 9 8 4379 5912 2345
7711 2 2 9 8 2100 5845 3274
7712 2 2 9 8 3634 4179 1358
7713 2 2 9 8 3472 5817 1526
7714 2 2 9 8 2301 4485 370
7715 2 2 9 8 1060 3823 2786
7716 2 2 9 8 1732 4636 3872
7717 2 2 9 8 5690 6009 1242
7718 2 2 9 8 2752 5358 1555
7719 2 2 9 8 1183 5979 4080
7720 2 2 9 8 1513 4339 4338
7721 2 2 9 8 4227 4555 652
7722 2 2 9 8 1891 6087 3021
7723 2 2 9 8 877 4213 4046
7724 2 2 9 8 1405 4136 3929
7725 2 2 9 8 1105 5670 3087
7726 2 2 9 8 2757 5256 1556
7727 2 2 9 8 1675 4231 2331
7728 2 2 9 8 2478 4862 816
7729 2 2 9 8 4431 5851 2064
7730 2 2 9 8 1787 5343 2931
7731 2 2 9 8 610 3938 3072
7732 2 2 9 8 2681 4999 3281
7733 2 2 9 8 778 5101 2904
7734 2 2 9 8 2131 4241 4240
7735 2 2 9 8 2690 4930 1412
7736 2 2 9 8 583 4863 2880
7737 2 2 9 8 4586 5437 879
7738 2 2 9 8 1125 5230 4772
7739 2 2 9 8 1315 4476 3236
7740 2 2 9 8 1650 5586 3060
7741 2 2 9 8 2901 6108 1573
7742 2 2 9 8 1582 4220 3681
7743 2 2 9 8 1533 6363 3826
7744 2 2 9 8 3558 5863 1324
7745 2 2 9 8 2060 4833 3788
7746 2 2 9 8 612 4776 3933
7747 2 2 9 8 3616 6360 782
7748 2 2 9 8 3451 3878 2037
7749 2 2 9 8 3803 5448 519
7750 2 2 9 8 1653 4950 4300
7751 2 2 9 8 4079 5098 920
7752 2 2 9 8 2863 5843 4817
7753 2 2 9 8 4735 6073 747
7754 2 2 9 8 2860 5308 1622
7755 2 2 9 8 2956 5112 917
7756 2 2 9 8 928 5702 3996
7757 2 2 9 8 209 4285 2341
7758 2 2 9 8 5185 5623 2105
7759 2 2 9 8 4526 6171 747
7760 2 2 9 8 5825 6488 1013
7761 2 2 9 8 1150 6462 3754
7762 2 2 9 8 175 3923 174
7763 2 2 9 8 781 4344 3427
7764 2 2 9 8 1822 4267 3398
7765 2 2 9 8 3215 5445 1858
7766 2 2 9 8 3713 5728 1464
7767 2 2 9 8 2753 5968 2691
7768 2 2 9 8 3074 5611 3873
7769 2 2 9 8 5108 5803 536
7770 2 2 9 8 3413 6483 1768
7771 2 2 9 8 1469 5228 2443
7772 2 2 9 8 1419 5248 3347
7773 2 2 9 8 3394 6319 213
7774 2 2 9 8 1700 6598 4610
7775 2 2 9 8 1932 5324 3707
7776 2 2 9 8 3924 4012 1599
7777 2 2 9 8 1581 3965 3931
7778 2 2 9 8 2172 5052 4075
7779 2 2 9 8 1700 4610 3328
7780 2 2 9 8 4772 5230 3301
7781 2 2 9 8 3955 4414 452
7782 2 2 9 8 2711 4230 590
7783 2 2 9 8 2813 4553 1463
7784 2 2 9 8 3200 4500 358
7785 2 2 9 8 2989 6598 483
7786 2 2 9 8 3509 6296 2008
7787 2 2 9 8 2934 4549 1012
7788 2 2 9 8 989 4802 4754
7789 2 2 9 8 1762 5098 2427
7790 2 2 9 8 711 5577 2902
7791 2 2 9 8 2959 4911 1217
7792 2 2 9 8 2864 4359 1692
7793 2 2 9 8 3673 3739 543
7794 2 2 9 8 3047 5712 4017
7795 2 2 9 8 1838 4834 2561
7796 2 2 9 8 3464 5807 57
7797 2 2 9 8 1495 5467 3679
7798 2 2 9 8 2785 5963 574
7799 2 2 9 8 979 5955 4183
7800 2 2 9 8 4183 5955 2274
7801 2 2 9 8 1232 5108 2912
7802 2 2 9 8 3163 3666 870
7803 2 2 9 8 1667 5084 4543
7804 2 2 9 8 6001 6465 866
7805 2 2 9 8 3696 6544 1157
7806 2 2 9 8 1715 5018 3443
7807 2 2 9 8 3283 3284 1510
7808 2 2 9 8 1609 4964 2939
7809 2 2 9 8 3127 6277 2214
7810 2 2 9 8 2115 6138 5769
7811 2 2 9 8 4381 4397 1512
7812 2 2 9 8 3124 4406 1318
7813 2 2 9 8 2528 4870 1737
7814 2 2 9 8 3581 5146 167
7815 2 2 9 8 4336 4702 1588
7816 2 2 9 8 4282 4755 840
7817 2 2 9 8 3245 6098 601
7818 2 2 9 8 879 5437 3060
7819 2 2 9 8 1867 6267 3991
7820 2 2 9 8 2569 5244 3986
7821 2 2 9 8 1402 4839 3409
7822 2 2 9 8 1176 3872 2974
7823 2 2 9 8 1843 6180 3014
7824 2 2 9 8 3296 4074 1320
7825 2 2 9 8 636 5266 2833
7826 2 2 9 8 738 4220 3649
7827 2 2 9 8 3796 5213 1502
7828 2 2 9 8 1935 6154 3363
7829 2 2 9 8 2552 6358 1392
7830 2 2 9 8 3370 4566 1108
7831 2 2 9 8 2475 5656 3104
7832 2 2 9 8 1682 4651 3526
7833 2 2 9 8 170 6469 169
7834 2 2 9 8 109 6388 108
7835 2 2 9 8 5678 5693 405
7836 2 2 9 8 2162 6535 5024
7837 2 2 9 8 3962 6379 4291
7838 2 2 9 8 2783 4780 1901
7839 2 2 9 8 852 6391 4596
7840 2 2 9 8 565 5645 3231
7841 2 2 9 8 1291 6457 3125
7842 2 2 9 8 220 4744 3065
7843 2 2 9 8 5287 6356 270
7844 2 2 9 8 3165 6344 1895
7845 2 2 9 8 3904 6633 935
7846 2 2 9 8 1564 6526 3029
7847 2 2 9 8 773 6419 3601
7848 2 2 9 8 4199 4433 1442
7849 2 2 9 8 2183 5973 4698
7850 2 2 9 8 470 4421 2342
7851 2 2 9 8 1043 6207 3254
7852 2 2 9 8 264 2863 263
7853 2 2 9 8 525 6473 5992
7854 2 2 9 8 3300 4225 1499
7855 2 2 9 8 3805 4005 1376
7856 2 2 9 8 3436 5367 394
7857 2 2 9 8 1387 3499 3133
7858 2 2 9 8 2436 2493 559
7859 2 2 9 8 763 4930 2690
7860 2 2 9 8 3405 4122 1712
7861 2 2 9 8 1846 4927 92
7862 2 2 9 8 1453 4344 4076
7863 2 2 9 8 105 3750 104
7864 2 2 9 8 3480 4594 1552
7865 2 2 9 8 3670 4190 1841
7866 2 2 9 8 3351 6240 1070
7867 2 2 9 8 1762 6416 2573
7868 2 2 9 8 3185 4884 680
7869 2 2 9 8 430 6518 3238
7870 2 2 9 8 2027 5728 3713
7871 2 2 9 8 3248 6432 2055
7872 2 2 9 8 570 5348 2845
7873 2 2 9 8 3911 5027 1241
7874 2 2 9 8 832 5794 4748
7875 2 2 9 8 1876 4575 2604
7876 2 2 9 8 2 3995 205
7877 2 2 9 8 3522 6179 3002
7878 2 2 9 8 2002 5585 3432
7879 2 2 9 8 3387 5966 560
7880 2 2 9 8 742 4225 3890
7881 2 2 9 8 2745 6031 641
7882 2 2 9 8 723 4952 4343
7883 2 2 9 8 2150 5684 5278
7884 2 2 9 8 583 6529 4482
7885 2 2 9 8 3330 3678 66
7886 2 2 9 8 1409 4454 3378
7887 2 2 9 8 5225 6430 2428
7888 2 2 9 8 3679 5942 1495
7889 2 2 9 8 1693 6211 5501
7890 2 2 9 8 1382 5219 2863
7891 2 2 9 8 3983 4614 2148
7892 2 2 9 8 3091 5136 872
7893 2 2 9 8 1300 5902 3589
7894 2 2 9 8 1495 5942 4343
7895 2 2 9 8 3931 3965 1408
7896 2 2 9 8 2990 6284 1042
7897 2 2 9 8 1890 5133 4237
7898 2 2 9 8 2641 6364 3303
7899 2 2 9 8 3652 6505 458
7900 2 2 9 8 3750 6023 1633
7901 2 2 9 8 3319 4649 1582
7902 2 2 9 8 3745 4158 1859
7903 2 2 9 8 4005 6598 1700
7904 2 2 9 8 1089 4214 3672
7905 2 2 9 8 2035 4611 4512
7906 2 2 9 8 2805 6537 1559
7907 2 2 9 8 754 5223 3319
7908 2 2 9 8 1537 5287 2523
7909 2 2 9 8 4089 4845 1092
7910 2 2 9 8 3991 6267 2180
7911 2 2 9 8 2594 5471 1128
7912 2 2 9 8 4558 5955 2477
7913 2 2 9 8 2427 5098 4079
7914 2 2 9 8 3090 5525 534
7915 2 2 9 8 4348 5802 189
7916 2 2 9 8 594 3882 3834
7917 2 2 9 8 2999 4506 2039
7918 2 2 9 8 1180 4634 3292
7919 2 2 9 8 4948 6436 1535
7920 2 2 9 8 2426 5720 1554
7921 2 2 9 8 582 6131 2968
7922 2 2 9 8 229 6516 228
7923 2 2 9 8 1244 5045 2917
7924 2 2 9 8 3240 5919 1353
7925 2 2 9 8 2942 5350 1029
7926 2 2 9 8 1952 5695 3871
7927 2 2 9 8 1569 5335 2729
7928 2 2 9 8 4686 5415 1357
7929 2 2 9 8 884 5091 4194
7930 2 2 9 8 4148 4684 1721
7931 2 2 9 8 3430 5652 415
7932 2 2 9 8 967 5171 3056
7933 2 2 9 8 3661 4382 1113
7934 2 2 9 8 1511 6252 3447
7935 2 2 9 8 1690 4905 4698
7936 2 2 9 8 3685 5767 1466
7937 2 2 9 8 585 3791 2965
7938 2 2 9 8 4798 5841 2992
7939 2 2 9 8 2693 6476 412
7940 2 2 9 8 4855 5310 2369
7941 2 2 9 8 81 4398 80
7942 2 2 9 8 3623 4302 1805
7943 2 2 9 8 5388 6625 864
7944 2 2 9 8 2984 5011 1554
7945 2 2 9 8 1950 4320 4314
7946 2 2 9 8 3971 6055 5958
7947 2 2 9 8 1758 6220 3655
7948 2 2 9 8 2462 6633 3904
7949 2 2 9 8 3466 6318 55
7950 2 2 9 8 627 4462 3207
7951 2 2 9 8 1807 4413 3280
7952 2 2 9 8 478 4608 3262
7953 2 2 9 8 3110 6517 1977
7954 2 2 9 8 1663 5878 2634
7955 2 2 9 8 4000 5424 1525
7956 2 2 9 8 367 5043 2201
7957 2 2 9 8 535 6612 3084
7958 2 2 9 8 3915 4073 1502
7959 2 2 9 8 2980 4783 2226
7960 2 2 9 8 3238 3468 1415
7961 2 2 9 8 2493 4163 559
7962 2 2 9 8 63 4836 62
7963 2 2 9 8 947 4621 2507
7964 2 2 9 8 4347 4348 189
7965 2 2 9 8 3115 5522 1820
7966 2 2 9 8 3022 4938 1979
7967 2 2 9 8 1210 4838 3102
7968 2 2 9 8 2044 6552 4384
7969 2 2 9 8 3352 5678 405
7970 2 2 9 8 2962 4151 1590
7971 2 2 9 8 1976 6311 4565
7972 2 2 9 8 2821 5940 948
7973 2 2 9 8 4192 5721 736
7974 2 2 9 8 2762 4054 1532
7975 2 2 9 8 4589 5858 2208
7976 2 2 9 8 1195 4215 3780
7977 2 2 9 8 3445 6408 1185
7978 2 2 9 8 3746 4264 673
7979 2 2 9 8 3264 5670 1105
7980 2 2 9 8 3940 4689 1521
7981 2 2 9 8 4316 4683 1668
7982 2 2 9 8 2254 5691 4363
7983 2 2 9 8 1088 4718 3928
7984 2 2 9 8 4773 6224 2936
7985 2 2 9 8 4090 5962 1237
7986 2 2 9 8 411 4687 1983
7987 2 2 9 8 3845 6290 2614
7988 2 2 9 8 4949 5851 508
7989 2 2 9 8 1819 6414 5535
7990 2 2 9 8 1785 4085 1026
7991 2 2 9 8 991 3277 3182
7992 2 2 9 8 1522 5015 2969
7993 2 2 9 8 4947 6541 1155
7994 2 2 9 8 2631 5759 3635
7995 2 2 9 8 2009 6579 3331
7996 2 2 9 8 2939 5260 1146
7997 2 2 9 8 1634 4738 4127
7998 2 2 9 8 1219 6624 2596
7999 2 2 9 8 2646 5368 632
8000 2 2 9 8 4072 4628 1283
8001 2 2 9 8 5966 6119 560
8002 2 2 9 8 624 3935 3603
8003 2 2 9 8 3949 3950 1996
8004 2 2 9 8 3102 4665 1210
8005 2 2 9 8 1131 4614 3983
8006 2 2 9 8 217 6377 216
8007 2 2 9 8 113 5042 112
8008 2 2 9 8 3114 4717 1396
8009 2 2 9 8 1233 6588 3835
8010 2 2 9 8 3563 5872 1776
8011 2 2 9 8 3897 4487 1730
8012 2 2 9 8 2171 5439 4763
8013 2 2 9 8 5720 6070 3336
8014 2 2 9 8 4236 6540 1393
8015 2 2 9 8 3456 4879 1323
8016 2 2 9 8 5423 5893 1900
8017 2 2 9 8 1675 6618 5674
8018 2 2 9 8 651 5319 3367
8019 2 2 9 8 3544 4152 1104
8020 2 2 9 8 852 5495 2913
8021 2 2 9 8 4512 4611 527
8022 2 2 9 8 5736 5737 171
8023 2 2 9 8 3252 5237 3
8024 2 2 9 8 2072 5692 5266
8025 2 2 9 8 1712 4993 3405
8026 2 2 9 8 1894 4684 4148
8027 2 2 9 8 2396 6063 5673
8028 2 2 9 8 1924 4750 3659
8029 2 2 9 8 1863 4434 1147
8030 2 2 9 8 4180 4527 825
8031 2 2 9 8 3729 3899 658
8032 2 2 9 8 5181 6208 1934
8033 2 2 9 8 3804 3805 1376
8034 2 2 9 8 3518 3519 737
8035 2 2 9 8 4908 5469 1630
8036 2 2 9 8 1391 3610 3191
8037 2 2 9 8 936 6393 5744
8038 2 2 9 8 1051 6156 3403
8039 2 2 9 8 1440 4288 3148
8040 2 2 9 8 1886 6433 3011
8041 2 2 9 8 672 4958 3335
8042 2 2 9 8 5377 5573 1387
8043 2 2 9 8 804 4186 3844
8044 2 2 9 8 3494 6142 1261
8045 2 2 9 8 3303 6364 33
8046 2 2 9 8 1836 4410 4029
8047 2 2 9 8 1717 4414 3955
8048 2 2 9 8 4947 6280 506
8049 2 2 9 8 3846 5728 592
8050 2 2 9 8 291 5143 2185
8051 2 2 9 8 4741 4969 1579
8052 2 2 9 8 523 5154 4222
8053 2 2 9 8 157 4712 156
8054 2 2 9 8 431 5235 3420
8055 2 2 9 8 1453 4265 3427
8056 2 2 9 8 3596 4147 1408
8057 2 2 9 8 1840 5236 3842
8058 2 2 9 8 2946 4772 2386
8059 2 2 9 8 3462 4740 577
8060 2 2 9 8 4209 4556 1911
8061 2 2 9 8 200 5872 3563
8062 2 2 9 8 1930 5887 3257
8063 2 2 9 8 2813 6604 4336
8064 2 2 9 8 2837 5229 1522
8065 2 2 9 8 1897 4572 2425
8066 2 2 9 8 1466 5767 3654
8067 2 2 9 8 1502 5213 3915
8068 2 2 9 8 3045 6503 538
8069 2 2 9 8 3161 5247 1379
8070 2 2 9 8 3263 3905 1446
8071 2 2 9 8 5276 6626 2089
8072 2 2 9 8 870 5512 2731
8073 2 2 9 8 2689 5044 1834
8074 2 2 9 8 4034 5254 1006
8075 2 2 9 8 3360 4919 1055
8076 2 2 9 8 781 4669 4344
8077 2 2 9 8 1887 4694 4674
8078 2 2 9 8 3535 6107 2818
8079 2 2 9 8 661 3878 3451
8080 2 2 9 8 2029 4755 4282
8081 2 2 9 8 3793 5515 1642
8082 2 2 9 8 1574 4259 3991
8083 2 2 9 8 2831 4491 434
8084 2 2 9 8 1422 3963 3675
8085 2 2 9 8 1229 5789 3505
8086 2 2 9 8 3610 4109 1578
8087 2 2 9 8 3352 4449 1332
8088 2 2 9 8 3426 3925 1412
8089 2 2 9 8 3748 4690 1568
8090 2 2 9 8 895 3108 1862
8091 2 2 9 8 3838 4563 1264
8092 2 2 9 8 1894 4266 3625
8093 2 2 9 8 2220 5788 3945
8094 2 2 9 8 4292 6207 2756
8095 2 2 9 8 509 6002 3204
8096 2 2 9 8 3225 4851 863
8097 2 2 9 8 3297 4613 959
8098 2 2 9 8 1993 5817 3472
8099 2 2 9 8 727 6437 4525
8100 2 2 9 8 1960 4571 848
8101 2 2 9 8 3217 5578 426
8102 2 2 9 8 1763 5577 3314
8103 2 2 9 8 1660 5903 3273
8104 2 2 9 8 3095 4996 1830
8105 2 2 9 8 2093 5050 2868
8106 2 2 9 8 3781 6267 1867
8107 2 2 9 8 3161 5243 504
8108 2 2 9 8 4311 5926 1887
8109 2 2 9 8 3519 5016 1946
8110 2 2 9 8 3284 6252 1511
8111 2 2 9 8 3186 6004 676
8112 2 2 9 8 4453 4796 468
8113 2 2 9 8 1142 5910 3249
8114 2 2 9 8 1723 4745 3281
8115 2 2 9 8 278 4141 277
8116 2 2 9 8 3495 3884 1386
8117 2 2 9 8 3906 5582 2203
8118 2 2 9 8 2368 5558 800
8119 2 2 9 8 5373 6071 2727
8120 2 2 9 8 1563 4073 3915
8121 2 2 9 8 4498 6276 1593
8122 2 2 9 8 1539 6234 5333
8123 2 2 9 8 4475 6428 2505
8124 2 2 9 8 6013 6019 710
8125 2 2 9 8 2976 5175 810
8126 2 2 9 8 4219 4358 1368
8127 2 2 9 8 961 6252 3284
8128 2 2 9 8 59 4420 58
8129 2 2 9 8 3504 4998 828
8130 2 2 9 8 2349 6359 5660
8131 2 2 9 8 2601 3358 1144
8132 2 2 9 8 1102 3697 2595
8133 2 2 9 8 3971 5958 1423
8134 2 2 9 8 4766 5259 2380
8135 2 2 9 8 3502 6474 2405
8136 2 2 9 8 1092 4845 4774
8137 2 2 9 8 3301 5949 4772
8138 2 2 9 8 3459 5824 1093
8139 2 2 9 8 3132 3598 1431
8140 2 2 9 8 579 6599 5541
8141 2 2 9 8 3273 3717 1120
8142 2 2 9 8 3039 5981 404
8143 2 2 9 8 3575 4967 1473
8144 2 2 9 8 2965 5953 1207
8145 2 2 9 8 4069 4206 2684
8146 2 2 9 8 2050 5932 4354
8147 2 2 9 8 1975 4003 231
8148 2 2 9 8 3178 4631 1545
8149 2 2 9 8 1446 4348 4347
8150 2 2 9 8 1388 4362 3899
8151 2 2 9 8 420 5529 3044
8152 2 2 9 8 3177 5085 1708
8153 2 2 9 8 3848 4223 1335
8154 2 2 9 8 4922 5194 2124
8155 2 2 9 8 1626 5631 2760
8156 2 2 9 8 4115 5351 2171
8157 2 2 9 8 3214 5484 1482
8158 2 2 9 8 1206 4351 3548
8159 2 2 9 8 1408 4147 3549
8160 2 2 9 8 3723 5200 820
8161 2 2 9 8 488 6078 3611
8162 2 2 9 8 135 3815 134
8163 2 2 9 8 3770 4075 605
8164 2 2 9 8 1372 5351 4115
8165 2 2 9 8 1768 4871 3340
8166 2 2 9 8 2985 3815 1241
8167 2 2 9 8 3604 3718 1205
8168 2 2 9 8 3695 4342 542
8169 2 2 9 8 4710 5881 2190
8170 2 2 9 8 3819 5237 1713
8171 2 2 9 8 38 4965 37
8172 2 2 9 8 4160 4855 1963
8173 2 2 9 8 4119 4342 1515
8174 2 2 9 8 590 4230 3640
8175 2 2 9 8 14 4945 13
8176 2 2 9 8 2573 5098 1762
8177 2 2 9 8 2744 5874 1844
8178 2 2 9 8 95 4404 3950
8179 2 2 9 8 27 5947 26
8180 2 2 9 8 77 6355 76
8181 2 2 9 8 1811 5270 3434
8182 2 2 9 8 902 5647 3019
8183 2 2 9 8 2049 5595 4440
8184 2 2 9 8 1866 5293 5006
8185 2 2 9 8 3113 6421 1149
8186 2 2 9 8 1411 4013 3864
8187 2 2 9 8 3224 3825 485
8188 2 2 9 8 2851 6168 1017
8189 2 2 9 8 443 3951 3931
8190 2 2 9 8 1210 4665 2909
8191 2 2 9 8 762 5523 2925
8192 2 2 9 8 2598 6499 3055
8193 2 2 9 8 1400 6118 2948
8194 2 2 9 8 2129 6303 3948
8195 2 2 9 8 792 4536 3461
8196 2 2 9 8 1388 3899 3729
8197 2 2 9 8 3928 4718 2207
8198 2 2 9 8 1661 5525 3090
8199 2 2 9 8 4798 5696 561
8200 2 2 9 8 3482 5308 2860
8201 2 2 9 8 1193 3799 3414
8202 2 2 9 8 3629 6049 699
8203 2 2 9 8 3407 6619 1614
8204 2 2 9 8 1030 2822 2590
8205 2 2 9 8 2799 6134 547
8206 2 2 9 8 3021 4897 1891
8207 2 2 9 8 3384 5130 717
8208 2 2 9 8 4842 6550 363
8209 2 2 9 8 296 4304 295
8210 2 2 9 8 2174 6027 4673
8211 2 2 9 8 4465 5522 708
8212 2 2 9 8 3229 5972 1873
8213 2 2 9 8 2697 6097 5470
8214 2 2 9 8 3254 6207 1876
8215 2 2 9 8 2264 4423 4019
8216 2 2 9 8 1274 5442 2613
8217 2 2 9 8 2109 4796 4453
8218 2 2 9 8 2918 4605 1107
8219 2 2 9 8 2677 4828 1070
8220 2 2 9 8 1355 5114 3710
8221 2 2 9 8 3377 5094 757
8222 2 2 9 8 759 4733 4513
8223 2 2 9 8 930 6454 3067
8224 2 2 9 8 4976 6352 2567
8225 2 2 9 8 3230 6263 1111
8226 2 2 9 8 1107 6188 2918
8227 2 2 9 8 3061 5838 690
8228 2 2 9 8 3632 3724 1061
8229 2 2 9 8 3090 5322 1661
8230 2 2 9 8 3594 3942 519
8231 2 2 9 8 2764 5206 975
8232 2 2 9 8 3355 4508 492
8233 2 2 9 8 2224 5594 713
8234 2 2 9 8 1616 4458 4173
8235 2 2 9 8 478 6082 1436
8236 2 2 9 8 4154 6135 2363
8237 2 2 9 8 1351 4198 3864
8238 2 2 9 8 3015 4330 1398
8239 2 2 9 8 3360 5268 4919
8240 2 2 9 8 803 5699 3442
8241 2 2 9 8 4020 5889 2897
8242 2 2 9 8 3668 3865 702
8243 2 2 9 8 688 4583 3285
8244 2 2 9 8 1680 3917 3529
8245 2 2 9 8 2233 6056 5200
8246 2 2 9 8 620 6106 2998
8247 2 2 9 8 912 6047 2838
8248 2 2 9 8 1789 4957 3506
8249 2 2 9 8 935 5349 3904
8250 2 2 9 8 661 3884 3495
8251 2 2 9 8 2527 6265 1925
8252 2 2 9 8 1750 5086 3565
8253 2 2 9 8 398 4591 3005
8254 2 2 9 8 3761 4520 1602
8255 2 2 9 8 2143 6538 3580
8256 2 2 9 8 2543 5734 4723
8257 2 2 9 8 4653 6230 692
8258 2 2 9 8 1947 5583 3048
8259 2 2 9 8 1921 6002 3827
8260 2 2 9 8 415 4113 3430
8261 2 2 9 8 1955 6366 3449
8262 2 2 9 8 497 6017 2385
8263 2 2 9 8 3434 4043 890
8264 2 2 9 8 2507 4312 947
8265 2 2 9 8 3692 3721 1060
8266 2 2 9 8 181 5158 180
8267 2 2 9 8 653 5751 5340
8268 2 2 9 8 1215 6346 3362
8269 2 2 9 8 1366 5430 3224
8270 2 2 9 8 3269 5856 542
8271 2 2 9 8 1754 4193 3954
8272 2 2 9 8 3334 5031 2375
8273 2 2 9 8 3506 4061 1789
8274 2 2 9 8 1354 6557 4157
8275 2 2 9 8 3127 5021 1130
8276 2 2 9 8 580 4552 3687
8277 2 2 9 8 2760 5809 1626
8278 2 2 9 8 230 6420 229
8279 2 2 9 8 4128 5049 1622
8280 2 2 9 8 5048 6173 5723
8281 2 2 9 8 2335 4396 4378
8282 2 2 9 8 3044 5529 1501
8283 2 2 9 8 3688 6036 1182
8284 2 2 9 8 4231 5064 492
8285 2 2 9 8 2713 6583 2199
8286 2 2 9 8 1945 5896 5600
8287 2 2 9 8 1972 5257 4455
8288 2 2 9 8 4995 5102 2772
8289 2 2 9 8 2834 4568 1087
8290 2 2 9 8 787 6087 4055
8291 2 2 9 8 3740 4274 1413
8292 2 2 9 8 525 4875 3062
8293 2 2 9 8 4938 5622 1979
8294 2 2 9 8 831 3541 2950
8295 2 2 9 8 30 6091 3027
8296 2 2 9 8 876 6041 5675
8297 2 2 9 8 3069 5637 1792
8298 2 2 9 8 4344 4669 1916
8299 2 2 9 8 1756 6473 3062
8300 2 2 9 8 3258 3953 1569
8301 2 2 9 8 1224 5425 3871
8302 2 2 9 8 293 5730 292
8303 2 2 9 8 1417 4720 3090
8304 2 2 9 8 3052 5560 678
8305 2 2 9 8 1570 6128 5426
8306 2 2 9 8 911 5477 4445
8307 2 2 9 8 3281 4745 2483
8308 2 2 9 8 4601 5251 1884
8309 2 2 9 8 1907 6585 267
8310 2 2 9 8 2177 5456 3924
8311 2 2 9 8 987 5310 4855
8312 2 2 9 8 5754 6382 2297
8313 2 2 9 8 662 5938 3476
8314 2 2 9 8 3176 6231 2246
8315 2 2 9 8 1920 6312 3966
8316 2 2 9 8 2652 5653 436
8317 2 2 9 8 999 5591 3018
8318 2 2 9 8 3504 4318 1494
8319 2 2 9 8 1165 5304 3133
8320 2 2 9 8 1434 4404 2286
8321 2 2 9 8 586 5959 3143
8322 2 2 9 8 796 5895 2736
8323 2 2 9 8 456 3906 2033
8324 2 2 9 8 2051 6300 4851
8325 2 2 9 8 3139 5932 433
8326 2 2 9 8 3769 4915 1752
8327 2 2 9 8 100 4436 99
8328 2 2 9 8 3334 4148 1022
8329 2 2 9 8 3408 4848 720
8330 2 2 9 8 520 4642 3082
8331 2 2 9 8 2662 5401 703
8332 2 2 9 8 1717 5623 5185
8333 2 2 9 8 683 4647 4006
8334 2 2 9 8 2680 3267 1636
8335 2 2 9 8 3224 5430 2485
8336 2 2 9 8 739 6200 4689
8337 2 2 9 8 2198 4077 3609
8338 2 2 9 8 4728 6228 1245
8339 2 2 9 8 2887 4812 1003
8340 2 2 9 8 1554 5011 2426
8341 2 2 9 8 3421 6175 2715
8342 2 2 9 8 2051 4851 3225
8343 2 2 9 8 3017 4895 821
8344 2 2 9 8 1348 4069 3886
8345 2 2 9 8 516 5489 3154
8346 2 2 9 8 381 5796 4175
8347 2 2 9 8 881 5606 3591
8348 2 2 9 8 3331 6579 3787
8349 2 2 9 8 3340 4992 1712
8350 2 2 9 8 997 6601 2711
8351 2 2 9 8 981 5309 2747
8352 2 2 9 8 2519 6139 3279
8353 2 2 9 8 4194 5091 2144
8354 2 2 9 8 2868 5050 1045
8355 2 2 9 8 3593 6347 2004
8356 2 2 9 8 3655 5063 1758
8357 2 2 9 8 3069 5610 2922
8358 2 2 9 8 1783 4722 2704
8359 2 2 9 8 4159 6503 3045
8360 2 2 9 8 1433 3942 3594
8361 2 2 9 8 2207 5264 3928
8362 2 2 9 8 2115 5769 4951
8363 2 2 9 8 3781 5745 2146
8364 2 2 9 8 3213 6308 2392
8365 2 2 9 8 4150 4216 675
8366 2 2 9 8 1353 6533 3635
8367 2 2 9 8 2902 5642 949
8368 2 2 9 8 1744 5316 4521
8369 2 2 9 8 748 4961 2931
8370 2 2 9 8 387 5935 3672
8371 2 2 9 8 682 5823 3842
8372 2 2 9 8 1543 3882 3356
8373 2 2 9 8 4850 6524 407
8374 2 2 9 8 1377 4092 3551
8375 2 2 9 8 5135 6406 718
8376 2 2 9 8 3444 4284 2285
8377 2 2 9 8 4841 4954 1638
8378 2 2 9 8 1428 4192 3879
8379 2 2 9 8 1401 5576 2738
8380 2 2 9 8 3842 5823 2102
8381 2 2 9 8 1024 4284 3444
8382 2 2 9 8 3587 6275 149
8383 2 2 9 8 3527 5462 1658
8384 2 2 9 8 3257 5887 2575
8385 2 2 9 8 1209 6022 4051
8386 2 2 9 8 3931 3951 1581
8387 2 2 9 8 4711 6423 2338
8388 2 2 9 8 3771 4524 1297
8389 2 2 9 8 775 5301 2855
8390 2 2 9 8 4082 4426 380
8391 2 2 9 8 3495 3878 661
8392 2 2 9 8 3335 4958 1571
8393 2 2 9 8 1652 6341 3369
8394 2 2 9 8 435 4248 3498
8395 2 2 9 8 791 6430 3860
8396 2 2 9 8 3037 4734 356
8397 2 2 9 8 3143 5959 1790
8398 2 2 9 8 1940 5587 3714
8399 2 2 9 8 1082 4917 3064
8400 2 2 9 8 619 6321 3043
8401 2 2 9 8 1101 6111 3118
8402 2 2 9 8 1106 4750 4668
8403 2 2 9 8 6332 6451 524
8404 2 2 9 8 171 5737 3306
8405 2 2 9 8 1562 5022 2858
8406 2 2 9 8 3280 5792 1807
8407 2 2 9 8 1592 5533 3850
8408 2 2 9 8 3330 3661 1113
8409 2 2 9 8 3011 5053 934
8410 2 2 9 8 2853 6197 487
8411 2 2 9 8 3930 5185 2105
8412 2 2 9 8 3104 5656 474
8413 2 2 9 8 5421 6192 1958
8414 2 2 9 8 855 4442 2040
8415 2 2 9 8 3769 4781 805
8416 2 2 9 8 5005 6378 2741
8417 2 2 9 8 1302 3959 3106
8418 2 2 9 8 3398 4271 1629
8419 2 2 9 8 3387 4960 1482
8420 2 2 9 8 495 4897 3162
8421 2 2 9 8 151 4110 150
8422 2 2 9 8 3148 4288 677
8423 2 2 9 8 3207 5058 627
8424 2 2 9 8 4024 4800 2490
8425 2 2 9 8 1966 4149 3808
8426 2 2 9 8 2849 5654 5269
8427 2 2 9 8 3261 4686 1357
8428 2 2 9 8 3107 5860 521
8429 2 2 9 8 3004 5942 355
8430 2 2 9 8 597 5430 5429
8431 2 2 9 8 1969 5108 3901
8432 2 2 9 8 2698 5102 1573
8433 2 2 9 8 2961 6234 1539
8434 2 2 9 8 3060 5367 1650
8435 2 2 9 8 1127 3295 3294
8436 2 2 9 8 759 4513 4119
8437 2 2 9 8 354 3909 2654
8438 2 2 9 8 3100 5233 1119
8439 2 2 9 8 285 6539 3586
8440 2 2 9 8 2560 5806 490
8441 2 2 9 8 1098 5283 3115
8442 2 2 9 8 4097 5736 172
8443 2 2 9 8 1520 5002 2547
8444 2 2 9 8 832 2824 2808
8445 2 2 9 8 1706 5451 4997
8446 2 2 9 8 3287 3372 1197
8447 2 2 9 8 5016 6114 1946
8448 2 2 9 8 3516 4854 494
8449 2 2 9 8 464 4430 3447
8450 2 2 9 8 1430 4626 3598
8451 2 2 9 8 1959 5070 4536
8452 2 2 9 8 4877 5096 971
8453 2 2 9 8 2998 6106 1826
8454 2 2 9 8 1469 5249 2790
8455 2 2 9 8 3673 5355 1044
8456 2 2 9 8 65 6061 64
8457 2 2 9 8 1885 5251 4601
8458 2 2 9 8 3579 3628 639
8459 2 2 9 8 914 5892 5159
8460 2 2 9 8 3800 4321 1962
8461 2 2 9 8 2478 6061 3678
8462 2 2 9 8 3674 3974 1389
8463 2 2 9 8 4809 5667 365
8464 2 2 9 8 1488 5136 3091
8465 2 2 9 8 3920 4314 1413
8466 2 2 9 8 3249 4095 1775
8467 2 2 9 8 789 5864 3813
8468 2 2 9 8 4268 5059 994
8469 2 2 9 8 1241 5027 3293
8470 2 2 9 8 1485 4041 3656
8471 2 2 9 8 426 5793 3217
8472 2 2 9 8 2122 4671 3311
8473 2 2 9 8 4626 6013 1431
8474 2 2 9 8 4237 4792 1329
8475 2 2 9 8 1285 4228 2866
8476 2 2 9 8 4508 4553 2331
8477 2 2 9 8 3576 5633 768
8478 2 2 9 8 4203 5332 2140
8479 2 2 9 8 1611 3538 3286
8480 2 2 9 8 1412 4930 2969
8481 2 2 9 8 1729 5043 367
8482 2 2 9 8 3188 4892 1911
8483 2 2 9 8 3187 6520 1168
8484 2 2 9 8 888 6566 3657
8485 2 2 9 8 2437 6015 4904
8486 2 2 9 8 606 6257 3485
8487 2 2 9 8 3484 4931 2125
8488 2 2 9 8 3833 5980 540
8489 2 2 9 8 3607 4965 38
8490 2 2 9 8 1681 5012 2557
8491 2 2 9 8 703 4427 2999
8492 2 2 9 8 2749 5503 3806
8493 2 2 9 8 653 5340 4438
8494 2 2 9 8 92 3982 1846
8495 2 2 9 8 4755 4771 1527
8496 2 2 9 8 3481 5740 1872
8497 2 2 9 8 3541 5794 2950
8498 2 2 9 8 233 5547 232
8499 2 2 9 8 4248 5163 1050
8500 2 2 9 8 4408 5864 789
8501 2 2 9 8 813 4533 4498
8502 2 2 9 8 627 4697 3540
8503 2 2 9 8 437 5363 2889
8504 2 2 9 8 658 3899 3796
8505 2 2 9 8 4937 4984 2313
8506 2 2 9 8 3325 4802 550
8507 2 2 9 8 2286 5505 1447
8508 2 2 9 8 3443 5018 798
8509 2 2 9 8 5239 6050 2163
8510 2 2 9 8 1536 6073 3554
8511 2 2 9 8 1062 5498 4340
8512 2 2 9 8 1882 6545 3162
8513 2 2 9 8 1441 4666 3220
8514 2 2 9 8 1197 4489 3287
8515 2 2 9 8 1234 5905 3566
8516 2 2 9 8 1665 6131 3180
8517 2 2 9 8 3209 4013 1193
8518 2 2 9 8 1912 5862 3452
8519 2 2 9 8 3083 5860 3107
8520 2 2 9 8 1114 5168 4009
8521 2 2 9 8 1732 6417 4637
8522 2 2 9 8 683 4314 3920
8523 2 2 9 8 3529 3917 1952
8524 2 2 9 8 3683 5469 1941
8525 2 2 9 8 590 6631 2711
8526 2 2 9 8 1342 6327 3547
8527 2 2 9 8 2673 6261 5076
8528 2 2 9 8 1809 5945 3486
8529 2 2 9 8 3901 5108 1232
8530 2 2 9 8 1709 4330 3015
8531 2 2 9 8 3640 4230 1213
8532 2 2 9 8 130 4157 129
8533 2 2 9 8 5542 5626 2166
8534 2 2 9 8 227 4548 226
8535 2 2 9 8 3860 5327 791
8536 2 2 9 8 3227 4375 1516
8537 2 2 9 8 1356 4787 2561
8538 2 2 9 8 2480 6009 5690
8539 2 2 9 8 941 5607 3255
8540 2 2 9 8 710 4403 2449
8541 2 2 9 8 1745 5521 3731
8542 2 2 9 8 1988 6185 2971
8543 2 2 9 8 1379 5247 3626
8544 2 2 9 8 2086 5286 4595
8545 2 2 9 8 2923 4591 398
8546 2 2 9 8 2412 6032 3706
8547 2 2 9 8 1555 5358 2941
8548 2 2 9 8 3475 4952 723
8549 2 2 9 8 3065 4744 1848
8550 2 2 9 8 691 4594 3480
8551 2 2 9 8 1451 4273 3532
8552 2 2 9 8 1477 4660 4647
8553 2 2 9 8 1752 4915 4672
8554 2 2 9 8 3734 5387 1449
8555 2 2 9 8 35 5017 2821
8556 2 2 9 8 2845 6405 570
8557 2 2 9 8 959 6399 4646
8558 2 2 9 8 1340 5332 4203
8559 2 2 9 8 509 6561 6002
8560 2 2 9 8 843 2414 1915
8561 2 2 9 8 1207 5953 4353
8562 2 2 9 8 3751 5043 1729
8563 2 2 9 8 3222 5466 509
8564 2 2 9 8 4772 5949 2386
8565 2 2 9 8 428 5473 3175
8566 2 2 9 8 3452 3453 1912
8567 2 2 9 8 4763 5439 1677
8568 2 2 9 8 832 4748 2824
8569 2 2 9 8 697 5662 3100
8570 2 2 9 8 3259 5492 1534
8571 2 2 9 8 2127 5376 5149
8572 2 2 9 8 3524 5939 767
8573 2 2 9 8 3461 5708 1106
8574 2 2 9 8 4243 5219 1382
8575 2 2 9 8 1318 4955 3124
8576 2 2 9 8 4134 4135 1053
8577 2 2 9 8 4658 6172 131
8578 2 2 9 8 4208 4804 1933
8579 2 2 9 8 1275 4887 3196
8580 2 2 9 8 2036 5573 5377
8581 2 2 9 8 3822 4983 2505
8582 2 2 9 8 1413 4274 3920
8583 2 2 9 8 3637 4517 1597
8584 2 2 9 8 2905 4864 1719
8585 2 2 9 8 4326 6143 907
8586 2 2 9 8 1213 6601 2955
8587 2 2 9 8 4307 5119 2552
8588 2 2 9 8 3186 5359 2193
8589 2 2 9 8 3490 6282 471
8590 2 2 9 8 3557 6183 534
8591 2 2 9 8 1068 5208 3627
8592 2 2 9 8 4397 4684 453
8593 2 2 9 8 5541 6599 2354
8594 2 2 9 8 2052 6465 4421
8595 2 2 9 8 4006 4647 1793
8596 2 2 9 8 3344 6509 1798
8597 2 2 9 8 1067 6518 5121
8598 2 2 9 8 4420 6600 3464
8599 2 2 9 8 2986 5307 579
8600 2 2 9 8 1574 4254 4053
8601 2 2 9 8 1629 5010 3218
8602 2 2 9 8 187 4345 186
8603 2 2 9 8 2747 4226 981
8604 2 2 9 8 2898 4050 830
8605 2 2 9 8 4177 5527 1883
8606 2 2 9 8 5563 6336 2991
8607 2 2 9 8 3199 6033 1814
8608 2 2 9 8 3288 4030 357
8609 2 2 9 8 492 5064 3701
8610 2 2 9 8 1546 5509 2722
8611 2 2 9 8 3832 4133 366
8612 2 2 9 8 3902 5804 3003
8613 2 2 9 8 1711 5868 2794
8614 2 2 9 8 1702 5164 4086
8615 2 2 9 8 250 4904 249
8616 2 2 9 8 1153 6302 3525
8617 2 2 9 8 1404 5462 3527
8618 2 2 9 8 3657 6566 2094
8619 2 2 9 8 452 3925 3426
8620 2 2 9 8 1574 4053 3613
8621 2 2 9 8 4177 4916 1086
8622 2 2 9 8 1934 4270 3555
8623 2 2 9 8 841 5371 4391
8624 2 2 9 8 3070 5109 1742
8625 2 2 9 8 3644 5044 1100
8626 2 2 9 8 1615 6023 3750
8627 2 2 9 8 3071 5235 431
8628 2 2 9 8 1470 4571 1960
8629 2 2 9 8 631 5377 4690
8630 2 2 9 8 1719 5513 2905
8631 2 2 9 8 3129 3364 82
8632 2 2 9 8 140 5438 2824
8633 2 2 9 8 4719 6102 1596
8634 2 2 9 8 3639 4755 1527
8635 2 2 9 8 2394 3262 1161
8636 2 2 9 8 3701 5064 1775
8637 2 2 9 8 1822 5688 4267
8638 2 2 9 8 1364 5560 3052
8639 2 2 9 8 3081 5452 1724
8640 2 2 9 8 4411 5055 1656
8641 2 2 9 8 1545 5928 5198
8642 2 2 9 8 2917 6458 1244
8643 2 2 9 8 915 6299 3205
8644 2 2 9 8 1029 5350 3511
8645 2 2 9 8 2371 5522 4465
8646 2 2 9 8 3137 3823 666
8647 2 2 9 8 3069 4712 157
8648 2 2 9 8 4076 4344 1916
8649 2 2 9 8 963 4329 3144
8650 2 2 9 8 1747 5518 4885
8651 2 2 9 8 249 4904 2305
8652 2 2 9 8 3690 4878 396
8653 2 2 9 8 268 4298 3245
8654 2 2 9 8 3580 6538 275
8655 2 2 9 8 3535 5699 803
8656 2 2 9 8 2911 5836 1391
8657 2 2 9 8 5318 6542 2245
8658 2 2 9 8 303 6121 302
8659 2 2 9 8 3081 4339 1513
8660 2 2 9 8 3168 6413 373
8661 2 2 9 8 3305 6227 2147
8662 2 2 9 8 5086 6037 901
8663 2 2 9 8 3953 4891 602
8664 2 2 9 8 4323 5601 1802
8665 2 2 9 8 3551 4092 610
8666 2 2 9 8 3355 5996 1463
8667 2 2 9 8 519 5448 2934
8668 2 2 9 8 3596 4407 1433
8669 2 2 9 8 1422 4283 3963
8670 2 2 9 8 846 5396 2644
8671 2 2 9 8 3368 5930 907
8672 2 2 9 8 3365 6072 1592
8673 2 2 9 8 1555 5741 4478
8674 2 2 9 8 1272 5654 3004
8675 2 2 9 8 3327 4560 1418
8676 2 2 9 8 524 6451 2715
8677 2 2 9 8 470 6572 4373
8678 2 2 9 8 1411 4198 3703
8679 2 2 9 8 3062 6473 525
8680 2 2 9 8 2702 6198 1231
8681 2 2 9 8 269 4298 1
8682 2 2 9 8 5274 5275 1427
8683 2 2 9 8 5621 6615 2272
8684 2 2 9 8 1970 4526 3979
8685 2 2 9 8 3320 5960 679
8686 2 2 9 8 1855 5350 5245
8687 2 2 9 8 2579 5598 5328
8688 2 2 9 8 3053 5994 1163
8689 2 2 9 8 1397 4988 2750
8690 2 2 9 8 5752 5998 2030
8691 2 2 9 8 2418 5566 3794
8692 2 2 9 8 2917 5045 764
8693 2 2 9 8 1100 6088 3311
8694 2 2 9 8 2808 2950 832
8695 2 2 9 8 2502 5437 4586
8696 2 2 9 8 546 4329 3893
8697 2 2 9 8 700 4566 3370
8698 2 2 9 8 1721 4397 4381
8699 2 2 9 8 1823 5582 4522
8700 2 2 9 8 3319 5223 1881
8701 2 2 9 8 2880 6574 906
8702 2 2 9 8 1753 4342 4119
8703 2 2 9 8 3494 6043 713
8704 2 2 9 8 2461 5099 4754
8705 2 2 9 8 1424 5455 4062
8706 2 2 9 8 2034 6042 3197
8707 2 2 9 8 5600 6398 822
8708 2 2 9 8 3619 4402 1395
8709 2 2 9 8 3754 6462 2636
8710 2 2 9 8 1810 4520 3761
8711 2 2 9 8 1342 4986 3341
8712 2 2 9 8 1834 5483 2689
8713 2 2 9 8 3098 5573 2036
8714 2 2 9 8 1257 4321 3800
8715 2 2 9 8 3646 5850 695
8716 2 2 9 8 2095 5096 4877
8717 2 2 9 8 3755 5862 1912
8718 2 2 9 8 987 4855 4160
8719 2 2 9 8 3872 6003 1732
8720 2 2 9 8 4452 4675 2288
8721 2 2 9 8 3514 6610 2924
8722 2 2 9 8 3490 6342 2276
8723 2 2 9 8 2866 5528 1285
8724 2 2 9 8 3321 4856 2454
8725 2 2 9 8 382 6175 3421
8726 2 2 9 8 143 5785 142
8727 2 2 9 8 980 5524 3146
8728 2 2 9 8 1527 4369 3639
8729 2 2 9 8 2965 4502 585
8730 2 2 9 8 4418 4840 1410
8731 2 2 9 8 4035 5460 1751
8732 2 2 9 8 3383 5921 1980
8733 2 2 9 8 2250 6565 3814
8734 2 2 9 8 3128 6400 1918
8735 2 2 9 8 1074 5538 1620
8736 2 2 9 8 1566 6385 3811
8737 2 2 9 8 3150 4749 637
8738 2 2 9 8 3180 6131 582
8739 2 2 9 8 1110 6344 3165
8740 2 2 9 8 1792 5637 3023
8741 2 2 9 8 3683 4890 738
8742 2 2 9 8 1303 5138 4575
8743 2 2 9 8 3128 6404 477
8744 2 2 9 8 3567 4753 404
8745 2 2 9 8 825 4633 4180
8746 2 2 9 8 3268 6009 2480
8747 2 2 9 8 694 5191 4184
8748 2 2 9 8 2898 4697 627
8749 2 2 9 8 2935 5834 744
8750 2 2 9 8 145 5237 3819
8751 2 2 9 8 3197 5209 2034
8752 2 2 9 8 4952 5467 1495
8753 2 2 9 8 1431 3669 3132
8754 2 2 9 8 138 4169 137
8755 2 2 9 8 1487 5199 3172
8756 2 2 9 8 2311 5954 2588
8757 2 2 9 8 1322 5154 3241
8758 2 2 9 8 2587 5279 1798
8759 2 2 9 8 3185 5493 1635
8760 2 2 9 8 1830 4996 3349
8761 2 2 9 8 4127 6270 1384
8762 2 2 9 8 5039 5682 572
8763 2 2 9 8 734 4471 3501
8764 2 2 9 8 1798 5279 3344
8765 2 2 9 8 3706 6032 535
8766 2 2 9 8 3101 4203 580
8767 2 2 9 8 2523 6098 1537
8768 2 2 9 8 4514 6257 2708
8769 2 2 9 8 3138 6317 1459
8770 2 2 9 8 4340 5498 3008
8771 2 2 9 8 1917 4497 3651
8772 2 2 9 8 3231 5440 565
8773 2 2 9 8 6197 6457 487
8774 2 2 9 8 2088 5334 3278
8775 2 2 9 8 1025 3224 2485
8776 2 2 9 8 1175 4150 3345
8777 2 2 9 8 3223 5599 617
8778 2 2 9 8 5101 5852 1382
8779 2 2 9 8 2123 5254 4034
8780 2 2 9 8 705 4103 4102
8781 2 2 9 8 1872 6017 3481
8782 2 2 9 8 2463 6201 3792
8783 2 2 9 8 4301 4302 873
8784 2 2 9 8 582 6434 3631
8785 2 2 9 8 4424 4492 2117
8786 2 2 9 8 3950 5995 1996
8787 2 2 9 8 1509 6395 3780
8788 2 2 9 8 3722 6348 1492
8789 2 2 9 8 1042 6284 3253
8790 2 2 9 8 4102 4902 1697
8791 2 2 9 8 3313 5690 1242
8792 2 2 9 8 4421 6465 2342
8793 2 2 9 8 896 3108 2857
8794 2 2 9 8 2957 4440 1498
8795 2 2 9 8 2150 5278 4425
8796 2 2 9 8 2352 6483 3413
8797 2 2 9 8 3601 6419 1968
8798 2 2 9 8 3991 4259 1867
8799 2 2 9 8 1093 5824 2933
8800 2 2 9 8 3880 4673 1779
8801 2 2 9 8 1536 5252 2563
8802 2 2 9 8 1864 5730 2820
8803 2 2 9 8 1227 6400 3128
8804 2 2 9 8 715 6375 3152
8805 2 2 9 8 776 5836 2911
8806 2 2 9 8 3011 6433 383
8807 2 2 9 8 4190 6215 1841
8808 2 2 9 8 2922 5610 158
8809 2 2 9 8 3255 5607 1826
8810 2 2 9 8 1594 4800 4024
8811 2 2 9 8 2030 5998 4678
8812 2 2 9 8 4650 5604 2402
8813 2 2 9 8 3996 5702 2248
8814 2 2 9 8 4815 6050 1405
8815 2 2 9 8 3884 4098 1386
8816 2 2 9 8 259 5876 258
8817 2 2 9 8 123 5361 122
8818 2 2 9 8 2045 6430 5225
8819 2 2 9 8 3367 5319 1345
8820 2 2 9 8 2974 3872 447
8821 2 2 9 8 4774 4845 2194
8822 2 2 9 8 581 6067 6062
8823 2 2 9 8 1643 4863 3142
8824 2 2 9 8 2984 6298 1096
8825 2 2 9 8 3180 5514 1665
8826 2 2 9 8 506 6280 4620
8827 2 2 9 8 3674 5531 1390
8828 2 2 9 8 4145 4189 1608
8829 2 2 9 8 4145 4283 1422
8830 2 2 9 8 353 4645 2849
8831 2 2 9 8 5465 5628 789
8832 2 2 9 8 1201 5411 3157
8833 2 2 9 8 112 2753 2691
8834 2 2 9 8 5696 5847 1967
8835 2 2 9 8 1229 6418 3088
8836 2 2 9 8 1057 5317 2829
8837 2 2 9 8 3149 5180 1633
8838 2 2 9 8 1227 4460 3561
8839 2 2 9 8 4029 4281 1836
8840 2 2 9 8 458 6505 4858
8841 2 2 9 8 2950 5794 832
8842 2 2 9 8 1553 4377 4125
8843 2 2 9 8 1350 6243 3753
8844 2 2 9 8 4559 6153 2367
8845 2 2 9 8 124 4319 123
8846 2 2 9 8 4629 5672 712
8847 2 2 9 8 5827 5958 2685
8848 2 2 9 8 3844 4186 1656
8849 2 2 9 8 1501 5419 2886
8850 2 2 9 8 4674 4946 1887
8851 2 2 9 8 3038 6625 5388
8852 2 2 9 8 3027 6091 1808
8853 2 2 9 8 4585 5423 1901
8854 2 2 9 8 1688 6241 4721
8855 2 2 9 8 720 4848 4162
8856 2 2 9 8 2581 5385 3730
8857 2 2 9 8 1160 6449 4060
8858 2 2 9 8 3748 3909 1777
8859 2 2 9 8 4488 4746 955
8860 2 2 9 8 2157 5496 5245
8861 2 2 9 8 3233 5786 1831
8862 2 2 9 8 84 4409 2195
8863 2 2 9 8 5295 6078 488
8864 2 2 9 8 1814 3982 93
8865 2 2 9 8 3088 6515 1229
8866 2 2 9 8 3109 5529 420
8867 2 2 9 8 4293 5369 1963
8868 2 2 9 8 400 5081 3333
8869 2 2 9 8 3657 6039 888
8870 2 2 9 8 598 5264 3244
8871 2 2 9 8 1837 6121 2056
8872 2 2 9 8 1652 5094 3377
8873 2 2 9 8 4391 6407 2018
8874 2 2 9 8 2482 5765 4235
8875 2 2 9 8 678 5722 3696
8876 2 2 9 8 1244 3919 3559
8877 2 2 9 8 3850 4727 1414
8878 2 2 9 8 3808 4149 1317
8879 2 2 9 8 547 5151 3271
8880 2 2 9 8 2378 6345 3629
8881 2 2 9 8 2190 4866 2812
8882 2 2 9 8 2487 6413 1443
8883 2 2 9 8 3929 4469 1646
8884 2 2 9 8 1732 4637 4636
8885 2 2 9 8 1989 6270 4127
8886 2 2 9 8 1221 5712 3331
8887 2 2 9 8 4545 6343 2374
8888 2 2 9 8 3119 3691 1060
8889 2 2 9 8 2729 5335 101
8890 2 2 9 8 3139 4979 1031
8891 2 2 9 8 2955 3506 1213
8892 2 2 9 8 893 5079 4992
8893 2 2 9 8 3529 6100 185
8894 2 2 9 8 5486 6534 2057
8895 2 2 9 8 3497 5871 1850
8896 2 2 9 8 609 4013 3209
8897 2 2 9 8 4503 5888 589
8898 2 2 9 8 1550 4783 2980
8899 2 2 9 8 3675 3743 1422
8900 2 2 9 8 519 5562 3594
8901 2 2 9 8 848 3288 3194
8902 2 2 9 8 2559 6124 5103
8903 2 2 9 8 300 4579 299
8904 2 2 9 8 3234 5062 803
8905 2 2 9 8 2145 5212 3479
8906 2 2 9 8 1696 5429 4212
8907 2 2 9 8 2504 6105 4352
8908 2 2 9 8 1437 4098 3884
8909 2 2 9 8 1783 5813 2662
8910 2 2 9 8 2879 6513 2410
8911 2 2 9 8 1985 4433 4199
8912 2 2 9 8 4761 6514 2816
8913 2 2 9 8 3734 6241 503
8914 2 2 9 8 1047 4959 2876
8915 2 2 9 8 5429 5430 1366
8916 2 2 9 8 1659 5640 3426
8917 2 2 9 8 3777 6274 1068
8918 2 2 9 8 1781 4936 3195
8919 2 2 9 8 4461 5438 141
8920 2 2 9 8 3184 6194 399
8921 2 2 9 8 568 6530 3203
8922 2 2 9 8 2090 4955 4068
8923 2 2 9 8 1348 6304 3070
8924 2 2 9 8 718 4407 3596
8925 2 2 9 8 753 6012 3165
8926 2 2 9 8 3265 6372 4509
8927 2 2 9 8 4962 6323 1168
8928 2 2 9 8 2813 4336 1588
8929 2 2 9 8 1639 4521 3844
8930 2 2 9 8 355 6590 2612
8931 2 2 9 8 3646 4276 1949
8932 2 2 9 8 1262 3874 3429
8933 2 2 9 8 3110 5572 671
8934 2 2 9 8 1391 5076 2911
8935 2 2 9 8 2124 5464 4790
8936 2 2 9 8 3175 5473 1672
8937 2 2 9 8 3961 4285 210
8938 2 2 9 8 3325 5129 401
8939 2 2 9 8 4468 4558 1828
8940 2 2 9 8 2142 6325 3179
8941 2 2 9 8 3549 4147 611
8942 2 2 9 8 5172 5915 2650
8943 2 2 9 8 1548 4075 3770
8944 2 2 9 8 414 6474 3502
8945 2 2 9 8 2978 5010 1629
8946 2 2 9 8 3278 5823 682
8947 2 2 9 8 4414 4510 1526
8948 2 2 9 8 5076 6261 958
8949 2 2 9 8 3260 6106 620
8950 2 2 9 8 1799 5757 5751
8951 2 2 9 8 676 5359 3186
8952 2 2 9 8 3089 6255 1875
8953 2 2 9 8 2632 6074 4708
8954 2 2 9 8 2282 4848 3408
8955 2 2 9 8 2886 5419 883
8956 2 2 9 8 3780 5501 1509
8957 2 2 9 8 5129 5499 2588
8958 2 2 9 8 3205 6299 2546
8959 2 2 9 8 3245 6365 1907
8960 2 2 9 8 2994 3837 1370
8961 2 2 9 8 1043 6500 2756
8962 2 2 9 8 1463 4508 3355
8963 2 2 9 8 3791 4597 2105
8964 2 2 9 8 1573 4844 2698
8965 2 2 9 8 2362 5618 3169
8966 2 2 9 8 2608 5479 952
8967 2 2 9 8 5116 6091 31
8968 2 2 9 8 218 6338 3988
8969 2 2 9 8 3892 5285 40
8970 2 2 9 8 5252 5999 2563
8971 2 2 9 8 1636 3857 3790
8972 2 2 9 8 1479 4037 1436
8973 2 2 9 8 3437 5436 629
8974 2 2 9 8 2140 6349 4203
8975 2 2 9 8 639 4717 3799
8976 2 2 9 8 4871 5134 2081
8977 2 2 9 8 4637 4638 1138
8978 2 2 9 8 1702 6352 4976
8979 2 2 9 8 762 5392 3304
8980 2 2 9 8 2818 6107 460
8981 2 2 9 8 92 4927 91
8982 2 2 9 8 3695 4990 1515
8983 2 2 9 8 2143 4970 4923
8984 2 2 9 8 4540 6154 1935
8985 2 2 9 8 1742 6293 3070
8986 2 2 9 8 1742 4733 3196
8987 2 2 9 8 150 4110 3587
8988 2 2 9 8 1378 4747 3603
8989 2 2 9 8 2469 3621 554
8990 2 2 9 8 533 5777 3793
8991 2 2 9 8 1645 5058 3207
8992 2 2 9 8 471 6282 3059
8993 2 2 9 8 1960 5344 2871
8994 2 2 9 8 1081 5063 3655
8995 2 2 9 8 625 5792 3280
8996 2 2 9 8 184 6100 3871
8997 2 2 9 8 3826 4267 1533
8998 2 2 9 8 4125 4368 1109
8999 2 2 9 8 4295 5204 2444
9000 2 2 9 8 512 3509 3503
9001 2 2 9 8 4758 5435 1910
9002 2 2 9 8 1783 6525 3474
9003 2 2 9 8 527 4946 4674
9004 2 2 9 8 4047 6285 2098
9005 2 2 9 8 1629 5160 3398
9006 2 2 9 8 2826 6541 2013
9007 2 2 9 8 2138 5275 5274
9008 2 2 9 8 3172 5199 892
9009 2 2 9 8 3818 6421 1385
9010 2 2 9 8 3906 5422 963
9011 2 2 9 8 3378 4454 431
9012 2 2 9 8 107 4894 106
9013 2 2 9 8 283 5075 282
9014 2 2 9 8 3715 6395 1509
9015 2 2 9 8 824 5231 3116
9016 2 2 9 8 2422 6165 6109
9017 2 2 9 8 828 4606 3504
9018 2 2 9 8 2248 6569 3996
9019 2 2 9 8 2127 6171 4330
9020 2 2 9 8 2301 5596 3719
9021 2 2 9 8 5193 5565 698
9022 2 2 9 8 228 5258 227
9023 2 2 9 8 507 4716 4022
9024 2 2 9 8 3349 5149 589
9025 2 2 9 8 5675 6041 2452
9026 2 2 9 8 3808 5747 1966
9027 2 2 9 8 709 6267 3781
9028 2 2 9 8 1477 4274 3963
9029 2 2 9 8 1914 4310 4309
9030 2 2 9 8 2062 4896 4757
9031 2 2 9 8 1507 6498 5453
9032 2 2 9 8 3064 5899 1082
9033 2 2 9 8 1678 4906 4679
9034 2 2 9 8 3353 5682 1368
9035 2 2 9 8 3073 5972 1028
9036 2 2 9 8 2319 6160 517
9037 2 2 9 8 26 4777 25
9038 2 2 9 8 1986 4921 3752
9039 2 2 9 8 5056 5950 2525
9040 2 2 9 8 3018 5591 1772
9041 2 2 9 8 4220 4890 1439
9042 2 2 9 8 1144 5504 2601
9043 2 2 9 8 4778 6514 1268
9044 2 2 9 8 840 4755 3639
9045 2 2 9 8 2956 5992 1711
9046 2 2 9 8 3049 5386 1184
9047 2 2 9 8 1268 6514 4761
9048 2 2 9 8 1785 4872 3182
9049 2 2 9 8 4603 6138 2115
9050 2 2 9 8 3691 3692 1060
9051 2 2 9 8 3040 4654 1646
9052 2 2 9 8 4647 4660 1793
9053 2 2 9 8 3155 6423 4711
9054 2 2 9 8 3281 4999 1723
9055 2 2 9 8 1486 4612 3302
9056 2 2 9 8 1356 6523 3379
9057 2 2 9 8 5579 5970 1782
9058 2 2 9 8 494 5014 3516
9059 2 2 9 8 1695 5066 3243
9060 2 2 9 8 3775 4564 558
9061 2 2 9 8 1679 4984 4937
9062 2 2 9 8 1434 5995 3950
9063 2 2 9 8 845 5211 2491
9064 2 2 9 8 548 5608 3292
9065 2 2 9 8 4349 6182 2031
9066 2 2 9 8 505 4425 4028
9067 2 2 9 8 1721 4684 4397
9068 2 2 9 8 3528 4634 1180
9069 2 2 9 8 3666 4428 870
9070 2 2 9 8 1515 4709 3489
9071 2 2 9 8 844 4834 2028
9072 2 2 9 8 851 4899 3416
9073 2 2 9 8 1192 3540 2616
9074 2 2 9 8 5236 6115 682
9075 2 2 9 8 3489 4709 1140
9076 2 2 9 8 699 6049 3138
9077 2 2 9 8 948 5940 2931
9078 2 2 9 8 2097 5096 5019
9079 2 2 9 8 2927 6038 521
9080 2 2 9 8 1474 5733 3427
9081 2 2 9 8 3525 5745 1153
9082 2 2 9 8 1753 5178 3318
9083 2 2 9 8 4923 4970 1909
9084 2 2 9 8 1589 5259 4766
9085 2 2 9 8 1883 4916 4177
9086 2 2 9 8 2456 5147 3581
9087 2 2 9 8 2913 5495 1584
9088 2 2 9 8 602 6193 5588
9089 2 2 9 8 3 5237 145
9090 2 2 9 8 3574 5242 1491
9091 2 2 9 8 4668 4750 1924
9092 2 2 9 8 1390 4061 3974
9093 2 2 9 8 5266 5692 1694
9094 2 2 9 8 4422 5459 2997
9095 2 2 9 8 4188 5993 1271
9096 2 2 9 8 849 6380 1795
9097 2 2 9 8 1676 5762 3089
9098 2 2 9 8 3255 5431 941
9099 2 2 9 8 4472 5574 1889
9100 2 2 9 8 1905 5494 2881
9101 2 2 9 8 2904 5101 1382
9102 2 2 9 8 3844 4521 804
9103 2 2 9 8 3159 6496 2556
9104 2 2 9 8 1212 4773 2936
9105 2 2 9 8 2820 5730 293
9106 2 2 9 8 3727 4234 1338
9107 2 2 9 8 2030 5089 3219
9108 2 2 9 8 4028 4425 1759
9109 2 2 9 8 1660 6487 5903
9110 2 2 9 8 3535 5062 1821
9111 2 2 9 8 898 4665 3102
9112 2 2 9 8 5198 6324 614
9113 2 2 9 8 71 4789 70
9114 2 2 9 8 1026 5853 4872
9115 2 2 9 8 3598 5028 1430
9116 2 2 9 8 4999 6477 1723
9117 2 2 9 8 1258 4898 3618
9118 2 2 9 8 3921 6461 1277
9119 2 2 9 8 4156 6098 2523
9120 2 2 9 8 1316 5493 3185
9121 2 2 9 8 3745 6449 1160
9122 2 2 9 8 5336 6570 545
9123 2 2 9 8 1396 4717 3628
9124 2 2 9 8 2328 5238 3223
9125 2 2 9 8 1052 3364 3129
9126 2 2 9 8 3974 4061 379
9127 2 2 9 8 2941 5602 1498
9128 2 2 9 8 2799 5530 1289
9129 2 2 9 8 834 6090 3512
9130 2 2 9 8 1465 6602 4625
9131 2 2 9 8 1596 4764 4719
9132 2 2 9 8 2747 5309 5303
9133 2 2 9 8 4047 5413 987
9134 2 2 9 8 3693 6388 109
9135 2 2 9 8 2029 4771 4755
9136 2 2 9 8 3504 4606 1567
9137 2 2 9 8 1381 5843 2735
9138 2 2 9 8 986 6018 3478
9139 2 2 9 8 1847 5930 3368
9140 2 2 9 8 4482 6529 2906
9141 2 2 9 8 1452 4846 3904
9142 2 2 9 8 1493 5479 2608
9143 2 2 9 8 1407 4725 3243
9144 2 2 9 8 692 4221 4189
9145 2 2 9 8 3271 4470 547
9146 2 2 9 8 788 6092 3782
9147 2 2 9 8 1501 6057 3465
9148 2 2 9 8 3871 6100 1952
9149 2 2 9 8 3666 3846 1507
9150 2 2 9 8 693 4134 3366
9151 2 2 9 8 3860 6430 2045
9152 2 2 9 8 530 6358 2552
9153 2 2 9 8 3347 5248 651
9154 2 2 9 8 924 5533 3348
9155 2 2 9 8 1926 5641 4737
9156 2 2 9 8 3757 5158 2943
9157 2 2 9 8 547 5530 2799
9158 2 2 9 8 609 6146 3864
9159 2 2 9 8 3175 5700 428
9160 2 2 9 8 1691 4219 3776
9161 2 2 9 8 5556 5626 2398
9162 2 2 9 8 1539 5166 3677
9163 2 2 9 8 3143 5861 1835
9164 2 2 9 8 4697 6606 1605
9165 2 2 9 8 2651 5431 3255
9166 2 2 9 8 1664 6235 2200
9167 2 2 9 8 654 5212 3076
9168 2 2 9 8 3369 6341 1135
9169 2 2 9 8 2673 5570 386
9170 2 2 9 8 4748 5794 2560
9171 2 2 9 8 3200 4968 4500
9172 2 2 9 8 558 4506 3776
9173 2 2 9 8 2369 5731 4855
9174 2 2 9 8 2969 5272 1522
9175 2 2 9 8 2966 6613 660
9176 2 2 9 8 2738 4027 1302
9177 2 2 9 8 2189 6582 4162
9178 2 2 9 8 2287 5667 4809
9179 2 2 9 8 3643 5774 1421
9180 2 2 9 8 3428 5249 1469
9181 2 2 9 8 1422 4189 4145
9182 2 2 9 8 4598 5011 2984
9183 2 2 9 8 3526 4826 1215
9184 2 2 9 8 3796 3899 1503
9185 2 2 9 8 2437 4904 250
9186 2 2 9 8 4572 5968 2425
9187 2 2 9 8 2740 4201 838
9188 2 2 9 8 1273 5442 3418
9189 2 2 9 8 1479 4031 3832
9190 2 2 9 8 5679 5878 1663
9191 2 2 9 8 3786 5511 1530
9192 2 2 9 8 4225 4703 1499
9193 2 2 9 8 3134 3502 1644
9194 2 2 9 8 1858 5445 3676
9195 2 2 9 8 2260 6359 5032
9196 2 2 9 8 1165 3499 3498
9197 2 2 9 8 2267 5622 4938
9198 2 2 9 8 1664 5289 3663
9199 2 2 9 8 2008 5807 3464
9200 2 2 9 8 2225 5852 5101
9201 2 2 9 8 2800 6193 602
9202 2 2 9 8 2031 4820 4349
9203 2 2 9 8 442 4730 4362
9204 2 2 9 8 3631 6434 2209
9205 2 2 9 8 4251 5933 573
9206 2 2 9 8 2035 5117 4611
9207 2 2 9 8 4035 6416 197
9208 2 2 9 8 4452 5394 2489
9209 2 2 9 8 1472 5000 3738
9210 2 2 9 8 829 4859 4381
9211 2 2 9 8 744 4136 2936
9212 2 2 9 8 74 4860 73
9213 2 2 9 8 2894 6616 1010
9214 2 2 9 8 2064 6025 3339
9215 2 2 9 8 1534 6363 3259
9216 2 2 9 8 3272 5991 1327
9217 2 2 9 8 1915 4310 843
9218 2 2 9 8 5159 5892 2484
9219 2 2 9 8 3589 5902 1260
9220 2 2 9 8 783 4308 3030
9221 2 2 9 8 4463 5770 2307
9222 2 2 9 8 996 6160 4388
9223 2 2 9 8 1654 5078 4693
9224 2 2 9 8 2398 5626 5542
9225 2 2 9 8 1711 6011 2956
9226 2 2 9 8 1085 4319 4196
9227 2 2 9 8 1954 6136 3346
9228 2 2 9 8 2205 5230 3599
9229 2 2 9 8 1664 6468 3449
9230 2 2 9 8 1524 4868 3383
9231 2 2 9 8 573 4040 3806
9232 2 2 9 8 635 6443 6202
9233 2 2 9 8 4118 5534 767
9234 2 2 9 8 1103 6450 5102
9235 2 2 9 8 1515 4990 4709
9236 2 2 9 8 3505 5789 1546
9237 2 2 9 8 1768 5134 4871
9238 2 2 9 8 2751 6505 3652
9239 2 2 9 8 365 6079 4245
9240 2 2 9 8 4173 4458 460
9241 2 2 9 8 3905 5051 1446
9242 2 2 9 8 3806 4040 2372
9243 2 2 9 8 1652 4906 4261
9244 2 2 9 8 3137 6370 972
9245 2 2 9 8 2102 5523 4176
9246 2 2 9 8 3533 4569 1355
9247 2 2 9 8 5509 5789 3250
9248 2 2 9 8 3427 5733 781
9249 2 2 9 8 3315 6555 2444
9250 2 2 9 8 3463 5776 1613
9251 2 2 9 8 1737 4680 2528
9252 2 2 9 8 1508 3006 2447
9253 2 2 9 8 1323 4467 3310
9254 2 2 9 8 2936 4136 1212
9255 2 2 9 8 2392 5628 5465
9256 2 2 9 8 3001 5665 752
9257 2 2 9 8 3389 6513 2879
9258 2 2 9 8 3303 6157 2154
9259 2 2 9 8 1439 4925 3681
9260 2 2 9 8 2107 6445 3613
9261 2 2 9 8 1460 5436 3437
9262 2 2 9 8 2464 6406 5135
9263 2 2 9 8 4032 4312 2507
9264 2 2 9 8 2099 5170 4781
9265 2 2 9 8 2833 4862 891
9266 2 2 9 8 3797 4728 1245
9267 2 2 9 8 1790 5790 3143
9268 2 2 9 8 3214 6465 2052
9269 2 2 9 8 409 5671 3764
9270 2 2 9 8 611 4147 3967
9271 2 2 9 8 4314 4701 1950
9272 2 2 9 8 1949 5850 3646
9273 2 2 9 8 3416 4899 1395
9274 2 2 9 8 2004 5565 5193
9275 2 2 9 8 1182 5980 3833
9276 2 2 9 8 1928 5130 4296
9277 2 2 9 8 1463 5996 3584
9278 2 2 9 8 1178 4037 2944
9279 2 2 9 8 2669 4681 871
9280 2 2 9 8 1826 6106 3260
9281 2 2 9 8 4172 5524 980
9282 2 2 9 8 3389 5536 1882
9283 2 2 9 8 776 6492 4109
9284 2 2 9 8 1656 4515 4411
9285 2 2 9 8 3603 4747 624
9286 2 2 9 8 5520 5740 2711
9287 2 2 9 8 1710 5744 3105
9288 2 2 9 8 2704 5813 1783
9289 2 2 9 8 3778 5271 858
9290 2 2 9 8 2065 5055 4411
9291 2 2 9 8 2390 5948 4278
9292 2 2 9 8 2294 4819 2842
9293 2 2 9 8 3916 6580 1476
9294 2 2 9 8 4588 6565 2250
9295 2 2 9 8 2115 4951 3731
9296 2 2 9 8 2164 5555 3028
9297 2 2 9 8 3301 4760 194
9298 2 2 9 8 1201 6179 3522
9299 2 2 9 8 3396 6522 2206
9300 2 2 9 8 2823 6115 5236
9301 2 2 9 8 4885 5518 2401
9302 2 2 9 8 3263 6608 1208
9303 2 2 9 8 1735 5201 3735
9304 2 2 9 8 692 4189 3743
9305 2 2 9 8 2127 5149 4735
9306 2 2 9 8 464 4673 3880
9307 2 2 9 8 2077 5183 4584
9308 2 2 9 8 3922 6028 1868
9309 2 2 9 8 1091 5416 5166
9310 2 2 9 8 1222 4535 3079
9311 2 2 9 8 5476 5598 2579
9312 2 2 9 8 860 5373 4504
9313 2 2 9 8 236 5434 235
9314 2 2 9 8 1406 3970 2526
9315 2 2 9 8 3226 5695 1952
9316 2 2 9 8 3409 4839 812
9317 2 2 9 8 4680 5434 2854
9318 2 2 9 8 3525 6302 1839
9319 2 2 9 8 1821 6107 3535
9320 2 2 9 8 4757 4896 1641
9321 2 2 9 8 2599 5676 1021
9322 2 2 9 8 1390 3974 3674
9323 2 2 9 8 2238 6564 4264
9324 2 2 9 8 1689 5594 4483
9325 2 2 9 8 2328 6470 5238
9326 2 2 9 8 3224 4432 1366
9327 2 2 9 8 3612 5980 1182
9328 2 2 9 8 3393 6011 1711
9329 2 2 9 8 4331 4403 710
9330 2 2 9 8 2459 4501 4108
9331 2 2 9 8 1798 6509 3737
9332 2 2 9 8 1123 5686 3536
9333 2 2 9 8 4189 4221 1608
9334 2 2 9 8 5151 6022 3271
9335 2 2 9 8 1760 5835 3614
9336 2 2 9 8 3043 6321 5643
9337 2 2 9 8 36 5017 35
9338 2 2 9 8 1425 4281 4029
9339 2 2 9 8 4161 5114 1355
9340 2 2 9 8 2881 5494 2403
9341 2 2 9 8 3216 5257 1287
9342 2 2 9 8 3250 6515 1909
9343 2 2 9 8 942 5911 3373
9344 2 2 9 8 4011 4632 1543
9345 2 2 9 8 2853 5250 861
9346 2 2 9 8 2068 5693 5678
9347 2 2 9 8 5025 6125 448
9348 2 2 9 8 1728 5386 3049
9349 2 2 9 8 3804 5191 694
9350 2 2 9 8 865 6068 3626
9351 2 2 9 8 253 3418 3417
9352 2 2 9 8 2561 4360 1356
9353 2 2 9 8 3457 6628 1601
9354 2 2 9 8 5241 6150 2733
9355 2 2 9 8 3732 4666 1441
9356 2 2 9 8 2970 5842 4850
9357 2 2 9 8 3725 4473 668
9358 2 2 9 8 4608 5294 1363
9359 2 2 9 8 4992 5079 2244
9360 2 2 9 8 4155 6048 2046
9361 2 2 9 8 693 4135 4134
9362 2 2 9 8 1628 3947 2830
9363 2 2 9 8 3419 5070 390
9364 2 2 9 8 1477 4647 3920
9365 2 2 9 8 5103 6124 438
9366 2 2 9 8 890 6623 3716
9367 2 2 9 8 544 4944 4565
9368 2 2 9 8 3735 5201 410
9369 2 2 9 8 3776 5883 3775
9370 2 2 9 8 4779 4868 1524
9371 2 2 9 8 1841 6451 3670
9372 2 2 9 8 1648 6546 3294
9373 2 2 9 8 5249 6040 721
9374 2 2 9 8 1714 6274 3777
9375 2 2 9 8 3644 4269 1834
9376 2 2 9 8 3681 4925 754
9377 2 2 9 8 1022 5031 3334
9378 2 2 9 8 4410 5187 1679
9379 2 2 9 8 1923 4878 3690
9380 2 2 9 8 1946 6114 5007
9381 2 2 9 8 1494 4998 3504
9382 2 2 9 8 1995 4307 3783
9383 2 2 9 8 1437 4421 4098
9384 2 2 9 8 4203 6349 580
9385 2 2 9 8 3241 6071 1575
9386 2 2 9 8 3248 5352 854
9387 2 2 9 8 2714 6568 1913
9388 2 2 9 8 3851 4880 1621
9389 2 2 9 8 2850 6253 3660
9390 2 2 9 8 588 5729 3546
9391 2 2 9 8 4083 6072 2903
9392 2 2 9 8 2747 5303 4797
9393 2 2 9 8 3815 4843 1241
9394 2 2 9 8 2616 5626 1192
9395 2 2 9 8 3502 5355 1644
9396 2 2 9 8 3582 5200 1349
9397 2 2 9 8 1049 5772 2217
9398 2 2 9 8 4212 5220 1696
9399 2 2 9 8 2726 6514 4778
9400 2 2 9 8 655 5950 5056
9401 2 2 9 8 148 5542 4557
9402 2 2 9 8 4176 5523 762
9403 2 2 9 8 553 5602 5358
9404 2 2 9 8 221 4744 220
9405 2 2 9 8 3694 6578 1968
9406 2 2 9 8 1755 6122 3439
9407 2 2 9 8 5102 6450 2772
9408 2 2 9 8 226 4548 3066
9409 2 2 9 8 1371 5466 3222
9410 2 2 9 8 2077 5848 5183
9411 2 2 9 8 821 4895 3491
9412 2 2 9 8 518 5913 4622
9413 2 2 9 8 2227 6403 3314
9414 2 2 9 8 1297 4524 3900
9415 2 2 9 8 3743 5961 692
9416 2 2 9 8 3047 6368 2009
9417 2 2 9 8 2024 4894 107
9418 2 2 9 8 6191 6334 1250
9419 2 2 9 8 2618 6016 1871
9420 2 2 9 8 1141 4801 3406
9421 2 2 9 8 1554 5720 3336
9422 2 2 9 8 4553 5360 750
9423 2 2 9 8 55 6318 54
9424 2 2 9 8 538 4847 3552
9425 2 2 9 8 3995 5907 2470
9426 2 2 9 8 3299 5141 730
9427 2 2 9 8 3671 5433 155
9428 2 2 9 8 3519 5510 737
9429 2 2 9 8 417 6072 3365
9430 2 2 9 8 4716 5814 1460
9431 2 2 9 8 730 4880 3851
9432 2 2 9 8 1291 5008 2687
9433 2 2 9 8 4059 5781 1292
9434 2 2 9 8 2997 6472 500
9435 2 2 9 8 3911 4843 2273
9436 2 2 9 8 1774 4475 3957
9437 2 2 9 8 6445 6501 532
9438 2 2 9 8 4605 6000 777
9439 2 2 9 8 741 6219 4027
9440 2 2 9 8 3527 4888 1404
9441 2 2 9 8 3505 4544 601
9442 2 2 9 8 862 5288 3968
9443 2 2 9 8 3772 6121 1837
9444 2 2 9 8 1513 5452 3081
9445 2 2 9 8 1106 5708 3530
9446 2 2 9 8 2374 6471 4720
9447 2 2 9 8 3442 6297 2054
9448 2 2 9 8 3371 5199 1487
9449 2 2 9 8 5396 6099 1938
9450 2 2 9 8 1815 4854 3516
9451 2 2 9 8 292 5143 291
9452 2 2 9 8 271 6340 270
9453 2 2 9 8 22 6496 3159
9454 2 2 9 8 2223 4891 3762
9455 2 2 9 8 1342 6391 3767
9456 2 2 9 8 3181 5560 991
9457 2 2 9 8 1635 5493 5172
9458 2 2 9 8 3112 6291 1990
9459 2 2 9 8 485 4432 3224
9460 2 2 9 8 1373 4891 3953
9461 2 2 9 8 3331 5712 2009
9462 2 2 9 8 359 6095 4615
9463 2 2 9 8 844 4360 2561
9464 2 2 9 8 3987 4521 1639
9465 2 2 9 8 4248 5772 1049
9466 2 2 9 8 5538 6332 4705
9467 2 2 9 8 4250 4759 2047
9468 2 2 9 8 1616 5534 4118
9469 2 2 9 8 4020 5004 1741
9470 2 2 9 8 5177 5752 2092
9471 2 2 9 8 3412 5313 375
9472 2 2 9 8 2924 6610 836
9473 2 2 9 8 1447 6250 2784
9474 2 2 9 8 392 4624 4168
9475 2 2 9 8 3944 5697 472
9476 2 2 9 8 20 5445 19
9477 2 2 9 8 3731 4951 771
9478 2 2 9 8 4046 4213 1696
9479 2 2 9 8 1815 4886 4854
9480 2 2 9 8 4157 6549 129
9481 2 2 9 8 3688 5314 402
9482 2 2 9 8 4902 6092 788
9483 2 2 9 8 5941 6177 894
9484 2 2 9 8 426 5578 3703
9485 2 2 9 8 302 6121 3772
9486 2 2 9 8 50 5617 49
9487 2 2 9 8 4311 4946 1657
9488 2 2 9 8 451 4283 4145
9489 2 2 9 8 1511 3620 3284
9490 2 2 9 8 899 6536 3605
9491 2 2 9 8 2993 6328 1148
9492 2 2 9 8 4511 4704 2643
9493 2 2 9 8 497 5885 3038
9494 2 2 9 8 580 6242 3101
9495 2 2 9 8 1262 4218 3191
9496 2 2 9 8 5903 6487 2301
9497 2 2 9 8 1349 5200 3723
9498 2 2 9 8 5265 6315 3385
9499 2 2 9 8 2011 6263 3230
9500 2 2 9 8 3908 5782 454
9501 2 2 9 8 5147 5518 1747
9502 2 2 9 8 2042 4926 4913
9503 2 2 9 8 3730 5385 1784
9504 2 2 9 8 870 6286 2739
9505 2 2 9 8 2099 4781 3769
9506 2 2 9 8 1156 6254 5382
9507 2 2 9 8 1778 5686 5636
9508 2 2 9 8 1391 5836 3610
9509 2 2 9 8 1507 4428 3666
9510 2 2 9 8 3530 5648 768
9511 2 2 9 8 1829 5856 3269
9512 2 2 9 8 2306 6367 3862
9513 2 2 9 8 216 4607 215
9514 2 2 9 8 1599 5077 3361
9515 2 2 9 8 1830 5888 2366
9516 2 2 9 8 4294 6174 961
9517 2 2 9 8 4264 6564 673
9518 2 2 9 8 2018 4688 4391
9519 2 2 9 8 1847 6000 2918
9520 2 2 9 8 1893 4655 4078
9521 2 2 9 8 4387 5248 1419
9522 2 2 9 8 1995 5936 2988
9523 2 2 9 8 1537 6098 3245
9524 2 2 9 8 3866 5166 1539
9525 2 2 9 8 1741 6470 4020
9526 2 2 9 8 1634 5500 4738
9527 2 2 9 8 2020 5375 1238
9528 2 2 9 8 1859 5825 3534
9529 2 2 9 8 3087 5670 1651
9530 2 2 9 8 1871 5304 2618
9531 2 2 9 8 3274 5925 805
9532 2 2 9 8 4493 5537 1746
9533 2 2 9 8 1343 4990 3695
9534 2 2 9 8 4522 5582 456
9535 2 2 9 8 3162 6545 495
9536 2 2 9 8 3975 5133 1576
9537 2 2 9 8 3164 5590 815
9538 2 2 9 8 4230 6601 1213
9539 2 2 9 8 586 6534 3393
9540 2 2 9 8 2046 5782 3908
9541 2 2 9 8 1013 4825 4296
9542 2 2 9 8 4738 5500 387
9543 2 2 9 8 4019 4423 1317
9544 2 2 9 8 4064 4767 575
9545 2 2 9 8 52 4995 2772
9546 2 2 9 8 4908 5679 1941
9547 2 2 9 8 1177 5880 3448
9548 2 2 9 8 3239 5563 653
9549 2 2 9 8 1601 5734 3457
9550 2 2 9 8 3429 4218 1262
9551 2 2 9 8 1561 4216 4150
9552 2 2 9 8 3048 6620 1947
9553 2 2 9 8 3963 4283 1477
9554 2 2 9 8 4435 5496 2157
9555 2 2 9 8 2454 6492 4539
9556 2 2 9 8 1540 4645 3174
9557 2 2 9 8 1405 6050 5239
9558 2 2 9 8 560 6293 3196
9559 2 2 9 8 3048 5583 3976
9560 2 2 9 8 585 4597 3791
9561 2 2 9 8 1002 6513 3389
9562 2 2 9 8 3663 5289 945
9563 2 2 9 8 1102 4734 3697
9564 2 2 9 8 1630 5169 4689
9565 2 2 9 8 3151 5493 1316
9566 2 2 9 8 3213 5829 1902
9567 2 2 9 8 4168 4624 2343
9568 2 2 9 8 4118 6365 4544
9569 2 2 9 8 3869 5332 1340
9570 2 2 9 8 3157 5411 1626
9571 2 2 9 8 3698 4950 1377
9572 2 2 9 8 1963 5731 4293
9573 2 2 9 8 17 5033 16
9574 2 2 9 8 532 6501 4818
9575 2 2 9 8 981 5678 3352
9576 2 2 9 8 3004 5654 1540
9577 2 2 9 8 3857 5216 1016
9578 2 2 9 8 953 5242 3574
9579 2 2 9 8 1352 5393 4008
9580 2 2 9 8 619 5268 3360
9581 2 2 9 8 3843 5827 530
9582 2 2 9 8 2692 5815 410
9583 2 2 9 8 417 4558 4468
9584 2 2 9 8 499 5915 5172
9585 2 2 9 8 2061 5841 3868
9586 2 2 9 8 713 5594 3684
9587 2 2 9 8 3939 6469 170
9588 2 2 9 8 289 6167 288
9589 2 2 9 8 1748 4983 4982
9590 2 2 9 8 1382 4817 2904
9591 2 2 9 8 4719 4764 1979
9592 2 2 9 8 2352 5635 5226
9593 2 2 9 8 101 5335 100
9594 2 2 9 8 1301 6329 3231
9595 2 2 9 8 3272 6357 724
9596 2 2 9 8 1641 4896 3689
9597 2 2 9 8 2010 5960 3320
9598 2 2 9 8 3825 4335 485
9599 2 2 9 8 1679 5187 4984
9600 2 2 9 8 3449 6468 773
9601 2 2 9 8 3262 3545 1161
9602 2 2 9 8 3679 5467 693
9603 2 2 9 8 4536 5070 1506
9604 2 2 9 8 3956 4522 1598
9605 2 2 9 8 2809 4240 1590
9606 2 2 9 8 1216 5687 3914
9607 2 2 9 8 4062 5455 1189
9608 2 2 9 8 4068 4955 1318
9609 2 2 9 8 2105 5623 3791
9610 2 2 9 8 2304 6174 4294
9611 2 2 9 8 4027 6219 2136
9612 2 2 9 8 1392 4307 2552
9613 2 2 9 8 3638 6279 4576
9614 2 2 9 8 1550 5842 2970
9615 2 2 9 8 3584 6604 1463
9616 2 2 9 8 912 6490 2996
9617 2 2 9 8 3614 5875 1133
9618 2 2 9 8 4504 5373 2727
9619 2 2 9 8 725 5164 4091
9620 2 2 9 8 1119 5233 3756
9621 2 2 9 8 1358 5369 4293
9622 2 2 9 8 3463 6578 1033
9623 2 2 9 8 549 5747 3808
9624 2 2 9 8 2899 6140 1145
9625 2 2 9 8 2992 5841 2061
9626 2 2 9 8 396 5669 4104
9627 2 2 9 8 5198 5928 2761
9628 2 2 9 8 3125 6457 6197
9629 2 2 9 8 574 5150 3119
9630 2 2 9 8 1188 6402 2552
9631 2 2 9 8 4065 5613 1504
9632 2 2 9 8 679 6086 3320
9633 2 2 9 8 1546 5789 5509
9634 2 2 9 8 3337 5372 1496
9635 2 2 9 8 1768 5812 3413
9636 2 2 9 8 897 4952 3475
9637 2 2 9 8 379 6438 3974
9638 2 2 9 8 4251 5503 1481
9639 2 2 9 8 3096 6280 4947
9640 2 2 9 8 3179 6570 5336
9641 2 2 9 8 3743 4189 1422
9642 2 2 9 8 1208 5217 3830
9643 2 2 9 8 2262 5606 4940
9644 2 2 9 8 4098 4373 1386
9645 2 2 9 8 2129 6580 3916
9646 2 2 9 8 2336 6597 4857
9647 2 2 9 8 4102 4103 1698
9648 2 2 9 8 786 4517 3637
9649 2 2 9 8 1332 4449 3415
9650 2 2 9 8 740 5224 3761
9651 2 2 9 8 4781 5170 2100
9652 2 2 9 8 3667 5068 1684
9653 2 2 9 8 355 5942 3679
9654 2 2 9 8 1267 5831 4806
9655 2 2 9 8 573 5933 5001
9656 2 2 9 8 3373 5911 1819
9657 2 2 9 8 3622 6468 2200
9658 2 2 9 8 1611 5276 5137
9659 2 2 9 8 2436 5443 1251
9660 2 2 9 8 3431 6030 1713
9661 2 2 9 8 3328 5561 1700
9662 2 2 9 8 4769 6462 1150
9663 2 2 9 8 1504 5613 3939
9664 2 2 9 8 2633 5977 1535
9665 2 2 9 8 3534 5825 1013
9666 2 2 9 8 4699 6336 476
9667 2 2 9 8 1101 5945 3175
9668 2 2 9 8 4381 4859 1721
9669 2 2 9 8 5818 5922 2003
9670 2 2 9 8 3920 4274 1477
9671 2 2 9 8 3984 5312 1283
9672 2 2 9 8 1524 6401 3304
9673 2 2 9 8 3759 5857 839
9674 2 2 9 8 4617 6602 1465
9675 2 2 9 8 374 5028 3598
9676 2 2 9 8 5149 5376 589
9677 2 2 9 8 4539 6492 776
9678 2 2 9 8 3139 6287 1604
9679 2 2 9 8 2500 6458 3570
9680 2 2 9 8 1519 5671 4244
9681 2 2 9 8 3899 4362 1503
9682 2 2 9 8 1025 4202 3825
9683 2 2 9 8 3465 6057 619
9684 2 2 9 8 2620 5378 3903
9685 2 2 9 8 3639 4994 840
9686 2 2 9 8 4048 4645 353
9687 2 2 9 8 3565 5703 1750
9688 2 2 9 8 1682 5433 3671
9689 2 2 9 8 2354 5527 4177
9690 2 2 9 8 1248 6619 3407
9691 2 2 9 8 4562 4626 1430
9692 2 2 9 8 1839 5701 3525
9693 2 2 9 8 716 6371 3007
9694 2 2 9 8 2078 6282 3490
9695 2 2 9 8 869 6382 5754
9696 2 2 9 8 4686 5388 864
9697 2 2 9 8 2031 5962 4090
9698 2 2 9 8 4091 5164 1702
9699 2 2 9 8 677 4378 4377
9700 2 2 9 8 213 6319 212
9701 2 2 9 8 3421 6451 1841
9702 2 2 9 8 2060 5080 3252
9703 2 2 9 8 1592 6072 4083
9704 2 2 9 8 1479 6294 4031
9705 2 2 9 8 3775 5883 1898
9706 2 2 9 8 3344 5279 405
9707 2 2 9 8 3146 6236 1625
9708 2 2 9 8 1802 6007 4928
9709 2 2 9 8 2878 5547 233
9710 2 2 9 8 2288 6230 4653
9711 2 2 9 8 2868 6303 922
9712 2 2 9 8 448 5078 3898
9713 2 2 9 8 2790 5228 1469
9714 2 2 9 8 3877 4653 2120
9715 2 2 9 8 3599 5230 1125
9716 2 2 9 8 2375 6178 5114
9717 2 2 9 8 5358 5602 2941
9718 2 2 9 8 790 5332 3869
9719 2 2 9 8 3812 5115 2296
9720 2 2 9 8 5958 6055 642
9721 2 2 9 8 4426 4518 2021
9722 2 2 9 8 3294 6595 62
9723 2 2 9 8 828 5120 4606
9724 2 2 9 8 3700 6199 1758
9725 2 2 9 8 3542 5965 1927
9726 2 2 9 8 3840 5259 1589
9727 2 2 9 8 848 6632 3288
9728 2 2 9 8 4622 5913 2501
9729 2 2 9 8 4960 5871 866
9730 2 2 9 8 40 5285 39
9731 2 2 9 8 1261 6043 3494
9732 2 2 9 8 652 6190 4024
9733 2 2 9 8 1423 5958 5827
9734 2 2 9 8 3723 5595 1349
9735 2 2 9 8 726 4271 3398
9736 2 2 9 8 3512 5014 2589
9737 2 2 9 8 954 5306 3132
9738 2 2 9 8 883 5419 3109
9739 2 2 9 8 2434 6191 5071
9740 2 2 9 8 582 6226 3180
9741 2 2 9 8 1711 5992 3425
9742 2 2 9 8 610 4499 3938
9743 2 2 9 8 1050 5163 2509
9744 2 2 9 8 2415 6173 5716
9745 2 2 9 8 474 5656 5569
9746 2 2 9 8 3856 4471 734
9747 2 2 9 8 501 4467 3562
9748 2 2 9 8 3376 5167 1277
9749 2 2 9 8 1900 4412 3305
9750 2 2 9 8 697 6033 3198
9751 2 2 9 8 3189 4580 424
9752 2 2 9 8 650 5220 4212
9753 2 2 9 8 538 6503 3633
9754 2 2 9 8 4178 4550 1580
9755 2 2 9 8 3835 5177 2092
9756 2 2 9 8 514 5794 3541
9757 2 2 9 8 3793 5777 2000
9758 2 2 9 8 3321 5768 900
9759 2 2 9 8 3492 6623 890
9760 2 2 9 8 4292 4575 1876
9761 2 2 9 8 3993 4936 1781
9762 2 2 9 8 958 5364 4372
9763 2 2 9 8 3439 6122 1118
9764 2 2 9 8 4094 5349 1918
9765 2 2 9 8 4608 5153 1857
9766 2 2 9 8 3211 4832 1897
9767 2 2 9 8 1551 6206 4704
9768 2 2 9 8 3102 4838 440
9769 2 2 9 8 1144 5032 2349
9770 2 2 9 8 4108 4501 676
9771 2 2 9 8 765 5293 3977
9772 2 2 9 8 454 5782 3188
9773 2 2 9 8 3562 4467 1323
9774 2 2 9 8 3728 6350 2891
9775 2 2 9 8 3750 3914 104
9776 2 2 9 8 1740 6376 3014
9777 2 2 9 8 3360 6321 619
9778 2 2 9 8 33 6157 3303
9779 2 2 9 8 297 4864 2905
9780 2 2 9 8 683 4701 4314
9781 2 2 9 8 451 4660 4283
9782 2 2 9 8 3196 6293 1742
9783 2 2 9 8 3765 4210 1648
9784 2 2 9 8 4334 4375 2300
9785 2 2 9 8 1945 5600 3423
9786 2 2 9 8 558 3776 3775
9787 2 2 9 8 944 4967 3575
9788 2 2 9 8 3288 4488 955
9789 2 2 9 8 4290 4529 1659
9790 2 2 9 8 425 4872 3545
9791 2 2 9 8 2622 5957 5921
9792 2 2 9 8 2873 6374 839
9793 2 2 9 8 3689 4896 469
9794 2 2 9 8 1769 5680 3532
9795 2 2 9 8 3554 4735 1525
9796 2 2 9 8 2931 5940 1787
9797 2 2 9 8 3735 6594 1735
9798 2 2 9 8 1041 5514 3180
9799 2 2 9 8 2278 4979 3440
9800 2 2 9 8 3940 4132 388
9801 2 2 9 8 1919 6360 3616
9802 2 2 9 8 1485 4692 4041
9803 2 2 9 8 1658 5407 4153
9804 2 2 9 8 1573 5102 4995
9805 2 2 9 8 5060 6307 715
9806 2 2 9 8 2803 4773 3022
9807 2 2 9 8 543 5531 3674
9808 2 2 9 8 3680 4516 943
9809 2 2 9 8 4672 5917 1752
9810 2 2 9 8 3401 5215 223
9811 2 2 9 8 4522 4523 1598
9812 2 2 9 8 3236 5308 507
9813 2 2 9 8 1739 4368 4125
9814 2 2 9 8 1632 4346 4221
9815 2 2 9 8 4242 5241 406
9816 2 2 9 8 227 5258 4548
9817 2 2 9 8 1229 6515 3250
9818 2 2 9 8 1635 5216 3857
9819 2 2 9 8 1543 4632 3882
9820 2 2 9 8 570 6405 3392
9821 2 2 9 8 1413 5519 3740
9822 2 2 9 8 4066 5737 5736
9823 2 2 9 8 2200 6235 4681
9824 2 2 9 8 482 5133 3975
9825 2 2 9 8 2750 5704 1397
9826 2 2 9 8 3710 5114 603
9827 2 2 9 8 3869 5507 790
9828 2 2 9 8 2277 5574 4472
9829 2 2 9 8 1404 4656 3817
9830 2 2 9 8 4180 4633 1807
9831 2 2 9 8 864 6625 2982
9832 2 2 9 8 2097 5019 4761
9833 2 2 9 8 3472 4917 1993
9834 2 2 9 8 1829 6058 3124
9835 2 2 9 8 1429 6163 3159
9836 2 2 9 8 1970 6184 4526
9837 2 2 9 8 3626 6068 2085
9838 2 2 9 8 5561 6083 1813
9839 2 2 9 8 3460 4800 1594
9840 2 2 9 8 3526 4651 707
9841 2 2 9 8 1846 3982 3981
9842 2 2 9 8 1251 6560 2436
9843 2 2 9 8 382 6507 6175
9844 2 2 9 8 3806 5503 573
9845 2 2 9 8 2178 6099 5396
9846 2 2 9 8 4188 4436 1965
9847 2 2 9 8 1483 6511 3600
9848 2 2 9 8 3863 4693 2197
9849 2 2 9 8 3442 4853 1744
9850 2 2 9 8 3862 6367 1258
9851 2 2 9 8 3879 5016 1541
9852 2 2 9 8 1668 4515 4186
9853 2 2 9 8 3487 6571 1820
9854 2 2 9 8 3641 6519 1406
9855 2 2 9 8 3727 5472 814
9856 2 2 9 8 1786 5946 3637
9857 2 2 9 8 288 6167 3277
9858 2 2 9 8 3276 5431 2651
9859 2 2 9 8 4221 4346 1608
9860 2 2 9 8 3400 5352 1618
9861 2 2 9 8 936 5744 2777
9862 2 2 9 8 5744 6393 3105
9863 2 2 9 8 1936 6181 4799
9864 2 2 9 8 834 4693 3863
9865 2 2 9 8 4400 5319 651
9866 2 2 9 8 863 5581 3225
9867 2 2 9 8 157 5610 3069
9868 2 2 9 8 5682 5883 1368
9869 2 2 9 8 4474 5468 2000
9870 2 2 9 8 3676 5445 20
9871 2 2 9 8 523 6071 3241
9872 2 2 9 8 5624 6093 2820
9873 2 2 9 8 1734 5327 3860
9874 2 2 9 8 2728 6186 514
9875 2 2 9 8 3633 6503 1591
9876 2 2 9 8 3560 4812 1371
9877 2 2 9 8 4754 4802 2461
9878 2 2 9 8 4319 5361 123
9879 2 2 9 8 515 6609 3405
9880 2 2 9 8 91 4927 2042
9881 2 2 9 8 1504 5837 3395
9882 2 2 9 8 2186 6531 5894
9883 2 2 9 8 1484 4460 4142
9884 2 2 9 8 3868 5841 561
9885 2 2 9 8 3110 6141 1127
9886 2 2 9 8 4720 6471 928
9887 2 2 9 8 4709 4990 2310
9888 2 2 9 8 3738 5000 857
9889 2 2 9 8 3656 4041 1415
9890 2 2 9 8 889 5251 4339
9891 2 2 9 8 1559 4873 3854
9892 2 2 9 8 2761 6324 5198
9893 2 2 9 8 1587 4994 3639
9894 2 2 9 8 759 4936 3993
9895 2 2 9 8 1041 5181 3537
9896 2 2 9 8 1733 6300 4939
9897 2 2 9 8 4411 4515 778
9898 2 2 9 8 3133 5304 1871
9899 2 2 9 8 4125 4377 1739
9900 2 2 9 8 3591 5606 1865
9901 2 2 9 8 1806 5026 4306
9902 2 2 9 8 4309 5081 400
9903 2 2 9 8 364 6110 3400
9904 2 2 9 8 1580 6314 2660
9905 2 2 9 8 5278 5684 892
9906 2 2 9 8 1541 5016 3519
9907 2 2 9 8 1819 5535 3373
9908 2 2 9 8 437 6571 3487
9909 2 2 9 8 2801 5252 1536
9910 2 2 9 8 5625 6406 2464
9911 2 2 9 8 5114 6178 603
9912 2 2 9 8 1193 4279 3799
9913 2 2 9 8 4707 5944 2596
9914 2 2 9 8 3411 6218 2512
9915 2 2 9 8 3275 5061 3049
9916 2 2 9 8 4390 6361 1669
9917 2 2 9 8 1617 6200 4550
9918 2 2 9 8 1186 6273 3412
9919 2 2 9 8 3922 5620 974
9920 2 2 9 8 2748 6462 4769
9921 2 2 9 8 4606 5120 2126
9922 2 2 9 8 1542 4640 4405
9923 2 2 9 8 4568 4601 1087
9924 2 2 9 8 2233 5200 3582
9925 2 2 9 8 1498 5595 3723
9926 2 2 9 8 3577 6005 780
9927 2 2 9 8 858 5271 5037
9928 2 2 9 8 3574 5539 953
9929 2 2 9 8 4807 5848 2383
9930 2 2 9 8 2261 5432 5357
9931 2 2 9 8 3854 4873 473
9932 2 2 9 8 505 5929 3564
9933 2 2 9 8 4026 6179 1201
9934 2 2 9 8 4315 5649 1848
9935 2 2 9 8 545 6521 3309
9936 2 2 9 8 921 5848 4807
9937 2 2 9 8 886 6392 3934
9938 2 2 9 8 207 5122 206
9939 2 2 9 8 1411 4279 4013
9940 2 2 9 8 1329 4792 3890
9941 2 2 9 8 4581 5554 1663
9942 2 2 9 8 2234 6201 4257
9943 2 2 9 8 1901 5423 4929
9944 2 2 9 8 3240 6216 5919
9945 2 2 9 8 2067 5867 3370
9946 2 2 9 8 3177 5311 1171
9947 2 2 9 8 57 5807 56
9948 2 2 9 8 3780 6395 1195
9949 2 2 9 8 936 5537 4493
9950 2 2 9 8 1662 4527 4180
9951 2 2 9 8 3194 3288 955
9952 2 2 9 8 3399 5139 1183
9953 2 2 9 8 829 5865 4859
9954 2 2 9 8 2157 5804 4435
9955 2 2 9 8 2782 4252 1671
9956 2 2 9 8 4008 5393 246
9957 2 2 9 8 1452 5349 4094
9958 2 2 9 8 1969 5803 5108
9959 2 2 9 8 4565 6311 544
9960 2 2 9 8 3635 6217 1353
9961 2 2 9 8 2647 4628 4072
9962 2 2 9 8 1581 5140 3965
9963 2 2 9 8 517 6160 2252
9964 2 2 9 8 1480 4829 3962
9965 2 2 9 8 4538 6378 1772
9966 2 2 9 8 1238 5840 2793
9967 2 2 9 8 1035 5549 4742
9968 2 2 9 8 1168 6520 4962
9969 2 2 9 8 1585 4767 4064
9970 2 2 9 8 4229 6274 1714
9971 2 2 9 8 2054 4853 3442
9972 2 2 9 8 1758 5305 3700
9973 2 2 9 8 660 6613 3477
9974 2 2 9 8 2414 6558 788
9975 2 2 9 8 3940 4908 1630
9976 2 2 9 8 3131 4814 1426
9977 2 2 9 8 5032 6359 2349
9978 2 2 9 8 3886 4069 2069
9979 2 2 9 8 141 5438 140
9980 2 2 9 8 470 4373 4098
9981 2 2 9 8 3761 5224 1810
9982 2 2 9 8 2712 6399 5786
9983 2 2 9 8 386 4218 3429
9984 2 2 9 8 4162 4848 1369
9985 2 2 9 8 2043 4956 4939
9986 2 2 9 8 1506 5708 3461
9987 2 2 9 8 2944 4037 1479
9988 2 2 9 8 533 5886 4111
9989 2 2 9 8 3602 6553 941
9990 2 2 9 8 3906 6398 2033
9991 2 2 9 8 4693 5078 2197
9992 2 2 9 8 2380 5778 4532
9993 2 2 9 8 5382 6254 2914
9994 2 2 9 8 1399 5644 2442
9995 2 2 9 8 3435 6328 2134
9996 2 2 9 8 4201 4968 838
9997 2 2 9 8 791 6182 4349
9998 2 2 9 8 1277 6461 3376
9999 2 2 9 8 4689 5169 739
10000 2 2 9 8 1522 5229 3937
10001 2 2 9 8 4305 5110 1083
10002 2 2 9 8 1598 4856 3956
10003 2 2 9 8 2297 6382 3937
10004 2 2 9 8 4306 4660 451
10005 2 2 9 8 1868 5620 3922
10006 2 2 9 8 1965 5993 4188
10007 2 2 9 8 4504 6148 860
10008 2 2 9 8 1005 5194 4922
10009 2 2 9 8 839 6374 3759
10010 2 2 9 8 1832 5739 4551
10011 2 2 9 8 1335 4223 3757
10012 2 2 9 8 3392 5918 570
10013 2 2 9 8 1279 6362 4095
10014 2 2 9 8 2674 6507 5780
10015 2 2 9 8 1505 5125 3395
10016 2 2 9 8 4209 5379 995
10017 2 2 9 8 2752 6436 5358
10018 2 2 9 8 1427 4312 4032
10019 2 2 9 8 4632 5403 1699
10020 2 2 9 8 725 4382 2118
10021 2 2 9 8 4414 5817 452
10022 2 2 9 8 1776 5898 3563
10023 2 2 9 8 3756 5233 1906
10024 2 2 9 8 1781 6216 3240
10025 2 2 9 8 1033 6578 3694
10026 2 2 9 8 4576 5694 455
10027 2 2 9 8 4643 5850 2281
10028 2 2 9 8 4244 5671 2137
10029 2 2 9 8 387 5500 3783
10030 2 2 9 8 225 6289 224
10031 2 2 9 8 1384 4699 4127
10032 2 2 9 8 4288 4378 677
10033 2 2 9 8 4443 5340 2640
10034 2 2 9 8 3514 5168 1114
10035 2 2 9 8 1514 5448 3803
10036 2 2 9 8 2269 5449 3627
10037 2 2 9 8 5017 5940 2821
10038 2 2 9 8 3890 4792 1556
10039 2 2 9 8 4758 5572 1295
10040 2 2 9 8 807 5509 3250
10041 2 2 9 8 4343 4952 1495
10042 2 2 9 8 4186 4515 1656
10043 2 2 9 8 3292 5482 1180
10044 2 2 9 8 2829 5317 2104
10045 2 2 9 8 1530 5511 4919
10046 2 2 9 8 546 5603 4374
10047 2 2 9 8 3844 4881 1639
10048 2 2 9 8 1793 4660 4306
10049 2 2 9 8 1576 5474 3975
10050 2 2 9 8 1587 5347 4994
10051 2 2 9 8 3880 5609 1237
10052 2 2 9 8 6273 6509 3344
10053 2 2 9 8 5443 5452 1513
10054 2 2 9 8 929 5868 3425
10055 2 2 9 8 1852 6118 3867
10056 2 2 9 8 1571 5093 3567
10057 2 2 9 8 3532 5680 537
10058 2 2 9 8 1020 6411 6025
10059 2 2 9 8 4187 4707 457
10060 2 2 9 8 3473 6479 1902
10061 2 2 9 8 369 5387 4661
10062 2 2 9 8 989 6558 6212
10063 2 2 9 8 693 5467 2762
10064 2 2 9 8 4735 5149 1525
10065 2 2 9 8 3924 6626 463
10066 2 2 9 8 3864 4198 1411
10067 2 2 9 8 3023 5637 947
10068 2 2 9 8 1491 5242 4991
10069 2 2 9 8 3379 6523 361
10070 2 2 9 8 1484 4487 4460
10071 2 2 9 8 4315 4744 221
10072 2 2 9 8 4893 6477 484
10073 2 2 9 8 4049 6209 1765
10074 2 2 9 8 4337 5785 143
10075 2 2 9 8 3252 5080 1713
10076 2 2 9 8 1052 4398 3364
10077 2 2 9 8 2260 4071 4070
10078 2 2 9 8 1443 6046 2524
10079 2 2 9 8 3534 5879 1859
10080 2 2 9 8 3107 6038 2857
10081 2 2 9 8 1375 6385 4365
10082 2 2 9 8 607 4973 3496
10083 2 2 9 8 1050 5772 4248
10084 2 2 9 8 3979 4526 747
10085 2 2 9 8 1250 6560 6191
10086 2 2 9 8 5636 5686 2272
10087 2 2 9 8 1631 5246 5169
10088 2 2 9 8 3920 4647 683
10089 2 2 9 8 3898 5078 1654
10090 2 2 9 8 922 6303 3916
10091 2 2 9 8 1376 5191 3804
10092 2 2 9 8 1708 5311 3177
10093 2 2 9 8 1031 6287 3139
10094 2 2 9 8 3567 5315 1571
10095 2 2 9 8 3536 5686 1778
10096 2 2 9 8 3485 5725 606
10097 2 2 9 8 1134 6150 3617
10098 2 2 9 8 891 6133 2415
10099 2 2 9 8 4249 4642 520
10100 2 2 9 8 1778 5636 3645
10101 2 2 9 8 1461 5699 3535
10102 2 2 9 8 4114 4570 191
10103 2 2 9 8 4839 5655 1593
10104 2 2 9 8 1133 5875 3827
10105 2 2 9 8 1687 3324 3323
10106 2 2 9 8 2781 6614 5100
10107 2 2 9 8 3915 5213 751
10108 2 2 9 8 3784 5318 869
10109 2 2 9 8 3351 5013 1055
10110 2 2 9 8 1678 5590 3164
10111 2 2 9 8 3587 4110 1586
10112 2 2 9 8 3168 5353 1187
10113 2 2 9 8 1572 6110 3641
10114 2 2 9 8 266 5644 265
10115 2 2 9 8 409 5071 4205
10116 2 2 9 8 5919 6216 422
10117 2 2 9 8 5559 6113 1917
10118 2 2 9 8 280 5225 279
10119 2 2 9 8 3029 6526 512
10120 2 2 9 8 4199 4278 1985
10121 2 2 9 8 2319 5753 4388
10122 2 2 9 8 720 4840 3408
10123 2 2 9 8 4086 5164 1674
10124 2 2 9 8 4886 5096 2097
10125 2 2 9 8 5218 6344 3003
10126 2 2 9 8 4104 5669 2235
10127 2 2 9 8 1978 5831 5175
10128 2 2 9 8 3101 6242 2034
10129 2 2 9 8 4513 4733 1742
10130 2 2 9 8 1055 4919 2907
10131 2 2 9 8 1657 5117 4006
10132 2 2 9 8 1023 5004 4020
10133 2 2 9 8 3142 6611 1643
10134 2 2 9 8 2431 5657 5477
10135 2 2 9 8 2252 4788 517
10136 2 2 9 8 3552 4847 2063
10137 2 2 9 8 3357 6551 1331
10138 2 2 9 8 4552 6200 1617
10139 2 2 9 8 1717 4510 4414
10140 2 2 9 8 4932 5003 706
10141 2 2 9 8 117 5881 116
10142 2 2 9 8 3390 5103 438
10143 2 2 9 8 573 5503 4251
10144 2 2 9 8 5453 6498 2608
10145 2 2 9 8 3323 6247 4721
10146 2 2 9 8 1309 6063 4007
10147 2 2 9 8 1715 4639 4239
10148 2 2 9 8 4940 5606 881
10149 2 2 9 8 1148 6328 3435
10150 2 2 9 8 3527 5198 614
10151 2 2 9 8 23 6496 22
10152 2 2 9 8 3461 4536 1506
10153 2 2 9 8 2191 5694 4576
10154 2 2 9 8 1873 5972 3073
10155 2 2 9 8 1211 6389 4058
10156 2 2 9 8 5328 5598 1922
10157 2 2 9 8 1315 4477 4476
10158 2 2 9 8 1727 5318 3784
10159 2 2 9 8 5090 6431 2161
10160 2 2 9 8 404 5315 3567
10161 2 2 9 8 3567 5093 1137
10162 2 2 9 8 2292 6159 3910
10163 2 2 9 8 4085 6167 289
10164 2 2 9 8 1658 6077 3527
10165 2 2 9 8 3892 6184 5285
10166 2 2 9 8 4761 5019 1268
10167 2 2 9 8 4990 5339 2310
10168 2 2 9 8 4308 6487 1660
10169 2 2 9 8 847 5924 5262
10170 2 2 9 8 4111 5886 2508
10171 2 2 9 8 6027 6089 960
10172 2 2 9 8 4565 4944 2044
10173 2 2 9 8 806 5179 5026
10174 2 2 9 8 5643 6321 1773
10175 2 2 9 8 3487 5136 1488
10176 2 2 9 8 4362 4730 1503
10177 2 2 9 8 1854 5925 3274
10178 2 2 9 8 751 6099 4359
10179 2 2 9 8 3225 5581 1484
10180 2 2 9 8 4058 6389 1750
10181 2 2 9 8 166 5145 4010
10182 2 2 9 8 1773 6321 3360
10183 2 2 9 8 1719 5857 3759
10184 2 2 9 8 1657 4946 4611
10185 2 2 9 8 3359 5923 1956
10186 2 2 9 8 5540 5658 1668
10187 2 2 9 8 3886 6304 1348
10188 2 2 9 8 3753 5978 2002
10189 2 2 9 8 1343 5339 4990
10190 2 2 9 8 814 5472 4059
10191 2 2 9 8 3420 5235 1989
10192 2 2 9 8 5507 5693 2068
10193 2 2 9 8 1966 5379 4209
10194 2 2 9 8 1575 5373 3638
10195 2 2 9 8 2156 5342 4831
10196 2 2 9 8 3304 6401 1174
10197 2 2 9 8 3970 4002 458
10198 2 2 9 8 1147 4169 1863
10199 2 2 9 8 2242 6246 5240
10200 2 2 9 8 1186 6509 6273
10201 2 2 9 8 1097 6485 3420
10202 2 2 9 8 4119 4513 1753
10203 2 2 9 8 78 5395 77
10204 2 2 9 8 1237 5609 3588
10205 2 2 9 8 3626 5247 865
10206 2 2 9 8 4122 6066 1712
10207 2 2 9 8 537 6628 3457
10208 2 2 9 8 459 5068 3667
10209 2 2 9 8 2896 6396 125
10210 2 2 9 8 4831 5342 1883
10211 2 2 9 8 4914 4959 2019
10212 2 2 9 8 2825 6248 5580
10213 2 2 9 8 3049 5061 378
10214 2 2 9 8 4583 6542 1727
10215 2 2 9 8 3893 6309 546
10216 2 2 9 8 3850 5533 2494
10217 2 2 9 8 4002 6130 3652
10218 2 2 9 8 2640 5757 4171
10219 2 2 9 8 1432 4813 3946
10220 2 2 9 8 1050 4440 2957
10221 2 2 9 8 410 5815 3374
10222 2 2 9 8 1161 5853 4081
10223 2 2 9 8 2564 4403 4331
10224 2 2 9 8 695 5850 4643
10225 2 2 9 8 3601 6136 1954
10226 2 2 9 8 5364 5818 2003
10227 2 2 9 8 3795 4535 1709
10228 2 2 9 8 1156 5742 3789
10229 2 2 9 8 1165 3498 2469
10230 2 2 9 8 370 5903 2301
10231 2 2 9 8 647 5863 3558
10232 2 2 9 8 1121 5231 4808
10233 2 2 9 8 1306 5710 3321
10234 2 2 9 8 4023 6453 1572
10235 2 2 9 8 190 6035 3173
10236 2 2 9 8 512 6526 3145
10237 2 2 9 8 2871 5227 1960
10238 2 2 9 8 3407 5292 1248
10239 2 2 9 8 3703 4756 1411
10240 2 2 9 8 2380 6223 5778
10241 2 2 9 8 1529 4822 4525
10242 2 2 9 8 369 5128 3040
10243 2 2 9 8 87 5810 86
10244 2 2 9 8 3434 5943 1811
10245 2 2 9 8 1530 4635 3786
10246 2 2 9 8 793 6048 4155
10247 2 2 9 8 5174 5255 1500
10248 2 2 9 8 3655 5916 1081
10249 2 2 9 8 621 5104 3508
10250 2 2 9 8 114 4235 2791
10251 2 2 9 8 3170 6567 4762
10252 2 2 9 8 4435 5804 1001
10253 2 2 9 8 466 6006 5601
10254 2 2 9 8 2168 4998 4578
10255 2 2 9 8 4140 4471 1359
10256 2 2 9 8 3672 4738 387
10257 2 2 9 8 3006 5471 2447
10258 2 2 9 8 4163 5452 559
10259 2 2 9 8 1731 6040 3428
10260 2 2 9 8 933 6317 3138
10261 2 2 9 8 1289 5530 3155
10262 2 2 9 8 3340 5812 1768
10263 2 2 9 8 3233 6235 1664
10264 2 2 9 8 1132 5490 3480
10265 2 2 9 8 1855 5496 5250
10266 2 2 9 8 5815 5816 1364
10267 2 2 9 8 4578 4998 1494
10268 2 2 9 8 1849 6329 3337
10269 2 2 9 8 3864 6146 1351
10270 2 2 9 8 2101 5931 3246
10271 2 2 9 8 1629 5869 2978
10272 2 2 9 8 857 5000 4832
10273 2 2 9 8 630 6065 2019
10274 2 2 9 8 4257 6201 526
10275 2 2 9 8 1937 5241 4242
10276 2 2 9 8 1570 4201 2740
10277 2 2 9 8 5195 5221 1695
10278 2 2 9 8 4330 5376 2127
10279 2 2 9 8 1685 5141 3299
10280 2 2 9 8 3508 5111 919
10281 2 2 9 8 1994 6049 3629
10282 2 2 9 8 1848 4744 4315
10283 2 2 9 8 5468 5515 2000
10284 2 2 9 8 4064 6480 1585
10285 2 2 9 8 1464 5728 3846
10286 2 2 9 8 361 6522 3396
10287 2 2 9 8 4438 5340 1557
10288 2 2 9 8 887 5527 4974
10289 2 2 9 8 3594 5562 1270
10290 2 2 9 8 588 4682 3867
10291 2 2 9 8 4085 4641 1026
10292 2 2 9 8 1842 6308 5761
10293 2 2 9 8 3195 6216 1781
10294 2 2 9 8 5899 6052 1641
10295 2 2 9 8 5985 5986 2216
10296 2 2 9 8 5095 6554 3164
10297 2 2 9 8 2833 5266 1694
10298 2 2 9 8 1053 4615 2311
10299 2 2 9 8 3522 5411 1201
10300 2 2 9 8 394 6051 3436
10301 2 2 9 8 2176 5221 5195
10302 2 2 9 8 768 5648 4588
10303 2 2 9 8 4175 4768 633
10304 2 2 9 8 879 5586 5397
10305 2 2 9 8 1025 3825 3224
10306 2 2 9 8 1882 5441 3550
10307 2 2 9 8 1870 6567 3339
10308 2 2 9 8 3638 5373 860
10309 2 2 9 8 561 5841 4798
10310 2 2 9 8 3508 5104 1544
10311 2 2 9 8 88 6021 87
10312 2 2 9 8 2678 6530 2236
10313 2 2 9 8 1226 6011 3393
10314 2 2 9 8 1560 6181 5162
10315 2 2 9 8 1058 6081 3012
10316 2 2 9 8 3481 6017 497
10317 2 2 9 8 246 5393 2542
10318 2 2 9 8 4678 5089 2030
10319 2 2 9 8 3489 4936 759
10320 2 2 9 8 3537 6159 1041
10321 2 2 9 8 2612 6590 3763
10322 2 2 9 8 2125 5110 4305
10323 2 2 9 8 1922 5598 3650
10324 2 2 9 8 1701 4563 3838
10325 2 2 9 8 1841 6215 2843
10326 2 2 9 8 3634 5924 1984
10327 2 2 9 8 1094 5459 4422
10328 2 2 9 8 1365 5813 2704
10329 2 2 9 8 1482 5966 3387
10330 2 2 9 8 4374 5603 2142
10331 2 2 9 8 5447 5713 2675
10332 2 2 9 8 2018 5714 4688
10333 2 2 9 8 2596 6624 4091
10334 2 2 9 8 3993 4733 759
10335 2 2 9 8 4962 6520 2706
10336 2 2 9 8 3228 6383 2298
10337 2 2 9 8 1501 5529 5419
10338 2 2 9 8 4638 5464 2355
10339 2 2 9 8 5691 6260 930
10340 2 2 9 8 3146 5524 3375
10341 2 2 9 8 4881 5055 595
10342 2 2 9 8 1091 5166 3866
10343 2 2 9 8 1887 4946 4311
10344 2 2 9 8 1795 5265 3385
10345 2 2 9 8 2675 5713 5095
10346 2 2 9 8 3650 5598 434
10347 2 2 9 8 1255 5906 5873
10348 2 2 9 8 1576 5133 4542
10349 2 2 9 8 4095 6362 1775
10350 2 2 9 8 3966 6312 3192
10351 2 2 9 8 3614 5835 926
10352 2 2 9 8 2809 6551 4240
10353 2 2 9 8 1622 5308 3236
10354 2 2 9 8 4327 4627 1955
10355 2 2 9 8 3867 4682 1852
10356 2 2 9 8 4830 6224 1211
10357 2 2 9 8 3916 6303 2129
10358 2 2 9 8 1370 5414 3539
10359 2 2 9 8 2261 5517 5432
10360 2 2 9 8 5037 5271 2367
10361 2 2 9 8 1191 6225 3513
10362 2 2 9 8 5258 6516 2199
10363 2 2 9 8 3426 6547 452
10364 2 2 9 8 4996 6593 3349
10365 2 2 9 8 359 5375 4442
10366 2 2 9 8 5475 6560 1250
10367 2 2 9 8 3562 4049 501
10368 2 2 9 8 2075 6609 6111
10369 2 2 9 8 1335 5470 3848
10370 2 2 9 8 1672 5473 3534
10371 2 2 9 8 4612 6003 1176
10372 2 2 9 8 4742 5549 2193
10373 2 2 9 8 3179 5849 2142
10374 2 2 9 8 4026 5056 1595
10375 2 2 9 8 1253 4882 3269
10376 2 2 9 8 1081 5916 3843
10377 2 2 9 8 4740 5253 1619
10378 2 2 9 8 4062 5366 1424
10379 2 2 9 8 554 4811 2469
10380 2 2 9 8 1284 6594 3735
10381 2 2 9 8 1640 5210 2962
10382 2 2 9 8 142 5785 4461
10383 2 2 9 8 1658 5462 4807
10384 2 2 9 8 1038 5259 3840
10385 2 2 9 8 2080 6427 3897
10386 2 2 9 8 1761 4989 3784
10387 2 2 9 8 4186 5540 1668
10388 2 2 9 8 2005 5255 5174
10389 2 2 9 8 1669 5593 4390
10390 2 2 9 8 3040 5128 4654
10391 2 2 9 8 4006 5179 1657
10392 2 2 9 8 290 4641 4085
10393 2 2 9 8 422 6216 3195
10394 2 2 9 8 4480 6472 2997
10395 2 2 9 8 2663 6431 5090
10396 2 2 9 8 3687 4552 1617
10397 2 2 9 8 3874 6197 2853
10398 2 2 9 8 4293 5731 544
10399 2 2 9 8 1129 6479 3473
10400 2 2 9 8 3897 6427 643
10401 2 2 9 8 748 5343 4014
10402 2 2 9 8 5019 5096 2095
10403 2 2 9 8 1281 6535 3747
10404 2 2 9 8 5358 6436 553
10405 2 2 9 8 1525 6593 4000
10406 2 2 9 8 1506 5070 3419
10407 2 2 9 8 2104 5891 2829
10408 2 2 9 8 3617 6150 1937
10409 2 2 9 8 614 4888 3527
10410 2 2 9 8 4221 6230 1632
10411 2 2 9 8 488 6343 4545
10412 2 2 9 8 1766 4642 4249
10413 2 2 9 8 4751 6020 1169
10414 2 2 9 8 3525 6474 414
10415 2 2 9 8 3157 6008 656
10416 2 2 9 8 1742 5689 4513
10417 2 2 9 8 4924 6508 724
10418 2 2 9 8 1544 5111 3508
10419 2 2 9 8 3997 6129 383
10420 2 2 9 8 2982 6625 1444
10421 2 2 9 8 1885 4601 4568
10422 2 2 9 8 1796 4335 3825
10423 2 2 9 8 4092 4499 610
10424 2 2 9 8 1306 6209 4049
10425 2 2 9 8 3250 5789 1229
10426 2 2 9 8 4980 5618 2362
10427 2 2 9 8 34 6157 33
10428 2 2 9 8 3134 6478 2452
10429 2 2 9 8 1875 5065 4556
10430 2 2 9 8 1460 5814 4828
10431 2 2 9 8 1242 6009 4028
10432 2 2 9 8 3730 5347 1587
10433 2 2 9 8 357 4488 3288
10434 2 2 9 8 3068 6550 4842
10435 2 2 9 8 1485 4918 4692
10436 2 2 9 8 1525 5149 3349
10437 2 2 9 8 2355 5464 5194
10438 2 2 9 8 1785 6167 4085
10439 2 2 9 8 2570 5799 4478
10440 2 2 9 8 1072 6233 5069
10441 2 2 9 8 3810 6394 1566
10442 2 2 9 8 1036 5965 3542
10443 2 2 9 8 1871 6016 4500
10444 2 2 9 8 4281 5851 1836
10445 2 2 9 8 3637 5946 786
10446 2 2 9 8 3915 5321 1563
10447 2 2 9 8 3323 4721 1687
10448 2 2 9 8 1490 4528 4256
10449 2 2 9 8 2259 6119 5966
10450 2 2 9 8 4752 6143 1528
10451 2 2 9 8 1418 5599 3223
10452 2 2 9 8 2486 5539 4130
10453 2 2 9 8 3953 5588 1569
10454 2 2 9 8 1516 4375 4334
10455 2 2 9 8 2311 6095 3046
10456 2 2 9 8 1551 4704 4511
10457 2 2 9 8 3107 3108 895
10458 2 2 9 8 3783 5500 1995
10459 2 2 9 8 5989 6195 2574
10460 2 2 9 8 3547 6327 1518
10461 2 2 9 8 3687 6242 580
10462 2 2 9 8 4994 5347 2130
10463 2 2 9 8 4971 6424 1032
10464 2 2 9 8 129 6549 128
10465 2 2 9 8 1620 4426 4082
10466 2 2 9 8 2098 5413 4047
10467 2 2 9 8 1588 5360 2813
10468 2 2 9 8 4526 6184 1398
10469 2 2 9 8 4006 5117 683
10470 2 2 9 8 4636 4637 2377
10471 2 2 9 8 1539 5333 3866
10472 2 2 9 8 672 6604 3584
10473 2 2 9 8 2951 5415 2132
10474 2 2 9 8 5446 6243 1350
10475 2 2 9 8 4222 5154 2530
10476 2 2 9 8 5146 5147 1747
10477 2 2 9 8 5537 6480 4064
10478 2 2 9 8 3670 6451 6332
10479 2 2 9 8 5174 5513 792
10480 2 2 9 8 2824 4748 1863
10481 2 2 9 8 1015 4921 4785
10482 2 2 9 8 1807 4865 4413
10483 2 2 9 8 2566 6228 3286
10484 2 2 9 8 1697 5067 3573
10485 2 2 9 8 521 6038 3107
10486 2 2 9 8 3397 5641 1325
10487 2 2 9 8 4835 5966 1482
10488 2 2 9 8 1181 5914 3570
10489 2 2 9 8 5303 5309 1523
10490 2 2 9 8 4007 6063 2396
10491 2 2 9 8 5601 6006 2773
10492 2 2 9 8 4872 5853 3545
10493 2 2 9 8 4359 6099 2178
10494 2 2 9 8 5251 5491 1884
10495 2 2 9 8 2259 5966 4835
10496 2 2 9 8 3830 5217 2635
10497 2 2 9 8 4898 6367 2305
10498 2 2 9 8 3385 3499 1387
10499 2 2 9 8 2032 5713 5447
10500 2 2 9 8 4196 6396 1282
10501 2 2 9 8 1013 6488 4825
10502 2 2 9 8 2544 6148 4504
10503 2 2 9 8 3825 4202 1796
10504 2 2 9 8 396 6376 3690
10505 2 2 9 8 3493 6460 599
10506 2 2 9 8 3513 5920 999
10507 2 2 9 8 4769 4953 2149
10508 2 2 9 8 1998 5781 4059
10509 2 2 9 8 3833 5604 1720
10510 2 2 9 8 2947 5844 1749
10511 2 2 9 8 680 3837 2994
10512 2 2 9 8 4446 4447 931
10513 2 2 9 8 5143 5730 1864
10514 2 2 9 8 916 5752 5177
10515 2 2 9 8 3080 6587 896
10516 2 2 9 8 1954 4627 4327
10517 2 2 9 8 3358 6269 1144
10518 2 2 9 8 3824 6084 1776
10519 2 2 9 8 736 5016 3879
10520 2 2 9 8 2792 5042 113
10521 2 2 9 8 4507 5501 498
10522 2 2 9 8 1705 6378 4538
10523 2 2 9 8 4013 4279 1193
10524 2 2 9 8 3554 6073 4735
10525 2 2 9 8 1700 5987 4005
10526 2 2 9 8 4958 5093 1571
10527 2 2 9 8 1823 4522 3956
10528 2 2 9 8 1213 4957 3515
10529 2 2 9 8 641 6031 3891
10530 2 2 9 8 646 5985 4278
10531 2 2 9 8 3292 5608 5482
10532 2 2 9 8 436 4383 2652
10533 2 2 9 8 383 6129 3011
10534 2 2 9 8 2963 6040 1731
10535 2 2 9 8 3295 6141 1977
10536 2 2 9 8 1817 6406 5625
10537 2 2 9 8 3073 6069 1873
10538 2 2 9 8 2534 5497 5041
10539 2 2 9 8 536 5347 3730
10540 2 2 9 8 4759 6139 1466
10541 2 2 9 8 3154 5489 1090
10542 2 2 9 8 3858 6161 623
10543 2 2 9 8 1556 5756 3890
10544 2 2 9 8 1646 4815 3929
10545 2 2 9 8 1744 5667 5316
10546 2 2 9 8 4278 5985 2390
10547 2 2 9 8 2540 6135 4154
10548 2 2 9 8 4997 5451 528
10549 2 2 9 8 3277 5884 287
10550 2 2 9 8 402 6036 3688
10551 2 2 9 8 3423 5600 822
10552 2 2 9 8 3220 4199 1442
10553 2 2 9 8 1219 5653 5412
10554 2 2 9 8 4283 4660 1477
10555 2 2 9 8 1657 5179 4311
10556 2 2 9 8 3373 5838 1720
10557 2 2 9 8 743 4670 4562
10558 2 2 9 8 5134 6483 419
10559 2 2 9 8 1557 5340 4443
10560 2 2 9 8 388 4908 3940
10561 2 2 9 8 1145 4285 3961
10562 2 2 9 8 2103 6512 4317
10563 2 2 9 8 1978 5175 2976
10564 2 2 9 8 5057 5334 2088
10565 2 2 9 8 3364 4398 81
10566 2 2 9 8 4153 6077 1658
10567 2 2 9 8 5470 6097 1999
10568 2 2 9 8 1066 5334 5057
10569 2 2 9 8 639 4756 3579
10570 2 2 9 8 691 6339 4594
10571 2 2 9 8 3971 5192 395
10572 2 2 9 8 435 5163 4248
10573 2 2 9 8 357 6484 2672
10574 2 2 9 8 1771 5314 3688
10575 2 2 9 8 3789 6254 1156
10576 2 2 9 8 2237 5093 4958
10577 2 2 9 8 975 5206 3714
10578 2 2 9 8 2136 5113 4027
10579 2 2 9 8 4153 5407 430
10580 2 2 9 8 3064 6052 5899
10581 2 2 9 8 3636 5123 1438
10582 2 2 9 8 3311 6415 1992
10583 2 2 9 8 3413 5812 704
10584 2 2 9 8 1055 5370 3360
10585 2 2 9 8 2275 4767 4659
10586 2 2 9 8 1859 6449 3745
10587 2 2 9 8 1282 4184 2582
10588 2 2 9 8 812 5922 5818
10589 2 2 9 8 1668 4683 4515
10590 2 2 9 8 5246 6314 739
10591 2 2 9 8 267 6585 266
10592 2 2 9 8 2050 6528 6064
10593 2 2 9 8 5762 6255 3089
10594 2 2 9 8 3703 5578 1531
10595 2 2 9 8 198 5460 4035
10596 2 2 9 8 2920 4869 4685
10597 2 2 9 8 5109 5689 1742
10598 2 2 9 8 725 5165 5164
10599 2 2 9 8 2456 5518 5147
10600 2 2 9 8 3425 6473 1756
10601 2 2 9 8 1653 4499 4092
10602 2 2 9 8 4346 4951 1608
10603 2 2 9 8 3654 5767 984
10604 2 2 9 8 751 5213 5161
10605 2 2 9 8 900 5839 3956
10606 2 2 9 8 2829 5891 1058
10607 2 2 9 8 4296 4825 1928
10608 2 2 9 8 5769 6138 451
10609 2 2 9 8 1331 6551 2809
10610 2 2 9 8 644 5326 3446
10611 2 2 9 8 953 6431 5242
10612 2 2 9 8 3305 4929 1900
10613 2 2 9 8 5385 6004 1784
10614 2 2 9 8 4337 5775 2017
10615 2 2 9 8 3956 5839 1823
10616 2 2 9 8 4584 5157 556
10617 2 2 9 8 2518 6020 4751
10618 2 2 9 8 5356 5646 719
10619 2 2 9 8 3682 4816 1438
10620 2 2 9 8 1304 6236 3146
10621 2 2 9 8 1991 5003 4932
10622 2 2 9 8 3588 6491 722
10623 2 2 9 8 1608 5769 4145
10624 2 2 9 8 4543 5558 462
10625 2 2 9 8 3377 6341 1652
10626 2 2 9 8 645 5791 3773
10627 2 2 9 8 3449 6366 5289
10628 2 2 9 8 939 6470 4889
10629 2 2 9 8 4731 5371 841
10630 2 2 9 8 3744 4943 1548
10631 2 2 9 8 2017 5775 3819
10632 2 2 9 8 3676 6163 1429
10633 2 2 9 8 4623 6423 1311
10634 2 2 9 8 2038 5649 4315
10635 2 2 9 8 1636 4884 3857
10636 2 2 9 8 2485 4317 1025
10637 2 2 9 8 1777 5550 3748
10638 2 2 9 8 4469 5834 2569
10639 2 2 9 8 5691 6064 1677
10640 2 2 9 8 3960 5204 868
10641 2 2 9 8 4688 4852 841
10642 2 2 9 8 2144 4765 4355
10643 2 2 9 8 1969 6147 5400
10644 2 2 9 8 1112 5890 3552
10645 2 2 9 8 434 5739 3650
10646 2 2 9 8 3412 6273 1549
10647 2 2 9 8 3759 6374 1959
10648 2 2 9 8 4431 5187 1836
10649 2 2 9 8 2400 6336 5563
10650 2 2 9 8 4055 6087 2135
10651 2 2 9 8 1174 6238 3304
10652 2 2 9 8 275 6538 274
10653 2 2 9 8 1909 6515 6044
10654 2 2 9 8 4498 5655 813
10655 2 2 9 8 2666 6427 5173
10656 2 2 9 8 2650 5216 5172
10657 2 2 9 8 4097 6320 1874
10658 2 2 9 8 838 4968 3200
10659 2 2 9 8 1114 5668 3514
10660 2 2 9 8 3022 4773 1212
10661 2 2 9 8 630 5732 5299
10662 2 2 9 8 12 5801 11
10663 2 2 9 8 3133 5377 1387
10664 2 2 9 8 3423 6441 1290
10665 2 2 9 8 527 5106 4512
10666 2 2 9 8 3035 5687 4920
10667 2 2 9 8 3628 4717 639
10668 2 2 9 8 3824 4648 2160
10669 2 2 9 8 2345 5912 4080
10670 2 2 9 8 3959 5113 385
10671 2 2 9 8 3266 5220 650
10672 2 2 9 8 5718 5832 1066
10673 2 2 9 8 3413 5635 2352
10674 2 2 9 8 1787 5940 5017
10675 2 2 9 8 4615 6095 2311
10676 2 2 9 8 4527 4528 1490
10677 2 2 9 8 3807 6411 1020
10678 2 2 9 8 3374 5815 1364
10679 2 2 9 8 45 5787 44
10680 2 2 9 8 1810 4852 4688
10681 2 2 9 8 5580 6248 1655
10682 2 2 9 8 4027 5113 1302
10683 2 2 9 8 3799 4279 639
10684 2 2 9 8 3933 4776 1542
10685 2 2 9 8 47 5755 46
10686 2 2 9 8 4170 5218 486
10687 2 2 9 8 4730 5161 1503
10688 2 2 9 8 2267 4938 4121
10689 2 2 9 8 3068 4842 1637
10690 2 2 9 8 636 4128 2672
10691 2 2 9 8 824 6312 5231
10692 2 2 9 8 2375 5114 4161
10693 2 2 9 8 388 5679 4908
10694 2 2 9 8 3391 6627 5938
10695 2 2 9 8 4377 4378 1739
10696 2 2 9 8 5008 5974 2687
10697 2 2 9 8 1189 5773 4062
10698 2 2 9 8 4698 4905 2183
10699 2 2 9 8 3346 6136 1613
10700 2 2 9 8 5159 6074 1380
10701 2 2 9 8 479 5273 3627
10702 2 2 9 8 4939 4956 1733
10703 2 2 9 8 4619 5180 3149
10704 2 2 9 8 4256 4528 698
10705 2 2 9 8 877 5089 4678
10706 2 2 9 8 3164 6554 1678
10707 2 2 9 8 1384 6336 4699
10708 2 2 9 8 3550 5441 992
10709 2 2 9 8 306 5783 305
10710 2 2 9 8 754 5795 5223
10711 2 2 9 8 3689 5899 1641
10712 2 2 9 8 788 6558 5030
10713 2 2 9 8 3395 5837 1505
10714 2 2 9 8 3566 5905 372
10715 2 2 9 8 2387 5952 4909
10716 2 2 9 8 2491 6005 3577
10717 2 2 9 8 3719 5596 3254
10718 2 2 9 8 4721 6247 845
10719 2 2 9 8 434 5598 5476
10720 2 2 9 8 1743 5990 5283
10721 2 2 9 8 4353 4804 406
10722 2 2 9 8 2864 5321 4359
10723 2 2 9 8 4355 4765 487
10724 2 2 9 8 3978 5927 828
10725 2 2 9 8 3358 3783 1392
10726 2 2 9 8 1692 5345 4784
10727 2 2 9 8 4151 5810 1590
10728 2 2 9 8 3973 6579 2009
10729 2 2 9 8 4909 5952 872
10730 2 2 9 8 5778 5779 2719
10731 2 2 9 8 3635 6533 882
10732 2 2 9 8 4932 5323 1991
10733 2 2 9 8 5477 5657 1879
10734 2 2 9 8 3737 6509 1186
10735 2 2 9 8 4346 4737 771
10736 2 2 9 8 742 4703 4225
10737 2 2 9 8 405 5693 3344
10738 2 2 9 8 2711 6601 4230
10739 2 2 9 8 4721 6241 1687
10740 2 2 9 8 1895 5218 4170
10741 2 2 9 8 1872 5520 4056
10742 2 2 9 8 1923 6597 4525
10743 2 2 9 8 3654 5234 2047
10744 2 2 9 8 717 6117 3384
10745 2 2 9 8 5250 5496 861
10746 2 2 9 8 3552 5890 3045
10747 2 2 9 8 3609 5904 1225
10748 2 2 9 8 4243 5852 716
10749 2 2 9 8 2111 6104 4901
10750 2 2 9 8 1468 5956 4534
10751 2 2 9 8 3965 5140 718
10752 2 2 9 8 4401 6223 1038
10753 2 2 9 8 4562 5719 743
10754 2 2 9 8 1545 6077 4153
10755 2 2 9 8 3588 5880 2334
10756 2 2 9 8 1647 5295 4545
10757 2 2 9 8 5169 5246 739
10758 2 2 9 8 4020 6470 2328
10759 2 2 9 8 3811 6385 4867
10760 2 2 9 8 219 6338 218
10761 2 2 9 8 1282 4743 4184
10762 2 2 9 8 486 6123 4170
10763 2 2 9 8 2033 6398 5600
10764 2 2 9 8 4235 5765 2791
10765 2 2 9 8 4636 5797 447
10766 2 2 9 8 5173 6427 2080
10767 2 2 9 8 4841 6250 1447
10768 2 2 9 8 1585 6480 2777
10769 2 2 9 8 1698 4902 4102
10770 2 2 9 8 4081 5853 1026
10771 2 2 9 8 627 5058 2898
10772 2 2 9 8 3042 5608 548
10773 2 2 9 8 1684 5323 4932
10774 2 2 9 8 5194 5464 2124
10775 2 2 9 8 3655 6220 395
10776 2 2 9 8 2906 6529 6243
10777 2 2 9 8 4059 5472 1998
10778 2 2 9 8 3449 5289 1664
10779 2 2 9 8 3827 5875 1921
10780 2 2 9 8 742 5774 3643
10781 2 2 9 8 3279 6156 1051
10782 2 2 9 8 2199 6583 5258
10783 2 2 9 8 4316 5658 586
10784 2 2 9 8 1693 5501 3780
10785 2 2 9 8 1712 6066 3340
10786 2 2 9 8 649 5703 3565
10787 2 2 9 8 5245 5496 1855
10788 2 2 9 8 1103 6593 4996
10789 2 2 9 8 4974 5527 2354
10790 2 2 9 8 5095 5713 874
10791 2 2 9 8 809 5187 4431
10792 2 2 9 8 2477 6456 6068
10793 2 2 9 8 4985 5083 628
10794 2 2 9 8 433 6584 5657
10795 2 2 9 8 1779 5609 3880
10796 2 2 9 8 2138 5274 4838
10797 2 2 9 8 3363 5433 1682
10798 2 2 9 8 3714 5206 1621
10799 2 2 9 8 5630 5900 2145
10800 2 2 9 8 910 6147 3901
10801 2 2 9 8 1632 4737 4346
10802 2 2 9 8 3568 5814 2353
10803 2 2 9 8 4385 5806 2560
10804 2 2 9 8 4211 6369 2187
10805 2 2 9 8 4534 5956 2233
10806 2 2 9 8 799 5464 4638
10807 2 2 9 8 5226 5635 1247
10808 2 2 9 8 927 6199 3700
10809 2 2 9 8 3882 4632 1699
10810 2 2 9 8 1280 5926 3290
10811 2 2 9 8 754 4925 4384
10812 2 2 9 8 746 6290 3845
10813 2 2 9 8 843 6591 2870
10814 2 2 9 8 919 5162 3508
10815 2 2 9 8 4105 4966 1764
10816 2 2 9 8 1622 5049 2860
10817 2 2 9 8 904 5746 4822
10818 2 2 9 8 939 6084 3824
10819 2 2 9 8 4178 5306 1617
10820 2 2 9 8 2814 6508 4924
10821 2 2 9 8 4693 4791 1654
10822 2 2 9 8 540 5604 3833
10823 2 2 9 8 3631 6226 582
10824 2 2 9 8 1689 4858 3684
10825 2 2 9 8 3910 5984 1190
10826 2 2 9 8 859 6291 5256
10827 2 2 9 8 768 5633 3530
10828 2 2 9 8 4051 6022 1791
10829 2 2 9 8 1238 5557 3130
10830 2 2 9 8 500 4575 4292
10831 2 2 9 8 3605 6536 1614
10832 2 2 9 8 5029 6048 2131
10833 2 2 9 8 991 5884 3277
10834 2 2 9 8 4470 5530 547
10835 2 2 9 8 5397 5586 2492
10836 2 2 9 8 3476 5938 1757
10837 2 2 9 8 3782 5081 1915
10838 2 2 9 8 1150 4953 4769
10839 2 2 9 8 5121 5848 2077
10840 2 2 9 8 483 6598 4005
10841 2 2 9 8 976 5564 3239
10842 2 2 9 8 2312 6272 6137
10843 2 2 9 8 601 6098 4156
10844 2 2 9 8 6109 6165 1943
10845 2 2 9 8 4322 4989 1761
10846 2 2 9 8 475 5345 3410
10847 2 2 9 8 378 5061 3732
10848 2 2 9 8 2906 6243 5446
10849 2 2 9 8 459 5398 4675
10850 2 2 9 8 4098 4421 470
10851 2 2 9 8 5066 6339 691
10852 2 2 9 8 1631 5169 3828
10853 2 2 9 8 4606 4652 1567
10854 2 2 9 8 2954 5444 1532
10855 2 2 9 8 449 4210 3765
10856 2 2 9 8 4016 6371 2225
10857 2 2 9 8 1349 5970 3582
10858 2 2 9 8 1135 6341 3377
10859 2 2 9 8 1001 5804 3902
10860 2 2 9 8 4204 5904 2187
10861 2 2 9 8 3274 5353 1854
10862 2 2 9 8 1611 5137 3538
10863 2 2 9 8 2281 5139 3875
10864 2 2 9 8 985 5898 3768
10865 2 2 9 8 1383 5652 3430
10866 2 2 9 8 4033 5844 569
10867 2 2 9 8 551 5934 5504
10868 2 2 9 8 1886 5795 4384
10869 2 2 9 8 2652 4382 725
10870 2 2 9 8 4426 6494 380
10871 2 2 9 8 4021 5331 722
10872 2 2 9 8 6269 6493 1144
10873 2 2 9 8 5172 5216 1635
10874 2 2 9 8 712 5672 3717
10875 2 2 9 8 1699 5403 4953
10876 2 2 9 8 3306 5737 4066
10877 2 2 9 8 1618 5352 3248
10878 2 2 9 8 1561 6151 4216
10879 2 2 9 8 5441 5536 2246
10880 2 2 9 8 3294 6546 1127
10881 2 2 9 8 3546 5729 1731
10882 2 2 9 8 6044 6515 3088
10883 2 2 9 8 4596 6391 3078
10884 2 2 9 8 2010 6001 3497
10885 2 2 9 8 4109 4523 1578
10886 2 2 9 8 4041 4692 670
10887 2 2 9 8 3791 5623 1171
10888 2 2 9 8 232 5547 3375
10889 2 2 9 8 813 6109 4533
10890 2 2 9 8 738 4890 4220
10891 2 2 9 8 5254 6062 2231
10892 2 2 9 8 1446 5051 4348
10893 2 2 9 8 5921 5957 1980
10894 2 2 9 8 5316 5667 2287
10895 2 2 9 8 3700 5305 1252
10896 2 2 9 8 4667 5556 1586
10897 2 2 9 8 3838 5646 1701
10898 2 2 9 8 1083 5110 4799
10899 2 2 9 8 3337 6329 1301
10900 2 2 9 8 1382 5852 4243
10901 2 2 9 8 1510 5202 3283
10902 2 2 9 8 971 5096 4886
10903 2 2 9 8 700 5877 4797
10904 2 2 9 8 1728 5374 3491
10905 2 2 9 8 4205 5071 2435
10906 2 2 9 8 1667 4543 1455
10907 2 2 9 8 1434 6034 5995
10908 2 2 9 8 3901 6147 1969
10909 2 2 9 8 3217 5793 4966
10910 2 2 9 8 1873 6310 3754
10911 2 2 9 8 4900 5780 382
10912 2 2 9 8 456 4523 4522
10913 2 2 9 8 3950 4404 1434
10914 2 2 9 8 6119 6293 560
10915 2 2 9 8 6064 6584 2050
10916 2 2 9 8 1827 6556 5157
10917 2 2 9 8 3425 5868 1711
10918 2 2 9 8 1870 6411 3807
10919 2 2 9 8 4692 4918 1860
10920 2 2 9 8 4961 5252 2801
10921 2 2 9 8 775 5384 5301
10922 2 2 9 8 3418 4933 1273
10923 2 2 9 8 1617 4550 4178
10924 2 2 9 8 472 6203 2493
10925 2 2 9 8 1390 5531 5337
10926 2 2 9 8 2009 6368 3973
10927 2 2 9 8 2793 6128 1570
10928 2 2 9 8 4785 4921 1986
10929 2 2 9 8 2843 6215 3396
10930 2 2 9 8 3851 6126 1471
10931 2 2 9 8 3518 6045 1914
10932 2 2 9 8 3904 5349 1452
10933 2 2 9 8 722 5331 4001
10934 2 2 9 8 3768 5898 1776
10935 2 2 9 8 2777 6480 936
10936 2 2 9 8 389 5511 3786
10937 2 2 9 8 3298 6177 1933
10938 2 2 9 8 3645 5636 599
10939 2 2 9 8 1266 5232 3705
10940 2 2 9 8 2167 5064 4231
10941 2 2 9 8 3776 4506 1691
10942 2 2 9 8 1552 6183 3557
10943 2 2 9 8 4953 5403 2149
10944 2 2 9 8 5137 5276 2089
10945 2 2 9 8 1589 5886 4120
10946 2 2 9 8 4418 4794 2384
10947 2 2 9 8 4674 4694 1706
10948 2 2 9 8 152 6162 5483
10949 2 2 9 8 3926 5612 1888
10950 2 2 9 8 5468 6041 876
10951 2 2 9 8 2186 6369 4211
10952 2 2 9 8 395 5192 3655
10953 2 2 9 8 949 5642 3744
10954 2 2 9 8 1047 4983 3822
10955 2 2 9 8 5600 5896 2033
10956 2 2 9 8 888 6039 2927
10957 2 2 9 8 719 5646 3838
10958 2 2 9 8 4484 5367 3060
10959 2 2 9 8 4515 4683 778
10960 2 2 9 8 1035 5765 5549
10961 2 2 9 8 542 5856 3350
10962 2 2 9 8 3497 5960 2010
10963 2 2 9 8 4175 5796 1838
10964 2 2 9 8 1696 5220 4046
10965 2 2 9 8 3383 6401 1524
10966 2 2 9 8 3088 6418 4444
10967 2 2 9 8 2021 6494 4426
10968 2 2 9 8 1625 6236 3342
10969 2 2 9 8 1769 5618 4980
10970 2 2 9 8 4261 4906 1678
10971 2 2 9 8 3653 6402 1188
10972 2 2 9 8 558 6548 4506
10973 2 2 9 8 3491 5374 2149
10974 2 2 9 8 2449 6003 4612
10975 2 2 9 8 5873 5906 2293
10976 2 2 9 8 1681 6372 4546
10977 2 2 9 8 5937 6196 1618
10978 2 2 9 8 2243 6460 3493
10979 2 2 9 8 3630 5650 1308
10980 2 2 9 8 778 5222 5101
10981 2 2 9 8 3868 6281 2061
10982 2 2 9 8 4722 4814 670
10983 2 2 9 8 1553 5312 3984
10984 2 2 9 8 3564 5929 1560
10985 2 2 9 8 788 5030 4902
10986 2 2 9 8 4461 5785 2016
10987 2 2 9 8 3621 4358 554
10988 2 2 9 8 5139 5979 1183
10989 2 2 9 8 3254 5596 783
10990 2 2 9 8 4720 5322 3090
10991 2 2 9 8 5668 6083 836
10992 2 2 9 8 3605 5912 899
10993 2 2 9 8 4185 5638 1512
10994 2 2 9 8 2617 6307 5060
10995 2 2 9 8 4348 5051 2032
10996 2 2 9 8 4184 5989 694
10997 2 2 9 8 4413 4865 826
10998 2 2 9 8 3760 6063 1309
10999 2 2 9 8 2290 6572 3544
11000 2 2 9 8 3406 5674 1141
11001 2 2 9 8 739 6314 4550
11002 2 2 9 8 874 5833 4261
11003 2 2 9 8 4137 5038 885
11004 2 2 9 8 2469 4811 1165
11005 2 2 9 8 2598 5054 1074
11006 2 2 9 8 1948 5613 4065
11007 2 2 9 8 5647 6556 1827
11008 2 2 9 8 5068 5967 1684
11009 2 2 9 8 1562 5127 4170
11010 2 2 9 8 4799 5110 1936
11011 2 2 9 8 569 6264 4033
11012 2 2 9 8 5481 5522 2371
11013 2 2 9 8 1158 3267 2680
11014 2 2 9 8 1663 5554 4630
11015 2 2 9 8 5991 6373 2276
11016 2 2 9 8 5457 5506 2518
11017 2 2 9 8 3744 5642 1763
11018 2 2 9 8 3236 4476 1622
11019 2 2 9 8 3320 6086 1812
11020 2 2 9 8 4657 5465 789
11021 2 2 9 8 1750 5703 4058
11022 2 2 9 8 1737 4870 3242
11023 2 2 9 8 4311 5179 806
11024 2 2 9 8 4391 5371 2545
11025 2 2 9 8 1764 5391 4105
11026 2 2 9 8 3788 6606 2898
11027 2 2 9 8 867 5893 5423
11028 2 2 9 8 3754 6310 1150
11029 2 2 9 8 1746 5537 4064
11030 2 2 9 8 723 4644 3475
11031 2 2 9 8 4330 6171 1398
11032 2 2 9 8 3611 6078 1459
11033 2 2 9 8 3249 5910 2023
11034 2 2 9 8 3852 6046 1443
11035 2 2 9 8 3725 6326 2774
11036 2 2 9 8 744 4469 3929
11037 2 2 9 8 3444 5809 2760
11038 2 2 9 8 2195 4845 4089
11039 2 2 9 8 3811 4867 734
11040 2 2 9 8 1509 6232 3715
11041 2 2 9 8 1929 4223 3848
11042 2 2 9 8 2197 6125 4078
11043 2 2 9 8 3543 5944 1607
11044 2 2 9 8 712 6222 4629
11045 2 2 9 8 3952 6360 1919
11046 2 2 9 8 4173 6107 1821
11047 2 2 9 8 4171 5757 1409
11048 2 2 9 8 1670 5152 4126
11049 2 2 9 8 2484 6074 5159
11050 2 2 9 8 1192 5626 5556
11051 2 2 9 8 1846 3981 3980
11052 2 2 9 8 1980 5957 4272
11053 2 2 9 8 4838 5274 440
11054 2 2 9 8 1607 4707 4187
11055 2 2 9 8 2034 6242 3687
11056 2 2 9 8 2126 4652 4606
11057 2 2 9 8 668 4759 4250
11058 2 2 9 8 3070 6293 6119
11059 2 2 9 8 2095 5402 5019
11060 2 2 9 8 1820 5522 5481
11061 2 2 9 8 1317 5605 3808
11062 2 2 9 8 683 5117 4701
11063 2 2 9 8 3993 5516 1275
11064 2 2 9 8 614 5454 4888
11065 2 2 9 8 5247 6101 865
11066 2 2 9 8 2861 5248 4387
11067 2 2 9 8 1351 6146 4280
11068 2 2 9 8 994 6093 4268
11069 2 2 9 8 1410 4794 4418
11070 2 2 9 8 4105 5391 648
11071 2 2 9 8 5047 6394 882
11072 2 2 9 8 2738 5576 4027
11073 2 2 9 8 3968 6438 2583
11074 2 2 9 8 4943 5915 499
11075 2 2 9 8 394 5367 4484
11076 2 2 9 8 1913 6592 2714
11077 2 2 9 8 3934 6392 1685
11078 2 2 9 8 4306 5026 1793
11079 2 2 9 8 3511 5350 1855
11080 2 2 9 8 1251 5443 3097
11081 2 2 9 8 1953 6178 5031
11082 2 2 9 8 3840 5261 1038
11083 2 2 9 8 1269 4788 3684
11084 2 2 9 8 4907 5574 2277
11085 2 2 9 8 813 5655 4371
11086 2 2 9 8 5221 5380 794
11087 2 2 9 8 4384 5795 754
11088 2 2 9 8 767 5939 4118
11089 2 2 9 8 1780 5468 4474
11090 2 2 9 8 2113 5207 4901
11091 2 2 9 8 4611 4946 527
11092 2 2 9 8 4500 6016 358
11093 2 2 9 8 893 5173 5079
11094 2 2 9 8 5938 6627 1757
11095 2 2 9 8 1212 4938 3022
11096 2 2 9 8 3283 5202 5201
11097 2 2 9 8 1377 4950 4092
11098 2 2 9 8 1549 5693 5507
11099 2 2 9 8 2933 5824 3994
11100 2 2 9 8 999 5920 4680
11101 2 2 9 8 4384 4925 2044
11102 2 2 9 8 4002 6519 2249
11103 2 2 9 8 484 4989 4322
11104 2 2 9 8 1806 5480 5026
11105 2 2 9 8 1782 5970 3686
11106 2 2 9 8 2000 5515 3793
11107 2 2 9 8 771 4951 4346
11108 2 2 9 8 3295 6595 3294
11109 2 2 9 8 4216 6151 1472
11110 2 2 9 8 59 4981 4420
11111 2 2 9 8 2176 5380 5221
11112 2 2 9 8 5031 6178 2375
11113 2 2 9 8 3705 5232 576
11114 2 2 9 8 4493 6393 936
11115 2 2 9 8 4513 5689 1753
11116 2 2 9 8 1896 5819 4911
11117 2 2 9 8 1426 4814 4722
11118 2 2 9 8 1252 5738 3700
11119 2 2 9 8 724 6357 4924
11120 2 2 9 8 1394 5270 3896
11121 2 2 9 8 5780 6222 2674
11122 2 2 9 8 4739 6259 2230
11123 2 2 9 8 3554 5424 1536
11124 2 2 9 8 3573 5067 442
11125 2 2 9 8 234 6511 2878
11126 2 2 9 8 4517 4972 1597
11127 2 2 9 8 4239 4639 1059
11128 2 2 9 8 2720 5779 5778
11129 2 2 9 8 1918 6400 3726
11130 2 2 9 8 5780 6507 382
11131 2 2 9 8 4919 5268 1530
11132 2 2 9 8 1187 5353 3274
11133 2 2 9 8 1833 5214 3903
11134 2 2 9 8 5043 5672 2201
11135 2 2 9 8 3955 6547 2071
11136 2 2 9 8 4876 5625 2464
11137 2 2 9 8 987 5413 5310
11138 2 2 9 8 1694 6271 2833
11139 2 2 9 8 997 5740 3481
11140 2 2 9 8 1290 6441 3997
11141 2 2 9 8 3539 5126 1375
11142 2 2 9 8 3005 6070 398
11143 2 2 9 8 1550 5725 3485
11144 2 2 9 8 5003 5705 1930
11145 2 2 9 8 860 6279 3638
11146 2 2 9 8 4420 4981 2419
11147 2 2 9 8 2613 6149 5791
11148 2 2 9 8 4405 4640 1853
11149 2 2 9 8 5079 5173 2080
11150 2 2 9 8 1406 4002 3970
11151 2 2 9 8 4393 5580 1655
11152 2 2 9 8 3626 6443 4590
11153 2 2 9 8 2057 6278 5486
11154 2 2 9 8 4715 5142 2012
11155 2 2 9 8 5546 6510 2344
11156 2 2 9 8 2051 4972 4517
11157 2 2 9 8 2383 5848 5121
11158 2 2 9 8 850 5816 2692
11159 2 2 9 8 2267 5719 3733
11160 2 2 9 8 834 4791 4693
11161 2 2 9 8 3395 5125 753
11162 2 2 9 8 4605 5592 1107
11163 2 2 9 8 4935 5053 1716
11164 2 2 9 8 3191 4218 1391
11165 2 2 9 8 571 6060 5170
11166 2 2 9 8 194 5949 3301
11167 2 2 9 8 3052 3374 1364
11168 2 2 9 8 3867 6118 1400
11169 2 2 9 8 4824 5309 2318
11170 2 2 9 8 4549 5448 1514
11171 2 2 9 8 794 5809 3444
11172 2 2 9 8 1061 3721 3692
11173 2 2 9 8 1882 5536 5441
11174 2 2 9 8 928 5322 4720
11175 2 2 9 8 3726 6400 1227
11176 2 2 9 8 112 5042 2753
11177 2 2 9 8 3792 6201 2234
11178 2 2 9 8 1246 5961 3743
11179 2 2 9 8 5840 6128 2793
11180 2 2 9 8 4851 5711 863
11181 2 2 9 8 460 6107 4173
11182 2 2 9 8 1803 5331 4021
11183 2 2 9 8 4671 6415 3311
11184 2 2 9 8 1984 5554 4581
11185 2 2 9 8 465 6348 3722
11186 2 2 9 8 882 6394 3810
11187 2 2 9 8 4637 6417 799
11188 2 2 9 8 5697 6082 2391
11189 2 2 9 8 270 6340 5287
11190 2 2 9 8 428 5700 3972
11191 2 2 9 8 559 5452 5443
11192 2 2 9 8 5044 6088 1100
11193 2 2 9 8 5265 6632 4571
11194 2 2 9 8 3794 5581 863
11195 2 2 9 8 4296 5130 1672
11196 2 2 9 8 4828 5436 1460
11197 2 2 9 8 2281 5979 5139
11198 2 2 9 8 781 5724 3990
11199 2 2 9 8 1268 5402 4778
11200 2 2 9 8 1158 6544 3696
11201 2 2 9 8 4363 5439 665
11202 2 2 9 8 5242 6431 2663
11203 2 2 9 8 1731 5729 2963
11204 2 2 9 8 2145 5900 5212
11205 2 2 9 8 4618 5759 565
11206 2 2 9 8 1614 6619 3883
11207 2 2 9 8 3100 5662 5233
11208 2 2 9 8 1548 5320 4075
11209 2 2 9 8 926 6466 3614
11210 2 2 9 8 139 5616 138
11211 2 2 9 8 2169 5567 4340
11212 2 2 9 8 1157 6544 2679
11213 2 2 9 8 1873 6069 3834
11214 2 2 9 8 1349 5698 3686
11215 2 2 9 8 3764 5671 1519
11216 2 2 9 8 1225 5904 4204
11217 2 2 9 8 3849 4095 528
11218 2 2 9 8 1192 5556 4667
11219 2 2 9 8 4000 6593 1103
11220 2 2 9 8 1384 6270 3071
11221 2 2 9 8 4659 4767 1585
11222 2 2 9 8 2142 5849 4374
11223 2 2 9 8 506 5614 4947
11224 2 2 9 8 1409 5757 4454
11225 2 2 9 8 1812 5759 4618
11226 2 2 9 8 3438 5455 1424
11227 2 2 9 8 1966 6059 4149
11228 2 2 9 8 4017 5712 1221
11229 2 2 9 8 5069 5632 2340
11230 2 2 9 8 3428 6040 5249
11231 2 2 9 8 1610 6013 4626
11232 2 2 9 8 4762 6567 1870
11233 2 2 9 8 3828 5469 738
11234 2 2 9 8 2918 6000 4605
11235 2 2 9 8 3818 6440 420
11236 2 2 9 8 1557 5907 3995
11237 2 2 9 8 3288 6632 4030
11238 2 2 9 8 3903 5378 1833
11239 2 2 9 8 1547 5900 5346
11240 2 2 9 8 3684 5594 1689
11241 2 2 9 8 4425 5278 1759
11242 2 2 9 8 3641 6110 364
11243 2 2 9 8 4901 5207 581
11244 2 2 9 8 4070 6152 372
11245 2 2 9 8 2128 5475 3111
11246 2 2 9 8 1438 4816 2976
11247 2 2 9 8 2453 5291 3891
11248 2 2 9 8 647 6259 4739
11249 2 2 9 8 4904 6015 2305
11250 2 2 9 8 4076 5325 1453
11251 2 2 9 8 960 6166 6027
11252 2 2 9 8 4682 5830 1170
11253 2 2 9 8 3544 6572 4152
11254 2 2 9 8 3891 6031 1597
11255 2 2 9 8 3841 5404 2586
11256 2 2 9 8 5701 6474 3525
11257 2 2 9 8 2736 6548 558
11258 2 2 9 8 2212 5980 3612
11259 2 2 9 8 3843 5916 1423
11260 2 2 9 8 1677 5439 4363
11261 2 2 9 8 4046 6248 877
11262 2 2 9 8 5569 5656 1856
11263 2 2 9 8 1006 6482 4857
11264 2 2 9 8 3762 6555 3315
11265 2 2 9 8 1683 6226 3631
11266 2 2 9 8 3814 6196 1228
11267 2 2 9 8 5997 6581 2179
11268 2 2 9 8 4859 5865 2412
11269 2 2 9 8 1254 5999 4014
11270 2 2 9 8 5432 5517 2388
11271 2 2 9 8 447 5797 4100
11272 2 2 9 8 1113 6133 3330
11273 2 2 9 8 1979 5622 4719
11274 2 2 9 8 4681 6235 871
11275 2 2 9 8 5717 6425 1581
11276 2 2 9 8 3817 5462 1404
11277 2 2 9 8 4827 5816 850
11278 2 2 9 8 4530 5553 1037
11279 2 2 9 8 4366 5928 796
11280 2 2 9 8 1859 5879 4060
11281 2 2 9 8 4556 5065 1911
11282 2 2 9 8 5030 5067 1697
11283 2 2 9 8 5549 5765 2482
11284 2 2 9 8 2547 6524 5035
11285 2 2 9 8 4272 5957 587
11286 2 2 9 8 1612 5297 5263
11287 2 2 9 8 4086 6352 1702
11288 2 2 9 8 2600 5884 991
11289 2 2 9 8 4687 6453 1983
11290 2 2 9 8 636 5716 2076
11291 2 2 9 8 1174 6401 3383
11292 2 2 9 8 1591 6503 4159
11293 2 2 9 8 3890 5756 742
11294 2 2 9 8 766 5974 5008
11295 2 2 9 8 3873 5611 807
11296 2 2 9 8 4620 6280 2133
11297 2 2 9 8 3918 5800 814
11298 2 2 9 8 1397 4367 3156
11299 2 2 9 8 1752 5211 3769
11300 2 2 9 8 1411 4756 4279
11301 2 2 9 8 1889 5800 3918
11302 2 2 9 8 424 5126 3539
11303 2 2 9 8 4736 5425 1224
11304 2 2 9 8 3976 5583 578
11305 2 2 9 8 1594 6190 3486
11306 2 2 9 8 5419 5529 3109
11307 2 2 9 8 5895 6548 2736
11308 2 2 9 8 1803 6079 5331
11309 2 2 9 8 1709 4535 4503
11310 2 2 9 8 3827 6561 1919
11311 2 2 9 8 1898 5883 5682
11312 2 2 9 8 4822 5746 1974
11313 2 2 9 8 1801 6195 5989
11314 2 2 9 8 508 5851 4281
11315 2 2 9 8 1282 6396 2896
11316 2 2 9 8 2363 6135 5073
11317 2 2 9 8 1878 5865 4986
11318 2 2 9 8 4576 6279 2191
11319 2 2 9 8 3586 5584 285
11320 2 2 9 8 1219 5944 3543
11321 2 2 9 8 363 6386 2391
11322 2 2 9 8 463 4728 3797
11323 2 2 9 8 5047 6533 2364
11324 2 2 9 8 2249 6130 4002
11325 2 2 9 8 1508 5302 3336
11326 2 2 9 8 1781 5516 3993
11327 2 2 9 8 4021 6166 1803
11328 2 2 9 8 718 6406 4407
11329 2 2 9 8 882 6533 5047
11330 2 2 9 8 1190 5984 4459
11331 2 2 9 8 255 4816 3682
11332 2 2 9 8 1701 5646 5463
11333 2 2 9 8 1595 6179 4026
11334 2 2 9 8 2442 5644 266
11335 2 2 9 8 2066 6485 5301
11336 2 2 9 8 4680 5920 2528
11337 2 2 9 8 1880 6222 5780
11338 2 2 9 8 1260 5902 4971
11339 2 2 9 8 5760 6381 2639
11340 2 2 9 8 1746 6435 4493
11341 2 2 9 8 1627 6161 3858
11342 2 2 9 8 5572 6168 671
11343 2 2 9 8 2378 5506 5457
11344 2 2 9 8 804 5540 4186
11345 2 2 9 8 473 6387 3854
11346 2 2 9 8 1988 6037 5086
11347 2 2 9 8 1276 6229 3660
11348 2 2 9 8 2423 5282 5281
11349 2 2 9 8 2644 4754 846
11350 2 2 9 8 3794 5566 1730
11351 2 2 9 8 3083 3107 895
11352 2 2 9 8 4924 6357 2506
11353 2 2 9 8 4934 5086 1750
11354 2 2 9 8 3686 5970 1349
11355 2 2 9 8 5357 5432 371
11356 2 2 9 8 4294 6390 1735
11357 2 2 9 8 3406 5681 1142
11358 2 2 9 8 2730 5990 5097
11359 2 2 9 8 1741 5004 4818
11360 2 2 9 8 4163 6550 1724
11361 2 2 9 8 4320 5519 1413
11362 2 2 9 8 4490 5399 1432
11363 2 2 9 8 3246 5931 4234
11364 2 2 9 8 731 4529 4290
11365 2 2 9 8 1959 6562 3759
11366 2 2 9 8 1961 5129 3325
11367 2 2 9 8 1875 6255 4352
11368 2 2 9 8 110 6330 2578
11369 2 2 9 8 3762 4891 1373
11370 2 2 9 8 856 5978 3753
11371 2 2 9 8 4888 5454 2074
11372 2 2 9 8 1901 5226 4585
11373 2 2 9 8 4012 5077 1599
11374 2 2 9 8 4661 5128 369
11375 2 2 9 8 1691 4506 2999
11376 2 2 9 8 5301 5384 2066
11377 2 2 9 8 2935 6224 4830
11378 2 2 9 8 5223 5795 2869
11379 2 2 9 8 1749 5844 4033
11380 2 2 9 8 1834 5044 3644
11381 2 2 9 8 4503 4535 1222
11382 2 2 9 8 2703 5927 3978
11383 2 2 9 8 4179 5369 1358
11384 2 2 9 8 3286 6228 1611
11385 2 2 9 8 4723 6599 579
11386 2 2 9 8 3863 6090 834
11387 2 2 9 8 5852 6371 716
11388 2 2 9 8 4359 5321 751
11389 2 2 9 8 4372 5364 2003
11390 2 2 9 8 1583 5661 3912
11391 2 2 9 8 2533 6394 5047
11392 2 2 9 8 4340 5567 1062
11393 2 2 9 8 3668 6617 3865
11394 2 2 9 8 3846 6498 1507
11395 2 2 9 8 4353 5953 1708
11396 2 2 9 8 1811 5943 4326
11397 2 2 9 8 4818 5004 2333
11398 2 2 9 8 103 5687 3035
11399 2 2 9 8 3907 6116 1839
11400 2 2 9 8 2231 6067 5329
11401 2 2 9 8 485 6504 6316
11402 2 2 9 8 4507 4782 2116
11403 2 2 9 8 3622 6419 773
11404 2 2 9 8 3136 4727 923
11405 2 2 9 8 5351 5365 2171
11406 2 2 9 8 2286 4404 96
11407 2 2 9 8 4745 5405 908
11408 2 2 9 8 4156 6418 1229
11409 2 2 9 8 3550 6545 1882
11410 2 2 9 8 5073 6135 1164
11411 2 2 9 8 4679 5208 2718
11412 2 2 9 8 4001 6297 1461
11413 2 2 9 8 4685 4869 797
11414 2 2 9 8 1162 5988 4164
11415 2 2 9 8 701 5074 4551
11416 2 2 9 8 1578 5896 4662
11417 2 2 9 8 3951 5717 1581
11418 2 2 9 8 3650 5739 1832
11419 2 2 9 8 2561 4834 844
11420 2 2 9 8 2778 5319 4400
11421 2 2 9 8 2429 5832 5718
11422 2 2 9 8 1666 5923 5482
11423 2 2 9 8 1974 5669 4878
11424 2 2 9 8 4158 5825 1859
11425 2 2 9 8 403 5631 3522
11426 2 2 9 8 5973 6596 1844
11427 2 2 9 8 1579 5059 4268
11428 2 2 9 8 135 4843 3815
11429 2 2 9 8 2335 4378 4288
11430 2 2 9 8 4442 6095 359
11431 2 2 9 8 3834 6069 594
11432 2 2 9 8 3270 6388 1561
11433 2 2 9 8 4584 5183 1827
11434 2 2 9 8 2844 6425 5717
11435 2 2 9 8 557 4959 4914
11436 2 2 9 8 588 5830 4682
11437 2 2 9 8 448 6125 5078
11438 2 2 9 8 834 5023 4791
11439 2 2 9 8 1887 5926 4694
11440 2 2 9 8 1459 6317 3611
11441 2 2 9 8 4289 5753 733
11442 2 2 9 8 2584 5638 4356
11443 2 2 9 8 1761 5771 4322
11444 2 2 9 8 1814 6033 3802
11445 2 2 9 8 5347 5803 2130
11446 2 2 9 8 646 4278 4199
11447 2 2 9 8 3973 6368 376
11448 2 2 9 8 1141 6618 4518
11449 2 2 9 8 2860 5049 5048
11450 2 2 9 8 1909 6044 4923
11451 2 2 9 8 5201 5202 410
11452 2 2 9 8 2075 6117 3913
11453 2 2 9 8 6212 6558 2414
11454 2 2 9 8 4575 5138 2604
11455 2 2 9 8 3520 4212 1366
11456 2 2 9 8 4991 5242 2663
11457 2 2 9 8 4695 6239 2140
11458 2 2 9 8 3231 6329 5440
11459 2 2 9 8 1726 5892 4559
11460 2 2 9 8 1473 5009 3462
11461 2 2 9 8 1905 6202 3454
11462 2 2 9 8 1776 6084 3768
11463 2 2 9 8 1610 4626 4562
11464 2 2 9 8 1023 6116 3907
11465 2 2 9 8 514 3541 2728
11466 2 2 9 8 3897 6018 2080
11467 2 2 9 8 2201 5672 4629
11468 2 2 9 8 3071 6270 5235
11469 2 2 9 8 1826 5607 4057
11470 2 2 9 8 867 5423 4585
11471 2 2 9 8 1835 5861 4016
11472 2 2 9 8 2057 5658 5540
11473 2 2 9 8 3539 5414 424
11474 2 2 9 8 3012 6081 3443
11475 2 2 9 8 1006 6322 4034
11476 2 2 9 8 3474 4722 1783
11477 2 2 9 8 2898 5058 4050
11478 2 2 9 8 871 6235 3233
11479 2 2 9 8 1214 6409 3860
11480 2 2 9 8 4146 6229 2804
11481 2 2 9 8 743 5239 4670
11482 2 2 9 8 2126 5983 3996
11483 2 2 9 8 2092 5083 4985
11484 2 2 9 8 4340 5205 2169
11485 2 2 9 8 1560 5162 3564
11486 2 2 9 8 4060 5879 428
11487 2 2 9 8 3913 6117 717
11488 2 2 9 8 4878 5669 396
11489 2 2 9 8 2261 5357 5356
11490 2 2 9 8 1503 5213 3796
11491 2 2 9 8 2467 6196 5937
11492 2 2 9 8 4574 5619 1670
11493 2 2 9 8 4909 5481 2371
11494 2 2 9 8 698 5565 4256
11495 2 2 9 8 4528 5176 698
11496 2 2 9 8 4252 5099 1671
11497 2 2 9 8 3379 4787 1356
11498 2 2 9 8 2391 6203 5697
11499 2 2 9 8 5183 5848 921
11500 2 2 9 8 1753 5689 5178
11501 2 2 9 8 819 5627 5127
11502 2 2 9 8 599 6460 3645
11503 2 2 9 8 1368 5883 3776
11504 2 2 9 8 5906 6080 3077
11505 2 2 9 8 4633 4865 1807
11506 2 2 9 8 1678 6554 4261
11507 2 2 9 8 3443 6081 2053
11508 2 2 9 8 878 6352 4086
11509 2 2 9 8 3813 5864 2648
11510 2 2 9 8 4364 6271 1694
11511 2 2 9 8 4529 5640 1659
11512 2 2 9 8 4806 5831 1978
11513 2 2 9 8 1886 5553 4530
11514 2 2 9 8 2585 5038 4137
11515 2 2 9 8 5658 6534 586
11516 2 2 9 8 2363 6494 5408
11517 2 2 9 8 4031 6294 824
11518 2 2 9 8 1618 6196 3814
11519 2 2 9 8 4256 5565 1467
11520 2 2 9 8 1303 6192 5421
11521 2 2 9 8 4277 6094 649
11522 2 2 9 8 4033 6264 1864
11523 2 2 9 8 4154 5360 1588
11524 2 2 9 8 1369 6579 3973
11525 2 2 9 8 4497 6112 1985
11526 2 2 9 8 1549 5507 3869
11527 2 2 9 8 2295 6424 4971
11528 2 2 9 8 5699 6297 3442
11529 2 2 9 8 2460 6102 4067
11530 2 2 9 8 480 5574 4907
11531 2 2 9 8 1827 5157 4584
11532 2 2 9 8 910 4710 4138
11533 2 2 9 8 710 6019 4331
11534 2 2 9 8 2392 5465 5188
11535 2 2 9 8 1161 5182 2394
11536 2 2 9 8 4240 4241 1590
11537 2 2 9 8 4705 4801 1141
11538 2 2 9 8 2934 5448 4549
11539 2 2 9 8 2943 6531 4233
11540 2 2 9 8 4233 6531 2186
11541 2 2 9 8 4326 5943 1528
11542 2 2 9 8 5300 6034 2263
11543 2 2 9 8 1921 6466 3862
11544 2 2 9 8 5059 5846 1749
11545 2 2 9 8 1303 5421 3382
11546 2 2 9 8 1708 4804 4353
11547 2 2 9 8 4143 5269 1272
11548 2 2 9 8 2054 6297 4001
11549 2 2 9 8 1722 5371 4731
11550 2 2 9 8 2352 5226 4780
11551 2 2 9 8 3774 5326 644
11552 2 2 9 8 404 5981 5315
11553 2 2 9 8 1447 5505 4841
11554 2 2 9 8 4164 5988 1800
11555 2 2 9 8 2179 6581 5156
11556 2 2 9 8 5504 5660 551
11557 2 2 9 8 4120 5886 533
11558 2 2 9 8 4857 6482 2336
11559 2 2 9 8 783 6487 4308
11560 2 2 9 8 4196 4319 124
11561 2 2 9 8 5101 5222 2225
11562 2 2 9 8 4902 5030 1697
11563 2 2 9 8 2543 5307 4415
11564 2 2 9 8 3789 5742 1981
11565 2 2 9 8 751 5321 3915
11566 2 2 9 8 665 6464 5040
11567 2 2 9 8 3375 5547 1304
11568 2 2 9 8 2225 6371 5852
11569 2 2 9 8 686 5971 4369
11570 2 2 9 8 735 5087 4350
11571 2 2 9 8 5488 6434 2420
11572 2 2 9 8 4016 5861 966
11573 2 2 9 8 1613 6136 3601
11574 2 2 9 8 1644 6478 3134
11575 2 2 9 8 2006 6254 3789
11576 2 2 9 8 2552 6402 530
11577 2 2 9 8 3349 6593 1525
11578 2 2 9 8 1169 6617 3668
11579 2 2 9 8 4060 6449 1859
11580 2 2 9 8 1738 6145 4089
11581 2 2 9 8 602 5588 3953
11582 2 2 9 8 4623 5676 2338
11583 2 2 9 8 2509 5163 1470
11584 2 2 9 8 452 6547 3955
11585 2 2 9 8 371 5552 5551
11586 2 2 9 8 553 6436 4948
11587 2 2 9 8 4694 5926 1280
11588 2 2 9 8 1521 6239 4695
11589 2 2 9 8 6325 6570 3179
11590 2 2 9 8 4825 6488 2376
11591 2 2 9 8 4384 5553 1886
11592 2 2 9 8 2813 5360 4553
11593 2 2 9 8 5621 5686 1123
11594 2 2 9 8 868 5204 4295
11595 2 2 9 8 1493 6085 4456
11596 2 2 9 8 3056 5171 5072
11597 2 2 9 8 4630 5554 847
11598 2 2 9 8 5486 6278 2287
11599 2 2 9 8 3937 6382 2245
11600 2 2 9 8 5692 6380 849
11601 2 2 9 8 722 6491 4021
11602 2 2 9 8 3067 6584 6064
11603 2 2 9 8 2477 6068 5082
11604 2 2 9 8 4809 5486 2287
11605 2 2 9 8 4410 6290 746
11606 2 2 9 8 1836 5187 4410
11607 2 2 9 8 2677 5436 4828
11608 2 2 9 8 4021 6491 1779
11609 2 2 9 8 846 5099 3410
11610 2 2 9 8 1775 6362 3701
11611 2 2 9 8 1803 6166 4332
11612 2 2 9 8 1700 6251 5987
11613 2 2 9 8 1531 5721 4192
11614 2 2 9 8 700 5303 4566
11615 2 2 9 8 630 6298 2984
11616 2 2 9 8 4067 6102 837
11617 2 2 9 8 3988 6377 217
11618 2 2 9 8 3985 5576 1401
11619 2 2 9 8 1432 5643 4490
11620 2 2 9 8 2734 5908 5508
11621 2 2 9 8 4855 5731 1963
11622 2 2 9 8 3344 5693 1549
11623 2 2 9 8 5925 6602 3117
11624 2 2 9 8 2244 4993 4992
11625 2 2 9 8 5190 5391 1764
11626 2 2 9 8 4621 6080 1255
11627 2 2 9 8 1861 4865 4633
11628 2 2 9 8 2220 6134 5788
11629 2 2 9 8 590 6429 4713
11630 2 2 9 8 3757 4223 2169
11631 2 2 9 8 4521 5316 804
11632 2 2 9 8 2359 5918 5305
11633 2 2 9 8 1668 5658 4316
11634 2 2 9 8 1946 5510 3519
11635 2 2 9 8 4208 5941 1904
11636 2 2 9 8 5281 5282 1064
11637 2 2 9 8 4807 5407 1658
11638 2 2 9 8 371 5551 5357
11639 2 2 9 8 4719 5622 837
11640 2 2 9 8 4700 6387 473
11641 2 2 9 8 4432 6316 1365
11642 2 2 9 8 4677 6361 1203
11643 2 2 9 8 4129 5951 1185
11644 2 2 9 8 2666 6384 5092
11645 2 2 9 8 503 6164 4770
11646 2 2 9 8 1304 5547 5546
11647 2 2 9 8 1054 5937 3248
11648 2 2 9 8 4797 5877 2514
11649 2 2 9 8 4701 6249 1950
11650 2 2 9 8 4374 5849 934
11651 2 2 9 8 1526 5817 4414
11652 2 2 9 8 884 6611 4691
11653 2 2 9 8 4149 6059 764
11654 2 2 9 8 3475 6502 2351
11655 2 2 9 8 3220 4666 646
11656 2 2 9 8 5791 6149 2037
11657 2 2 9 8 1362 3856 3855
11658 2 2 9 8 1655 6248 4046
11659 2 2 9 8 5788 6134 2798
11660 2 2 9 8 1938 5161 4730
11661 2 2 9 8 676 6004 3779
11662 2 2 9 8 5456 6459 1063
11663 2 2 9 8 3834 6310 1873
11664 2 2 9 8 137 4169 3531
11665 2 2 9 8 1584 5142 4715
11666 2 2 9 8 2042 4927 4926
11667 2 2 9 8 1216 5180 4619
11668 2 2 9 8 2955 6601 997
11669 2 2 9 8 4542 5133 1890
11670 2 2 9 8 633 3728 2891
11671 2 2 9 8 2370 5650 4107
11672 2 2 9 8 5129 5954 401
11673 2 2 9 8 1359 4471 3856
11674 2 2 9 8 1138 6372 3265
11675 2 2 9 8 2218 6387 4700
11676 2 2 9 8 2106 5150 4036
11677 2 2 9 8 1723 5405 4745
11678 2 2 9 8 692 6230 4221
11679 2 2 9 8 1898 5039 4586
11680 2 2 9 8 1373 6555 3762
11681 2 2 9 8 2085 6443 3626
11682 2 2 9 8 4688 5714 1810
11683 2 2 9 8 4170 6123 1562
11684 2 2 9 8 3361 6219 741
11685 2 2 9 8 4505 6238 1174
11686 2 2 9 8 4595 5286 1760
11687 2 2 9 8 799 4638 4637
11688 2 2 9 8 5027 5634 3293
11689 2 2 9 8 906 6574 4850
11690 2 2 9 8 1716 6129 3997
11691 2 2 9 8 1855 5250 3511
11692 2 2 9 8 5197 5819 1896
11693 2 2 9 8 1423 5192 3971
11694 2 2 9 8 2035 6249 4701
11695 2 2 9 8 1801 5989 4184
11696 2 2 9 8 4271 5869 1629
11697 2 2 9 8 4585 5226 1247
11698 2 2 9 8 557 4609 2876
11699 2 2 9 8 2113 6103 5281
11700 2 2 9 8 4279 4756 639
11701 2 2 9 8 729 5369 4179
11702 2 2 9 8 4363 5691 1677
11703 2 2 9 8 796 5928 4631
11704 2 2 9 8 1205 6211 4238
11705 2 2 9 8 5151 6134 2220
11706 2 2 9 8 5364 6261 2320
11707 2 2 9 8 750 5408 5046
11708 2 2 9 8 5858 6596 2183
11709 2 2 9 8 4486 5701 1839
11710 2 2 9 8 4209 6059 1966
11711 2 2 9 8 718 5140 5135
11712 2 2 9 8 1424 5366 4446
11713 2 2 9 8 4323 5490 1132
11714 2 2 9 8 4145 5769 451
11715 2 2 9 8 4586 5039 2502
11716 2 2 9 8 3212 6306 1845
11717 2 2 9 8 4530 6433 1886
11718 2 2 9 8 6316 6504 2662
11719 2 2 9 8 5244 5834 2935
11720 2 2 9 8 2459 5933 4251
11721 2 2 9 8 800 5558 4543
11722 2 2 9 8 3837 5414 1370
11723 2 2 9 8 1534 5634 5027
11724 2 2 9 8 669 6426 4215
11725 2 2 9 8 811 6255 5762
11726 2 2 9 8 2523 6418 4156
11727 2 2 9 8 4350 5087 2198
11728 2 2 9 8 2496 5571 4063
11729 2 2 9 8 3690 6376 1740
11730 2 2 9 8 2158 5592 4605
11731 2 2 9 8 2338 6423 4623
11732 2 2 9 8 1839 6302 3907
11733 2 2 9 8 1910 6168 5572
11734 2 2 9 8 5277 6272 2312
11735 2 2 9 8 3156 4988 1397
11736 2 2 9 8 1340 5313 3869
11737 2 2 9 8 5487 5606 2262
11738 2 2 9 8 4629 6222 1880
11739 2 2 9 8 2586 6120 5946
11740 2 2 9 8 2111 5392 4450
11741 2 2 9 8 2836 6628 5680
11742 2 2 9 8 1915 5081 4309
11743 2 2 9 8 5357 5551 2058
11744 2 2 9 8 5161 5213 1503
11745 2 2 9 8 1327 6342 4197
11746 2 2 9 8 1874 6320 5124
11747 2 2 9 8 1514 5168 4549
11748 2 2 9 8 4036 5150 574
11749 2 2 9 8 4661 5387 1450
11750 2 2 9 8 5738 6387 2218
11751 2 2 9 8 2857 6039 3657
11752 2 2 9 8 2025 6381 5760
11753 2 2 9 8 5141 5882 730
11754 2 2 9 8 3119 5150 1649
11755 2 2 9 8 4548 5258 1845
11756 2 2 9 8 1988 5086 4934
11757 2 2 9 8 5723 6173 436
11758 2 2 9 8 1158 4182 3267
11759 2 2 9 8 3773 5791 2037
11760 2 2 9 8 1072 6499 6233
11761 2 2 9 8 958 6261 5364
11762 2 2 9 8 5324 6210 2539
11763 2 2 9 8 4662 5896 1945
11764 2 2 9 8 1626 5809 5034
11765 2 2 9 8 2528 6225 4495
11766 2 2 9 8 4113 6208 1683
11767 2 2 9 8 5485 6053 360
11768 2 2 9 8 4267 5688 1533
11769 2 2 9 8 5262 6311 1976
11770 2 2 9 8 3807 5749 251
11771 2 2 9 8 4649 5336 545
11772 2 2 9 8 1197 5677 4489
11773 2 2 9 8 5508 5908 2065
11774 2 2 9 8 744 5834 4469
11775 2 2 9 8 3124 6058 4406
11776 2 2 9 8 3652 6130 1328
11777 2 2 9 8 1734 6158 5327
11778 2 2 9 8 4332 6166 960
11779 2 2 9 8 2899 6244 476
11780 2 2 9 8 2216 5986 5107
11781 2 2 9 8 5418 5544 2213
11782 2 2 9 8 2092 5752 5083
11783 2 2 9 8 4992 4993 1712
11784 2 2 9 8 1824 5770 4463
11785 2 2 9 8 2808 5438 4461
11786 2 2 9 8 1804 5060 3989
11787 2 2 9 8 4550 6314 1580
11788 2 2 9 8 1810 5714 4520
11789 2 2 9 8 1720 5604 4650
11790 2 2 9 8 581 6062 4779
11791 2 2 9 8 789 5628 4408
11792 2 2 9 8 4500 4968 1568
11793 2 2 9 8 703 5401 4427
11794 2 2 9 8 4498 4533 1944
11795 2 2 9 8 4408 5628 1842
11796 2 2 9 8 6243 6529 2022
11797 2 2 9 8 5034 5380 2015
11798 2 2 9 8 950 5858 4589
11799 2 2 9 8 4258 6436 2752
11800 2 2 9 8 1802 5490 4323
11801 2 2 9 8 3497 6001 5871
11802 2 2 9 8 2126 6569 4652
11803 2 2 9 8 2991 6336 1384
11804 2 2 9 8 1363 6605 4580
11805 2 2 9 8 1662 4528 4527
11806 2 2 9 8 1862 3108 381
11807 2 2 9 8 4580 6333 424
11808 2 2 9 8 4306 6138 1806
11809 2 2 9 8 1941 5469 4908
11810 2 2 9 8 1444 6625 5885
11811 2 2 9 8 1472 6170 5000
11812 2 2 9 8 2495 5391 5190
11813 2 2 9 8 2040 5732 5302
11814 2 2 9 8 3419 5648 1506
11815 2 2 9 8 971 5964 4877
11816 2 2 9 8 1964 5365 5351
11817 2 2 9 8 4495 6225 1191
11818 2 2 9 8 4598 6428 1774
11819 2 2 9 8 2569 5834 5244
11820 2 2 9 8 872 5481 4909
11821 2 2 9 8 2320 5818 5364
11822 2 2 9 8 2579 6414 5476
11823 2 2 9 8 3787 6579 1369
11824 2 2 9 8 228 6516 5258
11825 2 2 9 8 3831 6147 910
11826 2 2 9 8 3860 6409 1734
11827 2 2 9 8 3398 4267 726
11828 2 2 9 8 2043 5544 5418
11829 2 2 9 8 4877 5964 2096
11830 2 2 9 8 1780 6041 5468
11831 2 2 9 8 4280 6146 2605
11832 2 2 9 8 4093 6122 1755
11833 2 2 9 8 1982 6090 3863
11834 2 2 9 8 3783 4307 1392
11835 2 2 9 8 2373 6238 4505
11836 2 2 9 8 1398 6171 4526
11837 2 2 9 8 1579 5846 5059
11838 2 2 9 8 4931 5110 2125
11839 2 2 9 8 2179 6148 5808
11840 2 2 9 8 6068 6456 2085
11841 2 2 9 8 4045 5947 27
11842 2 2 9 8 973 5900 5630
11843 2 2 9 8 4138 4710 2190
11844 2 2 9 8 1878 6032 5865
11845 2 2 9 8 2405 5701 4486
11846 2 2 9 8 5327 6158 2316
11847 2 2 9 8 4966 5793 1764
11848 2 2 9 8 828 5927 5120
11849 2 2 9 8 1021 5676 4623
11850 2 2 9 8 1462 6631 4713
11851 2 2 9 8 3999 6439 911
11852 2 2 9 8 4893 5405 1723
11853 2 2 9 8 1603 5061 3275
11854 2 2 9 8 1025 6512 4202
11855 2 2 9 8 3446 6527 1653
11856 2 2 9 8 3705 6568 2714
11857 2 2 9 8 5406 5711 2397
11858 2 2 9 8 1470 5265 4571
11859 2 2 9 8 2739 6286 5742
11860 2 2 9 8 405 4449 3352
11861 2 2 9 8 495 5639 4897
11862 2 2 9 8 99 4436 4188
11863 2 2 9 8 363 6550 4163
11864 2 2 9 8 1637 6132 3068
11865 2 2 9 8 5994 6103 1163
11866 2 2 9 8 1913 5253 4740
11867 2 2 9 8 3068 6132 1102
11868 2 2 9 8 4545 5295 488
11869 2 2 9 8 4551 5074 1832
11870 2 2 9 8 3474 6525 5895
11871 2 2 9 8 4243 6127 1877
11872 2 2 9 8 4947 5614 2013
11873 2 2 9 8 3248 5937 1618
11874 2 2 9 8 1436 6082 5697
11875 2 2 9 8 528 4095 3249
11876 2 2 9 8 1255 6080 5906
11877 2 2 9 8 3848 5470 1999
11878 2 2 9 8 989 6212 4802
11879 2 2 9 8 5442 6149 2613
11880 2 2 9 8 365 5667 4853
11881 2 2 9 8 4104 6014 1843
11882 2 2 9 8 5072 5171 1624
11883 2 2 9 8 5015 6542 688
11884 2 2 9 8 1875 6105 5065
11885 2 2 9 8 4187 5370 1607
11886 2 2 9 8 4133 5372 366
11887 2 2 9 8 1808 6375 4236
11888 2 2 9 8 5142 6629 2012
11889 2 2 9 8 3716 6623 2542
11890 2 2 9 8 3856 4561 1359
11891 2 2 9 8 900 6489 5839
11892 2 2 9 8 2383 5407 4807
11893 2 2 9 8 4982 4983 1047
11894 2 2 9 8 3691 5543 3692
11895 2 2 9 8 2245 6382 5318
11896 2 2 9 8 1520 5974 5002
11897 2 2 9 8 2204 6284 2990
11898 2 2 9 8 785 6528 4354
11899 2 2 9 8 4501 5359 676
11900 2 2 9 8 4184 5191 2582
11901 2 2 9 8 2685 6493 6269
11902 2 2 9 8 794 5380 5034
11903 2 2 9 8 4490 5643 1773
11904 2 2 9 8 1749 6010 5059
11905 2 2 9 8 138 5616 4169
11906 2 2 9 8 3865 6617 2624
11907 2 2 9 8 3284 3620 1510
11908 2 2 9 8 4261 5833 1652
11909 2 2 9 8 1814 3802 3801
11910 2 2 9 8 5195 5196 2176
11911 2 2 9 8 1685 6392 5141
11912 2 2 9 8 4696 5828 2093
11913 2 2 9 8 1996 5995 4255
11914 2 2 9 8 5318 6382 869
11915 2 2 9 8 3996 6569 2126
11916 2 2 9 8 1813 6251 5561
11917 2 2 9 8 852 6266 5495
11918 2 2 9 8 2720 6223 4401
11919 2 2 9 8 2043 5418 4956
11920 2 2 9 8 3821 6287 1031
11921 2 2 9 8 2071 5640 4529
11922 2 2 9 8 4092 4950 1653
11923 2 2 9 8 1533 5688 3813
11924 2 2 9 8 1683 6208 5181
11925 2 2 9 8 1509 5501 4507
11926 2 2 9 8 4033 6010 1749
11927 2 2 9 8 951 6379 3962
11928 2 2 9 8 5231 6312 1920
11929 2 2 9 8 4503 5376 1709
11930 2 2 9 8 5057 5718 1066
11931 2 2 9 8 1791 6022 5151
11932 2 2 9 8 5315 5981 2365
11933 2 2 9 8 4245 6079 1803
11934 2 2 9 8 4911 5819 1217
11935 2 2 9 8 24 6607 4101
11936 2 2 9 8 1423 5916 5192
11937 2 2 9 8 4502 6195 1801
11938 2 2 9 8 3972 5700 1809
11939 2 2 9 8 4406 6058 1124
11940 2 2 9 8 4091 5412 725
11941 2 2 9 8 4050 5058 1645
11942 2 2 9 8 4537 6012 753
11943 2 2 9 8 5946 6120 786
11944 2 2 9 8 266 6585 2442
11945 2 2 9 8 3802 6033 697
11946 2 2 9 8 4212 5429 1366
11947 2 2 9 8 4971 5902 2295
11948 2 2 9 8 3506 4957 1213
11949 2 2 9 8 2336 6459 5456
11950 2 2 9 8 2689 6088 5044
11951 2 2 9 8 212 6319 4479
11952 2 2 9 8 4910 5760 881
11953 2 2 9 8 1733 5711 4851
11954 2 2 9 8 5170 6060 2100
11955 2 2 9 8 5680 6628 537
11956 2 2 9 8 1835 5222 4683
11957 2 2 9 8 646 4199 3220
11958 2 2 9 8 5554 5924 847
11959 2 2 9 8 5922 6276 2003
11960 2 2 9 8 2096 5663 4877
11961 2 2 9 8 1111 6263 4116
11962 2 2 9 8 5207 5280 2112
11963 2 2 9 8 4949 5715 2064
11964 2 2 9 8 5476 6414 1819
11965 2 2 9 8 5019 5402 1268
11966 2 2 9 8 736 6114 5016
11967 2 2 9 8 800 5084 5054
11968 2 2 9 8 752 5665 4903
11969 2 2 9 8 4889 6501 2107
11970 2 2 9 8 5135 5140 1973
11971 2 2 9 8 495 6545 3550
11972 2 2 9 8 3253 6284 2204
11973 2 2 9 8 4566 6407 1108
11974 2 2 9 8 2176 5750 5380
11975 2 2 9 8 5092 6384 1233
11976 2 2 9 8 859 6028 4280
11977 2 2 9 8 1888 6614 3926
11978 2 2 9 8 4824 6353 529
11979 2 2 9 8 1607 5944 4707
11980 2 2 9 8 3969 5930 1847
11981 2 2 9 8 4625 6602 1854
11982 2 2 9 8 1807 5792 4180
11983 2 2 9 8 4839 5922 812
11984 2 2 9 8 5059 6010 994
11985 2 2 9 8 1054 6296 5937
11986 2 2 9 8 3718 6211 1205
11987 2 2 9 8 665 5439 5365
11988 2 2 9 8 4454 5757 1799
11989 2 2 9 8 2420 5969 5488
11990 2 2 9 8 1578 6283 3610
11991 2 2 9 8 1559 6537 4873
11992 2 2 9 8 3396 6215 361
11993 2 2 9 8 3191 6283 626
11994 2 2 9 8 86 5810 4151
11995 2 2 9 8 4403 6417 1732
11996 2 2 9 8 6413 6630 1443
11997 2 2 9 8 4532 5778 2719
11998 2 2 9 8 4472 5724 2277
11999 2 2 9 8 3531 4169 1147
12000 2 2 9 8 2081 6588 6384
12001 2 2 9 8 116 5881 2457
12002 2 2 9 8 597 6227 4412
12003 2 2 9 8 292 5730 5143
12004 2 2 9 8 4070 4071 1266
12005 2 2 9 8 4812 5466 1371
12006 2 2 9 8 4683 5222 778
12007 2 2 9 8 4779 6062 2123
12008 2 2 9 8 1398 6184 3892
12009 2 2 9 8 4429 6036 402
12010 2 2 9 8 4354 6528 2050
12011 2 2 9 8 4489 5677 2673
12012 2 2 9 8 478 5294 4608
12013 2 2 9 8 4412 6227 3305
12014 2 2 9 8 1717 5185 4510
12015 2 2 9 8 1393 6540 3943
12016 2 2 9 8 4996 6450 1103
12017 2 2 9 8 2459 6187 5933
12018 2 2 9 8 961 6390 4294
12019 2 2 9 8 2269 6437 5338
12020 2 2 9 8 2691 4572 111
12021 2 2 9 8 1851 6355 5395
12022 2 2 9 8 1954 5498 4627
12023 2 2 9 8 1974 5746 5669
12024 2 2 9 8 36 5615 5017
12025 2 2 9 8 5263 5297 2232
12026 2 2 9 8 5013 5370 1055
12027 2 2 9 8 4005 5987 1376
12028 2 2 9 8 5124 6320 173
12029 2 2 9 8 1628 5584 3586
12030 2 2 9 8 3868 5421 1958
12031 2 2 9 8 6081 6383 2053
12032 2 2 9 8 4780 5226 1901
12033 2 2 9 8 2025 5760 4910
12034 2 2 9 8 4423 5605 1317
12035 2 2 9 8 4497 6113 6112
12036 2 2 9 8 781 5733 5724
12037 2 2 9 8 1844 6596 4395
12038 2 2 9 8 3828 5169 1630
12039 2 2 9 8 1822 5569 4657
12040 2 2 9 8 1001 6337 4435
12041 2 2 9 8 1581 6425 5140
12042 2 2 9 8 6192 6472 1958
12043 2 2 9 8 2684 5876 4069
12044 2 2 9 8 3485 5842 1550
12045 2 2 9 8 181 6532 5158
12046 2 2 9 8 2032 5802 4348
12047 2 2 9 8 2272 5686 5621
12048 2 2 9 8 4443 5907 1557
12049 2 2 9 8 536 5803 5347
12050 2 2 9 8 2113 5280 5207
12051 2 2 9 8 2978 5869 4434
12052 2 2 9 8 4930 5272 2969
12053 2 2 9 8 1936 5110 4931
12054 2 2 9 8 4518 6618 2021
12055 2 2 9 8 2485 5893 4317
12056 2 2 9 8 4352 6255 811
12057 2 2 9 8 5094 5833 2265
12058 2 2 9 8 3926 6614 564
12059 2 2 9 8 4044 6164 503
12060 2 2 9 8 5428 5892 1726
12061 2 2 9 8 1549 6273 3344
12062 2 2 9 8 2188 5405 4893
12063 2 2 9 8 4525 6437 1529
12064 2 2 9 8 3339 6411 1870
12065 2 2 9 8 4510 5185 749
12066 2 2 9 8 5401 6504 1797
12067 2 2 9 8 5291 6633 2327
12068 2 2 9 8 1653 6527 4499
12069 2 2 9 8 2000 5548 4474
12070 2 2 9 8 4027 5576 741
12071 2 2 9 8 5041 5497 1714
12072 2 2 9 8 673 6564 5664
12073 2 2 9 8 5365 5439 2171
12074 2 2 9 8 5046 5408 2021
12075 2 2 9 8 896 6587 4297
12076 2 2 9 8 4177 5541 2354
12077 2 2 9 8 973 5543 3691
12078 2 2 9 8 1925 6265 5008
12079 2 2 9 8 4877 5663 2095
12080 2 2 9 8 1806 6138 4603
12081 2 2 9 8 1765 6209 4539
12082 2 2 9 8 2457 5881 4710
12083 2 2 9 8 1427 5275 4312
12084 2 2 9 8 4675 5398 1632
12085 2 2 9 8 1740 6322 3690
12086 2 2 9 8 642 6055 4071
12087 2 2 9 8 1302 5113 3959
12088 2 2 9 8 2328 5889 4020
12089 2 2 9 8 576 6568 3705
12090 2 2 9 8 4084 6557 1354
12091 2 2 9 8 5069 6233 2597
12092 2 2 9 8 2113 5281 5280
12093 2 2 9 8 5322 5983 1661
12094 2 2 9 8 3835 6588 419
12095 2 2 9 8 4286 6404 3128
12096 2 2 9 8 1741 6501 4889
12097 2 2 9 8 1836 5851 4431
12098 2 2 9 8 2175 6361 4677
12099 2 2 9 8 5024 6272 2162
12100 2 2 9 8 1908 6577 3682
12101 2 2 9 8 5030 6558 2321
12102 2 2 9 8 4616 5474 1576
12103 2 2 9 8 4701 5117 2035
12104 2 2 9 8 592 6498 3846
12105 2 2 9 8 1856 5465 4657
12106 2 2 9 8 61 6595 3295
12107 2 2 9 8 4478 5741 690
12108 2 2 9 8 1273 6149 5442
12109 2 2 9 8 1968 6419 3622
12110 2 2 9 8 4546 6372 1138
12111 2 2 9 8 1099 6415 4671
12112 2 2 9 8 763 5272 4930
12113 2 2 9 8 2082 5967 5068
12114 2 2 9 8 5865 6032 2412
12115 2 2 9 8 4357 6076 1849
12116 2 2 9 8 5120 5927 1661
12117 2 2 9 8 4234 5931 1338
12118 2 2 9 8 5482 5608 1666
12119 2 2 9 8 5164 5165 1674
12120 2 2 9 8 2887 5466 4812
12121 2 2 9 8 750 5360 4154
12122 2 2 9 8 1082 5743 4917
12123 2 2 9 8 3751 6486 489
12124 2 2 9 8 2183 6596 5973
12125 2 2 9 8 3692 5543 360
12126 2 2 9 8 4034 6322 1740
12127 2 2 9 8 2481 6200 4552
12128 2 2 9 8 2962 5210 4151
12129 2 2 9 8 1725 5773 4512
12130 2 2 9 8 2715 4801 524
12131 2 2 9 8 148 6275 5542
12132 2 2 9 8 5640 6547 3426
12133 2 2 9 8 4183 5826 1767
12134 2 2 9 8 4832 5000 2578
12135 2 2 9 8 2419 6600 4420
12136 2 2 9 8 2058 5646 5356
12137 2 2 9 8 4456 6085 662
12138 2 2 9 8 1593 6276 5922
12139 2 2 9 8 2542 6623 3492
12140 2 2 9 8 1475 5864 4408
12141 2 2 9 8 556 6381 4448
12142 2 2 9 8 1392 6269 3358
12143 2 2 9 8 2245 6542 5015
12144 2 2 9 8 420 6440 5234
12145 2 2 9 8 4652 6569 684
12146 2 2 9 8 2761 5928 4366
12147 2 2 9 8 1590 5810 2809
12148 2 2 9 8 6151 6170 1472
12149 2 2 9 8 1096 6428 4598
12150 2 2 9 8 950 6596 5858
12151 2 2 9 8 1203 6361 4390
12152 2 2 9 8 6137 6272 612
12153 2 2 9 8 2615 6570 6325
12154 2 2 9 8 4984 5187 809
12155 2 2 9 8 1528 6143 4326
12156 2 2 9 8 1603 4666 3732
12157 2 2 9 8 5038 5982 2476
12158 2 2 9 8 1679 6290 4410
12159 2 2 9 8 935 6633 5291
12160 2 2 9 8 229 6420 4262
12161 2 2 9 8 5356 5357 2058
12162 2 2 9 8 3862 6466 926
12163 2 2 9 8 863 5711 5406
12164 2 2 9 8 4627 5498 1062
12165 2 2 9 8 3155 5530 4470
12166 2 2 9 8 1883 5527 4831
12167 2 2 9 8 1523 5309 4824
12168 2 2 9 8 1977 6517 4981
12169 2 2 9 8 4236 6375 715
12170 2 2 9 8 2541 5425 4736
12171 2 2 9 8 451 6138 4306
12172 2 2 9 8 4956 5418 496
12173 2 2 9 8 2063 6012 4537
12174 2 2 9 8 1902 6479 4380
12175 2 2 9 8 2406 6036 4429
12176 2 2 9 8 1523 6407 4566
12177 2 2 9 8 1073 5054 2598
12178 2 2 9 8 4407 6406 1817
12179 2 2 9 8 4291 6379 2536
12180 2 2 9 8 1632 5398 4737
12181 2 2 9 8 2420 6026 5969
12182 2 2 9 8 816 6271 4364
12183 2 2 9 8 1079 5186 4593
12184 2 2 9 8 5007 6448 1946
12185 2 2 9 8 2213 5707 5418
12186 2 2 9 8 2291 6563 5993
12187 2 2 9 8 1800 6439 3999
12188 2 2 9 8 401 5954 3046
12189 2 2 9 8 1226 5486 4809
12190 2 2 9 8 4918 5811 1860
12191 2 2 9 8 4263 6086 679
12192 2 2 9 8 5188 5465 1856
12193 2 2 9 8 4691 6611 3142
12194 2 2 9 8 4200 6405 2845
12195 2 2 9 8 4152 6572 470
12196 2 2 9 8 1634 5936 5500
12197 2 2 9 8 5709 5913 2156
12198 2 2 9 8 5294 6605 1363
12199 2 2 9 8 2922 6080 4621
12200 2 2 9 8 4533 6109 1943
12201 2 2 9 8 4562 4670 1610
12202 2 2 9 8 544 6311 4293
12203 2 2 9 8 5316 6278 804
12204 2 2 9 8 786 6300 4517
12205 2 2 9 8 4673 6027 1779
12206 2 2 9 8 1708 5085 4804
12207 2 2 9 8 4062 5773 577
12208 2 2 9 8 1385 6326 4250
12209 2 2 9 8 5054 5084 1074
12210 2 2 9 8 1207 6195 4502
12211 2 2 9 8 1652 5833 5094
12212 2 2 9 8 2493 6386 4163
12213 2 2 9 8 5083 5752 2030
12214 2 2 9 8 831 6030 3431
12215 2 2 9 8 916 5998 5752
12216 2 2 9 8 1958 6472 4480
12217 2 2 9 8 1035 6442 5765
12218 2 2 9 8 5542 6275 2398
12219 2 2 9 8 6250 6464 2784
12220 2 2 9 8 5281 6103 2423
12221 2 2 9 8 2453 6404 4286
12222 2 2 9 8 4630 5679 1663
12223 2 2 9 8 2867 6573 6288
12224 2 2 9 8 5955 6456 2477
12225 2 2 9 8 4919 5511 2907
12226 2 2 9 8 5211 5917 2491
12227 2 2 9 8 4678 5998 2147
12228 2 2 9 8 4297 5796 381
12229 2 2 9 8 5296 6521 545
12230 2 2 9 8 5939 6585 1907
12231 2 2 9 8 819 6096 4567
12232 2 2 9 8 1662 5176 4528
12233 2 2 9 8 1853 6397 4405
12234 2 2 9 8 6288 6573 2312
12235 2 2 9 8 4542 6490 912
12236 2 2 9 8 5235 6270 1989
12237 2 2 9 8 1363 4580 3189
12238 2 2 9 8 4479 6319 2153
12239 2 2 9 8 1824 5984 5770
12240 2 2 9 8 5488 5969 1034
12241 2 2 9 8 1619 4447 4446
12242 2 2 9 8 4615 5444 359
12243 2 2 9 8 875 6076 4357
12244 2 2 9 8 4365 6385 1566
12245 2 2 9 8 688 6542 4583
12246 2 2 9 8 2220 5409 5151
12247 2 2 9 8 4430 6158 1734
12248 2 2 9 8 4030 6484 357
12249 2 2 9 8 4627 5659 1955
12250 2 2 9 8 3141 6053 5485
12251 2 2 9 8 730 5882 4880
12252 2 2 9 8 2863 5219 263
12253 2 2 9 8 2231 6482 5254
12254 2 2 9 8 2442 6585 5939
12255 2 2 9 8 798 5625 4876
12256 2 2 9 8 5500 5936 1995
12257 2 2 9 8 5254 6482 1006
12258 2 2 9 8 467 5196 5195
12259 2 2 9 8 264 5843 2863
12260 2 2 9 8 5192 5916 3655
12261 2 2 9 8 1797 6504 4335
12262 2 2 9 8 5808 6148 2544
12263 2 2 9 8 4804 5085 1933
12264 2 2 9 8 4069 5876 2069
12265 2 2 9 8 5968 6616 2425
12266 2 2 9 8 5937 6296 2467
12267 2 2 9 8 2100 6060 5845
12268 2 2 9 8 5595 5698 1349
12269 2 2 9 8 1643 6524 4850
12270 2 2 9 8 4723 5734 1601
12271 2 2 9 8 5141 6392 2448
12272 2 2 9 8 5850 5979 2281
12273 2 2 9 8 5871 6001 866
12274 2 2 9 8 883 5612 4439
12275 2 2 9 8 1977 6141 3110
12276 2 2 9 8 4550 6200 739
12277 2 2 9 8 1824 6024 4459
12278 2 2 9 8 1020 5749 3807
12279 2 2 9 8 4555 6187 1307
12280 2 2 9 8 424 6333 5126
12281 2 2 9 8 2377 5797 4636
12282 2 2 9 8 4024 6190 1594
12283 2 2 9 8 6531 6532 5894
12284 2 2 9 8 427 6448 5007
12285 2 2 9 8 1992 6415 4805
12286 2 2 9 8 1818 5822 5298
12287 2 2 9 8 5463 6005 1701
12288 2 2 9 8 4905 5858 2183
12289 2 2 9 8 1145 6244 2899
12290 2 2 9 8 595 5908 5673
12291 2 2 9 8 372 6152 5138
12292 2 2 9 8 3691 5346 973
12293 2 2 9 8 1892 6187 4555
12294 2 2 9 8 5778 6223 2720
12295 2 2 9 8 258 5876 2684
12296 2 2 9 8 5280 5281 1064
12297 2 2 9 8 5473 5879 3534
12298 2 2 9 8 5784 6442 1035
12299 2 2 9 8 1991 5705 5003
12300 2 2 9 8 5078 6125 2197
12301 2 2 9 8 4559 5892 914
12302 2 2 9 8 5969 6026 2087
12303 2 2 9 8 3997 6441 1716
12304 2 2 9 8 6191 6560 2435
12305 2 2 9 8 3629 6345 2571
12306 2 2 9 8 4262 6516 229
12307 2 2 9 8 5040 6464 1638
12308 2 2 9 8 4433 6112 421
12309 2 2 9 8 4459 5984 1824
12310 2 2 9 8 4801 5681 3406
12311 2 2 9 8 1984 5924 5554
12312 2 2 9 8 1985 6112 4433
12313 2 2 9 8 1917 6113 4497
12314 2 2 9 8 1910 5572 4758
12315 2 2 9 8 5715 6025 2064
12316 2 2 9 8 4897 5639 1891
12317 2 2 9 8 1724 5452 4163
12318 2 2 9 8 2706 6126 4663
12319 2 2 9 8 5310 5413 2324
12320 2 2 9 8 2199 6516 4262
12321 2 2 9 8 4805 6415 1099
12322 2 2 9 8 4593 5186 2117
12323 2 2 9 8 4448 6381 2025
12324 2 2 9 8 4631 6292 796
12325 2 2 9 8 5609 6491 3588
12326 2 2 9 8 2021 6618 5046
12327 2 2 9 8 1766 6188 4465
12328 2 2 9 8 4566 5303 1523
12329 2 2 9 8 4405 6397 418
12330 2 2 9 8 4242 6351 1937
12331 2 2 9 8 2501 5913 5709
12332 2 2 9 8 811 5762 4635
12333 2 2 9 8 4610 6598 2989
12334 2 2 9 8 4261 6554 874
12335 2 2 9 8 5127 6096 819
12336 2 2 9 8 5677 6261 2673
12337 2 2 9 8 1695 6339 5066
12338 2 2 9 8 2013 6541 4947
12339 2 2 9 8 2301 6487 5596
12340 2 2 9 8 1941 5679 4630
12341 2 2 9 8 5337 5531 3469
12342 2 2 9 8 2031 6182 5962
12343 2 2 9 8 4853 5667 1744
12344 2 2 9 8 3168 6630 6413
12345 2 2 9 8 5070 6221 390
12346 2 2 9 8 4940 5760 2639
12347 2 2 9 8 95 3950 3949
12348 2 2 9 8 5062 6237 1821
12349 2 2 9 8 2708 5873 4514
12350 2 2 9 8 5710 5768 3321
12351 2 2 9 8 1364 5816 4827
12352 2 2 9 8 5447 5802 2032
12353 2 2 9 8 3239 5564 5563
12354 2 2 9 8 4654 6213 1646
12355 2 2 9 8 1365 6316 5813
12356 2 2 9 8 4631 5928 1545
12357 2 2 9 8 1593 5655 4498
12358 2 2 9 8 5299 5732 2040
12359 2 2 9 8 4506 6548 2039
12360 2 2 9 8 4802 6212 550
12361 2 2 9 8 2442 5939 3524
12362 2 2 9 8 1898 5682 5039
12363 2 2 9 8 5669 5746 2235
12364 2 2 9 8 5727 6439 1800
12365 2 2 9 8 4169 5616 1863
12366 2 2 9 8 2096 5975 5663
12367 2 2 9 8 4783 4978 729
12368 2 2 9 8 1709 5376 4330
12369 2 2 9 8 2481 6349 6239
12370 2 2 9 8 5764 6499 1072
12371 2 2 9 8 5002 6285 2547
12372 2 2 9 8 2896 4743 1282
12373 2 2 9 8 2544 6347 5808
12374 2 2 9 8 554 4358 4219
12375 2 2 9 8 4846 5580 393
12376 2 2 9 8 6239 6349 2140
12377 2 2 9 8 4657 5569 1856
12378 2 2 9 8 2825 5580 4846
12379 2 2 9 8 2057 6534 5658
12380 2 2 9 8 5026 5480 806
12381 2 2 9 8 464 6158 4430
12382 2 2 9 8 2046 6048 5029
12383 2 2 9 8 4474 5548 709
12384 2 2 9 8 5668 6610 3514
12385 2 2 9 8 4831 5527 887
12386 2 2 9 8 4494 6571 437
12387 2 2 9 8 500 6192 4575
12388 2 2 9 8 874 6554 5095
12389 2 2 9 8 3117 6602 4617
12390 2 2 9 8 4491 5739 434
12391 2 2 9 8 3980 4926 1846
12392 2 2 9 8 2247 6471 6343
12393 2 2 9 8 5993 6563 1271
12394 2 2 9 8 4444 6340 271
12395 2 2 9 8 4223 5567 2169
12396 2 2 9 8 1258 6367 4898
12397 2 2 9 8 1959 6221 5070
12398 2 2 9 8 2423 6103 5994
12399 2 2 9 8 4427 5401 1797
12400 2 2 9 8 726 4267 3826
12401 2 2 9 8 2208 5858 4905
12402 2 2 9 8 4517 6300 2051
12403 2 2 9 8 989 4754 2644
12404 2 2 9 8 3672 5935 1089
12405 2 2 9 8 1431 6013 4573
12406 2 2 9 8 1861 5758 4865
12407 2 2 9 8 4100 5901 1126
12408 2 2 9 8 4981 6517 2419
12409 2 2 9 8 4726 6435 1746
12410 2 2 9 8 428 5879 5473
12411 2 2 9 8 4331 6019 2163
12412 2 2 9 8 5036 5822 1818
12413 2 2 9 8 4480 6281 1958
12414 2 2 9 8 1865 5606 5487
12415 2 2 9 8 2798 6543 5788
12416 2 2 9 8 1185 6408 4729
12417 2 2 9 8 4335 6504 485
12418 2 2 9 8 1914 6591 4310
12419 2 2 9 8 1010 6616 5968
12420 2 2 9 8 1913 6568 5253
12421 2 2 9 8 1958 6281 3868
12422 2 2 9 8 1696 6256 5429
12423 2 2 9 8 1080 6603 5666
12424 2 2 9 8 1535 5575 4948
12425 2 2 9 8 2597 5632 5069
12426 2 2 9 8 2773 6007 5601
12427 2 2 9 8 876 5515 5468
12428 2 2 9 8 546 6309 5603
12429 2 2 9 8 5151 5409 1791
12430 2 2 9 8 5664 6564 2503
12431 2 2 9 8 1972 5715 4949
12432 2 2 9 8 4590 6443 635
12433 2 2 9 8 3545 5853 1161
12434 2 2 9 8 3684 4858 1269
12435 2 2 9 8 361 6215 4190
12436 2 2 9 8 5379 5747 2370
12437 2 2 9 8 4210 6546 1648
12438 2 2 9 8 5418 5707 496
12439 2 2 9 8 4238 6211 1693
12440 2 2 9 8 5287 6340 2523
12441 2 2 9 8 4880 5882 1940
12442 2 2 9 8 1947 6620 4547
12443 2 2 9 8 5380 5750 2015
12444 2 2 9 8 4737 5398 1926
12445 2 2 9 8 2837 5761 5229
12446 2 2 9 8 4901 6104 2113
12447 2 2 9 8 603 6178 4837
12448 2 2 9 8 489 6486 3847
12449 2 2 9 8 5046 6618 1675
12450 2 2 9 8 4728 5276 1611
12451 2 2 9 8 2019 6065 4914
12452 2 2 9 8 5577 5642 2902
12453 2 2 9 8 5520 6631 1462
12454 2 2 9 8 855 6095 4442
12455 2 2 9 8 5933 6187 1892
12456 2 2 9 8 5055 5908 595
12457 2 2 9 8 5910 6175 2023
12458 2 2 9 8 1877 6127 4795
12459 2 2 9 8 1854 6602 5925
12460 2 2 9 8 5724 5733 2277
12461 2 2 9 8 2413 6448 5975
12462 2 2 9 8 5258 6583 1845
12463 2 2 9 8 5495 6266 2593
12464 2 2 9 8 2062 5634 5492
12465 2 2 9 8 864 5415 4686
12466 2 2 9 8 3007 6371 4016
12467 2 2 9 8 2320 6261 5677
12468 2 2 9 8 4778 5402 2270
12469 2 2 9 8 5065 6105 454
12470 2 2 9 8 1263 6495 5735
12471 2 2 9 8 1661 5983 5120
12472 2 2 9 8 2438 5787 5362
12473 2 2 9 8 612 6272 5024
12474 2 2 9 8 5492 5634 1534
12475 2 2 9 8 5860 5952 2387
12476 2 2 9 8 4903 5923 1666
12477 2 2 9 8 1638 6250 4841
12478 2 2 9 8 979 6456 5955
12479 2 2 9 8 901 6046 3852
12480 2 2 9 8 1633 6023 4600
12481 2 2 9 8 772 5689 5109
12482 2 2 9 8 1406 6519 4002
12483 2 2 9 8 5463 5646 2058
12484 2 2 9 8 6399 6627 3391
12485 2 2 9 8 545 6570 5296
12486 2 2 9 8 5885 6625 3038
12487 2 2 9 8 1058 6383 6081
12488 2 2 9 8 2134 5828 4696
12489 2 2 9 8 5673 5908 2734
12490 2 2 9 8 1845 6306 4548
12491 2 2 9 8 5035 6611 884
12492 2 2 9 8 5082 6068 865
12493 2 2 9 8 4903 5665 1956
12494 2 2 9 8 4808 5231 1920
12495 2 2 9 8 1423 5827 3843
12496 2 2 9 8 5429 6256 597
12497 2 2 9 8 5383 5801 2430
12498 2 2 9 8 5488 6305 2209
12499 2 2 9 8 5017 5615 1787
12500 2 2 9 8 46 5755 5362
12501 2 2 9 8 4734 6559 3697
12502 2 2 9 8 1693 6426 4238
12503 2 2 9 8 1907 6365 4118
12504 2 2 9 8 2112 6067 5207
12505 2 2 9 8 5362 5787 45
12506 2 2 9 8 269 6356 4298
12507 2 2 9 8 5156 6148 2179
12508 2 2 9 8 4213 6256 1696
12509 2 2 9 8 4939 6120 2043
12510 2 2 9 8 4446 5366 1619
12511 2 2 9 8 2956 6011 5112
12512 2 2 9 8 5504 5934 2601
12513 2 2 9 8 4533 5866 1944
12514 2 2 9 8 1638 6464 6250
12515 2 2 9 8 2434 6481 6334
12516 2 2 9 8 3600 6511 234
12517 2 2 9 8 5362 5755 2438
12518 2 2 9 8 11 5801 5383
12519 2 2 9 8 3697 6559 844
12520 2 2 9 8 1572 6453 4687
12521 2 2 9 8 881 5760 4940
12522 2 2 9 8 1176 6003 3872
12523 2 2 9 8 5975 6448 427
12524 2 2 9 8 4889 6470 1741
12525 2 2 9 8 2538 5822 5036
12526 2 2 9 8 3080 3081 511
12527 2 2 9 8 2307 5819 5197
12528 2 2 9 8 1763 5642 5577
12529 2 2 9 8 4309 4310 1915
12530 2 2 9 8 2465 6439 5727
12531 2 2 9 8 2107 6501 6445
12532 2 2 9 8 4837 6178 1953
12533 2 2 9 8 2672 6484 2072
12534 2 2 9 8 5765 6442 2791
12535 2 2 9 8 836 6610 5668
12536 2 2 9 8 1643 6574 4863
12537 2 2 9 8 1573 6108 4844
12538 2 2 9 8 1034 6305 5488
12539 2 2 9 8 5383 5783 306
12540 2 2 9 8 2287 6278 5316
12541 2 2 9 8 1774 6428 4475
12542 2 2 9 8 5008 6265 766
12543 2 2 9 8 837 6102 4719
12544 2 2 9 8 4713 6429 1728
12545 2 2 9 8 2072 6380 5692
12546 2 2 9 8 1187 5845 4277
12547 2 2 9 8 5962 6182 2316
12548 2 2 9 8 1698 6092 4902
12549 2 2 9 8 559 5443 2436
12550 2 2 9 8 2394 5182 4842
12551 2 2 9 8 786 6120 4939
12552 2 2 9 8 780 6005 5463
12553 2 2 9 8 2691 5968 4572
12554 2 2 9 8 3614 6466 5875
12555 2 2 9 8 1607 5370 5013
12556 2 2 9 8 5233 5662 1906
12557 2 2 9 8 4594 6339 2285
12558 2 2 9 8 2448 5882 5141
12559 2 2 9 8 2652 4383 4382
12560 2 2 9 8 5763 5764 1072
12561 2 2 9 8 4917 5743 1993
12562 2 2 9 8 3527 6077 5198
12563 2 2 9 8 2876 4959 557
12564 2 2 9 8 4644 6502 3475
12565 2 2 9 8 2131 5914 5029
12566 2 2 9 8 1860 6575 4692
12567 2 2 9 8 1752 5917 5211
12568 2 2 9 8 1877 5219 4243
12569 2 2 9 8 5071 6191 2435
12570 2 2 9 8 1966 5747 5379
12571 2 2 9 8 5298 5822 1029
12572 2 2 9 8 1838 5796 4834
12573 2 2 9 8 5229 5761 384
12574 2 2 9 8 547 6134 5151
12575 2 2 9 8 1353 6217 4263
12576 2 2 9 8 2870 6591 6045
12577 2 2 9 8 4865 5758 826
12578 2 2 9 8 1949 5979 5850
12579 2 2 9 8 476 5936 4699
12580 2 2 9 8 253 4933 3418
12581 2 2 9 8 3011 6129 5053
12582 2 2 9 8 1599 6626 3924
12583 2 2 9 8 3205 4488 357
12584 2 2 9 8 528 5451 3849
12585 2 2 9 8 2430 5783 5383
12586 2 2 9 8 2236 5718 5057
12587 2 2 9 8 5234 6440 2047
12588 2 2 9 8 386 5570 4218
12589 2 2 9 8 4499 6527 1294
12590 2 2 9 8 4713 6631 590
12591 2 2 9 8 2393 5620 5478
12592 2 2 9 8 1172 5948 5517
12593 2 2 9 8 5178 5689 772
12594 2 2 9 8 2016 5785 4337
12595 2 2 9 8 2660 6314 5246
12596 2 2 9 8 4428 6286 870
12597 2 2 9 8 889 5491 5251
12598 2 2 9 8 4732 6476 1939
12599 2 2 9 8 1147 5869 4271
12600 2 2 9 8 2130 5803 5400
12601 2 2 9 8 5967 6412 957
12602 2 2 9 8 4926 4927 1846
12603 2 2 9 8 6029 6564 2238
12604 2 2 9 8 5756 5774 742
12605 2 2 9 8 1757 6627 4613
12606 2 2 9 8 4763 6528 785
12607 2 2 9 8 5338 6437 727
12608 2 2 9 8 3610 6283 3191
12609 2 2 9 8 2588 5954 5129
12610 2 2 9 8 5097 5990 1743
12611 2 2 9 8 413 6506 5557
12612 2 2 9 8 4520 5714 529
12613 2 2 9 8 6343 6471 2374
12614 2 2 9 8 5963 5964 971
12615 2 2 9 8 1127 6141 3295
12616 2 2 9 8 4444 6418 2523
12617 2 2 9 8 5561 6251 1700
12618 2 2 9 8 5198 6077 1545
12619 2 2 9 8 2898 6606 4697
12620 2 2 9 8 3267 6335 680
12621 2 2 9 8 1128 6629 5142
12622 2 2 9 8 4818 6501 1741
12623 2 2 9 8 2523 6340 4444
12624 2 2 9 8 1890 6490 4542
12625 2 2 9 8 4056 5520 1462
12626 2 2 9 8 5735 6495 2486
12627 2 2 9 8 2854 5434 236
12628 2 2 9 8 1550 4978 4783
12629 2 2 9 8 4729 6408 2871
12630 2 2 9 8 1736 6094 4277
12631 2 2 9 8 4547 6620 797
12632 2 2 9 8 3097 5443 1513
12633 2 2 9 8 1062 5659 4627
12634 2 2 9 8 2715 5681 4801
12635 2 2 9 8 2058 5859 5463
12636 2 2 9 8 2511 5128 4661
12637 2 2 9 8 4857 6597 1923
12638 2 2 9 8 188 5802 5447
12639 2 2 9 8 4794 6114 736
12640 2 2 9 8 2268 6354 6189
12641 2 2 9 8 5553 6552 1037
12642 2 2 9 8 5551 5859 2058
12643 2 2 9 8 4939 6300 786
12644 2 2 9 8 5029 5914 1181
12645 2 2 9 8 3070 6304 5109
12646 2 2 9 8 5528 6307 2617
12647 2 2 9 8 411 5424 4000
12648 2 2 9 8 2660 6521 5296
12649 2 2 9 8 5299 6065 630
12650 2 2 9 8 1445 6172 4658
12651 2 2 9 8 860 6148 5156
12652 2 2 9 8 2619 6393 4493
12653 2 2 9 8 1948 6469 5613
12654 2 2 9 8 5034 5809 794
12655 2 2 9 8 5120 5983 2126
12656 2 2 9 8 4969 5846 1579
12657 2 2 9 8 5329 6067 2112
12658 2 2 9 8 2878 6510 5546
12659 2 2 9 8 6115 6301 2088
12660 2 2 9 8 2156 6313 5709
12661 2 2 9 8 1942 6034 5300
12662 2 2 9 8 1728 6429 5386
12663 2 2 9 8 356 5846 4969
12664 2 2 9 8 1294 6527 5326
12665 2 2 9 8 1772 6378 5005
12666 2 2 9 8 3961 6589 1145
12667 2 2 9 8 4699 5936 1634
12668 2 2 9 8 5532 5820 593
12669 2 2 9 8 5790 5861 3143
12670 2 2 9 8 1937 6150 5241
12671 2 2 9 8 4536 6562 1959
12672 2 2 9 8 463 5276 4728
12673 2 2 9 8 124 6396 4196
12674 2 2 9 8 3340 6066 5812
12675 2 2 9 8 4715 6612 535
12676 2 2 9 8 435 6315 5163
12677 2 2 9 8 5001 5933 1892
12678 2 2 9 8 2203 6037 5422
12679 2 2 9 8 4850 6574 1643
12680 2 2 9 8 2305 6015 4898
12681 2 2 9 8 1708 5953 5311
12682 2 2 9 8 3375 5524 1975
12683 2 2 9 8 1932 6210 5324
12684 2 2 9 8 1723 6477 4893
12685 2 2 9 8 4923 6538 2143
12686 2 2 9 8 5920 6225 2528
12687 2 2 9 8 5918 6455 570
12688 2 2 9 8 5207 6067 581
12689 2 2 9 8 2592 6078 5295
12690 2 2 9 8 1876 6207 4292
12691 2 2 9 8 2156 5913 5342
12692 2 2 9 8 2927 6039 6038
12693 2 2 9 8 3522 5631 5411
12694 2 2 9 8 5412 6624 1219
12695 2 2 9 8 1063 6459 5329
12696 2 2 9 8 2618 5304 4811
12697 2 2 9 8 175 5909 3923
12698 2 2 9 8 680 6335 3837
12699 2 2 9 8 4863 6574 2880
12700 2 2 9 8 2123 6062 5254
12701 2 2 9 8 1981 6286 4428
12702 2 2 9 8 1601 6599 4723
12703 2 2 9 8 912 6351 6047
12704 2 2 9 8 2503 6564 6029
12705 2 2 9 8 4575 6192 1303
12706 2 2 9 8 1943 5866 4533
12707 2 2 9 8 5329 6459 2231
12708 2 2 9 8 792 6562 4536
12709 2 2 9 8 4089 6145 2195
12710 2 2 9 8 1768 6483 5134
12711 2 2 9 8 966 5861 5790
12712 2 2 9 8 5400 5803 1969
12713 2 2 9 8 1956 5923 4903
12714 2 2 9 8 1895 6344 5218
12715 2 2 9 8 4613 6627 959
12716 2 2 9 8 6510 6511 1483
12717 2 2 9 8 2403 5764 5763
12718 2 2 9 8 4182 6335 3267
12719 2 2 9 8 2392 6308 5628
12720 2 2 9 8 2585 5982 5038
12721 2 2 9 8 2901 6432 6108
12722 2 2 9 8 4395 6596 950
12723 2 2 9 8 6294 6295 824
12724 2 2 9 8 4485 6592 370
12725 2 2 9 8 1929 5567 4223
12726 2 2 9 8 5297 6124 2232
12727 2 2 9 8 2150 6205 5684
12728 2 2 9 8 6189 6354 2446
12729 2 2 9 8 4811 5304 1165
12730 2 2 9 8 2065 5908 5055
12731 2 2 9 8 4844 6108 854
12732 2 2 9 8 2823 6301 6115
12733 2 2 9 8 5112 6011 1226
12734 2 2 9 8 5540 6278 2057
12735 2 2 9 8 4091 6624 5412
12736 2 2 9 8 5156 6279 860
12737 2 2 9 8 5386 6429 2716
12738 2 2 9 8 5557 6506 3130
12739 2 2 9 8 5121 6518 2383
12740 2 2 9 8 1737 5434 4680
12741 2 2 9 8 5991 6342 1327
12742 2 2 9 8 2162 6272 5277
12743 2 2 9 8 1684 5967 5323
12744 2 2 9 8 1795 6632 5265
12745 2 2 9 8 1729 6486 3751
12746 2 2 9 8 438 6124 5297
12747 2 2 9 8 2824 5616 139
12748 2 2 9 8 4509 6372 1681
12749 2 2 9 8 2113 6104 6103
12750 2 2 9 8 5342 5913 518
12751 2 2 9 8 5134 6588 2081
12752 2 2 9 8 741 5576 3985
12753 2 2 9 8 122 5361 2964
12754 2 2 9 8 2316 6182 5327
12755 2 2 9 8 5845 6060 1736
12756 2 2 9 8 2833 6271 4862
12757 2 2 9 8 446 6050 4815
12758 2 2 9 8 4127 4699 1634
12759 2 2 9 8 2405 6474 5701
12760 2 2 9 8 5323 5967 957
12761 2 2 9 8 4873 6537 2253
12762 2 2 9 8 2182 5774 5756
12763 2 2 9 8 5000 6170 2578
12764 2 2 9 8 5628 6308 1842
12765 2 2 9 8 2026 6307 5528
12766 2 2 9 8 1611 6228 4728
12767 2 2 9 8 5053 6129 1716
12768 2 2 9 8 4388 6160 2319
12769 2 2 9 8 4121 4938 1212
12770 2 2 9 8 1808 6091 5116
12771 2 2 9 8 2484 5892 5428
12772 2 2 9 8 6020 6617 1169
12773 2 2 9 8 5478 5620 1868
12774 2 2 9 8 5742 6286 1981
12775 2 2 9 8 4573 6013 710
12776 2 2 9 8 804 6278 5540
12777 2 2 9 8 862 6478 5288
12778 2 2 9 8 2059 5859 5551
12779 2 2 9 8 274 6538 4923
12780 2 2 9 8 2191 6279 5156
12781 2 2 9 8 5535 5838 3373
12782 2 2 9 8 6045 6591 1914
12783 2 2 9 8 1710 6055 3971
12784 2 2 9 8 5161 6099 751
12785 2 2 9 8 5277 6573 1200
12786 2 2 9 8 1234 6359 5905
12787 2 2 9 8 4867 6385 1375
12788 2 2 9 8 5663 5975 427
12789 2 2 9 8 959 6627 6399
12790 2 2 9 8 5510 6448 2413
12791 2 2 9 8 2012 6612 4715
12792 2 2 9 8 5891 6383 1058
12793 2 2 9 8 5126 6333 3855
12794 2 2 9 8 3964 4866 118
12795 2 2 9 8 5076 5570 2673
12796 2 2 9 8 2050 6584 5932
12797 2 2 9 8 4694 5451 1706
12798 2 2 9 8 6295 6312 824
12799 2 2 9 8 5293 6206 1551
12800 2 2 9 8 4692 6575 670
12801 2 2 9 8 2098 6285 5002
12802 2 2 9 8 4944 6552 2044
12803 2 2 9 8 6221 6374 2873
12804 2 2 9 8 1813 6083 5361
12805 2 2 9 8 5839 6489 2524
12806 2 2 9 8 5666 6603 2515
12807 2 2 9 8 2096 6370 5975
12808 2 2 9 8 3175 5945 5700
12809 2 2 9 8 4670 5239 2163
12810 2 2 9 8 4434 5869 1147
12811 2 2 9 8 1667 6332 5538
12812 2 2 9 8 3763 6590 1435
12813 2 2 9 8 4799 6181 1560
12814 2 2 9 8 3693 6170 6151
12815 2 2 9 8 419 6588 5134
12816 2 2 9 8 1362 6605 4561
12817 2 2 9 8 5702 6471 2247
12818 2 2 9 8 5681 5910 1142
12819 2 2 9 8 1392 6358 6269
12820 2 2 9 8 4317 5893 867
12821 2 2 9 8 4929 5423 1900
12822 2 2 9 8 4382 4383 1113
12823 2 2 9 8 4784 5345 475
12824 2 2 9 8 2247 5855 5702
12825 2 2 9 8 2318 6353 4824
12826 2 2 9 8 5140 6425 1973
12827 2 2 9 8 5327 6182 791
12828 2 2 9 8 5463 5859 780
12829 2 2 9 8 5601 6007 1802
12830 2 2 9 8 1983 6453 4883
12831 2 2 9 8 5684 6422 892
12832 2 2 9 8 2564 6417 4403
12833 2 2 9 8 2524 6046 5020
12834 2 2 9 8 5797 5901 4100
12835 2 2 9 8 416 6185 4934
12836 2 2 9 8 5440 6329 1849
12837 2 2 9 8 154 6154 4540
12838 2 2 9 8 1208 6608 5217
12839 2 2 9 8 1975 5524 4172
12840 2 2 9 8 1089 5337 3469
12841 2 2 9 8 1461 6297 5699
12842 2 2 9 8 2634 5878 5877
12843 2 2 9 8 1593 5922 4839
12844 2 2 9 8 5596 6487 783
12845 2 2 9 8 3095 6450 4996
12846 2 2 9 8 2354 6599 4974
12847 2 2 9 8 4948 5575 2217
12848 2 2 9 8 4730 6204 1938
12849 2 2 9 8 1643 6611 5035
12850 2 2 9 8 4934 6185 1988
12851 2 2 9 8 6334 6481 2695
12852 2 2 9 8 690 5838 5535
12853 2 2 9 8 4662 6283 1578
12854 2 2 9 8 1816 6335 4182
12855 2 2 9 8 5422 6037 1988
12856 2 2 9 8 928 6471 5702
12857 2 2 9 8 5702 5855 2248
12858 2 2 9 8 5684 6205 2221
12859 2 2 9 8 2359 6455 5918
12860 2 2 9 8 5156 6581 2191
12861 2 2 9 8 1862 4302 4301
12862 2 2 9 8 2221 6422 5684
12863 2 2 9 8 993 6581 5997
12864 2 2 9 8 5285 6184 1970
12865 2 2 9 8 5311 5953 2965
12866 2 2 9 8 2714 6592 4485
12867 2 2 9 8 2692 5816 5815
12868 2 2 9 8 1735 6594 4786
12869 2 2 9 8 1603 5986 4666
12870 2 2 9 8 4571 6632 848
12871 2 2 9 8 4974 6599 1601
12872 2 2 9 8 3083 5952 5860
12873 2 2 9 8 5084 5538 1074
12874 2 2 9 8 5603 6309 2460
12875 2 2 9 8 3513 6225 5920
12876 2 2 9 8 5700 5945 1809
12877 2 2 9 8 5395 6355 77
12878 2 2 9 8 2164 5820 5532
12879 2 2 9 8 6373 6508 2665
12880 2 2 9 8 626 6283 4662
12881 2 2 9 8 5292 6202 1905
12882 2 2 9 8 1470 6315 5265
12883 2 2 9 8 2943 6532 6531
12884 2 2 9 8 1959 6374 6221
12885 2 2 9 8 5709 6313 1057
12886 2 2 9 8 5411 5631 1626
12887 2 2 9 8 3046 5954 2311
12888 2 2 9 8 4310 6591 843
12889 2 2 9 8 1863 5616 2824
12890 2 2 9 8 5289 6366 945
12891 2 2 9 8 6246 6331 2515
12892 2 2 9 8 4544 6365 601
12893 2 2 9 8 5100 6614 1888
12894 2 2 9 8 3055 6499 5764
12895 2 2 9 8 2312 6573 5277
12896 2 2 9 8 5412 5653 2652
12897 2 2 9 8 5296 6570 2615
12898 2 2 9 8 5877 5878 2514
12899 2 2 9 8 4858 6505 1269
12900 2 2 9 8 931 6435 4726
12901 2 2 9 8 5956 6056 2233
12902 2 2 9 8 6103 6104 1163
12903 2 2 9 8 5157 6556 2101
12904 2 2 9 8 1866 6206 5293
12905 2 2 9 8 2242 6331 6246
12906 2 2 9 8 361 6523 6522
12907 2 2 9 8 4151 5210 85
12908 2 2 9 8 5808 6347 674
12909 2 2 9 8 2209 6434 5488
12910 2 2 9 8 5788 6543 904
12911 2 2 9 8 2174 6174 6089
12912 2 2 9 8 1779 6491 5609
12913 2 2 9 8 4435 6337 2348
12914 2 2 9 8 3732 5061 1603
12915 2 2 9 8 463 6626 5276
12916 2 2 9 8 5551 5552 2059
12917 2 2 9 8 6380 6484 4030
12918 2 2 9 8 5827 6358 530
12919 2 2 9 8 1938 6099 5161
12920 2 2 9 8 4218 5570 1391
12921 2 2 9 8 642 6493 5958
12922 2 2 9 8 724 6508 6373
12923 2 2 9 8 4476 4477 915
12924 2 2 9 8 4317 6512 1025
12925 2 2 9 8 615 6475 6354
12926 2 2 9 8 5636 6621 599
12927 2 2 9 8 5035 6524 1643
12928 2 2 9 8 1178 6605 5294
12929 2 2 9 8 1144 6493 5032
12930 2 2 9 8 1362 4561 3856
12931 2 2 9 8 4975 5894 182
12932 2 2 9 8 4841 5505 97
12933 2 2 9 8 1796 6497 4335
12934 2 2 9 8 2071 6547 5640
12935 2 2 9 8 2272 6621 5636
12936 2 2 9 8 5812 6066 704
12937 2 2 9 8 4834 5796 2028
12938 2 2 9 8 5408 6494 2021
12939 2 2 9 8 6089 6174 2304
12940 2 2 9 8 421 6113 4541
12941 2 2 9 8 4277 5845 1736
12942 2 2 9 8 6108 6432 854
12943 2 2 9 8 737 6045 3518
12944 2 2 9 8 646 5986 5985
12945 2 2 9 8 3173 6035 5217
12946 2 2 9 8 1946 6448 5510
12947 2 2 9 8 1017 6502 4644
12948 2 2 9 8 2715 6175 5910
12949 2 2 9 8 442 6204 4730
12950 2 2 9 8 5217 6035 2635
12951 2 2 9 8 5346 5900 973
12952 2 2 9 8 4770 6164 2451
12953 2 2 9 8 1971 5768 5710
12954 2 2 9 8 5932 6584 433
12955 2 2 9 8 5975 6370 2413
12956 2 2 9 8 2254 6563 6260
12957 2 2 9 8 5032 6493 642
12958 2 2 9 8 5461 6613 2966
12959 2 2 9 8 5253 6568 576
12960 2 2 9 8 5697 6203 472
12961 2 2 9 8 5563 5564 2400
12962 2 2 9 8 2624 6617 6020
12963 2 2 9 8 284 5584 2830
12964 2 2 9 8 902 6556 5647
12965 2 2 9 8 6354 6475 2446
12966 2 2 9 8 2082 6412 5967
12967 2 2 9 8 904 6543 5746
12968 2 2 9 8 5517 5948 2388
12969 2 2 9 8 5958 6493 2685
12970 2 2 9 8 2049 5698 5595
12971 2 2 9 8 5217 6608 3173
12972 2 2 9 8 1673 6093 5624
12973 2 2 9 8 2830 5584 1628
12974 2 2 9 8 2519 6447 6446
12975 2 2 9 8 1795 6380 4030
12976 2 2 9 8 1362 6333 4580
12977 2 2 9 8 589 5376 4503
12978 2 2 9 8 5854 6087 1891
12979 2 2 9 8 2039 6548 5895
12980 2 2 9 8 5875 6466 1921
12981 2 2 9 8 4030 6632 1795
12982 2 2 9 8 5552 5568 2059
12983 2 2 9 8 2792 6442 5784
12984 2 2 9 8 4832 6330 1897
12985 2 2 9 8 2276 6342 5991
12986 2 2 9 8 4335 6497 1797
12987 2 2 9 8 2711 6631 5520
12988 2 2 9 8 485 6316 4432
12989 2 2 9 8 1838 4768 4175
12990 2 2 9 8 4666 5986 646
12991 2 2 9 8 4862 6271 816
12992 2 2 9 8 2247 6467 5855
12993 2 2 9 8 1145 6589 6244
12994 2 2 9 8 2289 6056 5956
12995 2 2 9 8 1020 6025 5715
12996 2 2 9 8 3855 6333 1362
12997 2 2 9 8 4298 6356 1537
12998 2 2 9 8 6459 6482 2231
12999 2 2 9 8 4914 6065 2020
13000 2 2 9 8 2685 6358 5827
13001 2 2 9 8 5326 6527 3446
13002 2 2 9 8 4118 5939 1907
13003 2 2 9 8 5163 6315 1470
13004 2 2 9 8 4263 6217 6086
13005 2 2 9 8 1878 6586 6032
13006 2 2 9 8 6260 6563 2291
13007 2 2 9 8 5533 6350 2494
13008 2 2 9 8 1089 5935 5934
13009 2 2 9 8 1034 6306 6305
13010 2 2 9 8 1007 6213 4654
13011 2 2 9 8 2028 5796 4297
13012 2 2 9 8 5288 6478 1644
13013 2 2 9 8 2811 6447 5870
13014 2 2 9 8 6176 6549 2084
13015 2 2 9 8 6025 6411 3339
13016 2 2 9 8 128 6549 6176
13017 2 2 9 8 5905 6359 2260
13018 2 2 9 8 2136 6219 5282
13019 2 2 9 8 5870 6447 1051
13020 2 2 9 8 1391 5570 5076
13021 2 2 9 8 4512 5106 1725
13022 2 2 9 8 5107 5986 1603
13023 2 2 9 8 2070 5568 5552
13024 2 2 9 8 924 6350 5533
13025 2 2 9 8 6446 6447 2811
13026 2 2 9 8 4670 6019 1610
13027 2 2 9 8 2336 6482 6459
13028 2 2 9 8 108 6388 3270
13029 2 2 9 8 2229 6589 3961
13030 2 2 9 8 6615 6621 2272
13031 2 2 9 8 254 6577 4933
13032 2 2 9 8 2964 6083 5668
13033 2 2 9 8 2020 6065 5299
13034 2 2 9 8 2076 6173 5048
13035 2 2 9 8 2321 5067 5030
13036 2 2 9 8 5746 6543 2235
13037 2 2 9 8 2497 6621 6615
13038 2 2 9 8 500 6472 6192
13039 2 2 9 8 2748 6622 6462
13040 2 2 9 8 3192 6312 6295
13041 2 2 9 8 2662 6504 5401
13042 2 2 9 8 6530 6576 2236
13043 2 2 9 8 2349 5660 5504
13044 2 2 9 8 1436 5697 3944
13045 2 2 9 8 5855 6467 932
13046 2 2 9 8 2878 6511 6510
13047 2 2 9 8 5020 6046 901
13048 2 2 9 8 6269 6358 2685
13049 2 2 9 8 2377 5901 5797
13050 2 2 9 8 4580 6605 1362
13051 2 2 9 8 6032 6586 535
13052 2 2 9 8 6112 6113 421
13053 2 2 9 8 2298 6383 5891
13054 2 2 9 8 4842 5182 1637
13055 2 2 9 8 936 6480 5537
13056 2 2 9 8 6203 6386 2493
13057 2 2 9 8 2163 6019 4670
13058 2 2 9 8 5718 6576 2429
13059 2 2 9 8 4705 6332 524
13060 2 2 9 8 2135 6087 5854
13061 2 2 9 8 6086 6217 1812
13062 2 2 9 8 4163 6386 363
13063 2 2 9 8 1816 5414 3837
13064 2 2 9 8 2072 6484 6380
13065 2 2 9 8 5987 6251 1085
13066 2 2 9 8 3837 6335 1816
13067 2 2 9 8 4477 6299 915
13068 2 2 9 8 5048 5049 2076
13069 2 2 9 8 6462 6622 2636
13070 2 2 9 8 2236 6576 5718
13071 2 2 9 8 2391 6386 6203
13072 2 2 9 8 568 6576 6530
13073 2 2 9 8 6244 6589 2988
13074 2 2 9 8 2785 5964 5963
13075 2 2 9 8 5361 6083 2964
13076 2 2 9 8 6305 6306 3212
13077 2 2 9 8 2578 6330 4832
13078 2 2 9 8 6233 6499 2598
13079 2 2 9 8 524 4801 4705
13080 2 2 9 8 6038 6039 2857
13081 2 2 9 8 1667 5538 5084
13082 2 2 9 8 6522 6523 2590
13083 2 2 9 8 4561 6605 1178
13084 2 2 9 8 5934 5935 2601
13085 2 2 9 8 5895 6525 2039
13086 2 2 9 8 511 6587 3080
13087 2 2 9 8 2436 6560 5475
13088 2 2 9 8 2715 5910 5681
13089 2 2 9 8 5813 6316 2662
13090 2 2 9 8 3944 6295 6294
13091 2 2 9 8 1537 6356 5287
13092 2 2 9 8 5894 6532 181
13093 2 2 9 8 1738 3129 83
13094 2 2 9 8 103 3035 102
13095 2 2 9 8 102 3035 2517
13096 2 2 9 8 1927 4235 115
13097 2 2 9 8 121 3704 3228
13098 2 2 9 8 2964 3704 122
13099 2 2 9 8 164 5828 2134
13100 2 2 9 8 184 5425 2541
13101 2 2 9 8 191 6144 4114
13102 2 2 9 8 2945 3484 241
13103 2 2 9 8 2735 5843 265
13104 2 2 9 8 2094 5491 889
13105 2 2 9 8 1705 4538 3453
13106 2 2 7 17 312 313 6649
13107 2 2 7 17 318 319 6698
13108 2 2 7 17 6649 313 6685
13109 2 2 7 17 6643 6634 6686
13110 2 2 7 17 6641 6644 6684
13111 2 2 7 17 6651 6635 6704
13112 2 2 7 17 6672 6638 6677
13113 2 2 7 17 6634 6669 6686
13114 2 2 7 17 6681 6653 6706
13115 2 2 7 17 325 326 6662
13116 2 2 7 17 6635 6651 6664
13117 2 2 7 17 6644 6641 6663
13118 2 2 7 17 326 6653 6662
13119 2 2 7 17 319 6645 6698
13120 2 2 7 17 326 327 6653
13121 2 2 7 17 310 6656 6658
13122 2 2 7 17 6664 6651 6696
13123 2 2 7 17 342 343 6659
13124 2 2 7 17 6656 6637 6658
13125 2 2 7 17 6647 6654 6705
13126 2 2 7 17 6652 6642 6667
13127 2 2 7 17 6646 6650 6693
13128 2 2 7 17 6654 6647 6678
13129 2 2 7 17 6679 6668 6690
13130 2 2 7 17 334 6654 6678
13131 2 2 7 17 6659 343 6707
13132 2 2 7 17 334 333 6654
13133 2 2 7 17 6651 6634 6696
13134 2 2 7 17 310 311 6656
13135 2 2 7 17 6662 6653 6681
13136 2 2 7 17 6641 6659 6660
13137 2 2 7 17 6653 327 6666
13138 2 2 7 17 6636 6681 6706
13139 2 2 7 17 6671 6641 6684
13140 2 2 7 17 309 310 6658
13141 2 2 7 17 6635 6648 6677
13142 2 2 7 17 6656 311 6675
13143 2 2 7 17 6687 6646 6693
13144 2 2 7 17 6665 6638 6672
13145 2 2 7 17 6639 6649 6664
13146 2 2 7 17 6639 6656 6675
13147 2 2 7 17 323 324 6661
13148 2 2 7 17 6642 6652 6694
13149 2 2 7 17 309 6658 6663
13150 2 2 7 17 6640 6661 6683
13151 2 2 7 17 6658 6644 6663
13152 2 2 7 17 308 309 6663
13153 2 2 7 17 6637 6656 6691
13154 2 2 7 17 6660 6659 6707
13155 2 2 7 17 6648 6672 6677
13156 2 2 7 17 320 321 6673
13157 2 2 7 17 340 339 6667
13158 2 2 7 17 6635 6664 6699
13159 2 2 7 17 6638 6673 6677
13160 2 2 7 17 6634 6643 6682
13161 2 2 7 17 336 335 6670
13162 2 2 7 17 6664 6649 6699
13163 2 2 7 17 6654 6637 6705
13164 2 2 7 17 6671 330 6688
13165 2 2 7 17 6644 6658 6700
13166 2 2 7 17 6676 6660 6689
13167 2 2 7 17 331 330 6671
13168 2 2 7 17 6659 6671 6688
13169 2 2 7 17 6670 6647 6682
13170 2 2 7 17 9 318 6698
13171 2 2 7 17 6659 6641 6671
13172 2 2 7 17 344 6660 6707
13173 2 2 7 17 317 9 6698
13174 2 2 7 17 6642 6655 6667
13175 2 2 7 17 327 328 6666
13176 2 2 7 17 6634 6651 6697
13177 2 2 7 17 6650 6646 6701
13178 2 2 7 17 6658 6637 6700
13179 2 2 7 17 6645 319 6674
13180 2 2 7 17 6636 6669 6681
13181 2 2 7 17 6661 6640 6680
13182 2 2 7 17 6649 6685 6699
13183 2 2 7 17 342 6659 6688
13184 2 2 7 17 315 316 6665
13185 2 2 7 17 338 337 6668
13186 2 2 7 17 6635 6677 6701
13187 2 2 7 17 6655 6642 6666
13188 2 2 7 17 6669 6640 6681
13189 2 2 7 17 6673 6650 6677
13190 2 2 7 17 6656 6639 6691
13191 2 2 7 17 336 6670 6690
13192 2 2 7 17 312 6649 6675
13193 2 2 7 17 6666 6642 6706
13194 2 2 7 17 6685 6648 6699
13195 2 2 7 17 325 6662 6683
13196 2 2 7 17 8 307 6689
13197 2 2 7 17 6643 6679 6690
13198 2 2 7 17 338 6668 6709
13199 2 2 7 17 6652 6667 6709
13200 2 2 7 17 6679 6643 6686
13201 2 2 7 17 335 334 6678
13202 2 2 7 17 329 10 6695
13203 2 2 7 17 10 341 6695
13204 2 2 7 17 311 312 6675
13205 2 2 7 17 6643 6670 6682
13206 2 2 7 17 6647 6657 6682
13207 2 2 7 17 323 6661 6687
13208 2 2 7 17 6668 6652 6709
13209 2 2 7 17 6661 324 6683
13210 2 2 7 17 6667 339 6709
13211 2 2 7 17 6641 6660 6676
13212 2 2 7 17 330 7 6688
13213 2 2 7 17 343 344 6707
13214 2 2 7 17 6662 6640 6683
13215 2 2 7 17 7 342 6688
13216 2 2 7 17 314 315 6672
13217 2 2 7 17 6649 6639 6675
13218 2 2 7 17 307 6676 6689
13219 2 2 7 17 6654 333 6692
13220 2 2 7 17 6665 316 6708
13221 2 2 7 17 6677 6650 6701
13222 2 2 7 17 340 6667 6702
13223 2 2 7 17 6634 6682 6696
13224 2 2 7 17 6648 6635 6699
13225 2 2 7 17 6663 6641 6676
13226 2 2 7 17 324 325 6683
13227 2 2 7 17 6653 6666 6706
13228 2 2 7 17 6667 6655 6702
13229 2 2 7 17 319 320 6674
13230 2 2 7 17 6673 321 6693
13231 2 2 7 17 332 331 6684
13232 2 2 7 17 6640 6669 6697
13233 2 2 7 17 6657 6639 6696
13234 2 2 7 17 6660 344 6689
13235 2 2 7 17 6669 6636 6686
13236 2 2 7 17 313 314 6685
13237 2 2 7 17 6666 328 6703
13238 2 2 7 17 6652 6668 6679
13239 2 2 7 17 6657 6647 6705
13240 2 2 7 17 320 6673 6674
13241 2 2 7 17 6652 6679 6694
13242 2 2 7 17 6645 6638 6665
13243 2 2 7 17 6638 6645 6674
13244 2 2 7 17 315 6665 6672
13245 2 2 7 17 307 308 6676
13246 2 2 7 17 6655 6666 6703
13247 2 2 7 17 6661 6646 6687
13248 2 2 7 17 6640 6662 6681
13249 2 2 7 17 6645 6665 6708
13250 2 2 7 17 331 6671 6684
13251 2 2 7 17 6646 6661 6680
13252 2 2 7 17 308 6663 6676
13253 2 2 7 17 6647 6670 6678
13254 2 2 7 17 6639 6657 6691
13255 2 2 7 17 6670 335 6678
13256 2 2 7 17 314 6672 6685
13257 2 2 7 17 337 336 6690
13258 2 2 7 17 344 8 6689
13259 2 2 7 17 322 323 6687
13260 2 2 7 17 6637 6654 6700
13261 2 2 7 17 6669 6634 6697
13262 2 2 7 17 321 322 6693
13263 2 2 7 17 6670 6643 6690
13264 2 2 7 17 6654 6692 6700
13265 2 2 7 17 6639 6664 6696
13266 2 2 7 17 333 332 6692
13267 2 2 7 17 6673 6638 6674
13268 2 2 7 17 6682 6657 6696
13269 2 2 7 17 6672 6648 6685
13270 2 2 7 17 339 338 6709
13271 2 2 7 17 6650 6673 6693
13272 2 2 7 17 322 6687 6693
13273 2 2 7 17 328 329 6703
13274 2 2 7 17 6680 6640 6697
13275 2 2 7 17 341 340 6702
13276 2 2 7 17 6679 6636 6694
13277 2 2 7 17 316 317 6708
13278 2 2 7 17 6651 6680 6697
13279 2 2 7 17 6668 337 6690
13280 2 2 7 17 332 6684 6692
13281 2 2 7 17 6636 6679 6686
13282 2 2 7 17 6694 6636 6706
13283 2 2 7 17 6637 6691 6705
13284 2 2 7 17 6691 6657 6705
13285 2 2 7 17 6646 6680 6704
13286 2 2 7 17 6692 6644 6700
13287 2 2 7 17 6680 6651 6704
13288 2 2 7 17 6642 6694 6706
13289 2 2 7 17 6684 6644 6692
13290 2 2 7 17 6635 6701 6704
13291 2 2 7 17 329 6695 6703
13292 2 2 7 17 6695 341 6702
13293 2 2 7 17 6701 6646 6704
13294 2 2 7 17 6695 6655 6703
13295 2 2 7 17 6655 6695 6702
13296 2 2 7 17 317 6698 6708
13297 2 2 7 17 6698 6645 6708
13298 2 2 8 19 6735 6766 6879
13299 2 2 8 19 171 172 6773
13300 2 2 8 19 6751 6750 6799
13301 2 2 8 19 6794 6767 6849
13302 2 2 8 19 6754 6743 6816
13303 2 2 8 19 195 196 6749
13304 2 2 8 19 198 199 6758
13305 2 2 8 19 327 326 6717
13306 2 2 8 19 6730 6794 6849
13307 2 2 8 19 321 320 6868
13308 2 2 8 19 159 160 6753
13309 2 2 8 19 6731 6770 6811
13310 2 2 8 19 6781 6726 6822
13311 2 2 8 19 6726 6741 6822
13312 2 2 8 19 6723 6768 6868
13313 2 2 8 19 177 178 6766
13314 2 2 8 19 161 162 6767
13315 2 2 8 19 146 147 6763
13316 2 2 8 19 326 325 6797
13317 2 2 8 19 6730 6753 6794
13318 2 2 8 19 6724 6755 6796
13319 2 2 8 19 318 9 6798
13320 2 2 8 19 345 346 6757
13321 2 2 8 19 323 6728 6808
13322 2 2 8 19 322 321 6725
13323 2 2 8 19 323 322 6727
13324 2 2 8 19 320 319 6880
13325 2 2 8 19 6753 160 6794
13326 2 2 8 19 6711 6739 6876
13327 2 2 8 19 152 153 6762
13328 2 2 8 19 323 6727 6818
13329 2 2 8 19 6743 6771 6827
13330 2 2 8 19 6816 6743 6828
13331 2 2 8 19 6739 6711 6780
13332 2 2 8 19 6772 6742 6815
13333 2 2 8 19 166 6781 6822
13334 2 2 8 19 10 329 6765
13335 2 2 8 19 6716 6779 6848
13336 2 2 8 19 6735 6748 6788
13337 2 2 8 19 6796 6755 6847
13338 2 2 8 19 6761 318 6844
13339 2 2 8 19 6742 6772 6809
13340 2 2 8 19 352 10 6765
13341 2 2 8 19 6712 6749 6759
13342 2 2 8 19 6752 329 6846
13343 2 2 8 19 6777 186 6852
13344 2 2 8 19 6779 6738 6848
13345 2 2 8 19 6771 6743 6797
13346 2 2 8 19 6800 6764 6826
13347 2 2 8 19 6811 6741 6812
13348 2 2 8 19 171 6773 6792
13349 2 2 8 19 346 347 6780
13350 2 2 8 19 6757 346 6780
13351 2 2 8 19 6749 6712 6807
13352 2 2 8 19 6853 6733 6863
13353 2 2 8 19 6797 6743 6859
13354 2 2 8 19 325 324 6720
13355 2 2 8 19 6715 6749 6807
13356 2 2 8 19 151 152 6776
13357 2 2 8 19 6800 6713 6825
13358 2 2 8 19 6723 6740 6755
13359 2 2 8 19 148 149 6784
13360 2 2 8 19 6781 166 6833
13361 2 2 8 19 177 6766 6788
13362 2 2 8 19 324 323 6808
13363 2 2 8 19 163 164 6770
13364 2 2 8 19 6788 6748 6840
13365 2 2 8 19 6710 6764 6765
13366 2 2 8 19 6766 178 6857
13367 2 2 8 19 6773 172 6787
13368 2 2 8 19 6749 196 6862
13369 2 2 8 19 322 6726 6810
13370 2 2 8 19 6770 6741 6811
13371 2 2 8 19 319 318 6761
13372 2 2 8 19 6748 6745 6802
13373 2 2 8 19 6729 6745 6748
13374 2 2 8 19 327 6779 6803
13375 2 2 8 19 6781 6744 6810
13376 2 2 8 19 6741 6726 6812
13377 2 2 8 19 6744 6781 6833
13378 2 2 8 19 6715 6799 6858
13379 2 2 8 19 6743 6754 6859
13380 2 2 8 19 189 190 6778
13381 2 2 8 19 6760 319 6761
13382 2 2 8 19 6740 6723 6774
13383 2 2 8 19 152 6762 6776
13384 2 2 8 19 6796 6753 6850
13385 2 2 8 19 6799 6756 6858
13386 2 2 8 19 6714 6762 6813
13387 2 2 8 19 161 6767 6794
13388 2 2 8 19 172 173 6787
13389 2 2 8 19 6747 6724 6850
13390 2 2 8 19 6760 6761 6864
13391 2 2 8 19 6719 6742 6771
13392 2 2 8 19 165 166 6822
13393 2 2 8 19 154 155 6790
13394 2 2 8 19 6767 162 6795
13395 2 2 8 19 191 192 6785
13396 2 2 8 19 6724 6747 6768
13397 2 2 8 19 6749 6715 6838
13398 2 2 8 19 186 6777 6830
13399 2 2 8 19 166 167 6833
13400 2 2 8 19 6799 6715 6807
13401 2 2 8 19 6823 182 6827
13402 2 2 8 19 329 328 6846
13403 2 2 8 19 194 6775 6865
13404 2 2 8 19 6775 194 6838
13405 2 2 8 19 201 202 6789
13406 2 2 8 19 168 169 6782
13407 2 2 8 19 6766 6857 6879
13408 2 2 8 19 6771 6742 6823
13409 2 2 8 19 163 6770 6795
13410 2 2 8 19 170 171 6792
13411 2 2 8 19 182 183 6827
13412 2 2 8 19 189 6778 6786
13413 2 2 8 19 6756 6803 6872
13414 2 2 8 19 6766 6735 6788
13415 2 2 8 19 194 195 6838
13416 2 2 8 19 150 151 6783
13417 2 2 8 19 195 6749 6838
13418 2 2 8 19 6764 6800 6825
13419 2 2 8 19 6762 6722 6813
13420 2 2 8 19 6762 153 6801
13421 2 2 8 19 6750 6756 6799
13422 2 2 8 19 6758 6759 6819
13423 2 2 8 19 6803 6716 6872
13424 2 2 8 19 6801 6790 6861
13425 2 2 8 19 6758 6721 6759
13426 2 2 8 19 319 6760 6880
13427 2 2 8 19 6762 6714 6776
13428 2 2 8 19 328 6750 6751
13429 2 2 8 19 325 6720 6815
13430 2 2 8 19 349 350 6793
13431 2 2 8 19 6724 6796 6850
13432 2 2 8 19 6733 6778 6841
13433 2 2 8 19 6720 6772 6815
13434 2 2 8 19 6711 6757 6780
13435 2 2 8 19 186 187 6852
13436 2 2 8 19 6759 6749 6862
13437 2 2 8 19 350 6713 6793
13438 2 2 8 19 6764 6710 6826
13439 2 2 8 19 6739 6780 6843
13440 2 2 8 19 6765 6764 6870
13441 2 2 8 19 176 177 6788
13442 2 2 8 19 6857 6772 6879
13443 2 2 8 19 159 6753 6796
13444 2 2 8 19 6831 6785 6848
13445 2 2 8 19 6763 147 6820
13446 2 2 8 19 6713 350 6825
13447 2 2 8 19 6722 6762 6801
13448 2 2 8 19 6848 6734 6872
13449 2 2 8 19 6728 323 6818
13450 2 2 8 19 6756 6750 6803
13451 2 2 8 19 6830 6777 6883
13452 2 2 8 19 6824 6722 6861
13453 2 2 8 19 160 161 6794
13454 2 2 8 19 6718 6797 6859
13455 2 2 8 19 6747 6850 6878
13456 2 2 8 19 6725 6747 6878
13457 2 2 8 19 6755 6740 6805
13458 2 2 8 19 6722 6801 6861
13459 2 2 8 19 6724 6768 6854
13460 2 2 8 19 151 6776 6783
13461 2 2 8 19 6717 6733 6841
13462 2 2 8 19 188 189 6786
13463 2 2 8 19 352 6765 6870
13464 2 2 8 19 6726 6781 6810
13465 2 2 8 19 6763 6739 6843
13466 2 2 8 19 6736 6711 6876
13467 2 2 8 19 6804 6721 6826
13468 2 2 8 19 188 6786 6877
13469 2 2 8 19 6711 6829 6844
13470 2 2 8 19 6752 6804 6855
13471 2 2 8 19 6715 6775 6838
13472 2 2 8 19 6804 6710 6855
13473 2 2 8 19 153 154 6801
13474 2 2 8 19 158 159 6796
13475 2 2 8 19 6785 6734 6848
13476 2 2 8 19 6731 6767 6795
13477 2 2 8 19 146 6763 6873
13478 2 2 8 19 6751 6799 6807
13479 2 2 8 19 6733 6769 6786
13480 2 2 8 19 6727 6744 6881
13481 2 2 8 19 6774 6723 6868
13482 2 2 8 19 6733 6717 6863
13483 2 2 8 19 326 6718 6791
13484 2 2 8 19 6780 347 6843
13485 2 2 8 19 6786 6769 6877
13486 2 2 8 19 6738 6831 6848
13487 2 2 8 19 6770 6731 6795
13488 2 2 8 19 162 163 6795
13489 2 2 8 19 6740 6774 6861
13490 2 2 8 19 147 148 6820
13491 2 2 8 19 6778 6738 6841
13492 2 2 8 19 6712 6804 6845
13493 2 2 8 19 6719 6771 6797
13494 2 2 8 19 6787 6745 6851
13495 2 2 8 19 348 6763 6843
13496 2 2 8 19 6746 6727 6881
13497 2 2 8 19 348 3 6873
13498 2 2 8 19 6778 6733 6786
13499 2 2 8 19 174 175 6802
13500 2 2 8 19 6787 173 6836
13501 2 2 8 19 6778 190 6831
13502 2 2 8 19 6754 6830 6883
13503 2 2 8 19 148 6784 6820
13504 2 2 8 19 6719 325 6815
13505 2 2 8 19 6771 6823 6827
13506 2 2 8 19 6732 6791 6856
13507 2 2 8 19 179 180 6809
13508 2 2 8 19 6739 6763 6820
13509 2 2 8 19 6768 6723 6854
13510 2 2 8 19 154 6790 6801
13511 2 2 8 19 183 184 6828
13512 2 2 8 19 6774 6824 6861
13513 2 2 8 19 164 165 6835
13514 2 2 8 19 181 182 6823
13515 2 2 8 19 6798 6757 6844
13516 2 2 8 19 176 6788 6840
13517 2 2 8 19 6758 199 6814
13518 2 2 8 19 6750 327 6803
13519 2 2 8 19 6754 6816 6830
13520 2 2 8 19 6775 6734 6821
13521 2 2 8 19 6775 6821 6865
13522 2 2 8 19 6804 6752 6845
13523 2 2 8 19 6755 6724 6854
13524 2 2 8 19 6726 322 6812
13525 2 2 8 19 6807 6712 6845
13526 2 2 8 19 6745 6729 6808
13527 2 2 8 19 6738 6779 6841
13528 2 2 8 19 6723 6755 6854
13529 2 2 8 19 184 185 6816
13530 2 2 8 19 6763 348 6873
13531 2 2 8 19 6829 6714 6864
13532 2 2 8 19 170 6792 6839
13533 2 2 8 19 6850 6730 6878
13534 2 2 8 19 6731 6811 6832
13535 2 2 8 19 190 191 6831
13536 2 2 8 19 6744 6727 6810
13537 2 2 8 19 6800 6789 6806
13538 2 2 8 19 351 352 6870
13539 2 2 8 19 6710 6765 6855
13540 2 2 8 19 6829 6761 6844
13541 2 2 8 19 175 176 6840
13542 2 2 8 19 157 158 6847
13543 2 2 8 19 347 348 6843
13544 2 2 8 19 6784 6739 6820
13545 2 2 8 19 6737 6721 6758
13546 2 2 8 19 6769 6733 6853
13547 2 2 8 19 350 351 6825
13548 2 2 8 19 6753 6730 6850
13549 2 2 8 19 345 6757 6798
13550 2 2 8 19 6734 6775 6858
13551 2 2 8 19 156 157 6805
13552 2 2 8 19 191 6785 6831
13553 2 2 8 19 6741 6770 6835
13554 2 2 8 19 6784 149 6817
13555 2 2 8 19 6742 6719 6815
13556 2 2 8 19 6738 6778 6831
13557 2 2 8 19 6813 6722 6824
13558 2 2 8 19 6745 6808 6851
13559 2 2 8 19 6785 192 6821
13560 2 2 8 19 204 205 6793
13561 2 2 8 19 6759 6721 6882
13562 2 2 8 19 6767 6731 6849
13563 2 2 8 19 6711 6736 6829
13564 2 2 8 19 6727 6746 6818
13565 2 2 8 19 6713 6800 6806
13566 2 2 8 19 9 345 6798
13567 2 2 8 19 149 150 6817
13568 2 2 8 19 169 170 6839
13569 2 2 8 19 6734 6858 6872
13570 2 2 8 19 6791 6732 6863
13571 2 2 8 19 6751 6807 6845
13572 2 2 8 19 6746 6792 6867
13573 2 2 8 19 6716 6848 6872
13574 2 2 8 19 6731 6832 6849
13575 2 2 8 19 6773 6787 6851
13576 2 2 8 19 6770 164 6835
13577 2 2 8 19 178 179 6857
13578 2 2 8 19 6737 6789 6800
13579 2 2 8 19 6816 185 6830
13580 2 2 8 19 6802 175 6840
13581 2 2 8 19 6827 183 6828
13582 2 2 8 19 6775 6715 6858
13583 2 2 8 19 6782 169 6839
13584 2 2 8 19 6823 6742 6834
13585 2 2 8 19 6760 6813 6824
13586 2 2 8 19 185 186 6830
13587 2 2 8 19 6728 6773 6851
13588 2 2 8 19 6790 155 6837
13589 2 2 8 19 168 6782 6842
13590 2 2 8 19 6772 6720 6879
13591 2 2 8 19 6761 6829 6864
13592 2 2 8 19 180 181 6834
13593 2 2 8 19 196 197 6862
13594 2 2 8 19 197 198 6819
13595 2 2 8 19 173 174 6836
13596 2 2 8 19 6710 6804 6826
13597 2 2 8 19 179 6809 6857
13598 2 2 8 19 165 6822 6835
13599 2 2 8 19 6712 6759 6882
13600 2 2 8 19 6773 6728 6867
13601 2 2 8 19 158 6796 6847
13602 2 2 8 19 6757 6711 6844
13603 2 2 8 19 187 188 6877
13604 2 2 8 19 3 146 6873
13605 2 2 8 19 318 6798 6844
13606 2 2 8 19 184 6816 6828
13607 2 2 8 19 150 6783 6817
13608 2 2 8 19 6714 6813 6864
13609 2 2 8 19 6721 6804 6882
13610 2 2 8 19 181 6823 6834
13611 2 2 8 19 198 6758 6819
13612 2 2 8 19 167 168 6842
13613 2 2 8 19 6742 6809 6834
13614 2 2 8 19 192 193 6821
13615 2 2 8 19 6832 6730 6849
13616 2 2 8 19 199 200 6814
13617 2 2 8 19 6776 6714 6866
13618 2 2 8 19 6809 180 6834
13619 2 2 8 19 6721 6737 6826
13620 2 2 8 19 6779 6717 6841
13621 2 2 8 19 6825 351 6870
13622 2 2 8 19 6858 6756 6872
13623 2 2 8 19 6745 6787 6836
13624 2 2 8 19 6852 6769 6874
13625 2 2 8 19 202 203 6806
13626 2 2 8 19 6818 6746 6867
13627 2 2 8 19 174 6802 6836
13628 2 2 8 19 6792 6773 6867
13629 2 2 8 19 6791 6718 6856
13630 2 2 8 19 155 156 6837
13631 2 2 8 19 6739 6784 6876
13632 2 2 8 19 6805 157 6847
13633 2 2 8 19 6737 6758 6814
13634 2 2 8 19 6813 6760 6864
13635 2 2 8 19 6777 6874 6883
13636 2 2 8 19 6792 6746 6839
13637 2 2 8 19 6730 6832 6878
13638 2 2 8 19 6804 6712 6882
13639 2 2 8 19 6809 6772 6857
13640 2 2 8 19 6777 6852 6874
13641 2 2 8 19 6737 6800 6826
13642 2 2 8 19 6774 6868 6869
13643 2 2 8 19 6743 6827 6828
13644 2 2 8 19 6802 6745 6836
13645 2 2 8 19 328 6751 6846
13646 2 2 8 19 193 194 6865
13647 2 2 8 19 329 6752 6855
13648 2 2 8 19 6754 6856 6859
13649 2 2 8 19 6764 6825 6870
13650 2 2 8 19 6734 6785 6821
13651 2 2 8 19 6725 6811 6812
13652 2 2 8 19 6822 6741 6835
13653 2 2 8 19 6790 6740 6861
13654 2 2 8 19 6832 6725 6878
13655 2 2 8 19 6808 6728 6851
13656 2 2 8 19 6748 6802 6840
13657 2 2 8 19 6717 6791 6863
13658 2 2 8 19 201 6789 6860
13659 2 2 8 19 6833 167 6842
13660 2 2 8 19 6782 6744 6842
13661 2 2 8 19 6769 6853 6874
13662 2 2 8 19 6856 6754 6883
13663 2 2 8 19 6751 6845 6846
13664 2 2 8 19 200 201 6860
13665 2 2 8 19 6747 321 6768
13666 2 2 8 19 6783 6776 6866
13667 2 2 8 19 6869 320 6880
13668 2 2 8 19 156 6805 6837
13669 2 2 8 19 6736 6784 6817
13670 2 2 8 19 197 6819 6862
13671 2 2 8 19 6852 187 6877
13672 2 2 8 19 6824 6774 6869
13673 2 2 8 19 6789 202 6806
13674 2 2 8 19 6829 6736 6866
13675 2 2 8 19 6769 6852 6877
13676 2 2 8 19 6728 6818 6867
13677 2 2 8 19 6746 6782 6839
13678 2 2 8 19 6740 6790 6837
13679 2 2 8 19 6811 6725 6832
13680 2 2 8 19 6821 193 6865
13681 2 2 8 19 6714 6829 6866
13682 2 2 8 19 6760 6824 6880
13683 2 2 8 19 6736 6783 6866
13684 2 2 8 19 6732 6853 6863
13685 2 2 8 19 6744 6833 6842
13686 2 2 8 19 6845 6752 6846
13687 2 2 8 19 6784 6736 6876
13688 2 2 8 19 6874 6732 6883
13689 2 2 8 19 6755 6805 6847
13690 2 2 8 19 6744 6782 6881
13691 2 2 8 19 6732 6856 6883
13692 2 2 8 19 6783 6736 6817
13693 2 2 8 19 6765 329 6855
13694 2 2 8 19 203 204 6871
13695 2 2 8 19 6782 6746 6881
13696 2 2 8 19 6805 6740 6837
13697 2 2 8 19 6819 6759 6862
13698 2 2 8 19 6824 6869 6880
13699 2 2 8 19 6789 6737 6860
13700 2 2 8 19 6856 6718 6859
13701 2 2 8 19 6853 6732 6874
13702 2 2 8 19 6868 320 6869
13703 2 2 8 19 204 6793 6871
13704 2 2 8 19 6814 200 6860
13705 2 2 8 19 6737 6814 6860
13706 2 2 8 19 6713 6806 6871
13707 2 2 8 19 2 349 6875
13708 2 2 8 19 349 6793 6875
13709 2 2 8 19 6793 205 6875
13710 2 2 8 19 6806 203 6871
13711 2 2 8 19 6793 6713 6871
13712 2 2 8 19 205 2 6875
13713 2 2 8 19 6768 321 6868
13714 2 2 8 19 328 327 6750
13715 2 2 8 19 6725 321 6747
13716 2 2 8 19 322 6725 6812
13717 2 2 8 19 6727 322 6810
13718 2 2 8 19 6720 324 6735
13719 2 2 8 19 324 6729 6735
13720 2 2 8 19 6729 324 6808
13721 2 2 8 19 325 6719 6797
13722 2 2 8 19 6717 326 6791
13723 2 2 8 19 6718 326 6797
13724 2 2 8 19 327 6717 6779
13725 2 2 8 19 6779 6716 6803
13726 2 2 8 19 6720 6735 6879
13727 2 2 8 19 6735 6729 6748
$EndElements
